<?xml version="1.0" encoding="utf-8" ?>
<kml xmlns="http://www.opengis.net/kml/2.2">
<Document id="root_doc">
<Folder><name>her.27.20_24</name>
  <Placemark>
	<Style><LineStyle><color>ff0000ff</color></LineStyle><PolyStyle><fill>0</fill></PolyStyle></Style>
      <MultiGeometry><Polygon><outerBoundaryIs><LinearRing><coordinates>9.756085,55.5603826 9.7561205,55.5607034 9.7558635,55.5603037 9.756085,55.5603826</coordinates></LinearRing></outerBoundaryIs></Polygon><Polygon><outerBoundaryIs><LinearRing><coordinates>9.7565972,55.5614448 9.7561988,55.5614125 9.7561205,55.5607034 9.7565972,55.5614448</coordinates></LinearRing></outerBoundaryIs></Polygon><Polygon><outerBoundaryIs><LinearRing><coordinates>12.8147891,55.3837686 12.8235645,55.3982027 12.8279786,55.4135011 12.827444,55.4154069 12.824015,55.4173148 12.8326846,55.4167072 12.8346338,55.4182913 12.8372194,55.4184049 12.8389263,55.4230574 12.8389053,55.4337332 12.8424197,55.4399006 12.8437691,55.4384825 12.8409562,55.4266729 12.8461922,55.4274001 12.8444533,55.4228754 12.8483839,55.4253643 12.8583508,55.4390842 12.8641291,55.4401485 12.868309,55.4370821 12.8698909,55.4240205 12.876379,55.4166963 12.8918483,55.4092309 12.8972051,55.4089658 12.9050148,55.410692 12.9128525,55.4082661 12.9289281,55.4093046 12.9466285,55.4157712 12.9493095,55.4191538 12.9512945,55.4228795 12.9516377,55.4354954 12.9484788,55.4399502 12.9493243,55.4424723 12.943234,55.4577903 12.9498802,55.4579114 12.9552625,55.4549443 12.9561021,55.4520965 12.9624879,55.4482605 12.9609148,55.4443367 12.9620779,55.4424458 12.9602923,55.4413776 12.9638084,55.4413967 12.9683011,55.4375849 12.9677022,55.4401391 12.9704772,55.4420661 12.9675339,55.4496715 12.9688725,55.4503626 12.9681607,55.4583095 12.9694675,55.4592726 12.9666265,55.4598138 12.9635692,55.4645782 12.960978,55.4658 12.9603397,55.4694678 12.9561908,55.4719533 12.9571729,55.4746351 12.954149,55.4761471 12.9537358,55.479284 12.9477344,55.4813776 12.9440964,55.4853781 12.9458473,55.4867606 12.9392664,55.4919013 12.9394203,55.4951589 12.9369436,55.4982069 12.9344846,55.4978737 12.9305664,55.4999927 12.9293845,55.5051124 12.9249707,55.5104548 12.9264481,55.5128484 12.9228702,55.519329 12.9184734,55.5208611 12.9137969,55.5195237 12.8940533,55.5200093 12.8905225,55.5191965 12.8909529,55.5242313 12.9120157,55.5265005 12.9102187,55.5282288 12.9081376,55.5464565 12.906732,55.546875 12.9016966,55.5567467 12.9046887,55.561969 12.9008851,55.5622636 12.9016696,55.560096 12.9001899,55.5589445 12.8956587,55.5598633 12.8945653,55.5621927 12.8890305,55.5639533 12.8967409,55.5699464 12.9053658,55.5704612 12.8999527,55.5712794 12.9010047,55.5735664 12.9060003,55.5764225 12.9140695,55.5780137 12.9177147,55.5804706 12.9197493,55.5831242 12.9162931,55.5814435 12.910091,55.5832808 12.9118797,55.5846164 12.9202513,55.5853056 12.9228367,55.5866359 12.9233881,55.5878031 12.9213949,55.5883399 12.9189234,55.586392 12.9151951,55.5872535 12.9196125,55.593049 12.9298737,55.5971555 12.92475,55.5908476 12.9258108,55.5889772 12.9336818,55.5981922 12.9428699,55.5982429 12.9482991,55.5993748 12.9525018,55.5986799 12.9697653,55.6036956 12.9722995,55.6059113 12.9708188,55.6145442 12.9787191,55.6200652 12.9825041,55.6196451 12.9854683,55.6174829 12.9887275,55.6188343 12.9909526,55.6173441 12.9916765,55.6139128 12.9937187,55.6129271 12.9882503,55.608264 12.992942,55.6086999 12.9939914,55.6123087 12.9958435,55.6120123 12.9973561,55.6092054 12.9952236,55.6147823 12.9977883,55.6133373 13.0028505,55.6134768 12.9932197,55.6160223 12.9947677,55.6174085 13.0078125,55.6152343 13.014012,55.6168638 13.0061609,55.6161067 13.0047899,55.6176704 12.9947443,55.6188911 12.9908905,55.622368 13.0164402,55.6239126 13.0225685,55.6197211 13.0232357,55.6221485 13.0365757,55.6231999 13.0365847,55.6244863 13.0214494,55.6240153 13.0211453,55.6263326 13.0185229,55.6263971 13.0197771,55.6248736 13.0143588,55.6258668 12.9912832,55.6246958 12.9897304,55.6277033 12.986199,55.6267912 12.9848253,55.6251373 12.9831591,55.6252812 12.9832164,55.6265302 12.9839925,55.6274852 12.9893931,55.6294847 12.9900082,55.6348557 12.9957895,55.6371104 13.0078125,55.6386718 13.0127842,55.6387312 13.0146843,55.634551 13.0276848,55.6352592 13.0275164,55.6371213 13.0226256,55.636693 13.0216407,55.6382632 13.0279469,55.6388942 13.0285606,55.6389244 13.0341821,55.6367664 13.0371463,55.6367493 13.0390888,55.6373198 13.0393105,55.6376371 13.0381238,55.6386299 13.0374389,55.6388398 13.0251271,55.6415752 13.0259089,55.642825 13.0322827,55.6448972 13.0331715,55.6450281 13.0369411,55.6445028 13.0373183,55.6443487 13.0458444,55.6397924 13.0503052,55.640164 13.0526192,55.646367 13.049776,55.6503038 13.0497769,55.6538783 13.0629107,55.6662132 13.0629106,55.6666362 13.060519,55.6695334 13.0607002,55.6722933 13.0540628,55.6756458 13.0576204,55.676423 13.0575559,55.681482 13.05261,55.6948572 13.0396876,55.7041285 13.0391759,55.7044132 13.0256755,55.7102032 13.0126349,55.7167917 13.0086513,55.7201184 13.0078125,55.7201451 13.0060802,55.7201191 13.004361,55.7226563 13.003356,55.7226563 13.00109,55.7253221 12.9939862,55.7273147 12.9956667,55.7293208 12.9952616,55.7294747 12.9911382,55.729 12.9857841,55.7299731 12.9774657,55.7266347 12.9700772,55.7252048 12.9624487,55.7294821 12.959199,55.7290061 12.9573677,55.7274334 12.9567575,55.7274315 12.9536564,55.7285492 12.9533733,55.7290875 12.9632058,55.7385581 12.9631674,55.7388433 12.9599046,55.7407035 12.9596709,55.7447248 12.9516655,55.7495768 12.9398232,55.7476552 12.929351,55.7422686 12.9256279,55.7423168 12.9249249,55.7402683 12.9205433,55.7413688 12.9167759,55.744686 12.9149168,55.7470545 12.9176054,55.7488985 12.9115623,55.750392 12.9040549,55.7497917 12.9007145,55.7509398 12.9037797,55.7545334 12.902137,55.7565591 12.9059706,55.7584059 12.9054244,55.7610331 12.9078207,55.7640339 12.915536,55.7662992 12.919148,55.7697788 12.9270395,55.7719401 12.9272681,55.7721713 12.9314833,55.7780348 12.9333909,55.7865067 12.9338973,55.7981544 12.9325492,55.8042688 12.930181,55.8055871 12.928057,55.8149687 12.9202225,55.822524 12.9196199,55.8260318 12.9119399,55.8355756 12.9130085,55.8363655 12.9077811,55.8377455 12.9062583,55.8407756 12.9041082,55.8415623 12.904934,55.8425056 12.9006485,55.8453261 12.8941104,55.8472054 12.8922611,55.8494604 12.8833476,55.8526669 12.8821666,55.8580037 12.8777533,55.8587538 12.8736898,55.8615251 12.8693706,55.861522 12.8649547,55.8574849 12.8570367,55.8571428 12.8545862,55.8557214 12.8505923,55.8586044 12.8510948,55.8606539 12.8484159,55.8613904 12.8448361,55.8550938 12.83771,55.8532661 12.8312771,55.8532134 12.8296829,55.8558962 12.8309911,55.8580716 12.8267893,55.864271 12.818435,55.8683789 12.8200194,55.8709006 12.8128173,55.87603 12.8145831,55.8789124 12.8141781,55.8804336 12.8126473,55.8828222 12.8056082,55.8935533 12.8010801,55.8954118 12.8038007,55.8968569 12.8028167,55.8984375 12.8007016,55.9009072 12.804584,55.9053499 12.8049949,55.9128588 12.7945008,55.9206849 12.7945808,55.9240365 12.7910438,55.9262109 12.7831308,55.9359343 12.7719615,55.9401186 12.7665232,55.9465183 12.7591847,55.9518564 12.7542737,55.9772123 12.7476805,55.9897735 12.7422026,55.9913597 12.7405587,55.9953933 12.7328368,55.9998893 12.7165436,56.0059404 12.7133771,56.0052967 12.7099226,56.0100281 12.7076197,56.0058116 12.7038198,56.0070668 12.7044795,56.011048 12.7001972,56.0154237 12.7031801,56.0229992 12.7004396,56.0207937 12.6982244,56.0230166 12.7015675,56.026057 12.698227,56.0249625 12.6977087,56.0263788 12.695693,56.0264432 12.6963264,56.0185575 12.6944259,56.0301768 12.6917189,56.0285031 12.691431,56.031593 12.6899911,56.031593 12.6894727,56.0274732 12.6906822,56.0250592 12.6885513,56.0274088 12.6906697,56.0342377 12.6877981,56.0398864 12.6928545,56.0383523 12.6889842,56.0422226 12.6932915,56.0412812 12.6919806,56.0427457 12.6890467,56.0429549 12.6927297,56.0449075 12.6890467,56.0446634 12.6867994,56.0460581 12.688235,56.0440707 12.6861126,56.0428851 12.6822425,56.0540082 12.67979,56.0549697 12.6803122,56.0582511 12.6762269,56.0613081 12.6771744,56.0629255 12.6750396,56.0640157 12.6747938,56.0665503 12.672967,56.0682526 12.6667371,56.0719761 12.6647154,56.0742187 12.65625,56.0820312 12.6542896,56.0843085 12.6452537,56.090467 12.641066,56.0921115 12.6382931,56.0955678 12.6295416,56.0988034 12.6306129,56.1014711 12.6289111,56.103471 12.6193469,56.1069757 12.6140068,56.1120613 12.6035199,56.1163908 12.6031954,56.1195596 12.5906912,56.1293743 12.5842502,56.1404415 12.581041,56.1415108 12.5775946,56.1406568 12.5672122,56.1438912 12.5682499,56.149165 12.5668212,56.1534556 12.5628356,56.1560589 12.564392,56.1563174 12.5648247,56.1585098 12.5620683,56.1675757 12.5541031,56.1770744 12.5559341,56.1849858 12.553354,56.1918474 12.5542927,56.1954706 12.5532901,56.1974233 12.5441403,56.1994457 12.5418841,56.1962378 12.5431376,56.2002825 12.5391181,56.2026964 12.5362946,56.2071558 12.5431736,56.21273 12.5431718,56.2174952 12.5380749,56.2292678 12.5301427,56.230731 12.5362895,56.2327203 12.5366092,56.2332948 12.5356756,56.2389041 12.5333627,56.2428854 12.5247266,56.25 12.5241628,56.25 12.5176274,56.2538064 12.5179904,56.2592231 12.5082713,56.2651813 12.506561,56.2682381 12.5023097,56.2700229 12.4980336,56.2753961 12.4981446,56.2780299 12.4920347,56.2813004 12.4906681,56.2851628 12.4842463,56.2890208 12.4691675,56.2904862 12.4617167,56.2923942 12.4555683,56.2948323 12.4506525,56.2972258 12.4491215,56.3000315 12.4460533,56.301608 12.4455426,56.3018705 12.449456,56.3032475 12.4501172,56.3032283 12.4826976,56.3004727 12.5167191,56.2942436 12.5501071,56.2851284 12.553117,56.2829531 12.5689293,56.2786971 12.5832123,56.2728873 12.592697,56.2727292 12.6087548,56.2654942 12.6211652,56.2624325 12.6314271,56.2615283 12.6378831,56.2585667 12.65625,56.2558593 12.6579393,56.2554662 12.6635727,56.2528023 12.663262,56.2514861 12.6657923,56.25 12.6662517,56.25 12.6706516,56.2474064 12.6709009,56.2470834 12.671068,56.2426378 12.6732084,56.2414796 12.6719106,56.2378145 12.6882079,56.2322423 12.6938033,56.226034 12.691986,56.2238947 12.7008374,56.2200179 12.7036246,56.2210166 12.7012343,56.2237277 12.7100776,56.2231652 12.7159475,56.2246321 12.7197167,56.2276092 12.7203389,56.231832 12.7220829,56.2325155 12.732856,56.2307279 12.7430766,56.2269073 12.7481086,56.2286559 12.7457613,56.231513 12.7466638,56.2326258 12.752315,56.230921 12.7565088,56.22325 12.760981,56.2223744 12.7655159,56.2196167 12.7670568,56.2192441 12.7729182,56.2180666 12.7744417,56.2180001 12.7790608,56.2182766 12.7853343,56.2199177 12.7856017,56.2233855 12.7935196,56.2243571 12.800575,56.2269338 12.8010832,56.2272197 12.8139656,56.2358189 12.8150578,56.2366664 12.8262802,56.25 12.8311797,56.2549034 12.8377796,56.2704417 12.8317167,56.2718645 12.8349556,56.2732669 12.8300514,56.2769794 12.8309762,56.2787488 12.8271965,56.2823015 12.8173118,56.2868156 12.8091125,56.2865326 12.8013079,56.2917968 12.7915297,56.2939941 12.7830641,56.2986189 12.7755175,56.2993003 12.7674388,56.3016787 12.7637579,56.3056048 12.75971,56.3073052 12.7630394,56.3095253 12.7615329,56.311263 12.7636338,56.3131608 12.7614284,56.3156244 12.7625761,56.3176546 12.7592773,56.3196132 12.7606233,56.3212682 12.7587062,56.3274255 12.7563157,56.3285739 12.7553999,56.3312023 12.7459745,56.3350121 12.7439904,56.3461506 12.7399158,56.3525394 12.7400641,56.3586887 12.7297525,56.3642251 12.7258327,56.3634247 12.7101026,56.3650038 12.704039,56.3668123 12.6969405,56.3739634 12.6905289,56.3750855 12.6905826,56.3781868 12.6880906,56.3805207 12.6876165,56.3806765 12.660266,56.3840569 12.65625,56.3864396 12.6546715,56.3869179 12.6378937,56.3887929 12.6274591,56.3929495 12.6272954,56.395272 12.6206387,56.403753 12.6219704,56.405883 12.6205784,56.412535 12.622979,56.414964 12.618731,56.4215642 12.6215959,56.4257813 12.6214468,56.4257813 12.62422,56.4282445 12.6249849,56.4284844 12.6259427,56.428462 12.6243448,56.426441 12.6310083,56.4281644 12.632394,56.4309053 12.6321852,56.4323399 12.6300697,56.4341781 12.6301662,56.4343035 12.6338654,56.434481 12.6349531,56.4386543 12.6426684,56.4426416 12.6435132,56.44717 12.6482897,56.4478842 12.655435,56.4547002 12.65625,56.4550781 12.6579087,56.455452 12.6601392,56.4555639 12.6639701,56.4550343 12.667888,56.4534956 12.6703273,56.4544852 12.6709884,56.4544641 12.6777215,56.4530247 12.6785222,56.4533052 12.6811408,56.4545203 12.6809589,56.4561883 12.684779,56.4592139 12.696909,56.4649466 12.701454,56.4697484 12.7085273,56.4714527 12.7276971,56.4720269 12.7473798,56.4680774 12.7550482,56.4645414 12.7564485,56.4619323 12.7896239,56.4527856 12.806674,56.4451597 12.8178653,56.4423786 12.8224483,56.4393831 12.8374817,56.4360362 12.8425562,56.4362453 12.844327,56.4347491 12.8436307,56.4322772 12.8440892,56.4321039 12.8493987,56.4308532 12.8518291,56.4305969 12.8611453,56.4308919 12.8619024,56.4309958 12.8779311,56.4352678 12.9004111,56.4491575 12.9004358,56.4491729 12.9110996,56.458552 12.923979,56.473025 12.9350324,56.4903476 12.9391618,56.4984593 12.9442034,56.5152589 12.9468935,56.5463947 12.9507267,56.5476142 12.9459192,56.5547417 12.9432662,56.572964 12.9388494,56.5877367 12.9376549,56.5890666 12.9344172,56.5909322 12.9295319,56.591873 12.92756,56.5936849 12.9253319,56.5936981 12.9219908,56.5975267 12.9180799,56.5971817 12.916382,56.597661 12.9150786,56.5984052 12.9123755,56.6001467 12.9139951,56.6015625 12.9146028,56.6015625 12.9136817,56.6028541 12.9130965,56.6032954 12.906949,56.6061817 12.9067293,56.6064845 12.9098535,56.607079 12.9147897,56.6058388 12.9169652,56.6070985 12.9170542,56.6078885 12.914923,56.6120085 12.9118801,56.6143205 12.9064629,56.6144822 12.9069663,56.6167713 12.9042507,56.6185075 12.9079587,56.6199431 12.9079716,56.6215949 12.8917398,56.6407532 12.8830273,56.6483035 12.8783748,56.6506617 12.8751703,56.650537 12.8527336,56.6447622 12.835958,56.6484797 12.8449167,56.6470313 12.8453557,56.6489624 12.8414034,56.6498798 12.8419303,56.6508936 12.8487812,56.6509418 12.8578277,56.6553354 12.859145,56.6574597 12.858179,56.6578943 12.8523823,56.6542249 12.8496594,56.655094 12.8515038,56.6586667 12.8494838,56.6598254 12.8461463,56.6543698 12.8473758,56.6581357 12.8464977,56.659584 12.8450922,56.660791 12.8393832,56.6630601 12.8312151,56.6640257 12.8289315,56.6638809 12.8257695,56.662674 12.8241887,56.6600184 12.8112766,56.6580713 12.8105268,56.6576906 12.8093264,56.654985 12.8112419,56.6502441 12.8014491,56.65092 12.791048,56.6485502 12.7930127,56.64361 12.7927874,56.6430693 12.7918307,56.6427048 12.7881308,56.6428667 12.7841643,56.6409425 12.7770236,56.6405146 12.7700506,56.6441435 12.7601196,56.6472524 12.7471495,56.6457402 12.7395813,56.6409039 12.7334805,56.6419497 12.7287272,56.6403621 12.723298,56.6447101 12.7296679,56.6478456 12.733193,56.656473 12.7274767,56.6687608 12.7108756,56.6807292 12.7020791,56.6812902 12.686006,56.6791584 12.6802424,56.6805844 12.6781656,56.6854736 12.680672,56.6883339 12.6786776,56.6944444 12.6848487,56.6964569 12.6860032,56.6977571 12.6859976,56.6981593 12.6838454,56.7066429 12.6781307,56.7130219 12.6761678,56.7148213 12.6611729,56.7224262 12.660601,56.7226226 12.6578031,56.7229613 12.65625,56.7223771 12.65625,56.7220982 12.6497743,56.720588 12.6452889,56.7208062 12.6417958,56.723242 12.6401652,56.7272685 12.6471847,56.7292335 12.6444737,56.7302806 12.6440963,56.7322428 12.6399995,56.7334419 12.6393318,56.7358156 12.6345158,56.7369353 12.6304969,56.7402536 12.6240607,56.7408667 12.6224664,56.751527 12.6300237,56.7567477 12.6284395,56.7614487 12.630794,56.7646718 12.6199389,56.7685122 12.6194564,56.7688378 12.6179249,56.7725399 12.6150509,56.7741193 12.615724,56.7773438 12.6174809,56.7797979 12.6137969,56.7793236 12.611519,56.7824045 12.6157624,56.7869979 12.6122528,56.7928617 12.6090437,56.7935755 12.6044297,56.7984211 12.6084579,56.8090494 12.6118968,56.8109019 12.612286,56.8133831 12.6106991,56.8181179 12.6070687,56.8193237 12.6093569,56.820883 12.604375,56.824688 12.6003742,56.8256763 12.5983306,56.8308856 12.5937285,56.8328365 12.5874074,56.8332386 12.5877808,56.8350137 12.5837061,56.8355455 12.5784748,56.8409302 12.5770077,56.8413212 12.5621482,56.8421192 12.558467,56.8410854 12.5570422,56.8384975 12.5544201,56.8399611 12.5545564,56.8425434 12.5451401,56.8433353 12.5463461,56.847669 12.5449607,56.8503423 12.5491337,56.8560162 12.5486927,56.8582464 12.5461469,56.8611025 12.5422416,56.8645412 12.5336978,56.8700355 12.5308346,56.8704146 12.5274254,56.8682249 12.5277787,56.8710976 12.5232291,56.871339 12.5184143,56.8686594 12.5184143,56.8714114 12.5166034,56.870808 12.5171775,56.8725702 12.5143946,56.8732944 12.5126222,56.8769073 12.5049227,56.8831729 12.4973804,56.8875504 12.490781,56.8896961 12.4815102,56.8864346 12.4769533,56.8882369 12.4730252,56.8880653 12.4684683,56.8924427 12.4662685,56.8920993 12.4703538,56.8854045 12.4683111,56.8843746 12.4651386,56.8863809 12.4598261,56.8956184 12.4406472,56.8985296 12.4352411,56.8963625 12.4307317,56.8995306 12.423123,56.9015363 12.4153339,56.9020808 12.4098252,56.9063482 12.406745,56.9063727 12.4051856,56.9035687 12.4031372,56.9031504 12.397981,56.9062554 12.3926246,56.9159293 12.3832254,56.9180504 12.3745439,56.9175797 12.3710783,56.919939 12.3660916,56.9162492 12.3610671,56.9185519 12.3563921,56.9222829 12.3561929,56.9235358 12.3566093,56.923982 12.3593844,56.9238634 12.3615314,56.9264309 12.3584611,56.9280303 12.352733,56.927935 12.3478208,56.9309155 12.3478251,56.9312766 12.3529118,56.9324147 12.358496,56.932566 12.3609447,56.9360582 12.3609447,56.936711 12.3583725,56.9416133 12.3579885,56.9419082 12.3536657,56.9421923 12.3560795,56.9453006 12.3511276,56.9491485 12.3511422,56.949863 12.353091,56.953125 12.3547115,56.9562339 12.3545448,56.9566981 12.349332,56.9618835 12.347778,56.965342 12.3478016,56.9657403 12.3519965,56.9687978 12.352742,56.9691716 12.3564869,56.9694124 12.3577718,56.970564 12.3568546,56.9716353 12.3514121,56.9710494 12.3440779,56.9725966 12.3540565,56.9725029 12.3529009,56.9745755 12.3571438,56.9753445 12.3560193,56.9798808 12.354495,56.9788203 12.3528336,56.9795877 12.3539459,56.9872506 12.3565497,56.988332 12.3525815,56.9989024 12.3540154,57.0002052 12.3493187,57.0069618 12.3502047,57.0093201 12.3444262,57.0103199 12.3415849,57.0163865 12.3357089,57.0173544 12.3338166,57.0214951 12.3290737,57.0240755 12.3258686,57.0244083 12.3248307,57.0229945 12.3183368,57.0241987 12.3105717,57.0235441 12.3094898,57.0249296 12.3121721,57.0261379 12.3121614,57.0269187 12.311776,57.027173 12.3064713,57.027647 12.3046875,57.0270646 12.3006153,57.0272508 12.2991883,57.0318886 12.2998689,57.0326343 12.3002763,57.032622 12.3046875,57.031529 12.3104398,57.0293335 12.3160518,57.0321707 12.3162081,57.0335959 12.3159506,57.0339015 12.3046875,57.0345982 12.3036017,57.0347894 12.2982631,57.0336922 12.2916799,57.0395386 12.2846961,57.0405244 12.2840613,57.0425721 12.2811857,57.0435199 12.28119,57.0438172 12.2857021,57.0465773 12.2851903,57.0477864 12.2774159,57.0474684 12.2680227,57.0504096 12.2678694,57.0519245 12.2739742,57.0535511 12.2682042,57.0558867 12.2680466,57.0591429 12.2731739,57.0596807 12.2775558,57.0618008 12.2765121,57.0668113 12.2762043,57.066958 12.2718585,57.0685936 12.2696931,57.0679647 12.2726856,57.0658923 12.2656339,57.0668952 12.2603729,57.0662595 12.253673,57.063488 12.2515795,57.0601403 12.2496244,57.0647542 12.2414927,57.0637445 12.2443805,57.066011 12.249873,57.066168 12.2539741,57.0712281 12.2536108,57.0740582 12.2598923,57.0737972 12.2610505,57.0785084 12.2606924,57.0816199 12.257004,57.0839519 12.2521896,57.0844873 12.2433842,57.0826981 12.2353112,57.0870517 12.2355706,57.0882818 12.2421083,57.0904697 12.2393016,57.0927615 12.2432346,57.0973719 12.2375853,57.1053333 12.2384846,57.1072527 12.233283,57.1080198 12.2406036,57.1078455 12.2405394,57.110356 12.2433006,57.1081942 12.2419521,57.1099724 12.2452914,57.1095541 12.2466398,57.114854 12.2437502,57.1153771 12.2427228,57.1133198 12.2384202,57.1129711 12.2398973,57.1180272 12.2384846,57.1183408 12.237393,57.1171554 12.2354023,57.1181318 12.236237,57.1221765 12.2345032,57.122595 12.231742,57.1208167 12.2322558,57.1180272 12.2282562,57.1190372 12.2279534,57.1166323 12.2255774,57.1160048 12.2278891,57.1138428 12.2276322,57.1115416 12.2326411,57.1099027 12.2169566,57.1129578 12.2149239,57.112583 12.2151792,57.110628 12.2135237,57.1099854 12.2114799,57.1139442 12.2037301,57.117707 12.1952282,57.1144245 12.1901131,57.1149417 12.1921118,57.1220444 12.1923608,57.1222175 12.1989084,57.1212751 12.2022871,57.1219482 12.2024903,57.1263613 12.20462,57.1272037 12.2112606,57.1276047 12.2120633,57.1289062 12.2134801,57.129389 12.2156454,57.1289062 12.2219759,57.1264656 12.2231174,57.1264679 12.232088,57.1287649 12.2320209,57.1289062 12.2352788,57.1298083 12.2332186,57.1310039 12.2340679,57.1323634 12.2335309,57.1324708 12.230177,57.1314687 12.2224571,57.1314876 12.215896,57.1330112 12.2150759,57.1335406 12.214542,57.1342514 12.2188678,57.1390827 12.215533,57.1404653 12.2125391,57.1468489 12.2088544,57.1455352 12.2068651,57.146852 12.2070831,57.1499047 12.2130759,57.1534303 12.216885,57.1523185 12.2220761,57.152989 12.2263582,57.1547294 12.2278686,57.1574821 12.2260733,57.1629297 12.2217495,57.1618682 12.2159307,57.162311 12.2117502,57.1646795 12.2066857,57.1637368 12.2081797,57.1661701 12.214096,57.1653398 12.2162507,57.1660439 12.2046577,57.1705852 12.2017245,57.1737214 12.2058682,57.1762489 12.202902,57.1786929 12.206193,57.1795456 12.2103714,57.1790242 12.2132103,57.1806666 12.2124797,57.1849468 12.2118531,57.1854388 12.2047904,57.1872494 12.2012349,57.1902612 12.1972191,57.1876986 12.1882308,57.1868498 12.1874712,57.1895794 12.1789535,57.190142 12.1775109,57.1870981 12.174983,57.1859607 12.1619635,57.185464 12.1534904,57.1878982 12.1570882,57.1923938 12.1516947,57.1924253 12.149615,57.1935101 12.1548448,57.1975116 12.1568129,57.1976264 12.1590911,57.1959136 12.1671978,57.2000558 12.1734248,57.1991374 12.175637,57.2012641 12.1798217,57.2010962 12.1861176,57.2032014 12.1918603,57.2031342 12.1960976,57.2055461 12.2097393,57.2095528 12.2156178,57.2146235 12.2155542,57.2173469 12.2125798,57.2222527 12.2106392,57.2245239 12.2100124,57.2247794 12.2030519,57.2252893 12.1907994,57.2217897 12.1836451,57.21875 12.1813582,57.2173905 12.1813582,57.2155417 12.1783401,57.2140208 12.1601694,57.2138 12.1538376,57.2149231 12.1512316,57.213119 12.1408134,57.21343 12.133513,57.2164295 12.1229954,57.2257254 12.117168,57.2271897 12.1121801,57.2261773 12.1081959,57.2270113 12.1070755,57.2287372 12.0988926,57.2311865 12.0938153,57.2339396 12.0937032,57.2341943 12.0977103,57.2420188 12.1056398,57.2395222 12.1065962,57.2395738 12.1140763,57.2428457 12.1195352,57.2422416 12.1201088,57.2424161 12.1217552,57.2445416 12.1188436,57.2466458 12.1284393,57.2467 12.1288267,57.2468184 12.1303886,57.2478874 12.12848,57.2500921 12.1235555,57.2514203 12.1228077,57.2530448 12.1205974,57.2532753 12.117533,57.2527581 12.1153696,57.2521994 12.1117247,57.2488014 12.1060677,57.2499337 12.1021934,57.2460238 12.0987459,57.2450486 12.0973923,57.2452605 12.0920382,57.2478195 12.0896472,57.2531766 12.0891182,57.253538 12.085296,57.2538852 12.08448,57.2544374 12.08427,57.2551126 12.0847189,57.2555232 12.0991648,57.2583925 12.1034327,57.2634279 12.1049139,57.2686104 12.1084223,57.2690299 12.107982,57.2705193 12.1218634,57.2780994 12.126447,57.2775747 12.1340917,57.281692 12.1435586,57.2839798 12.1520383,57.2815895 12.1636637,57.2841092 12.162352,57.2858731 12.1646496,57.2877882 12.1624491,57.2918845 12.1653835,57.2945358 12.1654001,57.2972929 12.162847,57.2989813 12.1665874,57.3013823 12.1668642,57.3020533 12.1669408,57.3046875 12.1668502,57.3046875 12.1667125,57.305199 12.1641947,57.3061816 12.1668001,57.3090268 12.1609046,57.3094521 12.1574547,57.3120807 12.1487039,57.3134584 12.1460962,57.3148512 12.1486871,57.317372 12.1536751,57.3173332 12.1533619,57.3193409 12.1563655,57.320425 12.1557149,57.3245366 12.1612601,57.3273928 12.1527528,57.3309625 12.1507059,57.3332601 12.1455264,57.3346508 12.1382399,57.3320593 12.1412936,57.3304685 12.1405756,57.3297307 12.132304,57.330636 12.1267297,57.3359911 12.1315016,57.3387718 12.1316744,57.3404722 12.1229697,57.3427674 12.1223603,57.3461452 12.1082942,57.3447821 12.1085349,57.3419857 12.10622,57.3401929 12.1052463,57.3399132 12.0980572,57.3417619 12.0858955,57.3370076 12.0743392,57.3365918 12.0720623,57.335326 12.0669568,57.3353794 12.064083,57.3370814 12.0637389,57.3376395 12.0660009,57.3421782 12.066238,57.3424618 12.069211,57.3441488 12.0680619,57.3469369 12.0740021,57.3562706 12.0774164,57.3593521 12.0821248,57.3608453 12.0808733,57.3630117 12.0836982,57.36426 12.0845413,57.3681778 12.0917124,57.3691735 12.0938659,57.3719358 12.1000998,57.372794 12.1024154,57.3748862 12.1111052,57.3773044 12.1183681,57.3763362 12.1199352,57.3774526 12.1265301,57.3778386 12.1270607,57.3782072 12.1279947,57.3804584 12.1260027,57.3836045 12.1257271,57.3838915 12.1221594,57.3854461 12.1226203,57.3866159 12.1178447,57.3883727 12.1226119,57.3926086 12.1205986,57.3961809 12.1224912,57.3988578 12.1221796,57.3989635 12.1136431,57.3986721 12.1070795,57.3944809 12.0979017,57.3983541 12.0921633,57.3953584 12.0877336,57.3974004 12.0840181,57.3928641 12.0807616,57.3946472 12.0796592,57.3960886 12.0787165,57.4015269 12.0788482,57.4021217 12.0835373,57.4079241 12.0916165,57.4070495 12.0953352,57.4083831 12.1082683,57.4076489 12.1083791,57.4077888 12.1061044,57.4146107 12.1066092,57.4203275 12.108569,57.4240125 12.1117995,57.4256515 12.1119941,57.426281 12.1116046,57.4289387 12.1088527,57.430366 12.1091769,57.4335095 12.1085184,57.4341919 12.1056362,57.4350756 12.0958622,57.4356167 12.0912203,57.4416853 12.0783544,57.4414212 12.0730872,57.4463704 12.0702451,57.4475826 12.0669733,57.4473571 12.0663944,57.4477094 12.0664713,57.4485195 12.0731559,57.4541115 12.0732477,57.4544979 12.0698968,57.4575424 12.0702908,57.4597061 12.0677522,57.4617165 12.0664411,57.462036 12.0612782,57.4620535 12.0586355,57.4611111 12.0558707,57.4588217 12.0554246,57.4532681 12.0523123,57.4518243 12.0536593,57.4491957 12.0517876,57.4468249 12.0511969,57.4387774 12.0456564,57.4334248 12.0457667,57.4282038 12.0404819,57.4228745 12.0423169,57.4201689 12.0387338,57.4171346 12.0395544,57.4147851 12.0322731,57.4071296 12.0287783,57.405866 12.0309752,57.4038321 12.0218482,57.3996617 12.0184181,57.3961549 12.0195293,57.3945611 12.0235152,57.3935277 12.0262424,57.3899333 12.020062,57.3863667 12.0175844,57.3825434 12.0206488,57.3808438 12.0238196,57.3808144 12.0228637,57.3790677 12.0261782,57.3750566 12.0204138,57.3711528 12.0197445,57.3681914 12.0141292,57.3648345 12.0128666,57.3603681 12.0084153,57.3586597 12.0102918,57.3564574 12.0058556,57.3533174 12.0042878,57.3496841 12.0027934,57.3436084 12.0044605,57.3412133 12.0038279,57.3408024 11.9982342,57.3407828 11.9971566,57.3408585 11.9946264,57.3418409 11.9935085,57.3497498 11.9958251,57.3516998 11.9919841,57.3550605 12.0004708,57.36395 11.9931228,57.3636224 11.9890836,57.3563774 11.9862815,57.3555413 11.9837836,57.3562413 11.9844747,57.3600748 11.9874228,57.3629676 11.9859184,57.3650194 11.9917628,57.3683121 11.9853303,57.36808 11.984444,57.3717576 11.9735715,57.3657207 11.966835,57.3590795 11.9607732,57.358566 11.9656816,57.3554667 11.9658945,57.3550256 11.964439,57.3510913 11.9641622,57.3509885 11.9614825,57.3514524 11.9602358,57.3528783 11.953125,57.3529576 11.953125,57.3532366 11.9501121,57.3549151 11.953125,57.3565847 11.953125,57.3574218 11.953125,57.3579798 11.953125,57.3582588 11.9477921,57.3587819 11.9438933,57.3606822 11.9396836,57.367503 11.9425792,57.3691365 11.9477913,57.3687576 11.953125,57.3722097 11.953125,57.3724889 11.9544579,57.3737659 11.9599196,57.3754863 11.9569004,57.3788903 11.953125,57.3800222 11.9517474,57.3802301 11.9525617,57.3822693 11.9523042,57.3824825 11.9473681,57.3843123 11.9500644,57.3855329 11.953125,57.3856027 11.9633312,57.3865598 11.9563667,57.3891612 11.9555521,57.3892545 11.953125,57.3883928 11.9506316,57.3883749 11.9497725,57.3909037 11.942575,57.3880068 11.9416428,57.3879286 11.936672,57.3897022 11.9366611,57.3898811 11.938974,57.3909034 11.9507769,57.3923132 11.9512357,57.3932869 11.9509135,57.393593 11.9469094,57.3942862 11.9404625,57.392408 11.9369854,57.3929265 11.925541,57.3890913 11.9203718,57.3900939 11.9211708,57.3923841 11.9162012,57.392014 11.9133979,57.3931103 11.9120541,57.3908436 11.9115707,57.3907692 11.9101101,57.3914396 11.9086757,57.3950922 11.9116153,57.3968362 11.9073272,57.3989514 11.9073284,57.3992795 11.911522,57.3997546 11.9111782,57.4016784 11.9183868,57.401408 11.9287678,57.4076982 11.9218962,57.4142658 11.9180995,57.4120342 11.914613,57.4112879 11.9130315,57.4110628 11.907655,57.4120119 11.9072921,57.4126152 11.9078593,57.4133967 11.9120979,57.4139707 11.9095143,57.4192117 11.9100344,57.4196527 11.9147776,57.4204108 11.9180294,57.4197655 11.9209855,57.4154485 11.9220638,57.4175535 11.9280446,57.4193085 11.9269254,57.4205362 11.9221141,57.4211009 11.9249823,57.4223884 11.9223194,57.423243 11.9236276,57.4251375 11.9200912,57.4268835 11.9244427,57.4280831 11.924216,57.4295357 11.9202712,57.4304008 11.9183167,57.4275275 11.9146163,57.4270238 11.9142416,57.4280703 11.9189696,57.4310448 11.9176288,57.432373 11.9148864,57.4330041 11.9099379,57.4314297 11.9022263,57.4341784 11.9047352,57.4357651 11.9026695,57.4371912 11.9058239,57.4380667 11.9028426,57.442681 11.9034773,57.4447758 11.9014871,57.4460092 11.9031051,57.4476066 11.906128,57.4465249 11.9052773,57.443485 11.9081939,57.4414695 11.9120249,57.4416875 11.9127315,57.4433069 11.9099298,57.4513258 11.9071743,57.4526891 11.9096981,57.4547613 11.9050848,57.4567177 11.9133863,57.4553118 11.9136188,57.4571435 11.9174087,57.4577972 11.9096524,57.4640588 11.9135239,57.4700911 11.9157283,57.4685988 11.9168832,57.4685904 11.9172854,57.4689412 11.9149804,57.4713745 11.9203526,57.4705349 11.9227352,57.4723099 11.9237618,57.4723579 11.9267108,57.4720964 11.9363236,57.4691334 11.9376885,57.4694411 11.9382355,57.4731252 11.9346249,57.473767 11.9365174,57.4756207 11.9363689,57.4762655 11.9344575,57.4776822 11.9332691,57.478007 11.9312195,57.4780709 11.922389,57.4749025 11.9186538,57.4746854 11.9101477,57.4766824 11.9097462,57.4771142 11.9158688,57.4788959 11.9193698,57.478384 11.9194655,57.4792072 11.9195691,57.4804687 11.9193708,57.4804687 11.9203948,57.4813154 11.9188321,57.4817998 11.9101229,57.4815093 11.9056216,57.4856406 11.9082751,57.4853578 11.9175782,57.4843662 11.912891,57.4886012 11.9246196,57.4881104 11.9285051,57.4905334 11.9307585,57.490436 11.9333885,57.4867944 11.9387826,57.4844079 11.946542,57.4845788 11.949084,57.4850186 11.947944,57.4871793 11.9518079,57.4877721 11.952089,57.4881628 11.9506578,57.4907016 11.952895,57.4927716 11.953125,57.4927455 11.9661196,57.4936661 11.9634848,57.4948035 11.9565827,57.4950761 11.953125,57.4966517 11.953125,57.4977678 11.9551252,57.4993023 11.9550132,57.4999415 11.9533753,57.5008512 11.953125,57.500837 11.9501945,57.501487 11.9419703,57.5017765 11.9191796,57.5002061 11.9155082,57.5026988 11.9209291,57.502664 11.9218872,57.5030566 11.9215086,57.5035361 11.9177274,57.5070029 11.9127371,57.5078022 11.9167765,57.5103458 11.9193754,57.5078502 11.9199867,57.5078653 11.9230896,57.5101625 11.9279611,57.5094351 11.9331288,57.5111188 11.9466723,57.5093048 11.9415416,57.5114564 11.9433938,57.5140954 11.93761,57.514273 11.9336649,57.5161139 11.9381051,57.5177875 11.9385792,57.5197285 11.9361082,57.5199809 11.9308552,57.5180262 11.928229,57.5184137 11.9274054,57.5194925 11.9326659,57.5210404 11.9309238,57.5222899 11.9242646,57.5217288 11.9226937,57.5199333 11.9206504,57.5200804 11.9220865,57.5232491 11.9253426,57.5251116 11.9379156,57.5280784 11.9345045,57.5298866 11.9338992,57.5319687 11.92905,57.5312442 11.9256489,57.5280234 11.9190316,57.5265136 11.9116182,57.5264095 11.9147969,57.5287421 11.9127254,57.5307046 11.9168291,57.5314198 11.9147983,57.5347702 11.9176981,57.5370405 11.9148395,57.5432559 11.9163107,57.5473303 11.9227873,57.5497168 11.9251117,57.5467869 11.9281634,57.54751 11.9235035,57.5518341 11.9188714,57.5524435 11.920926,57.5533212 11.9189676,57.5546389 11.9194225,57.5572371 11.919664,57.5576717 11.9224272,57.5590168 11.9231581,57.5615904 11.9253494,57.5625715 11.9255055,57.5629781 11.9238828,57.5665102 11.9220182,57.5644695 11.9212884,57.5643461 11.9159895,57.565061 11.915367,57.5654165 11.9155253,57.5688531 11.923629,57.5668876 11.9312947,57.5673738 11.9316784,57.5710531 11.9379045,57.5737714 11.9388359,57.5755037 11.9387363,57.5758429 11.9357393,57.5769345 11.9256482,57.5739802 11.9255062,57.5765938 11.9326212,57.5777189 11.9312654,57.5785599 11.9321939,57.5819978 11.9319514,57.5825439 11.930793,57.5835187 11.9301482,57.5837002 11.9265249,57.5836468 11.9254355,57.5841869 11.9251306,57.5847889 11.927101,57.5865155 11.9237798,57.5864677 11.9236567,57.5866417 11.9257358,57.5888531 11.9256198,57.5891402 11.9230605,57.5896991 11.9216141,57.592326 11.9212791,57.592382 11.9184026,57.5871418 11.9151334,57.5857499 11.9139255,57.5856791 11.9126346,57.5863388 11.9126685,57.5891498 11.9077137,57.590407 11.9066174,57.5903302 11.9059854,57.5897983 11.9043854,57.5858496 11.9063731,57.5848393 11.9093699,57.5855879 11.9101799,57.5835007 11.9138368,57.5830154 11.9136368,57.5803449 11.9121015,57.5799853 11.9106961,57.5798672 11.9079056,57.5804125 11.9074404,57.5829269 11.9003007,57.5820618 11.8998328,57.583836 11.9032207,57.5856904 11.9005271,57.5869859 11.8975455,57.5866396 11.8971663,57.5872529 11.8971804,57.5876569 11.90091,57.5925601 11.900969,57.5955257 11.9037657,57.5937867 11.9153034,57.5957834 11.9105088,57.5969033 11.9086682,57.5994042 11.9095643,57.6016079 11.9133404,57.6012685 11.917383,57.5987002 11.9231313,57.5999537 11.9213734,57.606997 11.9183328,57.6089493 11.9221203,57.6125494 11.9210852,57.615573 11.9230613,57.6198134 11.9289747,57.6202654 11.930248,57.6214505 11.9247472,57.6256588 11.9179161,57.6250997 11.9172931,57.6223567 11.9156723,57.6223069 11.9101319,57.6280119 11.9105933,57.6315351 11.9089876,57.6328028 11.9070681,57.6295317 11.9098881,57.6242558 11.9058691,57.619559 11.906292,57.6161736 11.90453,57.6145051 11.8956983,57.6151121 11.8969764,57.6089689 11.8941848,57.6087089 11.8905509,57.6101416 11.8860857,57.6094137 11.8833069,57.6124728 11.8765534,57.6118346 11.8807049,57.6145755 11.8807328,57.6150305 11.8756735,57.617572 11.8770756,57.6199325 11.8758982,57.624545 11.8760697,57.6250792 11.879382,57.628623 11.879076,57.6291099 11.8748091,57.6301208 11.8717942,57.6338592 11.8744522,57.6343472 11.8745213,57.6351327 11.8735002,57.6356961 11.8708386,57.6360764 11.8693351,57.6358752 11.8663312,57.6345125 11.8615422,57.6374483 11.8608702,57.6374379 11.8542509,57.6350946 11.8463191,57.638769 11.8439955,57.6404572 11.8438766,57.6407483 11.8450685,57.643958 11.8486967,57.6431355 11.8474129,57.6419386 11.8500381,57.6394382 11.8605922,57.6410502 11.8568624,57.6445506 11.8521894,57.6445001 11.8486819,57.6482307 11.8454096,57.6490573 11.8451864,57.6494232 11.8484048,57.6532454 11.8496903,57.6550066 11.8495882,57.6553245 11.8451524,57.65625 11.8447574,57.656689 11.8512411,57.6605604 11.8509591,57.6606938 11.8426932,57.6583009 11.8348093,57.6595069 11.8443747,57.665978 11.8458894,57.6692504 11.8502825,57.6711202 11.8488311,57.6740183 11.8567067,57.6803567 11.8595705,57.6811285 11.8638241,57.6794446 11.8689053,57.6793128 11.8697053,57.6831626 11.8751448,57.6816406 11.8819957,57.6860632 11.8883657,57.6871846 11.8869987,57.6859114 11.892796,57.6864254 11.9117914,57.692418 11.913321,57.6937267 11.9122365,57.6952698 11.9278584,57.7002085 11.9480155,57.7017992 11.953125,57.703125 11.953125,57.703404 11.9553463,57.7041225 11.9572222,57.7062289 11.9586341,57.7094991 11.9684998,57.714343 11.9904017,57.7210346 11.9879935,57.7230453 11.9654512,57.715499 11.9560792,57.7104002 11.9624783,57.7148106 11.9623653,57.7149676 11.9570779,57.7129276 11.957688,57.7155952 11.956287,57.7159332 11.9559932,57.7158244 11.953125,57.7120535 11.9513385,57.7126259 11.9531462,57.7160418 11.9521292,57.7163918 11.9517679,57.7163072 11.9488302,57.7113224 11.953101,57.7097654 11.9542986,57.7092705 11.9545836,57.7081271 11.9543474,57.7074906 11.953125,57.7067521 11.9507337,57.7067478 11.9458386,57.7038913 11.9501312,57.7067478 11.9441819,57.7053397 11.941998,57.707794 11.9427795,57.7041037 11.9324259,57.7023588 11.9274086,57.7030801 11.9267101,57.7083572 11.9255431,57.7027146 11.9158655,57.7006727 11.909916,57.6965286 11.9084852,57.6999887 11.9085606,57.6968102 11.9033045,57.6937568 11.8967293,57.6910973 11.8887789,57.6902604 11.888538,57.6890373 11.8862493,57.6891659 11.8858848,57.6910912 11.8851498,57.6912372 11.8842421,57.6913393 11.8789011,57.6893591 11.8729984,57.6908396 11.8710711,57.6882648 11.8698664,57.6883935 11.8716733,57.6910973 11.8683004,57.6913548 11.8662421,57.6882663 11.8456603,57.6881361 11.8465034,57.6938652 11.8432513,57.6932214 11.8416855,57.6897454 11.8286772,57.6903247 11.826991,57.6935434 11.8233777,57.6910328 11.8222936,57.6935434 11.8165122,57.6937366 11.814344,57.6961827 11.8149464,57.692449 11.8114533,57.692771 11.8052436,57.6966873 11.8017625,57.6968625 11.8000506,57.6953599 11.8030605,57.6938629 11.8070143,57.6874434 11.8070247,57.6843991 11.8043547,57.6829938 11.8021436,57.6900851 11.7968248,57.6910408 11.7942094,57.6935911 11.7900434,57.6946758 11.7924782,57.6986947 11.7953461,57.6984416 11.7986795,57.7001233 11.8029855,57.7069112 11.805958,57.7060502 11.8097723,57.7065403 11.8053246,57.7082893 11.8011251,57.7082397 11.7985594,57.7122793 11.7923808,57.7118862 11.791181,57.7128303 11.7865002,57.7102172 11.7863057,57.7091395 11.7905266,57.7071449 11.7920285,57.702942 11.7868221,57.7020785 11.7902454,57.6999251 11.7869139,57.6956516 11.779497,57.6943516 11.7752063,57.6953865 11.7772346,57.6988527 11.7729974,57.697641 11.7692093,57.6980457 11.7670459,57.6929187 11.7702816,57.6911365 11.7698441,57.6865751 11.7578343,57.6890842 11.7584373,57.6877815 11.7605243,57.6880227 11.7623109,57.6868185 11.7562245,57.6836416 11.7549697,57.6844234 11.7567956,57.6864995 11.7515184,57.6863425 11.7508825,57.6872222 11.7525814,57.689357 11.7567565,57.6894519 11.7539665,57.6936953 11.7426002,57.6964875 11.7343587,57.7007751 11.7248127,57.6983153 11.7190245,57.6980475 11.7122194,57.701719 11.7074625,57.7080581 11.7057154,57.7075546 11.7073121,57.7055779 11.7056839,57.7037599 11.7025645,57.7042193 11.702087,57.7046747 11.7011346,57.7081782 11.7176276,57.7139798 11.7169003,57.7149462 11.7126594,57.7141339 11.7112501,57.7156062 11.7071775,57.7160621 11.7033288,57.7190681 11.705138,57.7237231 11.7129622,57.7243632 11.712309,57.7264231 11.714536,57.7273421 11.7151297,57.7251993 11.7170811,57.7248067 11.7214808,57.7296048 11.7215226,57.7319887 11.7158865,57.7331721 11.7155747,57.7360359 11.7187561,57.7367002 11.7234148,57.7345169 11.7241586,57.7379062 11.7275302,57.7399553 11.7335246,57.74061 11.7321792,57.7428299 11.7419527,57.7459764 11.7543627,57.7474066 11.7643898,57.7461256 11.7789202,57.7467126 11.7798591,57.7483751 11.7745001,57.7485558 11.7833949,57.7510883 11.7934455,57.7517552 11.7959007,57.7506331 11.7995125,57.7509001 11.8026161,57.755024 11.7950968,57.7576841 11.7990603,57.7582359 11.8004924,57.7613131 11.8031498,57.760502 11.8039757,57.7613446 11.8035051,57.7616816 11.7988468,57.7627356 11.7982761,57.7643728 11.7819935,57.7640212 11.7790029,57.7644081 11.7792066,57.7649151 11.7798092,57.7655011 11.786912,57.7692575 11.7870908,57.7710969 11.791622,57.7701344 11.7957258,57.7720137 11.8023909,57.7728648 11.796837,57.7744834 11.7984753,57.7758406 11.8041615,57.7775164 11.8104891,57.7771337 11.8153564,57.7789145 11.8160914,57.7808102 11.8101567,57.7825093 11.8146356,57.7858402 11.8333194,57.7900035 11.8332077,57.7920207 11.8398027,57.7930473 11.8411506,57.793276 11.8508626,57.7965639 11.8561635,57.8025534 11.8785284,57.8169625 11.9008932,57.8313717 11.9015995,57.832235 11.9018816,57.8324711 11.9028822,57.8402117 11.9050018,57.843865 11.9065996,57.844959 11.908183,57.8455346 11.9096,57.8456434 11.9209015,57.8429056 11.9271899,57.8429129 11.9403387,57.8473738 11.9507238,57.8465903 11.9519598,57.8466899 11.953125,57.8470982 11.953125,57.8473771 11.9546967,57.8480747 11.9592845,57.8567299 11.959641,57.8570597 11.9654936,57.859718 11.9680471,57.8631731 11.9710919,57.8642035 11.9719048,57.8643656 11.9836367,57.8645427 11.9980671,57.8592646 11.9992046,57.8591622 12.0144631,57.8597645 12.0155156,57.8605242 12.0345799,57.8828572 12.0457829,57.9021164 12.0540452,57.9118845 12.0537463,57.9148519 12.0609787,57.9203348 12.0612938,57.9206967 12.0672144,57.9314804 12.0742115,57.9390354 12.0759664,57.9407845 12.0830739,57.9457846 12.0835409,57.9465321 12.0830026,57.9474803 12.0820363,57.9476535 12.0774989,57.9452024 12.0689923,57.9378842 12.0472569,57.9089293 12.0408405,57.9043285 12.0348043,57.88914 12.0305961,57.8834828 12.0186874,57.8701167 12.0111136,57.8651131 12.015219,57.8640853 12.0153404,57.8639336 12.0143578,57.8629227 12.012818,57.861922 12.0087113,57.8607264 11.9990625,57.8602842 11.9973382,57.8603982 11.9957765,57.8608036 11.9876482,57.8657193 11.9787018,57.8661499 11.9748125,57.8658261 11.970167,57.8650759 11.9638253,57.8626003 11.9594677,57.8581187 11.9533935,57.8484133 11.953125,57.8482141 11.9503506,57.8469862 11.9490708,57.8468564 11.9420207,57.8488194 11.9298245,57.8440663 11.92361,57.8436238 11.9217941,57.8436145 11.9103128,57.8461778 11.9031718,57.844837 11.9013102,57.8421485 11.9014871,57.83539 11.8992416,57.8321491 11.8977787,57.8307756 11.8918083,57.8277566 11.8585697,57.8050973 11.8537076,57.8031878 11.850123,57.7997257 11.8413985,57.7963448 11.8237875,57.7931517 11.815177,57.7927612 11.809238,57.7937095 11.8080424,57.7952961 11.801015,57.7949961 11.7985857,57.7946119 11.7994667,57.7922136 11.7962019,57.7910597 11.7931302,57.7936987 11.7897288,57.7922463 11.7866734,57.792591 11.792328,57.7952526 11.7734205,57.7972943 11.7727565,57.7972372 11.7693152,57.7959892 11.7695827,57.791151 11.7647073,57.7885953 11.7633311,57.7882983 11.7583194,57.788866 11.7610106,57.7930419 11.7604162,57.7940587 11.759261,57.7940018 11.7512633,57.7892445 11.74273,57.7858257 11.7334182,57.7833633 11.7327636,57.7832431 11.7247897,57.7875074 11.7244334,57.7877631 11.7253208,57.7887617 11.7304631,57.7887573 11.7310841,57.7896039 11.7296787,57.7924745 11.7268248,57.7929111 11.7271671,57.7933031 11.728213,57.7938007 11.7503139,57.7978373 11.7503428,57.7988111 11.7440826,57.7987293 11.741199,57.7998081 11.7406592,57.8015161 11.7446625,57.8032742 11.7438037,57.8052486 11.738421,57.805306 11.7356642,57.8033119 11.7325245,57.8032573 11.7370638,57.8065017 11.7347285,57.809251 11.7348659,57.8129621 11.734462,57.8133401 11.7238872,57.816503 11.7236702,57.8168691 11.7247523,57.8175977 11.7312098,57.8186483 11.7295203,57.8224735 11.725894,57.8243273 11.720998,57.8228765 11.7144699,57.8232321 11.7143208,57.8245468 11.7181396,57.8266664 11.7160459,57.8278245 11.7103099,57.8274891 11.7072595,57.8307297 11.7016861,57.8288584 11.7087857,57.8275346 11.7094526,57.8272479 11.7092667,57.826188 11.7086123,57.8255597 11.7074383,57.825057 11.7059489,57.8250728 11.7042137,57.8255919 11.6986529,57.8280158 11.6959991,57.8308076 11.6918812,57.8305153 11.6928436,57.8320312 11.6927276,57.8320312 11.6927807,57.8321754 11.6899263,57.833284 11.6900604,57.8336602 11.6977514,57.8372515 11.6845989,57.8361357 11.6840878,57.8362144 11.6831815,57.8366483 11.6848418,57.8379039 11.6825126,57.8389053 11.6831135,57.8428144 11.6841415,57.843666 11.7096049,57.8502097 11.7053639,57.8516575 11.7115772,57.852859 11.7087029,57.8564066 11.7065796,57.8579471 11.7026516,57.8571227 11.7021974,57.85695 11.6894892,57.8499002 11.6851624,57.8486567 11.6834971,57.8484749 11.6796488,57.8493018 11.673593,57.848641 11.6794856,57.8505998 11.6751794,57.853658 11.6708052,57.8524303 11.6681985,57.853345 11.666253,57.8511025 11.6612763,57.8502951 11.6587839,57.8514425 11.6647142,57.8554196 11.6669087,57.8555996 11.6684327,57.8544445 11.672515,57.8560972 11.6687173,57.8583539 11.6785073,57.8639709 11.6785814,57.8690011 11.6852208,57.8746577 11.6921796,57.8759609 11.695616,57.8751994 11.6957679,57.8738678 11.6928116,57.87015 11.6932168,57.8667316 11.6895664,57.8647251 11.686655,57.8654927 11.6785135,57.8572928 11.6748788,57.8563153 11.6746517,57.8552862 11.6787858,57.8540074 11.6838886,57.8541163 11.6837224,57.855291 11.6989779,57.864826 11.6980373,57.8689146 11.7002027,57.8721861 11.7055639,57.8738441 11.7109718,57.8736448 11.7090034,57.87959 11.7189085,57.8851805 11.7192007,57.8868111 11.7148803,57.8877109 11.7165242,57.8897713 11.7036436,57.8915408 11.7032918,57.8924651 11.7128907,57.8985947 11.7136521,57.9010345 11.7146813,57.9014821 11.7245864,57.9031168 11.7254142,57.903115 11.7405648,57.9013267 11.7565757,57.9039882 11.7663465,57.9039875 11.77823,57.9008408 11.7838578,57.9020727 11.7775086,57.9039499 11.7819849,57.9056264 11.7752481,57.9059709 11.7652506,57.9084126 11.7556564,57.913642 11.7519506,57.9225454 11.7536675,57.9238061 11.7585005,57.9226604 11.7577606,57.9209166 11.7594401,57.9197742 11.7653104,57.9213243 11.7718967,57.9215096 11.782603,57.9200042 11.787661,57.9208972 11.78785,57.9246953 11.7821357,57.9292008 11.7758386,57.9311286 11.7700411,57.9306056 11.7662855,57.9322892 11.7655212,57.9374154 11.7635698,57.9380022 11.7577401,57.9356499 11.7559795,57.9318022 11.7504056,57.9307582 11.7478263,57.9319341 11.7492588,57.9329568 11.7480348,57.9345866 11.7461154,57.9342775 11.7452225,57.9352144 11.747045,57.9369766 11.7497706,57.9356838 11.7501066,57.937348 11.7451047,57.9387587 11.7509186,57.9397219 11.7550046,57.9391335 11.7525218,57.9447205 11.7573164,57.9465061 11.7626653,57.9453874 11.7665128,57.9469177 11.7696412,57.9462882 11.7751545,57.9489104 11.7848715,57.949964 11.7826344,57.9518598 11.7572494,57.9496381 11.755452,57.9608495 11.7530839,57.9631948 11.7553002,57.9632806 11.7555993,57.9669206 11.7750067,57.9730092 11.7760994,57.9753128 11.7848005,57.9796665 11.7941153,57.9788277 11.7976474,57.980193 11.7988061,57.9820203 11.7944018,57.9836752 11.7912185,57.9870003 11.7927452,57.9880849 11.7994717,57.9893888 11.8108764,57.9892983 11.812355,57.989754 11.8144073,57.9919801 11.8144131,57.9924169 11.8107573,57.9958153 11.8107578,57.996365 11.8137091,57.9994857 11.8134739,57.999896 11.8073056,58.0028049 11.8070101,58.0031934 11.8079184,58.0058531 11.8058984,58.0078125 11.8057634,58.0078125 11.8045471,58.0093923 11.804162,58.0132505 11.8000454,58.0147068 11.800227,58.0150152 11.8056116,58.018944 11.816768,58.0226765 11.8151807,58.0251976 11.8194875,58.0291421 11.8169101,58.0328211 11.8196065,58.0338 11.8210258,58.038365 11.8195446,58.0422947 11.8127826,58.0459352 11.8168708,58.0500546 11.8152252,58.0528573 11.8209111,58.0551848 11.8132693,58.0634021 11.8158247,58.0774693 11.8139986,58.0769062 11.8037014,58.082351 11.7996939,58.0810099 11.7976142,58.0825388 11.7987303,58.0832897 11.8011143,58.082056 11.8026361,58.0825655 11.8005056,58.0840945 11.8033462,58.0858378 11.809132,58.0849797 11.8108029,58.0865353 11.8201402,58.0860525 11.820394,58.0906122 11.8323622,58.0923289 11.8332756,58.0951184 11.8305666,58.0960184 11.8300648,58.0976053 11.8301082,58.0982296 11.8330663,58.099862 11.8314744,58.1037614 11.8305794,58.1038908 11.8202738,58.1013089 11.8185036,58.1015782 11.8184388,58.1021047 11.8204494,58.1057171 11.8098429,58.1019492 11.8042547,58.1038048 11.820454,58.1086009 11.8256555,58.1067286 11.8338021,58.1107045 11.8355358,58.1171085 11.849412,58.1235491 11.8497533,58.1252059 11.8427792,58.1260548 11.841487,58.1258141 11.8411902,58.1257019 11.8466687,58.1238244 11.8449436,58.1225125 11.8432728,58.1223449 11.8419693,58.1225421 11.839286,58.12488 11.8390851,58.1252257 11.8387384,58.1282061 11.8436213,58.1304594 11.8442065,58.1331592 11.8435404,58.1359022 11.8389581,58.1380316 11.8390039,58.1384583 11.8403594,58.142378 11.8429877,58.1457611 11.8461717,58.1440581 11.8584439,58.1520926 11.8548732,58.1546993 11.8567969,58.1560628 11.8553658,58.1582946 11.861124,58.1567286 11.8653891,58.1597291 11.8655045,58.1599851 11.8630129,58.1693135 11.8575425,58.1725965 11.856503,58.1734095 11.8554677,58.1829568 11.8557611,58.1835937 11.8557039,58.1835937 11.8600518,58.1847434 11.860411,58.1848975 11.8580501,58.1864986 11.8591737,58.1882997 11.8571819,58.1896821 11.8571506,58.1946357 11.859464,58.196123 11.8692371,58.1980075 11.8639817,58.2005019 11.8672009,58.2012881 11.8696916,58.2037954 11.8702753,58.2038789 11.8778718,58.2021371 11.878636,58.1994128 11.894924,58.2005935 11.8953509,58.2055703 11.8979191,58.2070888 11.8986517,58.2105131 11.9035513,58.2155724 11.9062867,58.2163298 11.9106017,58.2208914 11.9113297,58.2213444 11.9165593,58.2227404 11.9165365,58.22556 11.9143109,58.2286621 11.9135981,58.2289687 11.9102752,58.2284899 11.9082909,58.2279063 11.9067457,58.2254757 11.8933055,58.2232856 11.8838444,58.2189306 11.8731966,58.2224388 11.8712891,58.2261724 11.8726606,58.2281047 11.8706691,58.2301981 11.8753668,58.2367969 11.866118,58.2402774 11.8631687,58.2440444 11.8632934,58.2486674 11.859503,58.249301 11.8559442,58.2522578 11.8572026,58.2552247 11.8556491,58.2573479 11.8517705,58.2587453 11.8444489,58.257326 11.8398236,58.2594647 11.8390336,58.2651089 11.846876,58.26908 11.8452141,58.2735506 11.8465276,58.2747087 11.8336015,58.2776957 11.8256934,58.2854282 11.8231171,58.2863135 11.8192031,58.2848819 11.813521,58.2897533 11.8139929,58.295746 11.8196603,58.2961994 11.8257718,58.2999721 11.8274726,58.3037338 11.8199431,58.3039683 11.8142418,58.3095289 11.8132838,58.3146715 11.8152016,58.3167334 11.8248194,58.3160526 11.8291926,58.3186221 11.8426955,58.3194251 11.8459665,58.3227748 11.8534281,58.3256042 11.8592311,58.3228315 11.8693522,58.3230319 11.8754131,58.3262085 11.8812793,58.3269231 11.8830585,58.3297234 11.8874813,58.3321788 11.8892747,58.3319265 11.8889929,58.3303806 11.8920974,58.3308542 11.8999819,58.329563 11.9073997,58.3315824 11.9114681,58.3339906 11.9058086,58.3377264 11.9082204,58.3398163 11.90523,58.3412244 11.9101371,58.3423913 11.9111338,58.3482652 11.9071469,58.3446443 11.9045401,58.3436787 11.9039268,58.3439602 11.9043101,58.3450466 11.9109038,58.3494319 11.9112871,58.3521276 11.9005533,58.3528517 11.8994797,58.35253 11.8987132,58.3517253 11.9012433,58.3460122 11.9002466,58.3441212 11.8987132,58.3476214 11.8969496,58.3473397 11.8979597,58.3436052 11.8949071,58.3443607 11.8944196,58.3465352 11.8874983,58.3473116 11.8833454,58.3465029 11.882791,58.3463537 11.8777469,58.3426567 11.8714467,58.342505 11.867344,58.3372658 11.8597596,58.3353227 11.8612765,58.3345695 11.8565006,58.3345444 11.8541231,58.3332316 11.8585547,58.3321514 11.856848,58.3308929 11.8468879,58.3285021 11.8443095,58.3265215 11.8437678,58.3273386 11.8388429,58.3257718 11.8364847,58.3280268 11.831127,58.3291672 11.823185,58.3264946 11.819121,58.3283805 11.8127692,58.327754 11.8146679,58.3260164 11.8131487,58.3230292 11.806742,58.3206899 11.8040777,58.3210849 11.8028986,58.3237267 11.8039078,58.3252668 11.8088052,58.3264685 11.8089962,58.3277199 11.804334,58.3278565 11.7994004,58.3252681 11.7943261,58.3246473 11.7784595,58.332895 11.7719911,58.3341836 11.7672414,58.3373398 11.7622365,58.3386439 11.7515397,58.3382316 11.7468888,58.3392318 11.7431211,58.3382487 11.7391897,58.3414075 11.7328299,58.3414098 11.7300175,58.338829 11.7257133,58.3374414 11.7119086,58.3376749 11.698229,58.341327 11.6942737,58.3383622 11.7033488,58.3336617 11.7058533,58.3308277 11.7135084,58.3295907 11.7227861,58.3298867 11.7293351,58.328036 11.7288063,58.3196691 11.72677,58.3188908 11.7242434,58.3202562 11.7218215,58.3173935 11.7250348,58.3151715 11.7349271,58.3182206 11.7359985,58.3182851 11.7391988,58.3180732 11.7403005,58.3176095 11.7412468,58.3163328 11.7407335,58.3156968 11.7336024,58.3126754 11.7302356,58.310357 11.7278439,58.3069313 11.7252758,58.3081527 11.722892,58.313006 11.7193257,58.313836 11.7146729,58.3138632 11.7118214,58.3134232 11.7111059,58.3114885 11.7002509,58.3062397 11.6994332,58.3061275 11.6976556,58.3065962 11.6935836,58.3102124 11.6837364,58.3115628 11.6770333,58.3107852 11.6761324,58.3079956 11.6716493,58.3070509 11.6714621,58.3064821 11.6746283,58.3031529 11.6659075,58.3000766 11.6698453,58.2874588 11.6673021,58.2854521 11.657195,58.2835524 11.6543132,58.2804331 11.6461223,58.2762327 11.6460655,58.2757643 11.6474684,58.2743242 11.6516809,58.2729855 11.6537073,58.2745174 11.6611245,58.2759191 11.6687322,58.2757816 11.670505,58.2728964 11.6667451,58.2708026 11.6718353,58.2671165 11.6696265,58.2632842 11.6679384,58.2620289 11.6670845,58.2616355 11.6618555,58.2609195 11.6586813,58.2624694 11.6581526,58.26546 11.649495,58.2656137 11.6533197,58.267608 11.6533054,58.2715411 11.651486,58.2719032 11.6508425,58.2687356 11.6427991,58.2692438 11.6425937,58.2680774 11.6392809,58.2670958 11.6402863,58.2646455 11.6375716,58.2631901 11.6401035,58.2626764 11.6428323,58.2590517 11.6328781,58.2619354 11.623053,58.2617609 11.6137582,58.2644304 11.6033489,58.2613369 11.6019356,58.2600671 11.6015625,58.2600446 11.5959646,58.260424 11.5944128,58.2582272 11.5858885,58.2571979 11.5761153,58.2589101 11.5749995,58.2604467 11.5693516,58.2622162 11.5603586,58.2596374 11.5593143,58.2629764 11.5530699,58.2645802 11.5473619,58.2705516 11.5428787,58.2719938 11.544121,58.267929 11.5480477,58.2665697 11.5555509,58.2608249 11.5552812,58.258454 11.5504857,58.2566735 11.5541042,58.2543555 11.5607265,58.255532 11.56396,58.2540777 11.5696054,58.2546302 11.5723515,58.2513953 11.5733968,58.2478257 11.5697674,58.2452869 11.5694323,58.2417685 11.560184,58.2356216 11.5562934,58.234375 11.5498065,58.2382749 11.5445275,58.2392244 11.5454123,58.2414364 11.5438073,58.2419921 11.5368505,58.2400985 11.5293022,58.2436512 11.5129215,58.2430866 11.5088809,58.2452182 11.5026413,58.245927 11.498372,58.2440141 11.4994574,58.2412279 11.5118124,58.24132 11.5141828,58.2395787 11.4964188,58.2353858 11.4952534,58.2392728 11.4907284,58.2404109 11.485006,58.2367136 11.4794108,58.2365807 11.4759225,58.2342305 11.4788957,58.2312396 11.4786659,58.2272357 11.4761382,58.2238404 11.4754164,58.2172542 11.4708085,58.214693 11.4704458,58.2124578 11.4748297,58.2151682 11.477159,58.2133393 11.4703975,58.2067953 11.4654086,58.2050855 11.4654108,58.2084825 11.4615188,58.205496 11.4600809,58.201969 11.4578177,58.2026327 11.4464048,58.1997818 11.4421024,58.2019895 11.4399544,58.1992635 11.4351398,58.203016 11.4421299,58.2056676 11.4461547,58.2097799 11.4414144,58.2074918 11.4353404,58.2083926 11.4373161,58.2066242 11.435485,58.2046401 11.4288063,58.204585 11.427675,58.204259 11.4254274,58.2007293 11.4075005,58.1960731 11.4060475,58.1962686 11.4041832,58.1974874 11.4057165,58.2032574 11.4156662,58.2070593 11.4139652,58.2080719 11.4102958,58.207677 11.4089664,58.209254 11.4093767,58.2132427 11.4166803,58.2175987 11.4137102,58.2204276 11.4166281,58.2236868 11.4152766,58.2250398 11.419184,58.2278205 11.4265329,58.2289371 11.4268025,58.2292051 11.4263273,58.2305874 11.4303178,58.2339749 11.4266107,58.2369341 11.4269021,58.2403421 11.4279648,58.2419353 11.4283946,58.2421567 11.4334598,58.243672 11.4369684,58.2476105 11.4453443,58.2501504 11.4472545,58.2498692 11.4471073,58.2473763 11.4536794,58.2474436 11.4577214,58.2496505 11.4628292,58.2488101 11.4664741,58.2521437 11.465686,58.2559844 11.4766707,58.2570544 11.4758005,58.2586592 11.4779429,58.2603045 11.4840474,58.2621833 11.4827449,58.2635657 11.488077,58.2641063 11.4867919,58.2669448 11.4875823,58.2678157 11.489783,58.2686532 11.4968274,58.2701303 11.5011334,58.2690887 11.5026201,58.264582 11.5023607,58.2640626 11.5008893,58.2627209 11.5006152,58.2626522 11.4908338,58.2640557 11.4899721,58.2639195 11.4884319,58.2629657 11.4883283,58.2611263 11.4894069,58.260024 11.4913346,58.2597101 11.5008804,58.2615852 11.5015863,58.2562146 11.5025343,58.2556887 11.5036283,58.2557026 11.5044281,58.2559375 11.5081106,58.2619588 11.5152034,58.2630099 11.5137095,58.264091 11.5086807,58.2640707 11.5065635,58.266294 11.508217,58.2692929 11.5070804,58.273934 11.5053211,58.273892 11.5047246,58.271502 11.5010839,58.2722522 11.5030148,58.2740728 11.5014611,58.275484 11.5028332,58.2780325 11.5049117,58.2784261 11.5065088,58.27674 11.5171928,58.2813367 11.5249786,58.2807323 11.529489,58.2856516 11.5256513,58.2926399 11.5353459,58.2954701 11.5303606,58.2988992 11.5342649,58.3006895 11.5327626,58.3043813 11.536974,58.305407 11.5365455,58.3083953 11.5393234,58.3104531 11.5435447,58.3097391 11.5501949,58.3127089 11.5540409,58.3160307 11.5541404,58.3180363 11.5587189,58.318925 11.5656133,58.3282295 11.57482,58.3305047 11.5738645,58.3345636 11.5805377,58.3370689 11.5799394,58.3408453 11.5884839,58.3449755 11.5878814,58.3498511 11.5940138,58.3550975 11.5946794,58.359375 11.5951802,58.359375 11.5975294,58.3612308 11.6015625,58.3613281 11.6022516,58.3611578 11.6052271,58.3623508 11.6057537,58.3628433 11.6095374,58.3688447 11.6152058,58.3708676 11.6155972,58.3712825 11.6159455,58.3745867 11.6215745,58.3783226 11.628885,58.3815432 11.6317796,58.3816572 11.631263,58.3858367 11.6384968,58.3847005 11.6437938,58.3808262 11.6465722,58.381507 11.6474881,58.3835208 11.6557401,58.3814698 11.6590348,58.3825459 11.6597385,58.3833507 11.6583453,58.3892879 11.6555992,58.3913844 11.6549985,58.3915724 11.6529047,58.3915488 11.6485686,58.3897398 11.6412177,58.3935294 11.6382879,58.3928587 11.6404678,58.3912919 11.6389523,58.3906885 11.6284509,58.3929363 11.628341,58.3999894 11.6389782,58.4060178 11.6497111,58.4159693 11.661514,58.4171957 11.6620073,58.4174621 11.6667091,58.423296 11.6692423,58.4249403 11.6758507,58.4267761 11.6813915,58.4278264 11.6828614,58.4279482 11.6890631,58.4268585 11.7017672,58.4288982 11.7035404,58.4334489 11.7025554,58.4348496 11.698734,58.4370452 11.6980745,58.4371418 11.6946595,58.4361747 11.6927999,58.4344985 11.6879944,58.4348727 11.687977,58.4341534 11.683732,58.4359198 11.6850044,58.4382071 11.6846027,58.4383144 11.6777149,58.4364221 11.6766549,58.4382194 11.6754831,58.4384253 11.6739467,58.4377242 11.6717184,58.4346377 11.6566318,58.4258656 11.6452863,58.4236078 11.6438866,58.4195842 11.6343853,58.4132481 11.6286045,58.405812 11.6282799,58.4055099 11.6231467,58.4018483 11.6224753,58.4016293 11.6189328,58.4023859 11.6186496,58.4026024 11.6172943,58.4066534 11.6086587,58.407657 11.6058354,58.4092917 11.6054285,58.4121135 11.6015625,58.4132254 11.6012928,58.4131908 11.600107,58.4147396 11.6015625,58.4165736 11.6029437,58.4198529 11.6063282,58.4216377 11.6066695,58.4237025 11.6048909,58.4243329 11.6040419,58.4244174 11.6015625,58.4235491 11.5995367,58.4227759 11.5945988,58.423368 11.5943404,58.4312204 11.5907816,58.4326004 11.5900439,58.4364814 11.5868003,58.4378434 11.588243,58.444409 11.5841302,58.4443476 11.5827165,58.4450402 11.5826133,58.4454334 11.5892791,58.4511654 11.5825214,58.4589174 11.5854214,58.4640803 11.584908,58.4673678 11.5847059,58.4679999 11.5736206,58.478066 11.5708392,58.4742227 11.5780998,58.4610509 11.5760803,58.449357 11.5817403,58.4349999 11.5840394,58.4209616 11.5820529,58.4188342 11.5839115,58.4137434 11.5792803,58.4105825 11.5770177,58.4061579 11.571238,58.4030482 11.5707496,58.4000649 11.5675504,58.3990088 11.566802,58.3965759 11.5695487,58.3956985 11.5680465,58.3924603 11.5656807,58.3914924 11.5646114,58.3859552 11.5580066,58.3819302 11.5624449,58.3799518 11.5612741,58.3773378 11.562794,58.3735147 11.5656179,58.3711767 11.5689089,58.3707042 11.5650392,58.3679966 11.5709896,58.3680496 11.574494,58.3654443 11.572474,58.3621864 11.566197,58.3621475 11.5651217,58.3617573 11.5649718,58.3613117 11.5664594,58.359375 11.566967,58.3592761 11.5724897,58.3570708 11.5685697,58.3527762 11.5626307,58.3486649 11.5595558,58.3480517 11.5575264,58.3454798 11.5530668,58.3448429 11.5549045,58.3435342 11.5523829,58.3417629 11.548858,58.3407779 11.5441277,58.3412232 11.5419254,58.3401471 11.5425568,58.3366609 11.5387789,58.330741 11.5422362,58.3298392 11.5409275,58.3268646 11.5361835,58.3260118 11.5321527,58.3178329 11.5209212,58.3129456 11.521816,58.3099787 11.5182565,58.3054246 11.5032825,58.3001397 11.4954315,58.2988828 11.4941399,58.3012677 11.4907262,58.3012688 11.4892591,58.2985129 11.4923253,58.2964563 11.4910475,58.2925788 11.4936028,58.291853 11.4931793,58.2905086 11.4913611,58.2886887 11.4900742,58.2880483 11.4857455,58.2875539 11.4804542,58.2815427 11.476477,58.2797527 11.4759548,58.279587 11.467905,58.2791826 11.4650044,58.2771137 11.4559473,58.2765214 11.4559473,58.2737696 11.458727,58.2720788 11.4580967,58.2713596 11.4575825,58.271252 11.4545699,58.2721763 11.4519064,58.271597 11.4463044,58.2732385 11.4467638,58.2741559 11.4523658,58.2731901 11.450529,58.2757972 11.4418045,58.2750248 11.4396003,58.2740592 11.4365979,58.2681338 11.4275709,58.2673798 11.4241675,58.2680258 11.4211241,58.2656666 11.4185374,58.2662796 11.415189,58.2693861 11.4148076,58.2702931 11.4166083,58.2754991 11.4170258,58.2759382 11.4235334,58.2757787 11.4258794,58.2797642 11.4335318,58.2849495 11.4271415,58.2877507 11.4270855,58.2895637 11.4316086,58.2903779 11.4348676,58.2895833 11.437911,58.291152 11.4421417,58.2946801 11.4402452,58.2954117 11.4404699,58.2986656 11.443179,58.3008296 11.4477574,58.3020962 11.4486061,58.3037115 11.4583431,58.3088728 11.4688556,58.3125287 11.4741288,58.3160727 11.4780712,58.3159589 11.4785281,58.3163973 11.4781173,58.317418 11.4765549,58.3177484 11.469591,58.3164709 11.4619612,58.3167644 11.451497,58.3064513 11.4506787,58.3061634 11.4471796,58.3053089 11.4466326,58.305306 11.4421837,58.30634 11.4360811,58.302426 11.4302866,58.3030329 11.4284737,58.3045582 11.4251238,58.3042706 11.4243646,58.3027712 11.4173614,58.3045419 11.4157857,58.3029993 11.4204373,58.3017039 11.4175709,58.3008527 11.4170452,58.3008542 11.4105887,58.3031036 11.4150532,58.3034565 11.4122751,58.3057562 11.4162517,58.3056571 11.4176356,58.3059397 11.4205076,58.3073637 11.4202044,58.3076617 11.4151871,58.3084635 11.4108695,58.3106349 11.4038677,58.3105434 11.4014922,58.3119817 11.4050114,58.3134503 11.400092,58.3165876 11.4002231,58.3216798 11.397804,58.3240813 11.4023981,58.3254008 11.4009138,58.3310016 11.4035178,58.332305 11.4015265,58.3342608 11.4050694,58.3362091 11.4060274,58.3393822 11.4060459,58.3400542 11.4056727,58.3414965 11.4028316,58.3422168 11.4027975,58.3427126 11.4052525,58.3449208 11.4050401,58.3476181 11.4107403,58.3480222 11.4085302,58.3498818 11.4141366,58.3504282 11.4164664,58.352495 11.4190763,58.3515733 11.425391,58.3553166 11.4259129,58.3554226 11.4327981,58.354121 11.4379539,58.3551965 11.4376369,58.3526654 11.4403878,58.3518751 11.4417343,58.3482388 11.4516619,58.3455883 11.4563878,58.3422847 11.4573359,58.3420116 11.4616646,58.3416209 11.463098,58.3435442 11.4694585,58.3441654 11.4695576,58.3464504 11.4595912,58.3482167 11.4544221,58.3515431 11.451514,58.3558671 11.4474111,58.3565627 11.4467869,58.3570338 11.448548,58.359375 11.4483854,58.359375 11.4503151,58.3615299 11.4473376,58.3637063 11.4498564,58.3676314 11.4487711,58.3716354 11.4483491,58.3723311 11.4420162,58.3757222 11.4417349,58.3762589 11.4420892,58.3774205 11.4582577,58.3945497 11.465232,58.396432 11.4632117,58.3979756 11.4621123,58.3982006 11.4567018,58.3957684 11.4552118,58.3932452 11.4504454,58.3936247 11.4455932,58.3899343 11.4396145,58.3911252 11.4369288,58.3905361 11.4371521,58.3834953 11.43492,58.3808326 11.4308069,58.3801295 11.4295089,58.3770837 11.4247286,58.3762834 11.4215044,58.3725857 11.4229133,58.3700957 11.4204978,58.3684161 11.419293,58.3620876 11.4159417,58.359375 11.4132823,58.359375 11.4090275,58.3600724 11.4093679,58.359375 11.4111115,58.3573421 11.4093564,58.3563745 11.3993082,58.359375 11.398922,58.359375 11.3971138,58.3600724 11.3936034,58.3600724 11.3936034,58.359375 11.3934841,58.359375 11.3963667,58.3568062 11.3991836,58.3576081 11.4005167,58.357392 11.4083844,58.3558933 11.4087542,58.3544472 11.4085044,58.3539407 11.4017642,58.3500096 11.39148,58.3468806 11.391762,58.3439307 11.3911663,58.3437521 11.3874859,58.3437775 11.3868169,58.3441513 11.3853472,58.3472326 11.3823504,58.3455636 11.383184,58.3435512 11.3766791,58.3429297 11.3767614,58.3478714 11.374512,58.3485076 11.3737338,58.3480582 11.3721473,58.3444496 11.3681412,58.3422511 11.3688788,58.3406739 11.3741645,58.3391398 11.3734848,58.335169 11.3693525,58.3396624 11.3631256,58.3399535 11.3607951,58.3420101 11.3671813,58.3423508 11.3703759,58.3464925 11.367739,58.3467572 11.3597542,58.3439502 11.3593144,58.3442084 11.3606212,58.3473918 11.3575351,58.3495078 11.3638186,58.3552606 11.363595,58.3592268 11.3638341,58.359375 11.3659521,58.359375 11.3683751,58.3583058 11.3700393,58.3588049 11.3701878,58.359375 11.3694876,58.3645205 11.3774219,58.3648452 11.3790872,58.3660604 11.3810974,58.3631551 11.3842132,58.3665211 11.3873999,58.3652288 11.3953998,58.3678764 11.3950492,58.3687025 11.387713,58.3688737 11.384533,58.3703291 11.3833216,58.374052 11.3883733,58.3753086 11.3892365,58.37712 11.3935235,58.3776932 11.3899947,58.3802649 11.3934652,58.3871124 11.3970234,58.3889924 11.3996644,58.3930453 11.4068013,58.3965162 11.4093724,58.4019781 11.4113994,58.4027317 11.410305,58.4043322 11.4128507,58.4083745 11.4208014,58.4147098 11.4270045,58.4166512 11.4257358,58.4190896 11.4282352,58.4207653 11.4379907,58.421499 11.4381276,58.4234217 11.4351958,58.4219408 11.4308339,58.4236887 11.4344727,58.4298007 11.4327279,58.4325814 11.4395252,58.4352971 11.4415818,58.439907 11.4511263,58.4481976 11.4628778,58.4538054 11.4632492,58.4567587 11.4603524,58.4584264 11.4560974,58.4584264 11.4495611,58.4546508 11.4397976,58.4417254 11.4317703,58.4353995 11.4251823,58.4230142 11.4178606,58.4217602 11.4127067,58.4186989 11.4071918,58.4172754 11.4077817,58.4153093 11.4107542,58.4142346 11.4097995,58.4105299 11.4056633,58.4084854 11.4040098,58.4059203 11.3984067,58.4051312 11.3934032,58.3976141 11.3778936,58.3871899 11.3778656,58.3856581 11.3730882,58.3862047 11.3743807,58.3834813 11.3699449,58.376881 11.3651366,58.3769586 11.3629386,58.3753864 11.3567094,58.3748797 11.360912,58.3682818 11.3649901,58.3664196 11.3624033,58.362457 11.3589044,58.3616596 11.354622,58.3637934 11.3467984,58.3624887 11.3380293,58.3635021 11.3288655,58.3663288 11.3287895,58.3696887 11.3259414,58.3708113 11.3192436,58.3661386 11.3236176,58.3667179 11.3242558,58.3644238 11.3280787,58.3632751 11.3181452,58.3606499 11.3155603,58.3690444 11.3169001,58.3721046 11.3198957,58.372461 11.3212115,58.3750817 11.3160743,58.3791809 11.3211977,58.3835893 11.3172787,58.3856664 11.3068681,58.3860689 11.3027799,58.3876773 11.3055295,58.3847312 11.3169646,58.3829106 11.3091884,58.3761075 11.3002067,58.3763219 11.2998461,58.3760232 11.2991529,58.3744271 11.3029668,58.3730417 11.3010865,58.3683739 11.2897201,58.3598468 11.2882941,58.359375 11.2818338,58.3588668 11.2812381,58.359375 11.2809544,58.3608165 11.2793589,58.3612816 11.2781603,58.3608099 11.2781888,58.359375 11.2780615,58.359375 11.2767183,58.3570507 11.2725796,58.3562641 11.2723125,58.3559203 11.274792,58.3541845 11.2714387,58.3526242 11.2672265,58.3517526 11.2665232,58.3516364 11.25,58.3529576 11.2460045,58.3557432 11.2417902,58.3552839 11.2410291,58.3553575 11.239211,58.3561493 11.2389858,58.3564444 11.2425874,58.359375 11.2432843,58.3612443 11.247506,58.3626018 11.2438836,58.3646764 11.2388186,58.3597916 11.2388308,58.359375 11.2383518,58.359375 11.2360439,58.355318 11.2326798,58.354865 11.2286111,58.3530101 11.2258322,58.3506197 11.2207174,58.3493806 11.2197142,58.3494387 11.2119365,58.3514713 11.2146201,58.3532652 11.2158377,58.357007 11.2147996,58.3578873 11.2103286,58.3577226 11.2097609,58.359375 11.2095782,58.359375 11.20963,58.3598492 11.2114342,58.360429 11.2119997,58.3604227 11.2150555,58.359375 11.2174861,58.3587409 11.2204905,58.3591599 11.2202156,58.359375 11.2188677,58.3613175 11.2222534,58.3598943 11.2264555,58.3609189 11.2226015,58.3616369 11.2184778,58.3644156 11.2182339,58.3651049 11.2195452,58.3692826 11.2204689,58.3701853 11.2238936,58.3727047 11.2307162,58.3758131 11.2310755,58.3758895 11.231252,58.3745157 11.2320046,58.3742322 11.234411,58.3743196 11.2354321,58.3746353 11.2425734,58.3792599 11.2432872,58.3794281 11.2446615,58.3790336 11.2463576,58.3774098 11.2385213,58.3726538 11.2396179,58.3695521 11.2362347,58.3678629 11.2362235,58.367292 11.2374024,58.3660715 11.2426494,58.3653709 11.2434061,58.3657317 11.2426335,58.3682678 11.2477592,58.3736875 11.2477869,58.3739547 11.2428023,58.371644 11.2426863,58.3719859 11.2468953,58.3778634 11.247371,58.378057 11.2486746,58.3775609 11.2480412,58.3752337 11.25,58.3752789 11.2503465,58.3753412 11.2509174,58.3766081 11.2564487,58.3759665 11.2572193,58.3763608 11.2604827,58.3795969 11.2589638,58.3817409 11.2616724,58.3833904 11.2613875,58.3838688 11.2560489,58.382423 11.2560832,58.3809483 11.2540168,58.3813477 11.2526588,58.3836503 11.25,58.3828125 11.2485784,58.3823636 11.2431344,58.3831251 11.2421498,58.383352 11.2415059,58.3845015 11.2417321,58.3847249 11.245846,58.3854451 11.25,58.3850446 11.2533695,58.3839608 11.2557073,58.3870997 11.25,58.3861607 11.2424546,58.3867782 11.2433815,58.3901823 11.2407677,58.3901048 11.2396386,58.3912116 11.2391458,58.3912858 11.2308341,58.3892736 11.2276272,58.3924077 11.2219988,58.3948287 11.2218024,58.3952947 11.22404,58.3986492 11.2295421,58.4000809 11.2347794,58.4000818 11.2379676,58.3994294 11.2385958,58.3991674 11.2414031,58.3975104 11.2406898,58.3963221 11.245213,58.3950361 11.2460145,58.396419 11.2431412,58.3972449 11.2482967,58.4032081 11.2451124,58.4032499 11.2453979,58.4051347 11.2423239,58.4053162 11.2398669,58.407764 11.2343101,58.4069566 11.2272522,58.4087216 11.2250823,58.4072208 11.2241499,58.4089978 11.2205355,58.410022 11.2204581,58.410531 11.221544,58.4158424 11.224775,58.4197916 11.2296056,58.4208431 11.2374367,58.4276577 11.2429085,58.4287776 11.2403945,58.4331648 11.2364815,58.4336698 11.2317787,58.4372421 11.2319893,58.4411745 11.235051,58.4398496 11.2413951,58.4403841 11.243964,58.4391195 11.247164,58.4415559 11.25,58.4416853 11.2525824,58.441689 11.251628,58.4443209 11.2518907,58.4446837 11.2548544,58.4459825 11.2563534,58.4460963 11.2601464,58.4454106 11.2613316,58.4421633 11.2650943,58.4427001 11.2700837,58.4395725 11.2678235,58.4354125 11.2712049,58.4336892 11.267745,58.4320579 11.2709903,58.4305038 11.2706127,58.4271363 11.2722589,58.4261715 11.2741227,58.4292575 11.2789814,58.4300029 11.2767324,58.432354 11.2794929,58.4366457 11.2834001,58.4366192 11.2829251,58.4345722 11.2888052,58.4352962 11.2899975,58.4360477 11.2862132,58.4371252 11.2849199,58.4396871 11.2898952,58.4413595 11.2938588,58.4403251 11.293973,58.4499717 11.3009841,58.455718 11.2991567,58.4566458 11.2942814,58.4531127 11.2919287,58.4529411 11.2912652,58.460609 11.2990752,58.4628366 11.3030972,58.4617825 11.3016448,58.4596998 11.3033224,58.4586868 11.3056744,58.4614562 11.3055882,58.4630491 11.2993861,58.4642143 11.2979243,58.465802 11.3034974,58.4667217 11.3093799,58.4656659 11.3125015,58.4637362 11.3130823,58.4609822 11.318449,58.4619972 11.3279345,58.4616576 11.3254644,58.4656434 11.3238556,58.4655705 11.3241462,58.4643337 11.3186105,58.4656203 11.3104128,58.472571 11.3052227,58.470022 11.3037664,58.4743739 11.3071463,58.4751186 11.3129853,58.474122 11.3154783,58.4761238 11.3225462,58.477156 11.3289011,58.4802278 11.3354626,58.4811871 11.3454933,58.4849823 11.352787,58.4844743 11.3596451,58.4880042 11.3572696,58.4894269 11.3518137,58.4890549 11.3466004,58.4882518 11.3433774,58.4864306 11.3379931,58.4881895 11.3311015,58.4865603 11.3282477,58.4841111 11.3227049,58.4845273 11.3183314,58.4819371 11.3134485,58.4832406 11.3097976,58.4792528 11.3065403,58.4836313 11.3103158,58.4873574 11.3065524,58.4878486 11.3050483,58.4900627 11.3059041,58.4924178 11.3128073,58.4928641 11.3148403,58.4948498 11.3145837,58.4951814 11.3120661,58.4947674 11.3103882,58.4963276 11.3066797,58.4953316 11.3028928,58.4960438 11.3018577,58.4957582 11.3016847,58.4948837 11.3039216,58.4938377 11.3038452,58.4931529 11.302332,58.4916301 11.297569,58.4917187 11.2933969,58.4891816 11.2899481,58.4905807 11.2928067,58.4872884 11.2903771,58.4852552 11.2897393,58.4889739 11.281033,58.4969419 11.2839704,58.5021417 11.2919148,58.5000509 11.2932308,58.49988 11.2946343,58.5003502 11.2941877,58.501 11.2822101,58.5054358 11.2818003,58.5088437 11.2778258,58.5085169 11.2766449,58.509953 11.2783118,58.5112816 11.2751842,58.5150971 11.2596877,58.5183256 11.2561163,58.5206472 11.2538315,58.5191134 11.2557826,58.5163538 11.2513682,58.5160834 11.25,58.5153459 11.25,58.5150669 11.2492023,58.5147879 11.2475961,58.514782 11.2428987,58.5177819 11.25,58.5228794 11.25,58.5231584 11.2560334,58.5223469 11.2584575,58.5247201 11.2656909,58.5256888 11.2696404,58.52938 11.2752178,58.5308048 11.2784413,58.5347366 11.2781888,58.5351562 11.277783,58.5351562 11.2791193,58.537797 11.2777246,58.5394808 11.2810351,58.5417155 11.2759362,58.5415494 11.2700425,58.5502458 11.2698389,58.5501773 11.2690451,58.5474691 11.2723016,58.5415072 11.2707798,58.5379157 11.2739005,58.5359468 11.274043,58.5351562 11.2739338,58.5351562 11.2733186,58.5334451 11.2703655,58.5312494 11.2614852,58.5286146 11.2608705,58.5285155 11.2582988,58.5297433 11.2518377,58.5296094 11.2526143,58.5318927 11.25,58.532366 11.2468034,58.5334284 11.2452132,58.5351562 11.2451913,58.5351562 11.2438197,58.536482 11.2437185,58.5373703 11.24497,58.5408761 11.2396655,58.5417444 11.2393398,58.5423026 11.242276,58.5438827 11.2401528,58.5458514 11.2380286,58.5455939 11.2387112,58.5472682 11.2337796,58.5475279 11.2337353,58.5478308 11.2396771,58.5502228 11.239362,58.5519828 11.2440783,58.5545872 11.2414793,58.5557626 11.2421678,58.5574049 11.25,58.5611048 11.25,58.5613838 11.2620412,58.5645288 11.265192,58.5667726 11.2694165,58.5664322 11.2719575,58.5680496 11.2749923,58.5679663 11.2770199,58.5707144 11.2776901,58.5708318 11.2787395,58.5705649 11.2791086,58.5672252 11.2799309,58.5664057 11.2810411,58.5662858 11.2860649,58.5679718 11.2904491,58.5675296 11.2937773,58.5699971 11.2989732,58.5702589 11.3003933,58.5709648 11.300549,58.5712894 11.2985643,58.5735285 11.3001322,58.5738391 11.2997171,58.5757101 11.3040584,58.576667 11.3088551,58.5755751 11.3139522,58.5793869 11.3139914,58.582158 11.3136812,58.5822989 11.3070349,58.580402 11.3042225,58.5807405 11.3034158,58.5811539 11.3024929,58.5826656 11.303775,58.5849628 11.3029311,58.5852094 11.2984837,58.5843849 11.2977011,58.5844125 11.2967929,58.5858682 11.292551,58.5853369 11.2919399,58.5820581 11.2895672,58.5818068 11.275794,58.5859886 11.2775009,58.5919607 11.2735718,58.5950261 11.280935,58.5983964 11.2784382,58.6058832 11.2857981,58.6084448 11.2814279,58.6101764 11.2791324,58.6094707 11.2790035,58.6120504 11.2851686,58.6170096 11.2790931,58.616706 11.2782487,58.6192765 11.2753448,58.6207691 11.2738982,58.6186976 11.2700334,58.6184185 11.2635322,58.6134806 11.26087,58.6161116 11.2625927,58.6183619 11.26232,58.6243315 11.2678394,58.6256824 11.2719635,58.6379433 11.2800018,58.6451989 11.2877833,58.6481597 11.2721616,58.645285 11.2712019,58.6533802 11.2685928,58.6536053 11.2630041,58.6514803 11.2647733,58.6585087 11.2606885,58.6631503 11.2632744,58.6636517 11.2648073,58.6669657 11.2600952,58.6754034 11.257578,58.6769503 11.2594841,58.6823602 11.2554643,58.6837927 11.2554854,58.6881045 11.2542387,58.6885695 11.2537539,58.6883215 11.25,58.6827565 11.25,58.6821986 11.2479832,58.6793698 11.245289,58.6774381 11.2426904,58.6770077 11.2417122,58.677229 11.2408838,58.6778781 11.2434252,58.6840659 11.2405055,58.6819247 11.2335427,58.6819347 11.2231127,58.6872252 11.2183375,58.691797 11.2194107,58.6980025 11.2174656,58.6993389 11.2167214,58.7065229 11.2204409,58.7092291 11.2285157,58.7100303 11.2290483,58.7101929 11.2291626,58.7109375 11.2290353,58.7109375 11.2305861,58.7144263 11.229495,58.7149498 11.2256227,58.7123842 11.2239462,58.7119197 11.2175133,58.7110811 11.2177466,58.7109375 11.2174082,58.7109375 11.216041,58.7096854 11.2104967,58.70934 11.2096056,58.7094516 11.2072567,58.7109375 11.2058131,58.7144845 11.1986632,58.719866 11.1979918,58.7135137 11.1967663,58.7120115 11.1946315,58.7109375 11.1935564,58.7109375 11.1908687,58.7110769 11.1908687,58.7109375 11.1876432,58.7109375 11.1884882,58.7147835 11.1846642,58.7156805 11.1802264,58.7201786 11.1782231,58.7201961 11.1798582,58.7169169 11.1769394,58.7161762 11.174126,58.7175382 11.1751899,58.7195252 11.1734397,58.7209692 11.1688318,58.7216045 11.1714704,58.7227474 11.1690084,58.7241228 11.1747454,58.7257962 11.1743863,58.7275513 11.1693383,58.7298818 11.175352,58.7348121 11.1764851,58.7384785 11.1827189,58.7392575 11.1751451,58.7428653 11.1765534,58.7481276 11.1839075,58.7480041 11.1881028,58.7458329 11.1881266,58.7472665 11.1837426,58.7500585 11.1755379,58.7514061 11.1691391,58.7456594 11.1709002,58.7433636 11.1696799,58.7402894 11.164147,58.7425377 11.1608132,58.74116 11.1592528,58.7420177 11.1623013,58.7450931 11.1618868,58.7483685 11.1670502,58.7471939 11.1689236,58.7493953 11.1645414,58.7522125 11.1615413,58.7512614 11.1625779,58.7545629 11.1659231,58.7555116 11.1762038,58.7543184 11.1774784,58.7572325 11.1809973,58.7587382 11.1834266,58.7531936 11.186631,58.7530835 11.1896034,58.7551813 11.1833673,58.7585855 11.1834216,58.7589515 11.1873316,58.7605335 11.1879913,58.7604876 11.1912212,58.756959 11.1949033,58.756353 11.1973437,58.7523915 11.2012476,58.7504863 11.201063,58.7487267 11.1967854,58.7493761 11.195101,58.7475067 11.202262,58.7457505 11.2062244,58.7478193 11.2117561,58.7478077 11.2073165,58.7532548 11.2099088,58.753282 11.2147778,58.7514884 11.2178407,58.747932 11.2236094,58.7458307 11.2235538,58.7417184 11.2212555,58.7403047 11.217262,58.7404099 11.2131745,58.7451791 11.2080841,58.742824 11.2166461,58.7392582 11.2163763,58.7376018 11.2232333,58.7385247 11.2290723,58.7371176 11.2317832,58.7390459 11.2383031,58.7390776 11.2412629,58.7326128 11.2451895,58.7291601 11.2416471,58.7269136 11.2428288,58.7225559 11.243077,58.722097 11.248681,58.7219971 11.2497185,58.7188585 11.25,58.719029 11.2500103,58.7158918 11.2550725,58.7158169 11.2559747,58.7161762 11.2616374,58.7210563 11.2617747,58.7216547 11.2535121,58.7288132 11.25,58.7299107 11.25,58.7301896 11.2515033,58.7311587 11.2515033,58.7314485 11.250375,58.7326965 11.25,58.7327009 11.2474315,58.7338227 11.2453004,58.7409697 11.232917,58.7431358 11.2289755,58.7447236 11.2172105,58.7517017 11.2140026,58.7540473 11.2130259,58.7551546 11.2145295,58.7579275 11.2087818,58.7581375 11.2046924,58.7598599 11.2067873,58.7621093 11.1980104,58.7650967 11.1976492,58.7672294 11.1999944,58.7679251 11.2002424,58.76947 11.1949154,58.7706738 11.1952837,58.7727816 11.1899379,58.7746638 11.1900496,58.776966 11.1812264,58.782387 11.1871758,58.7832344 11.1900624,58.781808 11.1889209,58.7843451 11.1929789,58.7846136 11.2014318,58.7878793 11.2061871,58.787079 11.2133259,58.7813631 11.2160139,58.7834435 11.2140169,58.7874304 11.2199543,58.7864741 11.2225487,58.7881975 11.2209526,58.7904515 11.2199637,58.7887976 11.217499,58.7888386 11.2182095,58.7909843 11.2150557,58.7928133 11.2156432,58.7953238 11.2217965,58.7988164 11.2147299,58.8010405 11.2142813,58.8046681 11.2236671,58.8058788 11.2336713,58.8057301 11.2378072,58.8036338 11.2436217,58.805196 11.2428441,58.807927 11.2469141,58.8104597 11.2446218,58.8146915 11.2396421,58.8175302 11.2364172,58.8143086 11.23312,58.8146023 11.2351573,58.8190302 11.2374746,58.8194485 11.2385817,58.8215113 11.2324761,58.8251219 11.2300366,58.8289742 11.2338572,58.8326725 11.2380396,58.833585 11.2390918,58.8383818 11.2356355,58.8385419 11.2306644,58.8367935 11.2251033,58.8401663 11.2259769,58.8415738 11.2296026,58.840142 11.2325007,58.841628 11.2282832,58.8448845 11.232752,58.850228 11.2327358,58.8507164 11.2315776,58.8509258 11.22662,58.8476855 11.2249606,58.847315 11.2152156,58.8471348 11.2150362,58.8469563 11.2182966,58.8407207 11.2207195,58.8394027 11.2191106,58.8383677 11.2113609,58.8386244 11.2017663,58.8430068 11.2003815,58.846413 11.1952462,58.8454576 11.1975299,58.841925 11.202455,58.8416899 11.2057545,58.8402315 11.2000058,58.8388249 11.1991512,58.8364253 11.1939927,58.836925 11.1932654,58.8359824 11.2073718,58.8342375 11.2086732,58.8330038 11.1959369,58.8295991 11.1927371,58.8272213 11.1884104,58.8307298 11.1851339,58.8313066 11.1777554,58.8285555 11.1737103,58.8291918 11.1702998,58.8307602 11.1733758,58.8355997 11.1556849,58.8373013 11.1521347,58.8361715 11.1551398,58.8324537 11.1528294,58.8304877 11.1563401,58.8295829 11.1572165,58.8280087 11.1552807,58.8260334 11.147316,58.8254017 11.1462086,58.825614 11.1450312,58.826845 11.1474868,58.8282655 11.1437619,58.8303421 11.1399252,58.8304811 11.1390826,58.8327403 11.1345783,58.8347921 11.1383491,58.8364716 11.1421518,58.8333833 11.1441243,58.836331 11.1506258,58.8373578 11.1500686,58.8402827 11.1523844,58.8421733 11.1500635,58.8450441 11.1458479,58.8460634 11.1425714,58.8485442 11.1471229,58.8510389 11.1422921,58.8515875 11.143001,58.8534853 11.1482306,58.8536117 11.1481937,58.8515791 11.1656771,58.8568342 11.1729344,58.855844 11.177626,58.8522249 11.1863943,58.8544853 11.1847012,58.8555605 11.1748087,58.8558931 11.1717681,58.8585267 11.1746172,58.8606755 11.1669924,58.8645061 11.1566967,58.8633548 11.1527396,58.866064 11.1530482,58.8674529 11.1535176,58.8675748 11.1601171,58.8655865 11.1667118,58.8657331 11.1791857,58.8633579 11.184599,58.8631103 11.1867573,58.8646398 11.1949434,58.8644756 11.1992807,58.8599106 11.2037119,58.8591313 11.2082837,58.8561044 11.2067333,58.8526536 11.2040317,58.8527088 11.2036164,58.8515679 11.2132308,58.8485152 11.2187726,58.8548727 11.2222841,58.8558578 11.222832,58.8563733 11.2228957,58.8570631 11.2220238,58.8573216 11.2089213,58.8591088 11.1996772,58.862554 11.1985056,58.8634006 11.1976122,58.8645015 11.1983908,58.8660141 11.2104862,58.8648098 11.2138484,58.8670716 11.2137731,58.867636 11.212916,58.8679887 11.2083309,58.8666751 11.2077132,58.866679 11.2022536,58.8675017 11.2017052,58.8676502 11.1975147,58.8695372 11.1969941,58.8698801 11.1940368,58.8778834 11.190425,58.8795804 11.189346,58.8842293 11.1919436,58.8867188 11.1922162,58.8867188 11.1922162,58.8871372 11.1947017,58.8883877 11.1960182,58.8884999 11.2019637,58.8880157 11.2025532,58.8883798 11.1972166,58.8926008 11.2007797,58.8964055 11.2006556,58.8966492 11.1958168,58.8982778 11.194943,58.9020481 11.1929706,58.9019283 11.1941524,58.8988434 11.1927413,58.8978724 11.1873151,58.9002935 11.1861101,58.9002048 11.1850659,58.8997033 11.1837099,58.8977345 11.1837277,58.8974597 11.186776,58.8941512 11.1866441,58.8910263 11.1835159,58.8911449 11.1812111,58.8934017 11.1823148,58.8954812 11.1800662,58.8965303 11.1803321,58.8997719 11.1743934,58.9024174 11.1753157,58.904687 11.1713758,58.9077367 11.1704947,58.9077432 11.1747483,58.9044964 11.1724929,58.9022684 11.1764616,58.8979952 11.1736181,58.896243 11.1668876,58.8953232 11.1612895,58.8940393 11.1598972,58.8940378 11.1453818,58.8965088 11.1445235,58.8978916 11.1447678,58.8983845 11.1483974,58.9023799 11.147718,58.9025666 11.1411517,58.90204 11.1401863,58.9017572 11.1371371,58.8993772 11.1265866,58.9015449 11.1223685,58.9035786 11.1222337,58.90565 11.1183617,58.9066736 11.1172343,58.9067709 11.115531,58.9063458 11.1139272,58.9027814 11.1111207,58.9014555 11.1072094,58.9020529 11.1043308,58.9045281 11.1022506,58.9019006 11.0955808,58.9033575 11.1012361,58.9057337 11.1066391,58.9051811 11.101512,58.9075245 11.1017447,58.9094284 11.1131192,58.9100031 11.1162353,58.9082221 11.1222697,58.9104769 11.1132467,58.9160686 11.1107872,58.9194552 11.1153377,58.9229507 11.1212459,58.9244376 11.1241971,58.9233844 11.1260842,58.9254651 11.1369087,58.9196422 11.1400557,58.9191892 11.1416782,58.9211738 11.1459101,58.9208018 11.1462533,58.9210819 11.1443672,58.9234722 11.1480619,58.9235376 11.1501499,58.9263964 11.1514307,58.9265068 11.1523423,58.9262543 11.1557009,58.9239466 11.1558986,58.9235872 11.1539317,58.922035 11.1574889,58.9202632 11.155386,58.9193834 11.1474218,58.9204983 11.1519451,58.9168843 11.1585743,58.917254 11.1652319,58.9213213 11.1693127,58.9220836 11.1802039,58.9166523 11.1805779,58.9185092 11.1819489,58.9187433 11.183115,58.9186555 11.2013984,58.9154522 11.1998786,58.9133807 11.200537,58.913237 11.2035607,58.9137233 11.2053705,58.9162111 11.2051343,58.9186823 11.2046859,58.9190444 11.1976362,58.9220426 11.1877099,58.9191319 11.1811482,58.921241 11.1746526,58.9208381 11.1729124,58.9226537 11.1740392,58.9245623 11.1673517,58.9261775 11.1704906,58.92979 11.1690822,58.9349395 11.1729029,58.936817 11.1699193,58.9377558 11.16719,58.9369484 11.1680634,58.9355214 11.1667897,58.936479 11.1662076,58.9377745 11.1698101,58.9390888 11.1662803,58.9405345 11.165989,58.943054 11.1594206,58.9431961 11.1626602,58.9412817 11.1625506,58.9382319 11.1485527,58.9389946 11.1526246,58.942969 11.1475337,58.9416676 11.146257,58.9423892 11.1484571,58.9430583 11.1477363,58.9438152 11.1444662,58.9450984 11.139078,58.9453183 11.1311485,58.9497195 11.1284301,58.9562814 11.1242352,58.9545859 11.1228855,58.9555134 11.1268177,58.9577858 11.1197482,58.9613307 11.1170765,58.9674205 11.1220272,58.9688022 11.1223942,58.9730947 11.1273814,58.9749821 11.1411892,58.9740818 11.1389284,58.9802945 11.1408509,58.9855794 11.1439863,58.987321 11.15307,58.9887148 11.1592171,58.9868048 11.1649359,58.9913995 11.1829222,58.9917891 11.1850563,58.996218 11.1876102,58.996751 11.1900388,58.9997011 11.2023326,59.0011456 11.2173316,59.0056409 11.2196714,59.0056629 11.2175031,59.0028591 11.2210786,59.0036846 11.2216161,59.0054026 11.229318,59.0051429 11.227748,59.0080475 11.2246135,59.0092291 11.2290236,59.0129555 11.2299029,59.0169173 11.2294452,59.0174398 11.2272049,59.0170292 11.2261976,59.016295 11.2231994,59.0113127 11.2128965,59.00569 11.2063398,59.0053793 11.1983362,59.0022615 11.1794939,58.9980398 11.1606781,58.9960738 11.1551338,58.9941471 11.148014,58.9942946 11.1449478,58.9960287 11.1398447,58.9937744 11.1362479,58.9948164 11.1387445,58.9960749 11.138357,58.9974983 11.1310617,58.9978632 11.1197068,58.9937626 11.1164799,58.9939723 11.1148571,58.9920427 11.1109483,58.9919052 11.1091933,58.9928139 11.109134,58.9942548 11.1093622,58.9944096 11.1151804,58.9945282 11.1123929,58.9972 11.1194558,59.0011312 11.1205595,59.0093808 11.1258492,59.0145164 11.1288102,59.0250428 11.1333426,59.0289237 11.1353663,59.0333627 11.1467783,59.0379021 11.1461431,59.0415084 11.1529464,59.0473001 11.1588382,59.0496165 11.1606941,59.0489426 11.1691629,59.0542644 11.1694645,59.0583217 11.172775,59.0625 11.17296,59.0625 11.1745884,59.0661625 11.1803569,59.0690919 11.1829385,59.0734957 11.1921529,59.0776885 11.1975183,59.0790755 11.2053488,59.0792577 11.2072179,59.0813009 11.2195427,59.0854867 11.2201247,59.0835032 11.2157013,59.0811834 11.2169646,59.0803709 11.2177082,59.0805492 11.2230126,59.0823303 11.2302324,59.0874131 11.2353951,59.0874116 11.2381076,59.0898793 11.243771,59.0905828 11.2488662,59.0922666 11.2497156,59.0932189 11.25,59.0932542 11.2507299,59.0931998 11.273735,59.0976532 11.2850553,59.0976858 11.2866687,59.0985996 11.2912676,59.097959 11.3074651,59.1051708 11.3203872,59.109345 11.3207707,59.1094551 11.3340437,59.1121989 11.3393453,59.1117814 11.3403626,59.1115136 11.3470672,59.106428 11.3473113,59.1061563 11.3471673,59.1025416 11.3522037,59.098088 11.3580921,59.0964596 11.3620718,59.096679 11.3651896,59.0926116 11.3718562,59.0904545 11.373026,59.0861171 11.3705857,59.0805479 11.3751307,59.0761468 11.3735824,59.0681542 11.3779517,59.0680906 11.3813236,59.0655514 11.3837457,59.068175 11.3865325,59.0685303 11.3879619,59.0681421 11.3888952,59.0675156 11.3898075,59.0640984 11.3937821,59.0629416 11.3937716,59.0625 11.3927071,59.0593072 11.3956696,59.0547721 11.3942544,59.0511914 11.3978947,59.0508846 11.4031596,59.0469716 11.4055885,59.0399581 11.4091053,59.0388628 11.4071807,59.0309526 11.4144062,59.031701 11.4217761,59.0275176 11.4254733,59.0271157 11.4407763,59.0118408 11.4434776,59.0049084 11.449133,58.9990572 11.4485464,58.9965075 11.4522924,58.9945058 11.4480282,58.9922689 11.4478596,58.9916412 11.4482892,58.9911953 11.4619311,58.9890991 11.4618083,58.9870772 11.4649053,58.9861366 11.4667043,58.9839432 11.4667249,58.9837826 11.4682174,58.9818922 11.4726408,58.9809527 11.4733793,58.9810131 11.4765162,58.9842654 11.4744697,58.9867687 11.4680494,58.9885019 11.4655491,58.990643 11.4691091,58.9941956 11.4690884,58.9943562 11.4664667,58.9981833 11.4639055,58.9988952 11.4621553,59.0020947 11.4600166,59.0040698 11.455291,59.0069078 11.4527287,59.0127109 11.4523987,59.0129766 11.4479322,59.0124565 11.4440846,59.0137703 11.4444124,59.0177175 11.4413636,59.0202909 11.4449242,59.0249712 11.4353319,59.0289365 11.4322979,59.0364441 11.4184613,59.0393171 11.4199311,59.0470093 11.4261885,59.0521861 11.4333767,59.0625 11.433459,59.0632834 11.4281089,59.0648652 11.4247009,59.0643578 11.4224221,59.0652974 11.4252387,59.0625 11.4255112,59.0625 11.4263777,59.0585738 11.4263614,59.058301 11.423526,59.0537766 11.4222099,59.0530629 11.421187,59.0529977 11.4200866,59.0532599 11.4159507,59.0575035 11.4119734,59.0545645 11.4068942,59.0544949 11.4066988,59.0546941 11.4051301,59.0575221 11.4063724,59.0612704 11.4127942,59.060728 11.4133772,59.0618827 11.4130945,59.0623116 11.4125171,59.0625 11.4091234,59.0675657 11.4096891,59.070684 11.4091798,59.0714608 11.405409,59.0730433 11.4003876,59.0720642 11.3962317,59.0745552 11.3922381,59.0782546 11.3873312,59.0866677 11.386831,59.0875859 11.3882076,59.0888478 11.3880001,59.0891416 11.3844326,59.0912263 11.3853049,59.0961621 11.3809319,59.09536 11.3764894,59.0978929 11.3747253,59.10212 11.3801699,59.1088557 11.3800441,59.1093231 11.3793314,59.1094989 11.3739713,59.1084008 11.3742625,59.1167266 11.3740335,59.1168813 11.3690073,59.117189 11.3673759,59.1194026 11.366981,59.1194624 11.3620678,59.1168162 11.3518978,59.1177829 11.3473949,59.1162874 11.3451561,59.117119 11.341957,59.1165688 11.3349055,59.1182961 11.3330798,59.1162564 11.3291488,59.1154352 11.3224676,59.1172477 11.3191947,59.1153531 11.3113652,59.1142401 11.3075869,59.1108338 11.3032233,59.1101584 11.3002856,59.1063597 11.2974758,59.1068108 11.297263,59.1079673 11.2958035,59.1076047 11.287569,59.1000866 11.2850033,59.0999467 11.2815908,59.1015478 11.2780451,59.0988019 11.2669101,59.0972862 11.2606967,59.097737 11.25,59.094308 11.2459497,59.0929683 11.2409701,59.0921053 11.2356219,59.0920759 11.2311372,59.0900157 11.2268128,59.0914582 11.2267514,59.0888799 11.2238718,59.0880742 11.2152067,59.0897908 11.2110122,59.0888702 11.2107474,59.0919747 11.213563,59.0953434 11.2145094,59.0960066 11.2155592,59.0963928 11.219165,59.0952432 11.2209964,59.0955592 11.2211736,59.0959936 11.2184743,59.0984845 11.2226831,59.1045825 11.2221354,59.1047823 11.2154666,59.1038706 11.2144027,59.1034544 11.2081277,59.0939276 11.2035998,59.091488 11.1989197,59.0922123 11.1989425,59.0952845 11.1953334,59.0982997 11.1955596,59.0987138 11.1975079,59.0998102 11.2031776,59.0998166 11.2052294,59.1071852 11.2124687,59.1108053 11.2138377,59.1171187 11.2128752,59.1189755 11.2124028,59.1191818 11.2068359,59.1168298 11.2011449,59.1123645 11.1994923,59.1120995 11.1964042,59.1121767 11.1958123,59.1123605 11.1952983,59.1135118 11.195594,59.1150529 11.1987247,59.1175671 11.1930017,59.1155742 11.1928763,59.1198238 11.1921124,59.1198378 11.1824098,59.1177582 11.1838002,59.1215101 11.18843,59.1244802 11.1823308,59.123931 11.1793869,59.1253328 11.1823452,59.1269162 11.1740919,59.1273965 11.1741688,59.1318529 11.179534,59.135254 11.1777523,59.1377105 11.1804819,59.1396652 11.1786838,59.1411397 11.174673,59.1399345 11.1769452,59.1441696 11.1819353,59.1426708 11.1857693,59.145462 11.1892657,59.1442862 11.1881481,59.1469833 11.1905795,59.1478124 11.1912144,59.1477104 11.1924226,59.1456904 11.1974036,59.1439427 11.2036186,59.1445736 11.2052404,59.1418803 11.2042679,59.1372958 11.2047735,59.1373875 11.2073419,59.1441072 11.2135226,59.1471077 11.2069381,59.147961 11.2041928,59.1500957 11.2007302,59.1476105 11.1963437,59.1469057 11.1931164,59.1477934 11.1946141,59.1489127 11.1884435,59.1521688 11.1818728,59.1533207 11.1759964,59.152862 11.1747514,59.1558921 11.1724865,59.1558009 11.1765846,59.1613913 11.1789888,59.1719964 11.1879206,59.1789988 11.1847171,59.1959877 11.1796494,59.1960483 11.1798264,59.1933615 11.1826063,59.191558 11.1816105,59.1876448 11.1787844,59.1864446 11.1558754,59.1908954 11.1504093,59.1952974 11.1414368,59.1960088 11.1467186,59.191999 11.1557601,59.189303 11.1587303,59.1835563 11.1554943,59.1799799 11.1597497,59.1788843 11.1572798,59.1762797 11.1647956,59.1698017 11.167311,59.1613171 11.1592968,59.1568328 11.1556377,59.1584426 11.1482831,59.1585127 11.1447132,59.1540226 11.1386245,59.1547821 11.1339175,59.1530375 11.1332936,59.148544 11.1293287,59.144567 11.1402547,59.1509264 11.1444505,59.1513954 11.1445493,59.1528019 11.1477082,59.1511635 11.1507927,59.1524633 11.1539047,59.1514581 11.1557881,59.1494699 11.1572636,59.1465129 11.1569569,59.1454486 11.1557199,59.1447486 11.1512171,59.1449463 11.1459028,59.1411905 11.1419665,59.1443363 11.1405801,59.1442322 11.1401987,59.1438674 11.141865,59.1387417 11.1447273,59.1374137 11.1446959,59.1347638 11.143943,59.1345571 11.1432877,59.1346093 11.1425471,59.1372494 11.1405019,59.1379377 11.1404758,59.1354928 11.1325397,59.132351 11.1310149,59.132802 11.1294397,59.1373962 11.1266025,59.1388356 11.1264704,59.1395299 11.1302372,59.1430137 11.1255258,59.1441118 11.1248934,59.1456223 11.1202641,59.1447805 11.1188478,59.1460541 11.1196502,59.1479253 11.116191,59.1553617 11.1185139,59.160858 11.1158913,59.164219 11.1122535,59.1649708 11.1108696,59.1715505 11.1079375,59.1717492 11.1056269,59.1734341 11.0984876,59.1832364 11.0925204,59.183112 11.0825222,59.1855983 11.0839918,59.1823947 11.0928307,59.1793785 11.0949976,59.1712073 11.1009711,59.1692245 11.101301,59.1687737 11.101751,59.1675193 11.0991246,59.1648508 11.0993013,59.1639453 11.100161,59.1623966 11.1026351,59.1605598 11.1074861,59.1593168 11.1074446,59.1495937 11.1103364,59.1433057 11.1041367,59.1412218 11.104633,59.1366159 11.1073813,59.1349865 11.1068991,59.1334958 11.1060802,59.1327118 11.1002722,59.1308281 11.0939438,59.131327 11.084603,59.1238869 11.0848037,59.1255959 11.0830315,59.126069 11.0781792,59.1251696 11.0740026,59.1226968 11.0733705,59.1225957 11.0691328,59.1236529 11.0672628,59.1263736 11.0673491,59.1272511 11.0697325,59.1287225 11.0709072,59.139167 11.0687937,59.1389343 11.0644583,59.1352479 11.0586891,59.1369779 11.0577257,59.1368614 11.0484473,59.1325334 11.0453373,59.134721 11.0413736,59.1340396 11.0346229,59.1287121 11.0338916,59.1286824 11.0309289,59.1300611 11.031094,59.1323245 11.0330166,59.1350234 11.0368304,59.1371282 11.0357559,59.1471817 11.038745,59.1503515 11.0371035,59.1533259 11.0409425,59.1561373 11.0410147,59.1582814 11.0375499,59.15657 11.0308563,59.1558248 11.0299295,59.1521651 11.0266273,59.1503628 11.0243982,59.1502277 11.0190569,59.1540101 11.016798,59.1541671 11.0170143,59.1476117 11.0129117,59.1476082 11.0081815,59.1455601 11.0065842,59.146093 11.0059617,59.1470528 11.0059847,59.1475888 11.0101444,59.1524931 11.0185474,59.1586562 11.0191479,59.1600039 11.0191203,59.1635324 11.0185043,59.1641459 11.0110695,59.1646392 11.0098828,59.1650348 11.009099,59.1669654 11.005289,59.1655535 11.0014944,59.167142 11.0087708,59.1682984 11.0092475,59.1703891 11.0060805,59.1720001 11.0069156,59.1783839 11.0124522,59.1822991 11.0188013,59.1843565 11.0188664,59.1845409 11.0159529,59.1844133 11.0120862,59.1867723 11.0115056,59.1867688 11.0047057,59.1809808 11.0007706,59.1809988 10.9977129,59.1776742 10.9960985,59.1802599 10.9916521,59.1786177 10.9897238,59.1826941 10.9914455,59.1872755 10.9906876,59.188135 10.9895695,59.1886473 10.9866226,59.1891074 10.9806513,59.1885813 10.9753134,59.1866421 10.9749974,59.1864836 10.9690502,59.1813672 10.9685453,59.1802173 10.9686919,59.1796538 10.9769003,59.1755838 10.9773436,59.1751188 10.9780149,59.1717187 10.9767519,59.1705055 10.9708049,59.1704381 10.9713902,59.1751055 10.970964,59.1753531 10.9637944,59.1743023 10.9585235,59.1774293 10.9580112,59.1778661 10.951122,59.1851382 10.9510051,59.1887273 10.9471104,59.1941909 10.9467854,59.1940624 10.9425061,59.1871281 10.9458317,59.1831887 10.9509149,59.1803925 10.9429566,59.1731393 10.9449657,59.1728513 10.9469814,59.1743296 10.9532418,59.1717252 10.950073,59.1605037 10.9452025,59.1611617 10.9493774,59.1561105 10.9493767,59.1527622 10.9391826,59.1429774 10.9382762,59.1379576 10.9379061,59.1377103 10.9328551,59.1362462 10.9261099,59.1358395 10.9251165,59.1359155 10.9136108,59.1388628 10.911566,59.1385406 10.914651,59.1376508 10.9137897,59.13701 10.9057422,59.1369972 10.9054104,59.1371562 10.9053319,59.1383932 10.9090332,59.1405268 10.9135829,59.1417298 10.9105153,59.1439112 10.9119515,59.1463428 10.9041332,59.1456472 10.9001142,59.1489341 10.904722,59.1506631 10.9098297,59.150809 10.9118354,59.1561058 10.9117069,59.1564153 10.9077812,59.1572731 10.907039,59.157034 10.9041936,59.1529788 10.9007779,59.1536543 10.9033099,59.1547288 10.9032435,59.1552641 10.9025546,59.1555963 10.8984375,59.1556919 10.8984365,59.157366 10.8938317,59.1594505 10.8965529,59.1617556 10.8941901,59.1646473 10.8944758,59.1651055 10.8976089,59.1668779 10.9009732,59.1668962 10.8984365,59.1635044 10.9007629,59.1609737 10.9031559,59.1632164 10.9161026,59.1684306 10.9093161,59.167276 10.9074531,59.1706551 10.9029673,59.1674823 10.8963758,59.1686525 10.901103,59.1699172 10.8995749,59.1719781 10.9018843,59.1723619 10.9033296,59.1713917 10.9043288,59.1756424 10.901974,59.1786144 10.8984375,59.1785713 10.8992575,59.1842147 10.8842694,59.1739825 10.882012,59.1744823 10.8806742,59.1769744 10.8838024,59.1795408 10.8838108,59.1831721 10.8884549,59.1851184 10.9012746,59.1983472 10.9044626,59.205496 10.9088242,59.2090808 10.9173827,59.2100946 10.9127947,59.2108004 10.9136842,59.2129862 10.9242328,59.2144351 10.9199969,59.2157689 10.9197056,59.2160457 10.9180048,59.2215867 10.9169912,59.2219588 10.9156539,59.2220517 10.9147402,59.2219805 10.9146146,59.2169743 10.907315,59.210133 10.9003212,59.2082939 10.8927264,59.2085471 10.8965409,59.2053691 10.8971217,59.1981627 10.880338,59.1856579 10.8764555,59.1848453 10.8755429,59.1822999 10.8694763,59.1779172 10.8631041,59.181632 10.8632137,59.1863484 10.8573101,59.1873106 10.8587188,59.1843041 10.8570758,59.1834207 10.8604246,59.1823908 10.8562889,59.1795582 10.8562692,59.1738138 10.8604,59.1736695 10.8609018,59.1715246 10.8606216,59.1711777 10.8593827,59.1702402 10.8584893,59.1700344 10.8540289,59.1707271 10.8532712,59.1705853 10.8501092,59.1689386 10.8477013,59.1720726 10.8444589,59.1702749 10.8483667,59.1678081 10.8438152,59.1658626 10.8420566,59.1628278 10.8334721,59.1653054 10.8336642,59.1619508 10.8285908,59.1574343 10.8310791,59.1526641 10.8308098,59.151769 10.8283206,59.1504729 10.827593,59.1507092 10.8214926,59.1552398 10.8254648,59.1585928 10.8239233,59.1640111 10.8278408,59.1719241 10.8219866,59.1701289 10.8194196,59.1734397 10.8219103,59.1762989 10.8178238,59.1767457 10.8153988,59.1757942 10.8141812,59.1767277 10.8163577,59.1782531 10.8167028,59.182089 10.8219087,59.1852998 10.8148342,59.1839033 10.8127962,59.1852124 10.8106931,59.1908514 10.8120247,59.1934189 10.806954,59.196399 10.7986052,59.1934503 10.8025535,59.1915396 10.8020414,59.1877822 10.7939985,59.1872209 10.7891434,59.1880891 10.7889076,59.188476 10.7889864,59.1956195 10.7920012,59.1983846 10.7899944,59.199586 10.7947237,59.2005174 10.8064075,59.2064164 10.8030056,59.2070605 10.80158,59.2094597 10.7968637,59.2095079 10.7928895,59.2133812 10.7900544,59.2135056 10.7899961,59.2122128 10.7884254,59.2136651 10.7897919,59.2168893 10.7865732,59.2199982 10.7836493,59.2191182 10.780097,59.2222002 10.7722181,59.2252552 10.770341,59.2289509 10.7634439,59.2346355 10.7629485,59.2358478 10.7644314,59.2382812 10.7768008,59.2513241 10.7842224,59.2540705 10.7852777,59.2573766 10.790278,59.26118 10.7878438,59.2615033 10.7825738,59.2592012 10.7815692,59.2586206 10.7753109,59.2532808 10.7642564,59.2400918 10.7638756,59.2397027 10.7608696,59.2382812 10.7600902,59.2382812 10.7586375,59.237272 10.758671,59.2346605 10.7583669,59.2345709 10.7517132,59.2357777 10.7479367,59.231122 10.7474467,59.2310572 10.744628,59.2327009 10.7381892,59.2332664 10.736528,59.2300735 10.7323837,59.2318416 10.7319481,59.2315598 10.7322603,59.2282289 10.7301914,59.2277088 10.7298876,59.2278022 10.7298483,59.2321625 10.732282,59.2349045 10.7313368,59.2382812 10.7367358,59.2444454 10.7352246,59.2518578 10.731795,59.2501128 10.7270778,59.2511733 10.7270809,59.2537667 10.7305945,59.2571219 10.7271591,59.2609357 10.7302685,59.2625784 10.7297108,59.2608331 10.7318451,59.2606103 10.7348861,59.2649662 10.7396801,59.265287 10.7405229,59.2574167 10.7386101,59.2548465 10.7405813,59.2543246 10.7460628,59.2601587 10.7446378,59.267193 10.7476087,59.2692093 10.7475891,59.2696964 10.743497,59.2706363 10.7448338,59.2716004 10.7445422,59.2720783 10.7435201,59.2726449 10.7383949,59.274295 10.7395164,59.2705292 10.7373384,59.2688322 10.7349873,59.2675812 10.7333757,59.2672864 10.7327183,59.2674015 10.7290477,59.2697247 10.7275333,59.2669482 10.726541,59.266897 10.7250682,59.2677532 10.724429,59.2687726 10.7260829,59.2742428 10.7292563,59.2752467 10.7315081,59.2810996 10.7318761,59.2812231 10.7412226,59.2805269 10.7459176,59.2780141 10.7481712,59.2815301 10.7463347,59.2844626 10.7474699,59.2915241 10.7645077,59.3027081 10.7733254,59.3060551 10.7751358,59.3097305 10.7883806,59.313067 10.7914969,59.3182182 10.7970927,59.3200645 10.7976851,59.3218637 10.7950743,59.3220931 10.7871674,59.3197374 10.7785017,59.3197361 10.7757581,59.3153096 10.763948,59.3083245 10.7565305,59.3084825 10.7550554,59.3055568 10.7512943,59.3039988 10.7509843,59.3084366 10.7560962,59.310427 10.7587236,59.3090473 10.7599165,59.3097323 10.7579032,59.3114793 10.7608262,59.3126332 10.75697,59.3133029 10.7550809,59.3123192 10.7515918,59.3162385 10.7456113,59.3123621 10.7465534,59.3098466 10.7403903,59.3095096 10.7366844,59.3049924 10.7279884,59.3059623 10.7229832,59.3035991 10.7206016,59.3079122 10.7266396,59.3129832 10.7173415,59.3131477 10.7193331,59.3180792 10.7263362,59.3177042 10.7319009,59.3195961 10.7353606,59.3164436 10.7363861,59.321014 10.7406001,59.3233112 10.7479562,59.3214045 10.7496091,59.319616 10.7537136,59.3200969 10.7522534,59.3260114 10.7547184,59.3291025 10.7479721,59.3312727 10.7461884,59.3341852 10.7465659,59.339388 10.7526149,59.3428313 10.7443029,59.3445342 10.7360615,59.3445342 10.7308919,59.3432132 10.7302979,59.3385881 10.7267451,59.3352044 10.7231289,59.3333106 10.7186461,59.3341815 10.7160474,59.3263344 10.7119759,59.3252447 10.6995376,59.3179351 10.6976888,59.3130465 10.6938128,59.309785 10.6948547,59.3058311 10.6900076,59.3048785 10.6952196,59.3002719 10.6911287,59.3003135 10.6896815,59.3032125 10.6863236,59.30334 10.681869,59.3064812 10.6832106,59.3101282 10.6813473,59.3141502 10.6772565,59.3148212 10.6774029,59.3179408 10.6837422,59.3247389 10.6813124,59.3249124 10.6765711,59.3211899 10.6712987,59.3214433 10.6683831,59.3274308 10.6653898,59.3274838 10.6632091,59.3299373 10.6620209,59.3351967 10.6567177,59.3366203 10.6622444,59.3383516 10.6620599,59.3416574 10.6583825,59.3442401 10.6615632,59.3479586 10.660672,59.3507725 10.6566168,59.3535737 10.6596025,59.3573517 10.6623106,59.3522891 10.6667191,59.3564492 10.6728171,59.3581752 10.6739743,59.3602126 10.6726269,59.3612263 10.6710889,59.3611474 10.6694285,59.3607366 10.6653321,59.3576649 10.6641744,59.3571271 10.6622639,59.3572452 10.6618578,59.3576815 10.6610258,59.3706547 10.6630095,59.3733233 10.6625243,59.3784852 10.6623243,59.3786535 10.656643,59.3775091 10.6580977,59.3749778 10.6541442,59.3700445 10.6507354,59.3750147 10.6501086,59.3769544 10.6501077,59.3818163 10.6520991,59.3858463 10.6469022,59.3946567 10.6500785,59.4002717 10.6507273,59.4064682 10.6555099,59.4140625 10.6560183,59.4140625 10.6570063,59.4272847 10.6567928,59.4277064 10.65241,59.4277796 10.6524028,59.431632 10.6484926,59.4294462 10.6448323,59.4296504 10.6411963,59.4251308 10.6380467,59.4250557 10.6298125,59.4180102 10.62591,59.4183424 10.6220366,59.4243655 10.616917,59.4213347 10.611308,59.4213414 10.6040039,59.4165145 10.598089,59.4176555 10.5932573,59.4165308 10.5869741,59.4203635 10.5886112,59.4369435 10.5939147,59.4394227 10.6085304,59.4406167 10.6125464,59.4434915 10.6110839,59.4463642 10.615853,59.4491704 10.6177458,59.459082 10.6257576,59.4598833 10.6342341,59.4661076 10.6348667,59.4698441 10.629644,59.4696209 10.6293755,59.4715236 10.6254166,59.4722617 10.6248592,59.4792699 10.6279727,59.4835243 10.6360161,59.4847147 10.6369452,59.4831736 10.6389096,59.4830852 10.641811,59.4883868 10.6455916,59.4888856 10.6512218,59.4917378 10.6537157,59.4978184 10.6462553,59.5011849 10.6446197,59.5060135 10.6460978,59.5092816 10.6479762,59.50634 10.6652648,59.5042371 10.6669402,59.4972891 10.6645482,59.4966137 10.664591,59.4952478 10.6673918,59.492065 10.6729633,59.4903483 10.6761822,59.4862117 10.6679791,59.4824528 10.6599178,59.4755876 10.6608208,59.4707838 10.6679389,59.4644966 10.6653858,59.4617246 10.6628799,59.4646201 10.6579818,59.4646819 10.6549218,59.4621981 10.6555272,59.4517109 10.6580787,59.4457203 10.650488,59.4435987 10.6500624,59.4431742 10.6473876,59.43795 10.6485575,59.4361888 10.6501621,59.435589 10.652143,59.4353429 10.6559629,59.4355615 10.6608955,59.4372123 10.6610268,59.4401433 10.6680835,59.4421037 10.6731019,59.4606621 10.6809868,59.4730757 10.6862009,59.4745321 10.6862496,59.4799824 10.6887639,59.4819927 10.6876807,59.4838378 10.68295,59.4915307 10.6829528,59.4979091 10.6808242,59.499245 10.6842138,59.509406 10.679635,59.5098726 10.6791764,59.5109332 10.6824774,59.5209274 10.688186,59.5269194 10.683777,59.5259792 10.684388,59.5275896 10.6826754,59.5278929 10.6774226,59.5234669 10.6687133,59.5221933 10.6583554,59.5353634 10.6646647,59.5389012 10.6589177,59.5410618 10.6525958,59.5467317 10.6511852,59.5490946 10.647366,59.558696 10.6503823,59.5645114 10.6467665,59.5762789 10.650894,59.5811028 10.6556611,59.5823272 10.6564955,59.5830122 10.6563251,59.5836428 10.6513957,59.5854321 10.6511259,59.585956 10.6516308,59.5898437 10.6552443,59.5968291 10.651513,59.5997263 10.6538337,59.6032193 10.6483659,59.6078976 10.6522716,59.616864 10.6477745,59.6212561 10.6482284,59.6251022 10.6427546,59.6282088 10.6419719,59.6376632 10.6373107,59.6391875 10.6319137,59.6541674 10.6249812,59.6630048 10.6256057,59.6677701 10.6197474,59.6729933 10.6197944,59.6748332 10.6221892,59.6746441 10.6213181,59.6771255 10.6244369,59.6805881 10.6202937,59.6847866 10.6238182,59.6867712 10.6271121,59.6941297 10.6305636,59.6958218 10.6262649,59.6968863 10.6262325,59.6983851 10.6308851,59.6999716 10.6308081,59.6986094 10.6371272,59.6982847 10.6410216,59.7040638 10.6276021,59.7016546 10.6240757,59.697962 10.6225572,59.6899127 10.6153175,59.6823288 10.6112154,59.6850547 10.6046169,59.6936752 10.5999535,59.7039402 10.5994592,59.7119009 10.589334,59.7167226 10.5869225,59.7201277 10.5866919,59.7207435 10.5920187,59.7318629 10.5919487,59.7323788 10.5872045,59.7328495 10.5840601,59.7352886 10.5836569,59.7356702 10.5854884,59.7367727 10.585168,59.7372255 10.5805577,59.7408653 10.5827492,59.7440857 10.5805581,59.7498035 10.5830988,59.7536922 10.5816404,59.7585107 10.5834187,59.7600971 10.5805895,59.7621839 10.5854321,59.7649494 10.5851365,59.765625 10.5851942,59.7668805 10.5891113,59.7702682 10.5911766,59.7738492 10.5968544,59.7870051 10.6078106,59.7947816 10.6087774,59.8013077 10.6065968,59.8035414 10.6148438,59.8108165 10.6171709,59.8187921 10.6280992,59.8264951 10.6346879,59.8360308 10.6423964,59.8422309 10.6419787,59.8431565 10.6336044,59.8419361 10.631269,59.8428231 10.6332715,59.8441672 10.6317481,59.8451521 10.6408586,59.8467113 10.6406904,59.8443681 10.645015,59.843786 10.6434131,59.846276 10.6475365,59.8475518 10.6490176,59.8560653 10.6532772,59.8615257 10.6544197,59.8695557 10.6553285,59.8701446 10.6594293,59.8702123 10.662945,59.8694041 10.6632853,59.8691684 10.6654955,59.865723 10.6765718,59.859704 10.6813205,59.8501887 10.6823995,59.8494049 10.6840041,59.849153 10.6882151,59.8511333 10.6932073,59.8435444 10.6976876,59.8207238 10.6997753,59.819356 10.7014409,59.8122315 10.6996301,59.8109074 10.7069494,59.8045802 10.7044992,59.7963366 10.7102028,59.7817245 10.7101678,59.7755041 10.7137429,59.7744563 10.7153298,59.7706727 10.7110792,59.7659318 10.7110835,59.765625 10.7132289,59.7599291 10.708988,59.7565531 10.714076,59.7546952 10.7133796,59.7524033 10.717904,59.7510474 10.7166504,59.750486 10.7214949,59.743926 10.7258251,59.7284958 10.720802,59.7236055 10.7129869,59.7200018 10.7153496,59.7190948 10.7126157,59.7176231 10.71322,59.7168229 10.7139009,59.7168117 10.7176787,59.7180949 10.7212169,59.722403 10.7248474,59.7239825 10.7285904,59.7218618 10.73245,59.7279038 10.7276759,59.7306169 10.7260704,59.7334905 10.7275136,59.7344958 10.7262803,59.7391216 10.7288932,59.740284 10.7241257,59.7444077 10.7240644,59.7462279 10.7275832,59.747404 10.7220966,59.7551858 10.7269719,59.7563297 10.7255462,59.757386 10.7270082,59.7623738 10.7325749,59.765625 10.7315285,59.765625 10.7347915,59.7669868 10.7322254,59.7744709 10.7321444,59.7843477 10.7357777,59.8027343 10.743541,59.8098733 10.748232,59.8181238 10.7527443,59.8207315 10.7518301,59.8232332 10.7520699,59.8234709 10.7591887,59.826863 10.7601506,59.8291622 10.7709748,59.8320776 10.7720392,59.8327326 10.7695796,59.8376772 10.776502,59.8477126 10.7796943,59.8496786 10.7819027,59.8536416 10.7835147,59.8612447 10.7825291,59.868691 10.7794373,59.8715848 10.7773278,59.8718967 10.7768652,59.8717088 10.774667,59.8662177 10.7683144,59.867281 10.7665426,59.8697373 10.7667809,59.8699505 10.7724496,59.8721805 10.7783712,59.8727897 10.7785389,59.8731898 10.7772164,59.8748986 10.7756075,59.875439 10.7729218,59.8753862 10.7684702,59.8739707 10.7686951,59.8765789 10.7636108,59.8777086 10.7632881,59.8756444 10.75899,59.872906 10.7642725,59.8641744 10.7517743,59.8608052 10.7472641,59.8639036 10.7451111,59.8623247 10.744244,59.8622391 10.7405835,59.8631093 10.7405072,59.8634114 10.7445337,59.8655738 10.7548798,59.8663583 10.7552533,59.8684784 10.7509661,59.8699661 10.7533,59.8740886 10.7597253,59.8790556 10.7650974,59.8795584 10.7638145,59.8810269 10.7671822,59.8836019 10.7653353,59.8863378 10.7638115,59.8839237 10.7617664,59.8837428 10.7621675,59.8871022 10.7457665,59.8858953 10.7454456,59.8868608 10.7485734,59.8868608 10.7488943,59.8878866 10.7580771,59.8900392 10.7591999,59.8914875 10.7538266,59.8938211 10.7557077,59.8959535 10.7524188,59.8961143 10.7579523,59.9023305 10.7525765,59.9007211 10.7508115,59.9016464 10.7601186,59.9055893 10.760199,59.9061928 10.7596372,59.9065549 10.7549804,59.9056094 10.755181,59.9076412 10.7543385,59.9057301 10.750326,59.9083654 10.7472363,59.9068768 10.7457534,59.9035375 10.7438685,59.9038995 10.7441494,59.9018074 10.7430661,59.9028133 10.7410603,59.9018477 10.7345592,59.9078826 10.7331548,59.9075809 10.7333153,59.9098339 10.7327135,59.9091299 10.7305467,59.9102966 10.7258919,59.9078223 10.7235646,59.9096328 10.7225214,59.9060318 10.7205952,59.9063739 10.7208503,59.9090824 10.7113261,59.905026 10.7096809,59.9094718 10.7048256,59.9100149 10.6893202,59.9175788 10.6880069,59.9154263 10.6916192,59.9152855 10.6927073,59.9118375 10.694858,59.9114192 10.6945691,59.9081522 10.6979717,59.9066555 10.6898837,59.9027287 10.6995121,59.9052233 10.7019835,59.9036139 10.7017909,59.9032758 10.6969051,59.9013743 10.6924335,59.8971542 10.6816562,59.8959202 10.6780165,59.8940222 10.6773382,59.8941098 10.6744084,59.8945715 10.6692719,59.896858 10.6628299,59.9023234 10.6632808,59.9080172 10.6658283,59.9099824 10.6629453,59.9103945 10.661607,59.9128764 10.6617301,59.9132055 10.6704521,59.9153467 10.6732883,59.9167299 10.6744443,59.9182024 10.6740108,59.9189025 10.6718918,59.9191439 10.6625748,59.9169086 10.6640857,59.9154738 10.6636927,59.9153414 10.6602772,59.9152555 10.6508342,59.9120018 10.6503279,59.9118897 10.6456664,59.9126138 10.6459786,59.9109684 10.6441979,59.9106669 10.6427923,59.9108989 10.64191,59.9105464 10.6443928,59.9082558 10.6443332,59.9078214 10.6384006,59.9064947 10.6407558,59.9053121 10.633725,59.9021761 10.6349231,59.900261 10.6367948,59.9003361 10.6335005,59.8957175 10.6349231,59.8938775 10.6312546,59.892413 10.636205,59.8917547 10.6347632,59.8876575 10.6247755,59.8839387 10.6186323,59.8838881 10.6134864,59.8803391 10.6170022,59.8800402 10.6258624,59.8831773 10.6298218,59.8830673 10.6262147,59.8815387 10.6253043,59.8783615 10.6155149,59.8762985 10.6090378,59.8765199 10.6097761,59.8751264 10.6093796,59.8748285 10.6062273,59.8740427 10.6033505,59.8740872 10.602176,59.8745751 10.5997669,59.8805761 10.5947591,59.8804687 10.5977176,59.8838964 10.6110265,59.8877378 10.6119515,59.8881723 10.6132808,59.8900234 10.612835,59.8905576 10.6110066,59.8904808 10.603161,59.8875858 10.6004784,59.8870517 10.5963407,59.8869082 10.5912281,59.8879188 10.6021003,59.8938117 10.5962111,59.8926359 10.5951374,59.8926327 10.5917661,59.8935275 10.5921659,59.8938379 10.6057251,59.8986777 10.6142803,59.9032435 10.613541,59.9039484 10.5944344,59.8988686 10.5850509,59.8933756 10.5792139,59.8924127 10.5694669,59.8877383 10.5530636,59.8871303 10.5515544,59.8874315 10.5507762,59.8883173 10.5528992,59.8910228 10.5525215,59.891148 10.546875,59.8903459 10.5454049,59.8904206 10.5400056,59.8918157 10.5322608,59.8903154 10.5310282,59.8894433 10.5309228,59.889091 10.5348917,59.8861696 10.5429455,59.8872396 10.5453979,59.8862607 10.5452039,59.8840714 10.5409119,59.8816885 10.5398533,59.8813202 10.5366476,59.8815013 10.5356106,59.8820995 10.5342606,59.8835881 10.5350986,59.8853452 10.527529,59.8875453 10.526915,59.8852119 10.5194458,59.8844271 10.5178201,59.8801299 10.505506,59.8776007 10.5040892,59.8758299 10.5254529,59.8798518 10.5259839,59.8816164 10.5305914,59.8813213 10.5329921,59.8804166 10.5293413,59.8790466 10.5311918,59.8787242 10.5295568,59.8760896 10.5183949,59.873546 10.5170387,59.872178 10.5205549,59.8722444 10.5306669,59.8758163 10.5381361,59.8757638 10.5415313,59.8749634 10.545518,59.8691933 10.5450031,59.8687634 10.5361212,59.8656718 10.5359249,59.8624305 10.519978,59.8571748 10.5177782,59.8566117 10.5164412,59.8565727 10.5128155,59.8580381 10.5115826,59.8602225 10.5051939,59.8566591 10.4952,59.8561223 10.4968159,59.8507773 10.4939837,59.8500646 10.497503,59.8483531 10.4972823,59.8461829 10.4918547,59.8425639 10.4793261,59.8400644 10.4773883,59.8371644 10.4721879,59.8366603 10.4719872,59.8353868 10.4753788,59.8341405 10.4730911,59.8334481 10.4757977,59.8326674 10.5046138,59.8413184 10.5129405,59.8411917 10.5151206,59.8399091 10.5056067,59.83571 10.4967247,59.8336859 10.4952464,59.8299365 10.4865232,59.8273733 10.4777884,59.8209336 10.477643,59.8202753 10.4789639,59.8184012 10.4829732,59.8203183 10.4826313,59.817955 10.4855412,59.8177593 10.4890955,59.8191766 10.4904406,59.8181844 10.4839475,59.815129 10.4896162,59.8129376 10.4863678,59.8106343 10.4866096,59.8077306 10.4926388,59.8079305 10.4971458,59.8065934 10.4936866,59.8052546 10.496244,59.8045378 10.4972541,59.8021718 10.504366,59.8027911 10.4969105,59.7961782 10.5030462,59.7936034 10.503036,59.7934242 10.4955273,59.7880445 10.4969379,59.7865374 10.5003484,59.7828906 10.5028375,59.7825133 10.5029449,59.7820423 10.5023397,59.7706403 10.4991868,59.765625 10.4989336,59.765625 10.498735,59.7626513 10.5034834,59.7604051 10.5046734,59.760372 10.5116616,59.7646108 10.5121099,59.7646127 10.5150939,59.7636504 10.5154302,59.7634166 10.5164253,59.761493 10.5111349,59.7461898 10.511214,59.7431242 10.5127096,59.7389787 10.5115398,59.7337652 10.5184733,59.7332584 10.5219262,59.7281125 10.5194561,59.7212476 10.5235882,59.7068895 10.5183653,59.6968698 10.5183634,59.6962264 10.5209161,59.6903898 10.534817,59.6778482 10.5367761,59.6783252 10.5349879,59.6814336 10.5372254,59.682771 10.5364561,59.6848603 10.5381562,59.684877 10.5410081,59.6842619 10.5437531,59.6823416 10.546875,59.6824777 10.5478101,59.6824517 10.5520782,59.6781286 10.575631,59.6692801 10.5757557,59.6681145 10.5721689,59.668484 10.570676,59.6673276 10.575518,59.664245 10.5845605,59.6629167 10.5806345,59.6659122 10.5875574,59.6648552 10.5868258,59.6663539 10.5784189,59.6680808 10.5803418,59.6698112 10.5884174,59.6677479 10.5975178,59.6675658 10.6032441,59.662245 10.6032373,59.6515465 10.6066757,59.6421896 10.6042929,59.641162 10.6063861,59.6270925 10.6162465,59.6028183 10.6178159,59.5948412 10.6168569,59.5898437 10.6170778,59.5898437 10.6192706,59.5802175 10.6184179,59.5698779 10.6128457,59.568644 10.6087797,59.5637929 10.5929224,59.556357 10.5929101,59.5538589 10.5887821,59.5507689 10.5809458,59.550335 10.5753402,59.5442531 10.5650649,59.5433511 10.5588951,59.5392212 10.550826,59.5394529 10.5514228,59.5376782 10.5505822,59.5372941 10.546875,59.5365514 10.5384581,59.5345553 10.5363708,59.5319217 10.5284956,59.5315872 10.5140762,59.5275683 10.5120726,59.5201052 10.5099829,59.5201725 10.5089715,59.5252653 10.5053871,59.5264297 10.4992394,59.5257672 10.494909,59.5201576 10.4833301,59.5248725 10.4790735,59.5208853 10.475141,59.5231158 10.4741615,59.5204266 10.4636474,59.5166962 10.4629998,59.5166703 10.4604768,59.518627 10.4543889,59.5191284 10.4478428,59.5236369 10.4465384,59.521449 10.434714,59.5203683 10.4248332,59.5253717 10.4216173,59.5245107 10.4186507,59.5260591 10.4155117,59.5285881 10.4151171,59.529079 10.4107592,59.5373145 10.415096,59.5447807 10.4184744,59.5470157 10.420597,59.556505 10.4235389,59.5600935 10.4266747,59.5598816 10.425233,59.561547 10.4298923,59.5677534 10.4296067,59.5725191 10.4359906,59.5838654 10.4341155,59.5877951 10.4360861,59.5898437 10.4370599,59.5907207 10.4372506,59.5944045 10.4345216,59.5968711 10.4404653,59.6047713 10.4404495,59.6075667 10.4329245,59.6113998 10.431819,59.6117419 10.4143413,59.6126972 10.4130307,59.6139787 10.4131989,59.6166493 10.4154598,59.617537 10.4323728,59.6197282 10.4404547,59.62273 10.437103,59.6287661 10.4306676,59.6332443 10.4285457,59.6424485 10.431619,59.6448317 10.4283423,59.6526521 10.4298909,59.6548477 10.4316986,59.6536314 10.4341422,59.6540476 10.4381762,59.665324 10.4365152,59.6693938 10.4334939,59.6698476 10.4279233,59.6736805 10.4300938,59.6848269 10.426313,59.6851068 10.419382,59.6814173 10.412136,59.6861267 10.4099379,59.6899633 10.4018106,59.6915963 10.3982573,59.6907365 10.3971987,59.6889261 10.3950194,59.6895421 10.389769,59.7001953 10.3794158,59.7060546 10.3778436,59.7102435 10.3721596,59.7111682 10.3732013,59.7135419 10.3707762,59.7145241 10.3662919,59.7141062 10.3619827,59.7100664 10.3543431,59.7105752 10.3480142,59.7123067 10.3350729,59.7113311 10.3300489,59.7154269 10.3223209,59.7154318 10.3172987,59.7166144 10.3158268,59.7202519 10.3110929,59.7225168 10.310379,59.7244688 10.3036001,59.7239465 10.3011248,59.7273265 10.3002871,59.7380284 10.2947379,59.737976 10.2919981,59.7356986 10.2888925,59.7365721 10.2855046,59.738739 10.2852255,59.7393988 10.286448,59.7462744 10.2858787,59.7466255 10.2805755,59.7479331 10.279304,59.7479841 10.2732815,59.7464014 10.2679749,59.7465296 10.2661248,59.7472273 10.2658945,59.7498639 10.2603663,59.7508667 10.2568073,59.7499474 10.2578454,59.745904 10.2546911,59.7451999 10.2477835,59.7466685 10.2408361,59.7438319 10.2435687,59.7412329 10.2401307,59.7406805 10.2387465,59.7418606 10.2376812,59.7406549 10.2209584,59.7397603 10.214871,59.7397058 10.1953125,59.7446986 10.186843,59.7459203 10.1856925,59.7469586 10.1694604,59.7474735 10.1487644,59.7502495 10.1318269,59.7492156 10.1241136,59.7502193 10.1251771,59.7487437 10.1218405,59.748118 10.1076964,59.7512556 10.112504,59.7526509 10.0916209,59.7549506 10.0740896,59.7531344 10.0723625,59.7531322 10.0654579,59.7548066 10.0481797,59.7557913 10.0120614,59.7538973 10.0073707,59.7539356 9.9939038,59.7551393 9.9924508,59.7553853 9.9819498,59.7604154 9.9676785,59.7628508 9.9627742,59.765625 9.9624161,59.765625 9.9622155,59.7661802 9.9578454,59.7676615 9.9560878,59.7678909 9.9544004,59.7672648 9.9543653,59.7671016 9.958366,59.765625 9.9658983,59.7615321 9.9818261,59.7583421 9.9909968,59.7545719 9.9986534,59.7531377 10.0001187,59.7530057 10.0239136,59.7522615 10.0420825,59.7549928 10.0571388,59.7547131 10.0675412,59.7523648 10.0906025,59.7538326 10.098034,59.7528702 10.1157907,59.747797 10.1305248,59.7470037 10.1327513,59.7470015 10.1536999,59.748257 10.1552773,59.7482545 10.1623882,59.7477005 10.1849287,59.7444963 10.1907043,59.7448159 10.1915053,59.7446918 10.1953125,59.7433035 10.207217,59.7396173 10.2286465,59.7304997 10.2458698,59.7316504 10.2468551,59.7293785 10.2538095,59.7271651 10.2558473,59.7245835 10.2643765,59.7226324 10.2677484,59.7203683 10.2676388,59.712882 10.2723773,59.7104939 10.2746164,59.7075293 10.2854908,59.7014805 10.2979271,59.696332 10.3025531,59.6958447 10.3042105,59.6942255 10.3185899,59.6917146 10.3239799,59.6916853 10.3463877,59.6898065 10.3643044,59.6826564 10.3633251,59.6798205 10.3667662,59.6776124 10.3736292,59.6779608 10.3741738,59.6775473 10.3779939,59.6685703 10.3824304,59.665058 10.3803128,59.6633207 10.3883148,59.6592426 10.3867735,59.6551098 10.3910772,59.6432155 10.3975774,59.6399468 10.4117177,59.6217912 10.4078584,59.6189227 10.4105873,59.6182508 10.4111664,59.6156378 10.4087095,59.611086 10.413833,59.6030968 10.4069864,59.599985 10.4037263,59.5934058 10.4048717,59.5923736 10.4104995,59.5924128 10.4111378,59.5900084 10.4011253,59.5901228 10.4008498,59.5898437 10.3998868,59.5898437 10.395716,59.5883375 10.3950408,59.5877666 10.3921653,59.5817002 10.3895558,59.5808315 10.3906924,59.5766906 10.3909687,59.5762941 10.3963851,59.5712163 10.39748,59.5705009 10.4088717,59.5677648 10.4090893,59.5673943 10.4091485,59.5624383 10.4089028,59.5620054 10.4060992,59.5609756 10.4014955,59.5618824 10.3982177,59.5612057 10.3974887,59.5606552 10.3970884,59.5555319 10.3925688,59.5538291 10.3942612,59.5500948 10.3910109,59.5410455 10.3846662,59.5418086 10.3824435,59.5396816 10.3910429,59.536689 10.3843317,59.5337284 10.3799772,59.5298808 10.3702343,59.5309503 10.361201,59.5288088 10.3532422,59.5315526 10.3485661,59.5323067 10.342006,59.5325618 10.3413403,59.5325034 10.3365988,59.5310143 10.3359665,59.5311435 10.3202224,59.5375313 10.3017704,59.5423141 10.286647,59.550611 10.2781878,59.5531529 10.2663277,59.5621401 10.2593882,59.5622121 10.258898,59.5605665 10.2524368,59.5613604 10.2470694,59.5705698 10.2431726,59.5728154 10.241219,59.5711644 10.2360619,59.5711236 10.2310065,59.568994 10.2306761,59.5685651 10.2304958,59.56691 10.2311904,59.5652879 10.2320203,59.5648623 10.2351636,59.5645816 10.2379522,59.5595747 10.2384512,59.5591564 10.2438555,59.5571384 10.2423148,59.5557065 10.2387106,59.5559219 10.2400802,59.5505559 10.2500374,59.547181 10.2606362,59.533042 10.2657731,59.5305778 10.2728182,59.532267 10.2801322,59.5314676 10.2829111,59.5252779 10.2942837,59.5138392 10.2920401,59.5107408 10.2995067,59.5054173 10.3061583,59.4970703 10.3136653,59.4945166 10.3179235,59.4896945 10.3204213,59.4893729 10.3244841,59.4913985 10.329285,59.4858834 10.3270307,59.4846786 10.3280571,59.481472 10.3334357,59.478097 10.3331093,59.4723502 10.3365397,59.469866 10.3438854,59.4703009 10.3475995,59.4804174 10.3501666,59.4806287 10.3575681,59.4708796 10.3563416,59.4610627 10.361654,59.4574575 10.361255,59.4553818 10.3703067,59.4517763 10.3831505,59.4385732 10.3900146,59.4387556 10.3906209,59.4443359 10.3977538,59.449867 10.3981907,59.4500244 10.4013205,59.4505825 10.4073061,59.4504516 10.4077523,59.450312 10.4091612,59.4465637 10.4278378,59.4410917 10.4317548,59.4429404 10.4301093,59.444916 10.4327428,59.4494649 10.4318025,59.4516993 10.4322946,59.4519629 10.4386212,59.4515687 10.4412715,59.4534642 10.4478446,59.4534775 10.4489465,59.4504938 10.4535779,59.4488226 10.4558926,59.4454492 10.4593815,59.4470602 10.4659241,59.4477326 10.4667898,59.4436427 10.4673777,59.4436209 10.4706639,59.4490532 10.4802604,59.4510256 10.4821717,59.4508671 10.4832103,59.4504514 10.4831938,59.4457769 10.4773453,59.4379286 10.4765332,59.4377694 10.4749587,59.4382038 10.4751154,59.4409915 10.4695727,59.441943 10.4679369,59.4419202 10.4669333,59.4415879 10.4659981,59.4390531 10.4599431,59.4391741 10.4559103,59.4418494 10.4573812,59.4440211 10.4540191,59.4445823 10.4478647,59.4439049 10.4413955,59.4449453 10.4415326,59.4423722 10.4534044,59.4380658 10.4564199,59.438291 10.4568563,59.438024 10.4584769,59.4345812 10.4554311,59.4328355 10.4562252,59.4317667 10.4568582,59.4313303 10.4758486,59.422433 10.4870439,59.423327 10.4794714,59.4289898 10.4818121,59.430987 10.4824063,59.4312809 10.4831998,59.4312181 10.4857494,59.4285882 10.4895458,59.4284545 10.4916523,59.430015 10.4878277,59.4307063 10.4904503,59.4342685 10.4953203,59.4345527 10.4982893,59.4338301 10.498684,59.4334884 10.4937489,59.4315073 10.4961102,59.4289995 10.4962466,59.4285254 10.4984837,59.4183017 10.4979692,59.4154365 10.4945796,59.4147289 10.4947712,59.4140625 10.4944673,59.4140625 10.4945669,59.4124362 10.4912648,59.413363 10.487483,59.4088886 10.4850558,59.4010159 10.4810544,59.3964834 10.4771836,59.3948975 10.4786105,59.3925802 10.4822782,59.3918192 10.4796196,59.3910491 10.4793074,59.3835442 10.4790484,59.3831806 10.4775063,59.3813279 10.4740618,59.3802753 10.4725595,59.3770849 10.466677,59.3761159 10.4613093,59.3699125 10.4697697,59.3508548 10.4713876,59.3493561 10.4731122,59.3503013 10.473397,59.3478683 10.4822292,59.3428323 10.4840949,59.3371931 10.4876453,59.3340524 10.4908168,59.3341475 10.4967281,59.3284556 10.4974577,59.3229641 10.5007163,59.3225027 10.5076959,59.3251706 10.508513,59.3251745 10.5137289,59.3230845 10.518522,59.3233356 10.5194011,59.3231674 10.5226016,59.3219056 10.5249789,59.3198941 10.5248392,59.3170998 10.5304393,59.3165458 10.5256724,59.312252 10.5282254,59.309431 10.5279788,59.3087732 10.5221775,59.3050851 10.5218949,59.3044626 10.5210574,59.2939242 10.5204813,59.2933654 10.5188522,59.2927229 10.5149391,59.2933248 10.5112782,59.2919182 10.5051686,59.2925041 10.4997526,59.2901371 10.4996547,59.2838343 10.5058987,59.2825695 10.5010262,59.2763513 10.4950672,59.2771865 10.4924246,59.2754751 10.4939798,59.2713063 10.4912307,59.2697653 10.4926789,59.2668055 10.4929386,59.2663831 10.5003908,59.2620916 10.5015039,59.2610199 10.503062,59.2588063 10.5023175,59.2567708 10.5052965,59.2551422 10.5048059,59.2546449 10.5040473,59.254642 10.491412,59.258158 10.4897907,59.2642384 10.4877892,59.2651134 10.4852895,59.2637529 10.4860173,59.2625355 10.4837105,59.2625943 10.4820679,59.2602013 10.4785244,59.2591254 10.478233,59.2512029 10.473618,59.2476048 10.4699904,59.2471144 10.4681522,59.2448449 10.4586056,59.2447165 10.454186,59.2469279 10.4511635,59.2464541 10.4475201,59.2481878 10.4501818,59.2531626 10.449645,59.2541807 10.4488394,59.2549402 10.4450885,59.2556744 10.4448276,59.2559313 10.4449565,59.259739 10.4446219,59.2601435 10.4401284,59.2620137 10.4390519,59.2673914 10.4417275,59.2688764 10.4358211,59.2703474 10.4326609,59.2691472 10.4315196,59.2702358 10.430105,59.2692049 10.4298815,59.2680988 10.4316335,59.2608747 10.4241656,59.2580492 10.426778,59.2519894 10.4299978,59.2517062 10.4271208,59.2483507 10.4333535,59.2442203 10.4333502,59.2417932 10.4292436,59.2386994 10.4296875,59.2382812 10.429665,59.2376097 10.4313648,59.236522 10.4348716,59.2367049 10.4363389,59.2359241 10.4371834,59.2351131 10.4376955,59.2309037 10.4410551,59.2286474 10.4414223,59.2262892 10.4441648,59.2249193 10.4449199,59.2246191 10.4554269,59.2233932 10.4457982,59.2288715 10.4418163,59.2297182 10.4411215,59.2301886 10.4398845,59.2317544 10.4378254,59.2382812 10.438785,59.2382812 10.4378103,59.2407122 10.4380404,59.2412879 10.4423444,59.2430682 10.4441156,59.2454466 10.4466083,59.244197 10.4471443,59.2406228 10.4498183,59.2392544 10.4503918,59.2391009 10.4518013,59.2395761 10.4531149,59.2429924 10.4587947,59.2435091 10.4720258,59.2395014 10.4737236,59.2382812 10.4736319,59.2382812 10.4754605,59.2364225 10.4755456,59.2346652 10.4750367,59.2338073 10.4719092,59.2317693 10.4612243,59.2342538 10.4670585,59.2252861 10.4670573,59.2224967 10.4646487,59.2212799 10.4617223,59.2229081 10.4581887,59.2219952 10.4599395,59.2149568 10.4569168,59.212213 10.458232,59.2084938 10.4532073,59.2068779 10.4577533,59.2046102 10.4552075,59.1979873 10.4681042,59.1899905 10.4597524,59.1817958 10.465148,59.182816 10.4689953,59.186794 10.4695637,59.1870044 10.4705125,59.1863694 10.4719003,59.1823761 10.4670815,59.1774127 10.4667474,59.1772736 10.4554839,59.1788338 10.4519367,59.1745862 10.4476506,59.1731954 10.4431717,59.1675959 10.4409997,59.1659306 10.4364907,59.1634417 10.434742,59.165181 10.4342734,59.1650431 10.4325995,59.1630998 10.4317651,59.1629614 10.4282516,59.1638809 10.4277055,59.164174 10.4226789,59.1684459 10.4158536,59.1685553 10.4044436,59.1716585 10.393205,59.1730219 10.3910434,59.1774747 10.3901052,59.1773658 10.3886306,59.1756496 10.384418,59.174556 10.3854049,59.1691056 10.3827875,59.1620672 10.3795011,59.1644661 10.3730342,59.1632504 10.3708018,59.1643131 10.3726311,59.1702471 10.3660907,59.1705509 10.3598335,59.1873039 10.3598421,59.187995 10.3666186,59.2019546 10.3630188,59.2049615 10.3630176,59.2051526 10.3642566,59.2077754 10.3649154,59.208497 10.3681536,59.2089248 10.3674819,59.2113558 10.3706125,59.2171277 10.3742905,59.2188903 10.3826314,59.2299846 10.3849036,59.2307868 10.3841146,59.2382812 10.3851602,59.2453308 10.3822885,59.2462449 10.3815473,59.2474107 10.3815749,59.2484236 10.3823236,59.2510391 10.3863924,59.2518144 10.3863639,59.2543023 10.3837049,59.2565578 10.3851537,59.2642142 10.3868843,59.2658499 10.3895522,59.2658466 10.3886011,59.2681154 10.3940668,59.267045 10.403011,59.2678438 10.3960849,59.2759814 10.392742,59.2761416 10.3876874,59.2737761 10.3835996,59.276596 10.377739,59.2782762 10.3785973,59.2763669 10.3734638,59.2724684 10.3781321,59.2696708 10.3781317,59.2655954 10.3744258,59.2601852 10.3743826,59.2548807 10.3712354,59.2487046 10.3712345,59.2476701 10.3731205,59.2434285 10.3733443,59.2431885 10.3781199,59.2407275 10.3776447,59.2382812 10.3776031,59.2382812 10.3786252,59.2331415 10.3763061,59.2280551 10.3733659,59.2254645 10.3713136,59.2244861 10.3703792,59.2243826 10.3643985,59.2255234 10.3660855,59.2242194 10.3592144,59.2149622 10.3592143,59.2124273 10.3515435,59.2168872 10.3393743,59.2194813 10.3395764,59.2174646 10.3440177,59.2152351 10.3433506,59.2124041 10.3376271,59.2031296 10.3348722,59.2035275 10.3354628,59.2015187 10.3277608,59.1920069 10.3324159,59.1922082 10.3335938,59.1903797 10.3324891,59.1832044 10.3300306,59.1807712 10.3335429,59.1752465 10.3325093,59.1733665 10.3290842,59.1723845 10.3288295,59.1701128 10.3343337,59.1696988 10.3353728,59.167968 10.3278902,59.1608998 10.3319706,59.1597824 10.3322027,59.1571139 10.3290472,59.1541337 10.3239003,59.1560744 10.3260072,59.1618006 10.3231106,59.1620606 10.3221235,59.1570079 10.3184336,59.1541557 10.3188978,59.1515666 10.3120871,59.1519073 10.3079599,59.1475563 10.3077458,59.1468999 10.3089125,59.1456838 10.3100641,59.1459004 10.3124475,59.1481224 10.3132015,59.1481053 10.3221089,59.1457666 10.3240803,59.1475638 10.3271025,59.1477613 10.3250911,59.1435894 10.3223687,59.1444104 10.3296921,59.1362489 10.3305022,59.1295589 10.3265651,59.1302691 10.3251607,59.1281157 10.3218169,59.1284937 10.32254,59.1268326 10.3272064,59.125437 10.324254,59.1203862 10.3223011,59.1201417 10.3207273,59.1213641 10.3186432,59.1316977 10.3162338,59.1270442 10.3112864,59.1269929 10.310463,59.1308495 10.3132715,59.1355593 10.3084784,59.1359299 10.3053315,59.1341223 10.3021054,59.1343045 10.2985947,59.1358792 10.2996809,59.1394554 10.2960536,59.1382256 10.2863472,59.1404727 10.2799772,59.1385047 10.2852054,59.1346632 10.2869133,59.1293566 10.283446,59.127391 10.2899467,59.1273919 10.2920622,59.1192847 10.2980425,59.1201819 10.2992271,59.1170434 10.2956272,59.117451 10.2955788,59.1160305 10.2913733,59.1162424 10.2953354,59.1139699 10.3043239,59.1038591 10.3018209,59.1025794 10.304684,59.1019216 10.3032484,59.0997906 10.3084208,59.0990043 10.3086998,59.0985749 10.3098438,59.0913783 10.3122416,59.0889118 10.3119277,59.0839096 10.3089725,59.0823103 10.3073449,59.0823103 10.3021764,59.0853469 10.3009272,59.0843089 10.3026385,59.0834202 10.2999634,59.0824497 10.3071361,59.0719913 10.3111039,59.0719891 10.3143771,59.070592 10.3145744,59.0699756 10.3129642,59.0651017 10.3106784,59.064411 10.311414,59.0625 10.3114198,59.0625 10.3107393,59.0576983 10.3105125,59.0573478 10.3080646,59.0551116 10.3046149,59.0559654 10.3055282,59.0531495 10.3041421,59.0528095 10.3023897,59.0532801 10.2965446,59.0581362 10.2964365,59.0584219 10.2984591,59.0625 10.2995383,59.0625 10.301005,59.0623255 10.3011591,59.0625 10.3020881,59.0646183 10.3017451,59.0656003 10.2922561,59.0743635 10.2900997,59.080084 10.2899055,59.0806295 10.289171,59.0835556 10.2926449,59.0829266 10.2934309,59.0840944 10.2892956,59.0881708 10.2919863,59.0899956 10.2894697,59.0944176 10.2905132,59.0961072 10.2850815,59.0933682 10.2827185,59.0956095 10.2827687,59.0994515 10.2792679,59.100098 10.2789508,59.0984257 10.2768574,59.1039751 10.283335,59.1027714 10.283145,59.1067034 10.2761836,59.112009 10.276841,59.1139537 10.2744282,59.1167384 10.2724007,59.1168973 10.2685122,59.1211911 10.2662221,59.121677 10.267436,59.1181086 10.2716581,59.115972 10.2681201,59.1151651 10.2668147,59.1112939 10.2646892,59.114036 10.2658064,59.1168483 10.2631829,59.1176077 10.2623422,59.1137615 10.2650254,59.1103703 10.2637051,59.107216 10.2733792,59.0966796 10.272827,59.0912756 10.2778337,59.0835788 10.2814332,59.081619 10.2790079,59.0791755 10.2815285,59.0774493 10.2815115,59.0749156 10.2773629,59.0707219 10.2813709,59.0652043 10.2762809,59.0636543 10.2727751,59.0676833 10.2698611,59.0661993 10.272894,59.0625 10.2736175,59.0625 10.2811157,59.0517647 10.2809505,59.0506821 10.274767,59.0463004 10.274507,59.0413489 10.2740083,59.0409215 10.2726609,59.0407425 10.2679678,59.0418981 10.2686315,59.046584 10.2632236,59.0560098 10.2594004,59.059332 10.2591769,59.0599473 10.2595766,59.0625 10.2616155,59.0640196 10.2595015,59.066624 10.258737,59.0670475 10.2569028,59.0669634 10.2567379,59.0668443 10.2584474,59.0656039 10.2580028,59.065621 10.2517117,59.0672947 10.2528098,59.0694453 10.2587218,59.0720148 10.2591546,59.0760556 10.2619544,59.077419 10.2594742,59.0855348 10.254505,59.0888671 10.2538565,59.0978144 10.2516787,59.0983984 10.2500588,59.0952733 10.246887,59.0943733 10.247314,59.0991961 10.2445875,59.1002076 10.243632,59.0960673 10.2393062,59.0958709 10.2372895,59.100287 10.2384458,59.1045744 10.2333477,59.1064898 10.2343056,59.1074271 10.2270195,59.1163259 10.2287437,59.1201231 10.2413507,59.1265039 10.2311077,59.126985 10.2275342,59.1249254 10.226033,59.1262621 10.2232296,59.1263757 10.2220989,59.1260899 10.2215647,59.1255654 10.2249107,59.124122 10.224914,59.1240335 10.2220807,59.1236981 10.2208703,59.12256 10.221121,59.1216588 10.2244492,59.1197701 10.2232336,59.1156229 10.2258737,59.1109089 10.2258861,59.1051244 10.230435,59.1008557 10.2259702,59.0987015 10.2263516,59.0934041 10.2220671,59.0932343 10.2212158,59.0922439 10.2200701,59.0898685 10.222898,59.0892187 10.223223,59.0874944 10.2205169,59.0869224 10.2201399,59.088486 10.2180008,59.088641 10.2201465,59.0827547 10.217979,59.0797716 10.2209495,59.0792196 10.2117683,59.0707457 10.2178283,59.0687298 10.2246075,59.0680574 10.2316613,59.0625 10.2320348,59.0625 10.2341259,59.061347 10.2340854,59.0608255 10.2319456,59.0576473 10.2316042,59.0576243 10.2283756,59.0600173 10.224655,59.0606935 10.2314389,59.0547591 10.2310148,59.0458832 10.2288396,59.0437737 10.2319052,59.0418018 10.2271659,59.0392081 10.2292056,59.037865 10.2259067,59.0368047 10.2211319,59.0309695 10.2197253,59.0313524 10.2207888,59.0334613 10.2146235,59.0311201 10.2088932,59.0319108 10.2135043,59.0284802 10.2086579,59.0227726 10.2043905,59.0230904 10.1997725,59.0216026 10.1974303,59.0255353 10.1955729,59.0254585 10.1953115,59.0253906 10.1953125,59.0220423 10.1878434,59.0181938 10.1848704,59.0190625 10.1838731,59.0219401 10.1787421,59.0224324 10.1793535,59.0191851 10.1770954,59.0163391 10.171455,59.0113444 10.1623991,59.0098712 10.1624842,59.0075479 10.1554472,59.0077589 10.1538755,59.0055937 10.1491297,59.0088543 10.1451567,59.009093 10.1420984,59.0110331 10.139351,59.0068321 10.1352139,59.0041705 10.1329561,59.0042166 10.1300423,59.0049256 10.1268727,59.0082967 10.1276131,59.0094562 10.1320539,59.0086315 10.1278483,59.0133097 10.1284217,59.0144305 10.1320769,59.0149062 10.1322263,59.0177248 10.1294605,59.0185357 10.1295187,59.0216265 10.1236287,59.0238602 10.1264182,59.0256401 10.1349242,59.0268151 10.1562352,59.033097 10.1516742,59.0360502 10.1489869,59.0352983 10.1470848,59.0368084 10.1428452,59.0373175 10.13727,59.0365653 10.1372244,59.0391743 10.1345356,59.0397716 10.1270716,59.0372722 10.128417,59.0354722 10.1213188,59.0358388 10.1148865,59.0275365 10.1086224,59.025774 10.1060554,59.0277504 10.099421,59.0271233 10.0961853,59.0281494 10.0968283,59.0234309 10.0884196,59.0236721 10.0867341,59.0200903 10.0726464,59.0148078 10.0695394,59.0162842 10.0673023,59.0232809 10.0648752,59.0248047 10.0691082,59.0266951 10.0661147,59.0268809 10.0675734,59.0308321 10.0645972,59.0315006 10.0629451,59.0286375 10.0599203,59.0277436 10.0602227,59.0314859 10.055545,59.0325593 10.0539569,59.0348713 10.0560476,59.0373257 10.062402,59.0374637 10.0640004,59.0386919 10.0696141,59.0474319 10.0730109,59.0604603 10.0699884,59.0603702 10.0666548,59.0459716 10.0556026,59.0379755 10.0422636,59.0362598 10.0388774,59.0370613 10.0448397,59.0414901 10.0511444,59.0406882 10.0456532,59.042083 10.0468734,59.0433731 10.0422636,59.0450817 10.0396196,59.0453606 10.0384672,59.0442448 10.0325165,59.0455263 10.0328404,59.0483593 10.028773,59.0494751 10.0185879,59.0484545 10.017789,59.0481883 10.0161622,59.0455962 10.019293,59.0412737 10.024865,59.0387387 10.0257276,59.0332006 10.021171,59.0319573 10.0194896,59.0289614 10.0300761,59.0180088 10.0376648,59.017505 10.036045,59.0107107 10.0391352,59.0074157 10.0339016,59.006058 10.0386449,59.0027651 10.0468765,59.0059329 10.0495487,59.0051563 10.0465101,59.003406 10.050512,59.000441 10.0465525,58.998455 10.0422528,58.9982733 10.0403898,58.9964499 10.0420179,58.9938781 10.0440694,58.9939415 10.044879,58.9887105 10.0420674,58.9884152 10.039256,58.9924148 10.0393494,58.9895315 10.0354176,58.9887269 10.0321418,58.9861552 10.0431833,58.9832848 10.0432894,58.9802469 10.0376732,58.9805822 10.0418938,58.9777939 10.0415053,58.9774258 10.036548,58.9765509 10.0304182,58.9769901 10.0301079,58.9750277 10.0268908,58.973451 10.0231723,58.9751501 10.0230495,58.9766403 10.0192288,58.9773551 10.0190966,58.9754548 10.0153914,58.975511 10.0125339,58.9784637 10.0090863,58.9774917 10.0089768,58.9733725 10.0052814,58.9704123 10.0018544,58.9733779 10.0010988,58.9714013 9.9964187,58.9734619 9.9943109,58.9730734 9.9936109,58.9697756 9.9895921,58.968455 9.9852324,58.9694333 9.985238,58.9736328 9.9806609,58.9817752 9.9735187,58.9829185 9.9660134,58.9781471 9.9695667,58.9772202 9.9711406,58.9749964 9.9747022,58.9651855 9.9678715,58.9635953 9.96465,58.9639995 9.9643708,58.9610422 9.9627028,58.9605365 9.9483762,58.9653023 9.9450594,58.9615411 9.9350222,58.9661059 9.9307162,58.9652566 9.9267911,58.9694952 9.9245841,58.9768538 9.9232244,58.967912 9.9163666,58.9695575 9.9087636,58.9695832 9.906625,58.9677733 9.9087102,58.9659988 9.907433,58.9657943 9.8890576,58.9679065 9.8872325,58.9719032 9.8845797,58.9707224 9.8783518,58.9725575 9.8770431,58.9741575 9.8671035,58.975116 9.8654441,58.9733942 9.8700331,58.9653311 9.8668284,58.9634337 9.8607574,58.9634408 9.8638662,58.9602396 9.8637745,58.95985 9.8600174,58.9576085 9.8586257,58.9576796 9.856365,58.9595156 9.8504763,58.9588629 9.8477876,58.9619333 9.8517838,58.9646457 9.8515886,58.9650645 9.8479242,58.9668314 9.8472434,58.9670501 9.84375,58.9662389 9.8397865,58.9662491 9.836539,58.9671005 9.8353906,58.9688069 9.828898,58.96875 9.8228689,58.9708266 9.8211458,58.971727 9.8093327,58.9799377 9.8070881,58.9767132 9.8048239,58.9768198 9.801773,58.9859503 9.8059978,58.9850739 9.8089926,58.9801993 9.8148421,58.9801905 9.816034,58.9773877 9.8233945,58.9772495 9.8262618,58.975839 9.8270959,58.9757866 9.8309718,58.9768626 9.8314557,58.9772273 9.8332115,58.9805917 9.8408639,58.981414 9.8382041,58.9828616 9.8383074,58.9850287 9.8429496,58.9842325 9.8429387,58.9844781 9.8360049,58.9911577 9.8360643,58.9915426 9.8382319,58.9917651 9.8390656,58.9893627 9.843749,58.9893972 9.84375,58.9896764 9.8534907,58.9891815 9.8566085,58.9926035 9.8538945,58.9960304 9.8487895,58.9973089 9.8484112,59.0052539 9.8509542,59.0071781 9.8516515,59.0110201 9.8451079,59.015367 9.8463275,59.0134391 9.846101,59.0129373 9.84375,59.0122766 9.8431855,59.0122222 9.8400183,59.0201817 9.8409812,59.02186 9.8393739,59.024621 9.8354816,59.0257157 9.8397883,59.0277525 9.8359464,59.028873 9.8341739,59.0309063 9.8348314,59.0324229 9.8382962,59.0312808 9.8353167,59.037891 9.8350931,59.0379354 9.8296129,59.0327148 9.8228343,59.0314873 9.8322395,59.0213536 9.8317275,59.0146284 9.829302,59.0114248 9.8304584,59.008522 9.829474,59.0076133 9.8288182,59.0073856 9.8250374,59.0074584 9.8226188,59.0103816 9.817821,59.0118352 9.8180131,59.0146731 9.8118238,59.0172411 9.8115844,59.0197567 9.8109878,59.02048 9.8053237,59.0244462 9.8031512,59.0278375 9.8039399,59.0304099 9.8101755,59.0299664 9.8120672,59.0314844 9.8177956,59.0310115 9.8199297,59.0328389 9.8137043,59.0365065 9.810311,59.0360541 9.8059409,59.0372173 9.8058894,59.0400085 9.8005672,59.0456188 9.798532,59.051791 9.7985457,59.0525697 9.8010077,59.0619611 9.8000062,59.0625 9.7998046,59.0625 9.7928137,59.0687575 9.7956218,59.0791525 9.8005797,59.0857673 9.8007072,59.0862714 9.8001672,59.0897253 9.7994496,59.0900437 9.7963598,59.0907145 9.7955216,59.0903774 9.7925335,59.0849417 9.7918459,59.0793386 9.7868887,59.0711164 9.788833,59.0686181 9.7888308,59.0681349 9.7876058,59.0657629 9.7840703,59.0625 9.7843462,59.0625 9.7844595,59.0623235 9.7804083,59.061551 9.780943,59.05993 9.7779722,59.0583879 9.7768861,59.051012 9.7804652,59.0470753 9.7792848,59.0460134 9.7757086,59.0462658 9.780025,59.0436662 9.7800486,59.038516 9.7673324,59.0435563 9.7593454,59.0488673 9.7564251,59.0531431 9.759057,59.055629 9.7562321,59.057214 9.7564505,59.0590715 9.7560687,59.0593519 9.7548755,59.0595328 9.7528182,59.0579909 9.7536793,59.0606211 9.7535945,59.0609148 9.7519439,59.0625 9.7485646,59.0664256 9.7395515,59.0723619 9.7387468,59.0726292 9.7365896,59.0707364 9.7300735,59.0713826 9.7301627,59.0710884 9.7350612,59.067274 9.7379556,59.0625 9.7379022,59.0625 9.7379133,59.062025 9.7424099,59.0609719 9.7458431,59.0585054 9.7462059,59.0575621 9.7417701,59.0573244 9.747843,59.0521708 9.7407509,59.0520161 9.7461708,59.0496484 9.7493001,59.0457242 9.7450528,59.0437641 9.74243,59.0438542 9.7359819,59.0466948 9.7342616,59.0427874 9.7282388,59.0461317 9.7249339,59.0511422 9.7200125,59.0534815 9.7191466,59.0570594 9.7222919,59.0595483 9.7229851,59.0596685 9.7285959,59.0592393 9.7339695,59.0571724 9.7316505,59.0596474 9.736931,59.0601414 9.7377173,59.0611035 9.7371308,59.0615025 9.7308818,59.0625 9.7297198,59.060903 9.7235541,59.0608592 9.7211612,59.0625 9.7205946,59.0625 9.7179934,59.0654716 9.7180924,59.0657578 9.7251641,59.0669913 9.7251143,59.0672199 9.7177309,59.0690784 9.7147659,59.073052 9.7149732,59.0761282 9.7186626,59.0780305 9.7153469,59.0802702 9.7163705,59.086238 9.7104409,59.0927731 9.717561,59.0972261 9.7162458,59.1009016 9.7191894,59.1048797 9.7171431,59.1078318 9.7164574,59.108097 9.7131981,59.1079609 9.7105973,59.1096435 9.7043681,59.1074994 9.7026675,59.1061187 9.7026629,59.0996419 9.6954542,59.0978231 9.695183,59.097356 9.6956778,59.0959426 9.7026263,59.0920238 9.7006022,59.0910017 9.6968656,59.0933506 9.6945539,59.0924869 9.6987503,59.0882804 9.6981885,59.0802764 9.6972119,59.0765358 9.6919887,59.0746458 9.69217,59.0705947 9.692605,59.0699506 9.6997873,59.067133 9.7004982,59.0665411 9.7015477,59.0634276 9.7005199,59.0625 9.7006407,59.0625 9.7007369,59.062025 9.6957185,59.0612684 9.6949168,59.060701 9.6996793,59.0595659 9.7007948,59.0588691 9.7038002,59.0567487 9.7052972,59.0539418 9.7103465,59.050652 9.705566,59.0501271 9.7000575,59.0515805 9.6930376,59.0502048 9.6888711,59.0544372 9.681205,59.0539947 9.663062,59.055576 9.6552778,59.0625 9.6544054,59.0625 9.6436938,59.0829198 9.6471506,59.1002551 9.6496665,59.1015043 9.6554079,59.1011248 9.6497169,59.1027901 9.6409144,59.1099827 9.6335595,59.1137362 9.6218266,59.1161317 9.617979,59.119248 9.6127853,59.1203908 9.6152627,59.1209868 9.6168534,59.1236228 9.6152875,59.1263757 9.6233799,59.1297399 9.625658,59.1326551 9.6236559,59.1327329 9.6053804,59.1218193 9.5952539,59.1238142 9.5823359,59.1230618 9.5817713,59.1213965 9.5884873,59.1213728 9.5930775,59.1189979 9.589992,59.1167355 9.5788316,59.1184645 9.5772575,59.1204401 9.5711135,59.1184984 9.5667831,59.1197551 9.5675861,59.1214008 9.5701272,59.1215429 9.5677285,59.1227096 9.5641243,59.1210392 9.5594167,59.1211123 9.5604308,59.1246229 9.5471879,59.124475 9.534709,59.1310219 9.5265512,59.1300623 9.5216233,59.1311259 9.5122849,59.1281801 9.5126696,59.124217 9.5192862,59.1232094 9.52079359999999,59.1249605 9.5245244,59.1257261 9.5291097,59.1236441 9.5324476,59.124444 9.5282484,59.1256891 9.5314147,59.1268582 9.536884,59.1243753 9.5337119,59.1241122 9.537747,59.1222101 9.5524607,59.1202281 9.5545028,59.1186163 9.562463,59.1182625 9.5648325,59.1167918 9.5578742,59.1158379 9.563091,59.1136491 9.5595707,59.1134443 9.5585511,59.1117022 9.5553126,59.1108665 9.5595216,59.1064848 9.5646526,59.1049511 9.5656852,59.1057777 9.572771,59.105755 9.5784858,59.104408 9.5831215,59.1050884 9.6042306,59.0915471 9.6093215,59.0907757 9.6161125,59.0860506 9.6280177,59.0822697 9.6283388,59.0820518 9.6279919,59.0768934 9.6321675,59.0777785 9.6342154,59.0757688 9.6283911,59.0712591 9.6282352,59.0691795 9.6354645,59.0685843 9.6307225,59.0660537 9.6296359,59.0639216 9.6258578,59.0628741 9.6261935,59.0625 9.6266561,59.0625 9.6335725,59.0609852 9.6351103,59.0591557 9.6384192,59.0615191 9.6437278,59.0590831 9.6490294,59.0516782 9.6457365,59.0507946 9.6391628,59.0523767 9.6385238,59.0515134 9.6445785,59.0494252 9.6470032,59.0472 9.6483865,59.0466654 9.6532319,59.0463898 9.6615477,59.0485086 9.662932,59.0486445 9.6694819,59.0484281 9.6701968,59.0485382 9.6766688,59.0513284 9.688345,59.0472618 9.6897596,59.0472649 9.6937888,59.0482252 9.6953238,59.0483403 9.6992149,59.047138 9.6995375,59.0469675 9.7020698,59.04408 9.7063564,59.0452995 9.7110325,59.042748 9.7060072,59.0417736 9.7151629,59.0378704 9.7170511,59.034147 9.7281023,59.0287365 9.7319117,59.0282826 9.732693,59.0262941 9.7375439,59.0235147 9.7378072,59.020406 9.7487894,59.014708 9.7483352,59.0082085 9.7512553,59.0030612 9.75146,58.992327 9.7538095,58.988041 9.753341,58.9875799 9.7487276,58.9876252 9.7460145,58.9898396 9.7460712,58.9926091 9.7422637,58.9934667 9.7407752,58.9955575 9.7390975,58.993452 9.7373092,58.9950933 9.7333759,58.9952569 9.7280911,59.0029144 9.722581,59.0057042 9.7204145,59.0085546 9.7199316,59.0086358 9.7190629,59.0079683 9.7200483,59.0013229 9.7088528,59.0060198 9.7052642,59.0053697 9.7033879,59.0035917 9.7042518,59.0012598 9.7050067,59.0005271 9.7100294,58.9985948 9.7103826,58.9950767 9.713455,58.9920774 9.7125709,58.9900913 9.7074444,58.9888113 9.7064282,58.9868031 9.7027617,58.9860846 9.6985449,58.9888073 9.6938322,58.9880846 9.687322,58.9899704 9.6818109,58.9899787 9.6909502,58.9877007 9.6863447,58.9860901 9.6852003,58.9871355 9.6776773,58.9880315 9.6751143,58.9902104 9.6690691,58.9891486 9.6661099,58.9900028 9.670821,58.9931427 9.6700271,58.9946488 9.663102,58.9909049 9.6574842,58.9898428 9.6570795,58.9896075 9.6654537,58.9883807 9.6734396,58.9834939 9.6755841,58.9851766 9.6811467,58.9854217 9.6881216,58.9843915 9.6876403,58.9819922 9.702441,58.98158 9.7042404,58.9805706 9.7042564,58.9766124 9.7040749,58.9761378 9.699578,58.9748282 9.7026813,58.9730877 9.7024986,58.9727097 9.6976051,58.9680707 9.6939814,58.9655596 9.6933599,58.9652112 9.6893454,58.9648761 9.6879346,58.9649376 9.6883044,58.9658241 9.6839371,58.9668629 9.6865191,58.9718021 9.677687,58.9717869 9.6646435,58.9678833 9.6571592,58.9677727 9.6562591,58.9727021 9.6532882,58.9725605 9.6511716,58.9702451 9.655602,58.9691488 9.650125,58.9676795 9.656653,58.9669086 9.657373,58.9657819 9.6507173,58.9636563 9.6503938,58.9604908 9.6474465,58.9589843 9.6407666,58.9592148 9.6394053,58.9578989 9.625492,58.95596 9.6292568,58.9521781 9.6267101,58.9492255 9.6312628,58.9492968 9.6389344,58.9528373 9.6409721,58.9505492 9.6327369,58.94638 9.6229776,58.9371496 9.6221442,58.9336118 9.6283624,58.9329437 9.624207,58.9308335 9.6193552,58.9332798 9.617853,58.9325351 9.6143364,58.9330857 9.6162543,58.9306422 9.6135548,58.9289857 9.614749,58.9259501 9.6141576,58.9257873 9.6107132,58.9255449 9.609699,58.9263266 9.6124899,58.9310497 9.6074924,58.9306186 9.6056021,58.9321494 9.5967252,58.9278123 9.5899128,58.9263062 9.588163,58.924448 9.5873954,58.9243984 9.5861515,58.9251643 9.5855201,58.9251747 9.5795577,58.9245015 9.5783472,58.924744 9.5752025,58.9282119 9.5707594,58.9263871 9.5702106,58.9264861 9.5674356,58.9293755 9.5540239,58.9286458 9.5547431,58.930613 9.5485677,58.9329818 9.552078,58.9285837 9.5346721,58.9288945 9.5324813,58.9313565 9.5302098,58.9298238 9.5203958,58.9289441 9.5189204,58.927801 9.4961886,58.9339261 9.4921875,58.9358259 9.4907382,58.9371811 9.4861146,58.9364558 9.4789152,58.9380285 9.4652061,58.9373642 9.4725468,58.9349223 9.4824916,58.933369 9.4823653,58.9323641 9.4770823,58.9318951 9.4799836,58.9281322 9.4804589,58.9280319 9.4826258,58.9304211 9.483447,58.9306889 9.488993,58.9315696 9.4921875,58.9308035 9.4958338,58.9301158 9.5038186,58.9266515 9.5125417,58.9256486 9.5130978,58.9250402 9.5122139,58.9234966 9.5071722,58.9219478 9.4984872,58.9205329 9.4936845,58.9212747 9.4935628,58.9204232 9.4979517,58.9185131 9.516853,58.9197367 9.5177515,58.9173307 9.518326,58.9171879 9.5320162,58.9164968 9.5349472,58.9143776 9.5509773,58.9110993 9.5557539,58.9065427 9.5586667,58.9119507 9.563379,58.9130104 9.5625939,58.910768 9.5674325,58.9052867 9.5612963,58.9023052 9.5557104,58.9034113 9.5532964,58.9014281 9.5584061,58.899972 9.5427659,58.8947695 9.5354213,58.8907136 9.5354263,58.8905383 9.5367072,58.8900992 9.5389603,58.8901283 9.5436209,58.8917412 9.5471787,58.8945184 9.5492465,58.8947808 9.5506575,58.8947676 9.5515645,58.893984 9.5510268,58.8929076 9.5478441,58.8912143 9.5473818,58.8899401 9.5483062,58.8897781 9.553386,58.8896015 9.5546989,58.8910931 9.55507,58.8911582 9.5581427,58.8905894 9.5659683,58.8935401 9.5671296,58.8934613 9.5717371,58.8920136 9.5720747,58.8918474 9.5737327,58.8867188 9.571745,58.8867188 9.5668365,58.8848577 9.5619751,58.8858265 9.5537229,58.8840076 9.5529705,58.8835539 9.5531152,58.8833631 9.5699757,58.8836998 9.5747735,58.8855422 9.5838406,58.8844565 9.5886605,58.8827826 9.5892655,58.882077 9.5879633,58.8815385 9.571786,58.8786705 9.5743939,58.8769428 9.5710541,58.8757485 9.5630353,58.8742232 9.5558794,58.8747547 9.5539262,58.8725975 9.5417987,58.8706772 9.538287,58.8711169 9.5338894,58.873579 9.5280662,58.8736237 9.527131,58.8745894 9.5286039,58.8766065 9.532163,58.8793631 9.5359457,58.8803362 9.5362194,58.8806326 9.5365275,58.8838267 9.5388684,58.8850052 9.5381221,58.8857679 9.5373069,58.8858504 9.5313756,58.8835146 9.5298339,58.8813781 9.5241991,58.8858911 9.5227377,58.8841751 9.5175217,58.8833323 9.5148829,58.8811783 9.5039055,58.882493 9.5035169,58.8823082 9.5054767,58.8775533 9.5031149,58.8771287 9.5027384,58.8723006 9.5017567,58.8718349 9.4961383,58.8717375 9.4937285,58.8742909 9.4934394,58.8744115 9.4921875,58.8741629 9.4830209,58.8760265 9.4807267,58.8779364 9.4805027,58.8785517 9.4810004,58.8816766 9.4825115,58.8867188 9.4830704,58.8879706 9.4869097,58.8902562 9.4808837,58.8899317 9.4793648,58.8951857 9.4809037,58.8983231 9.4881558,58.9015691 9.4849885,58.9026836 9.4842293,58.9052438 9.4903315,58.9116178 9.4860545,58.9124928 9.4833688,58.9153585 9.4800853,58.9163498 9.477263,58.9147971 9.4807049,58.9130809 9.4761337,58.9105713 9.476999,58.9074571 9.4744509,58.9060539 9.47451,58.8974757 9.4689521,58.8949069 9.4664052,58.8992521 9.4693583,58.9065567 9.4686455,58.9093753 9.4653625,58.9083019 9.4617739,58.9027029 9.4532995,58.9007294 9.4574544,58.8979942 9.4584537,58.8977141 9.4620491,58.8984135 9.4624553,58.898265 9.4669892,58.895503 9.4671978,58.8950815 9.4614055,58.8867188 9.4610081,58.8867188 9.4598299,58.8848881 9.4590195,58.8848187 9.4547311,58.8852236 9.4539837,58.8857259 9.45402,58.8867188 9.453305,58.8867188 9.4533185,58.8907735 9.4513195,58.8925393 9.4498028,58.8914332 9.4469876,58.8930238 9.4487162,58.8944668 9.4469351,58.8972321 9.438481,58.8965034 9.4374459,58.8968559 9.4386656,58.8982683 9.4351062,58.8991688 9.4403933,58.9030014 9.439327,58.9045196 9.4358077,58.9052609 9.4326894,58.905039 9.4264221,58.9021316 9.425662,58.9021273 9.4236354,58.9027065 9.423615,58.9052801 9.4210565,58.9064958 9.4194793,58.9065713 9.4120951,58.9056509 9.4026269,58.9032061 9.3959243,58.9043331 9.385033,58.8998641 9.3779227,58.8991917 9.3731579,58.8962225 9.3735554,58.8928494 9.3705155,58.8904744 9.3703076,58.8899227 9.3702834,58.8867348 9.370162,58.8867188 9.3686568,58.8846281 9.3687369,58.8843044 9.370988,58.883496 9.3719437,58.8834999 9.3763691,58.885989 9.3808733,58.8849412 9.3845131,58.8864666 9.3846759,58.8867188 9.3847196,58.8867188 9.3903646,58.8910741 9.387729,58.8911064 9.3827357,58.8886456 9.3902037,58.8974165 9.390595,58.8975656 9.4013977,58.8986155 9.4081624,58.9036133 9.4092845,58.9039208 9.4166312,58.9043312 9.4219269,58.9027084 9.4246225,58.8996974 9.4232028,58.894399 9.4263023,58.8867188 9.4266053,58.8867188 9.4229774,58.8807032 9.4226263,58.8804024 9.4170494,58.8786902 9.4162737,58.8786925 9.4069989,58.8800519 9.4007627,58.882484 9.3982443,58.8816277 9.3981754,58.881296 9.3991236,58.8789265 9.4048352,58.8798671 9.4083757,58.877912 9.4203219,58.8755292 9.4165229,58.8723458 9.4169341,58.8693058 9.4177095,58.8684765 9.4238744,58.8663526 9.4204783,58.8634217 9.4198653,58.8632981 9.3963459,58.864117 9.3900791,58.8627619 9.3796653,58.8638695 9.3690267,58.8625152 9.3708648,58.859382 9.3694069,58.8588578 9.3661288,58.8594896 9.3673542,58.8604881 9.3585289,58.8612138 9.3546146,58.8652074 9.3410555,58.8647166 9.3350949,58.8669999 9.3267887,58.866708 9.3270642,58.8702836 9.3223011,58.8700953 9.3185025,58.8757257 9.3149303,58.8770418 9.3157331,58.8791749 9.3127824,58.8821113 9.3140383,58.8834846 9.3060158,58.88405 9.3048579,58.8867177 9.3052127,58.888302 9.3029104,58.8895797 9.3010153,58.8867188 9.3002785,58.8867188 9.3000084,58.8860677 9.3042521,58.8831944 9.3089417,58.8814002 9.3087586,58.8771619 9.3052701,58.870994 9.3040409,58.861184 9.2988492,58.8584419 9.3029835,58.8576391 9.3032283,58.8566608 9.300088,58.8557842 9.3018354,58.8550951 9.3011602,58.8535684 9.29403,58.8525491 9.3040659,58.8492239 9.30435499999999,58.8474941 9.3000404,58.8460484 9.2957462,58.8470461 9.2939594,58.8469355 9.2930601,58.8464772 9.294782,58.8447309 9.2937551,58.8431731 9.2892613,58.8414568 9.2890255,58.8411701 9.2897158,58.8399363 9.2914186,58.8392981 9.298424,58.8400435 9.2976102,58.8371646 9.2982349,58.8370519 9.3063699,58.8411673 9.3123004,58.8403056 9.3149002,58.8380427 9.3195685,58.8384739 9.323125,58.8373626 9.3311094,58.8394246 9.3328301,58.8408908 9.3374521,58.8398134 9.3423547,58.8444306 9.3487914,58.8445843 9.352083,58.8460408 9.356144,58.845233 9.363196,58.8460506 9.3741912,58.848742 9.382128,58.8490585 9.3973141,58.8519799 9.4313633,58.8496257 9.4416081,58.84789 9.4485925,58.844731 9.4504867,58.8424332 9.4560384,58.8423455 9.4631304,58.8388129 9.4654748,58.8355684 9.4678561,58.8297859 9.4673777,58.8283334 9.4667114,58.8276546 9.4558628,58.8240641 9.4273943,58.8186678 9.3977665,58.8157123 9.3971748,58.8134574 9.3983147,58.8123235 9.4035146,58.8110553 9.4079736,58.8082607 9.4021277,58.8065383 9.402495,58.804919 9.4029196,58.8047211 9.4136093,58.8058718 9.4129233,58.8045715 9.4036788,58.8031045 9.405176,58.8022975 9.4183273,58.8045895 9.4166538,58.8062121 9.418788,58.8082201 9.4322639,58.8119117 9.4410537,58.8089269 9.4460827,58.8110971 9.446467,58.8092983 9.4527541,58.8098938 9.4539586,58.8081833 9.4466742,58.8061283 9.4438999,58.806711 9.4439932,58.8056602 9.4476062,58.8046327 9.4457262,58.8031893 9.4309443,58.8001065 9.4316235,58.7975428 9.4291555,58.7951992 9.4267436,58.7975506 9.4280334,58.799544 9.4256738,58.799584 9.4215912,58.7973269 9.420102,58.7928669 9.4159169,58.7920212 9.415112,58.794155 9.4130778,58.7943542 9.4123044,58.7941343 9.4119371,58.7928005 9.4079952,58.7915434 9.4076356,58.7894202 9.4006789,58.788775 9.4061713,58.7880164 9.4059752,58.7876192 9.4039855,58.7867059 9.3995466,58.7867829 9.399211,58.7866153 9.3990902,58.7839841 9.3982332,58.7837601 9.3901531,58.7836846 9.3874267,58.7821878 9.3883728,58.7802976 9.3840876,58.7791609 9.3824687,58.7730252 9.3789581,58.7711617 9.377515,58.7723546 9.3765404,58.7725644 9.3741194,58.7724468 9.3731929,58.7719886 9.3717169,58.769645 9.3687083,58.7681485 9.3651069,58.7663569 9.3661712,58.7640233 9.3608824,58.7632585 9.3617795,58.7604554 9.3570313,58.7592 9.3517873,58.7535341 9.3482319,58.7529233 9.348365,58.7538784 9.3422267,58.7552084 9.343154,58.756415 9.3414058,58.7564281 9.3396178,58.7555466 9.3408161,58.7522665 9.336549,58.7529513 9.3209112,58.7488152 9.3202631,58.7484388 9.3207355,58.7473686 9.3267782,58.745957 9.3244628,58.7443135 9.3281754,58.7434 9.3262833,58.7417458 9.3226442,58.7422212 9.3167136,58.7458708 9.3184679,58.7478741 9.3134042,58.7482913 9.310288,58.7460968 9.3000102,58.7467819 9.3007454,58.7459548 9.2974252,58.7442322 9.3102227,58.745059 9.311277,58.7439755 9.3080308,58.7420176 9.2900846,58.7424054 9.2854677,58.7407618 9.2703849,58.7414119 9.2556072,58.7438763 9.2551029,58.7470334 9.2527167,58.7473937 9.2444102,58.7470701 9.2445896,58.7429763 9.2402166,58.7410418 9.2307692,58.7419736 9.2202706,58.7449367 9.2086184,58.7440993 9.2051448,58.7478008 9.2017359,58.7437477 9.1955775,58.7418704 9.1876273,58.7416629 9.183838,58.7508807 9.1833338,58.7469276 9.1777693,58.7467753 9.1760892,58.7456818 9.1758435,58.7410675 9.1700438,58.7413039 9.1648744,58.7397811 9.1631475,58.7380292 9.1573786,58.7385926 9.150305,58.74134 9.1476011,58.7402976 9.1466213,58.7403053 9.140625,58.7410713 9.1330353,58.742504 9.1306385,58.7440115 9.1305211,58.7444769 9.1317528,58.7476575 9.1224647,58.7465152 9.1100711,58.7503761 9.1065127,58.7489603 9.0998182,58.7499233 9.0831439,58.7483071 9.0825762,58.748134 9.0815465,58.7468354 9.0868551,58.7438225 9.0890369,58.7472608 9.0932708,58.7486687 9.1008832,58.7484834 9.1039224,58.7451988 9.1037158,58.7448481 9.1008002,58.7432337 9.097068,58.7442997 9.0933898,58.7439619 9.0756145,58.7364153 9.0735954,58.7343918 9.0655051,58.7320924 9.0583777,58.727441 9.0587347,58.7270241 9.0666674,58.7257597 9.0663803,58.727089 9.0737371,58.7266273 9.078566,58.7276455 9.0810848,58.7260563 9.097369,58.7267557 9.1028594,58.7258075 9.1078758,58.7232494 9.1073368,58.7249926 9.1095626,58.7253726 9.1253961,58.724297 9.1255664,58.7229154 9.1221474,58.722019 9.1214505,58.7205079 9.1210217,58.7203019 9.1150875,58.7201709 9.1140952,58.7191696 9.1144218,58.7183096 9.1185036,58.7170976 9.1191663,58.7171031 9.1204534,58.7196991 9.1262321,58.721047 9.1268457,58.7210618 9.136741,58.7187762 9.1387352,58.7204506 9.140624,58.7204241 9.140625,58.7207031 9.1455246,58.7209454 9.1482805,58.7193465 9.1591614,58.7179843 9.1662868,58.7185925 9.1690598,58.7201246 9.1752164,58.7210459 9.184846,58.7215329 9.19366,58.7200105 9.1862355,58.7155375 9.1890134,58.7151883 9.191627,58.715661 9.1946324,58.7189925 9.2000777,58.7196649 9.2022913,58.7216671 9.1876603,58.7237722 9.1650829,58.7243303 9.1660169,58.7228183 9.1645948,58.7203519 9.1631224,58.7196027 9.1622968,58.7197158 9.152719,58.7232147 9.1525151,58.7241259 9.1621575,58.7240602 9.155655,58.7253549 9.1550062,58.7276427 9.154247,58.7279241 9.1526856,58.7280439 9.1494339,58.7256933 9.140625,58.7265625 9.1341156,58.7274272 9.1312096,58.7290633 9.1203482,58.7282832 9.1103612,58.7290601 9.1064066,58.7303913 9.1069349,58.7317241 9.1009634,58.7368675 9.0978405,58.7367281 9.0985825,58.7353632 9.0962687,58.733626 9.0939844,58.7367035 9.0933293,58.7365659 9.088249,58.7318859 9.0875623,58.7314379 9.0860029,58.7316302 9.0853791,58.7325652 9.0879904,58.7355866 9.0915554,58.7364171 9.0931534,58.7388203 9.102954,58.7432889 9.1205261,58.7426865 9.140625,58.7380021 9.140624,58.7377232 9.1437391,58.7369362 9.1519452,58.7358381 9.1595114,58.7352415 9.1692255,58.7352415 9.1872205,58.7376935 9.1949173,58.7382014 9.2130715,58.7390887 9.2349596,58.7388881 9.2355704,58.7376295 9.2322665,58.7371939 9.2311094,58.7354784 9.2257633,58.7345155 9.2349989,58.7335128 9.2366681,58.7315272 9.2295613,58.73183 9.2202271,58.730225 9.2197506,58.732251 9.211637,58.7256851 9.2065808,58.7234536 9.2067552,58.7231625 9.2147316,58.7232316 9.22312,58.7268031 9.235189,58.7293189 9.242485,58.7290626 9.2441509,58.7284111 9.2463622,58.7258796 9.2440268,58.7205141 9.2402933,58.7197467 9.2422531,58.717728 9.2323521,58.712256 9.2276591,58.7110804 9.2277083,58.7109375 9.2287827,58.7109375 9.2302651,58.7105004 9.2292877,58.7066355 9.2185134,58.7036771 9.2150574,58.703564 9.2089835,58.705664 9.1950881,58.7030681 9.203343,58.7011535 9.2036839,58.7009822 9.202812,58.699603 9.2016503,58.6993743 9.185554,58.6984206 9.1940618,58.7022496 9.1923387,58.7025046 9.1731266,58.697619 9.166074,58.697805 9.1550819,58.6954767 9.1488819,58.6962752 9.1411275,58.694158 9.140625,58.6941963 9.1295351,58.6946727 9.1284431,58.6948736 9.1239784,58.6973757 9.1207184,58.6975843 9.1173384,58.6971489 9.1162559,58.6968775 9.1141883,58.695307 9.1088074,58.6953377 9.1063936,58.6915998 9.1025379,58.6898277 9.0945667,58.6896893 9.0872523,58.686922 9.0735332,58.6846088 9.0717433,58.6831682 9.0719819,58.6828107 9.0751048,58.6844071 9.1158701,58.691083 9.1206052,58.6900408 9.1339055,58.6900408 9.140625,58.6911271 9.1599324,58.6938674 9.1617478,58.6930512 9.1837488,58.6928488 9.1882904,58.6951797 9.191854,58.6948165 9.1973686,58.6960731 9.1999412,58.6958556 9.2200083,58.6914377 9.2247195,58.6914558 9.2281011,58.690092 9.2312591,58.6875671 9.2311363,58.6873395 9.2279639,58.6867785 9.2240924,58.683874 9.2318506,58.6839027 9.2319018,58.6836923 9.225214,58.6815459 9.2312456,58.6807692 9.2314789,58.6801637 9.2311271,58.6800044 9.2190098,58.6794235 9.2162684,58.6779209 9.211906,58.6775537 9.2133812,58.672845 9.2050962,58.6703861 9.2039754,58.6653535 9.1893228,58.6660135 9.1874977,58.6630418 9.1795737,58.6593004 9.1733748,58.659016 9.1670392,58.6561049 9.1633517,58.6581399 9.1618403,58.6618547 9.154653,58.6630498 9.1510818,58.6654278 9.1535285,58.6608636 9.1576374,58.6588972 9.1558334,58.6548269 9.1519372,58.6523629 9.1479594,58.6502984 9.1409463,58.6491308 9.1403568,58.6487164 9.1305203,58.6434115 9.1214567,58.6438119 9.1195031,58.6420465 9.1161892,58.641602 9.1178966,58.6410942 9.1176686,58.6393418 9.108801,58.6371868 9.1060818,58.6353263 9.1021966,58.6354305 9.1014807,58.6332077 9.0928013,58.6316447 9.0837357,58.6284004 9.0803875,58.6287616 9.0786464,58.6240234 9.0757945,58.6225404 9.0639839,58.6194295 9.0634173,58.6194415 9.0627763,58.6208173 9.0649799,58.6230739 9.0625293,58.6254075 9.0574175,58.623336 9.0585814,58.6201725 9.0553004,58.619083 9.0554425,58.6174452 9.0549812,58.6170018 9.0532982,58.616468 9.0390661,58.617377 9.0374641,58.6137177 9.0295981,58.6122313 9.0287249,58.612281 9.0274872,58.6134229 9.0335808,58.6189479 9.0334125,58.6191089 9.0308442,58.6205741 9.0222313,58.6187263 9.0246038,58.6152302 9.0235093,58.6128339 9.013728,58.6127715 9.0132428,58.6113766 9.0188702,58.6088464 9.0189347,58.6074424 9.0233266,58.6092716 9.0368392,58.6100755 9.0400311,58.6049929 9.0388641,58.6028521 9.0276213,58.6008478 9.0299075,58.6003174 9.0257297,58.5991207 9.0168316,58.600841 9.0154794,58.6043267 9.0100048,58.6008605 9.0133476,58.5986968 9.0112708,58.595335 9.006197,58.5939909 9.0093669,58.5936222 9.009196,58.5907429 9.022364,58.5961421 9.0347433,58.5981408 9.0384407,58.5969743 9.0367672,58.5943959 9.0325431,58.5932004 9.0326123,58.5901957 9.026364,58.5863523 9.0271927,58.5836616 9.0243104,58.5831738 9.0202746,58.5788105 9.018869,58.5763508 9.0221902,58.5749258 9.0182441,58.5665568 9.0179352,58.5664999 9.0051053,58.5668247 9.0047235,58.5682199 8.9985538,58.569064 8.9956421,58.5726017 9.0013405,58.5891216 9.0037854,58.591705 9.0019197,58.5931053 8.9963738,58.5929586 8.9982435,58.5856004 8.9924242,58.5855472 8.9888805,58.5840853 8.9854853,58.5919898 8.9791852,58.5902276 8.9745938,58.5908781 8.976378,58.5933897 8.9728796,58.5952914 8.9729275,58.6021993 8.9711261,58.603905 8.9625734,58.6034673 8.9639946,58.6001863 8.9625338,58.5992283 8.9593148,58.5995784 8.9564739,58.5971076 8.9501957,58.5977559 8.9532284,58.6025432 8.9612218,58.6022962 8.9565494,58.6043845 8.9539922,58.6085559 8.9468251,58.6084158 8.9451758,58.6110104 8.946121,58.6135135 8.9508559,58.6155587 8.9508219,58.6176006 8.9546744,58.6212518 8.9547898,58.6252284 8.9459668,58.6200629 8.9336053,58.6207565 8.9397252,58.6134824 8.9377576,58.6102046 8.9409502,58.6072187 8.9438301,58.5997595 8.9429901,58.5925304 8.9455336,58.5919362 8.9506143,58.5936558 8.9525855,58.5918593 8.9622899,58.5954297 8.9684625,58.5950274 8.9654304,58.5933594 8.9703499,58.5875612 8.9711039,58.5831227 8.9676285,58.5826147 8.9673868,58.5772469 8.9649068,58.574935 8.9662199,58.5730166 8.962589,58.5721316 8.9611425,58.5683486 8.9675109,58.5644233 8.9672285,58.5628278 8.9717797,58.5638537 8.9743205,58.5617232 8.9665815,58.5543637 8.9693344,58.5544711 8.9767411,58.5578502 8.978062,58.5613235 8.9750006,58.5651506 8.9787052,58.5665265 8.9729155,58.5718557 8.9747252,58.5849179 8.9790514,58.5851001 8.9877901,58.5796736 8.9882189,58.5742964 8.995683,58.5682464 8.9957894,58.5621787 8.9999524,58.5627269 9.0041887,58.5607789 9.0039181,58.5594475 8.9957619,58.5598598 8.9963865,58.5567859 9.0010986,58.5561543 8.9942226,58.5516493 8.9824793,58.5523911 8.976988,58.5509777 8.9831857,58.5513099 8.9926326,58.5496023 8.9830079,58.5436742 8.974984,58.5352886 8.9749943,58.5351562 8.975215,58.5351562 8.9764969,58.5336672 8.9737858,58.5329099 8.9695578,58.528598 8.9647362,58.5263844 8.9583616,58.5264049 8.9577975,58.5248419 8.9541697,58.5234649 8.9541361,58.5218358 8.9503686,58.521282 8.9451526,58.5174186 8.9419897,58.5188962 8.9412543,58.523946 8.9393004,58.5256253 8.9366115,58.5255347 8.936106,58.5233179 8.9310383,58.5210826 8.933598,58.5184025 8.919287,58.5152184 8.9249781,58.512289 8.9199547,58.5095428 8.9140989,58.5114189 8.9099416,58.510999 8.9094789,58.5112543 8.9102978,58.5171936 8.9061826,58.5187655 8.901334,58.5181732 8.9028387,58.5227921 8.9061223,58.5238853 8.9059839,58.524168 8.9024084,58.5246466 8.9033455,58.525761 8.8995287,58.5274872 8.8964611,58.5271728 8.8867447,58.5235903 8.886425,58.5230987 8.8869615,58.5224546 8.8874317,58.5223258 8.8892496,58.5232201 8.8963161,58.5200301 8.8979636,58.5166922 8.888683,58.5113399 8.8882464,58.509689 8.881442,58.5068259 8.886115,58.5051789 8.8934844,58.5081249 8.8923066,58.5099248 8.8983384,58.5135754 8.9011399,58.5120441 8.8989505,58.5088162 8.8927999,58.5062203 8.891345,58.5019799 8.8878078,58.5010159 8.8867326,58.4980977 8.881217,58.4970508 8.8718086,58.4924967 8.862523,58.4922811 8.8580546,58.4880706 8.8499298,58.4853981 8.8472995,58.4853745 8.843196,58.4874759 8.8348475,58.4833008 8.8368515,58.4820262 8.8306077,58.4782578 8.8331414,58.4770799 8.8283069,58.4738981 8.8238612,58.4756163 8.8224022,58.472068 8.8067423,58.4680516 8.8039795,58.4683529 8.8004715,58.4713413 8.8000797,58.4712386 8.7988224,58.4679253 8.7981488,58.4675487 8.7930232,58.4655765 8.789898,58.4656196 8.7896262,58.4654437 8.7887955,58.4642857 8.7862681,58.4625592 8.7847887,58.4620646 8.7762458,58.4608089 8.7681392,58.4566613 8.7676557,58.4565219 8.7597755,58.4559004 8.7587515,58.4554383 8.7551029,58.4522897 8.7586973,58.451224 8.7594739,58.4512622 8.7632791,58.4539456 8.767379,58.4537582 8.7713056,58.4552425 8.7725182,58.4549181 8.7729816,58.4544477 8.7751709,58.4500445 8.7727106,58.4483299 8.7764657,58.4477195 8.7817577,58.4415216 8.7841166,58.4369056 8.7818679,58.4334841 8.7789983,58.4326332 8.7777951,58.4297895 8.77434,58.430831 8.7720352,58.4301668 8.7751129,58.4287661 8.7728106,58.4260004 8.7749556,58.4234509 8.7805516,58.4206193 8.7753896,58.4179995 8.7724684,58.4205946 8.7737178,58.4226707 8.7694865,58.422093 8.7622331,58.4249963 8.7591392,58.4240819 8.7540159,58.424942 8.7532148,58.4204255 8.746787,58.4185944 8.7457243,58.4165089 8.7402771,58.4166145 8.7376518,58.4187754 8.7354141,58.418551 8.7400612,58.4156191 8.741447,58.412537 8.7398154,58.4098856 8.7322778,58.4099953 8.7238652,58.4072396 8.7256809,58.409096 8.7229422,58.4102523 8.720104,58.4069395 8.7149053,58.4047639 8.7086176,58.4039145 8.7086806,58.4019544 8.7114633,58.4002507 8.7096527,58.3981622 8.704163,58.3963341 8.7035496,58.3926455 8.7069122,58.3936696 8.7133502,58.3904623 8.7256989,58.3939732 8.7283124,58.3934084 8.7283146,58.3926907 8.7259901,58.3909302 8.7208112,58.3894553 8.7204698,58.389131 8.7233593,58.3894228 8.7234874,58.3885235 8.7092834,58.3748497 8.70459,58.3733706 8.7010775,58.375249 8.693391,58.3760929 8.6994932,58.3706563 8.6915137,58.3699195 8.6883196,58.3682507 8.6876465,58.3658839 8.6861624,58.3655294 8.685588,58.3656209 8.6819617,58.3690857 8.6793675,58.3684052 8.6753488,58.3721356 8.6723583,58.371006 8.6685953,58.3712424 8.6680204,58.3709167 8.6762506,58.3606498 8.6735622,58.3607105 8.6731821,58.3604594 8.6736469,58.359375 8.6741693,58.359375 8.6746318,58.3571931 8.6743866,58.3569036 8.6714664,58.3555655 8.6643027,58.3550528 8.6632189,58.3551199 8.660748,58.3568319 8.6534287,58.3540769 8.6563369,58.3526036 8.6519858,58.3506078 8.6504194,58.3447158 8.6458828,58.3432604 8.6352003,58.3408197 8.6298925,58.3409584 8.6287438,58.3424699 8.6272846,58.341234 8.6235282,58.3415595 8.6230345,58.3392394 8.6321394,58.3389488 8.6385443,58.337646 8.6390113,58.3365594 8.6291471,58.3372431 8.6279016,58.3366452 8.631474,58.3349833 8.6313195,58.3335028 8.6279172,58.3328886 8.6251251,58.3338319 8.6242965,58.3315811 8.6189097,58.3301417 8.6157897,58.3315387 8.6142383,58.3302388 8.6135364,58.3301146 8.6102386,58.3305242 8.6098126,58.3307325 8.608739,58.3347203 8.6032575,58.333864 8.6002949,58.3349634 8.6030046,58.336073 8.6122988,58.3511493 8.6191756,58.3557554 8.6177537,58.3575819 8.6217957,58.3586195 8.6217526,58.359375 8.6208777,58.3622775 8.6135689,58.3632311 8.6130143,58.359375 8.6132812,58.359375 8.6142793,58.3579658 8.6140388,58.3577456 8.6049718,58.3535639 8.6062968,58.3506039 8.6028517,58.3471893 8.6042238,58.3442068 8.6024143,58.3402746 8.6021147,58.3399401 8.596445,58.3404448 8.5977588,58.335975 8.5945212,58.3334984 8.5949755,58.3312964 8.5852557,58.3305519 8.5836772,58.3268296 8.5784,58.3245825 8.5796151,58.3221589 8.5759923,58.3214453 8.5713974,58.3109263 8.5675349,58.3081417 8.5553529,58.3033274 8.5502182,58.310449 8.5461156,58.312499 8.5523591,58.3001488 8.5479145,58.298768 8.5462738,58.3003511 8.5482438,58.3021843 8.5462198,58.3026882 8.5423262,58.301805 8.541429,58.3014271 8.5399647,58.2995799 8.5461752,58.29702 8.5454233,58.2953928 8.5443155,58.2946559 8.5377018,58.2922133 8.5327961,58.2920018 8.5306458,58.2937537 8.5295619,58.2903233 8.5286937,58.2902027 8.5258352,58.2905761 8.5247006,58.2909878 8.5206805,58.2936445 8.5145792,58.3014097 8.5133953,58.3017904 8.5129048,58.3013428 8.5175731,58.2923748 8.5234044,58.2891663 8.5176653,58.2888339 8.5179194,58.2850493 8.5102533,58.2828058 8.5064598,58.2801282 8.5137534,58.2811199 8.5166519,58.2793014 8.5189738,58.2819607 8.5236063,58.2813749 8.525362,58.2846857 8.5327379,58.2871983 8.5357969,58.2872822 8.5379273,58.2850317 8.5282522,58.2779448 8.5343173,58.2777718 8.5328611,58.2757893 8.5343571,58.2747499 8.5303134,58.2726066 8.5320172,58.2706593 8.5212358,58.2634377 8.5203707,58.2610366 8.5177729,58.2612973 8.5164366,58.2591081 8.5095065,58.2576 8.5136904,58.25709 8.5120335,58.2557857 8.5154523,58.2528949 8.523667,58.2538756 8.5200576,58.2508728 8.5250136,58.2513089 8.5269767,58.2496057 8.5213869,58.2490116 8.5192679,58.2466543 8.516566,58.2465626 8.5137287,58.2482941 8.5074502,58.2458704 8.5050718,58.2473695 8.5092407,58.2481782 8.5057803,58.2513655 8.5008544,58.2471604 8.4952672,58.2457201 8.49433,58.2501529 8.4916199,58.2513382 8.5007268,58.2508721 8.4986399,58.2535057 8.5072169,58.2565331 8.5084203,58.2589833 8.5149637,58.2612168 8.5154068,58.2643194 8.5201411,58.2683748 8.5152477,58.2672836 8.506808,58.2612447 8.503359,58.2602305 8.4951665,58.2613611 8.4868696,58.2595955 8.4886906,58.2618539 8.4868673,58.262695 8.4716175,58.2590321 8.4677525,58.2548639 8.475453,58.257084 8.4697775,58.2539707 8.4716429,58.2528747 8.469712,58.2507619 8.4654238,58.2515985 8.468069,58.2492253 8.466875,58.2479397 8.4627531,58.2488564 8.4590888,58.2483807 8.4607279,58.2509979 8.4564373,58.2507561 8.4546279,58.2530162 8.4492077,58.2500358 8.4472851,58.2507135 8.4469606,58.2532227 8.4426283,58.2527151 8.4393556,58.2537572 8.4375,58.2522321 8.4372352,58.2522321 8.4334847,58.254222 8.4342942,58.2552989 8.437499,58.2550222 8.437499,58.2553014 8.4400047,58.2552431 8.4377695,58.2581261 8.4375,58.2580914 8.4365886,58.2590132 8.4375,58.2617188 8.4445086,58.2610071 8.4622715,58.2532966 8.4665926,58.2543659 8.4652864,58.255854 8.4675089,58.2570618 8.465602,58.2584937 8.4686145,58.2612658 8.468473,58.2614415 8.4610077,58.2593464 8.4595417,58.2574914 8.4572459,58.2575576 8.45281,58.2601023 8.4414755,58.2634614 8.4407793,58.2636111 8.4375,58.2631139 8.4353811,58.263876 8.4349113,58.2643809 8.4354407,58.2647533 8.4375,58.2645088 8.4388294,58.2644534 8.4405406,58.2672219 8.4399974,58.271033 8.4443203,58.273243 8.443819,58.2734014 8.437499,58.2717634 8.4375,58.2714843 8.4351085,58.2717136 8.4366239,58.2769368 8.4344252,58.2780504 8.434473,58.2786793 8.437499,58.2806919 8.4355441,58.2828159 8.4375,58.2845982 8.4402021,58.2871968 8.4377638,58.2885044 8.4375,58.2885044 8.4356459,58.2885044 8.4114333,58.2686179 8.4108127,58.2663428 8.4171999,58.2657722 8.4164351,58.2675402 8.4187222,58.269666 8.427527,58.2662432 8.4309734,58.2598972 8.4277483,58.2570275 8.4340237,58.2574769 8.4306554,58.2536427 8.4375,58.2513951 8.4386638,58.2504743 8.4375,58.25 8.4339163,58.2507812 8.4318147,58.250146 8.4346724,58.2484977 8.4298464,58.2448552 8.4329346,58.2448699 8.4338129,58.2451771 8.4356371,58.2472559 8.4375,58.2472097 8.440182,58.2467749 8.4402761,58.2464933 8.437499,58.2444196 8.4375,58.2441406 8.4358068,58.2426134 8.4340168,58.2425241 8.4259017,58.2446299 8.4262655,58.2430127 8.4191796,58.241069 8.4191706,58.2374887 8.4130408,58.2363327 8.4109294,58.2401353 8.4062744,58.2417771 8.4099247,58.2431992 8.408008,58.2443056 8.405023,58.2429689 8.4053446,58.2398517 8.3954114,58.242282 8.3937073,58.2470595 8.3961539,58.2454427 8.4051077,58.251569 8.3978878,58.2515022 8.3994735,58.2550544 8.391662,58.2559133 8.3852319,58.251105 8.3854522,58.2467749 8.3793799,58.2477387 8.3808016,58.2436572 8.3751376,58.2409621 8.3771985,58.2393962 8.3739793,58.2388951 8.3712102,58.2365202 8.3631893,58.2371733 8.3634661,58.2362074 8.3577561,58.2345589 8.3526808,58.2349941 8.3497202,58.2339545 8.3561161,58.2313482 8.3537436,58.2292866 8.3572977,58.2272239 8.3720996,58.2267013 8.3777854,58.2255203 8.3778697,58.2267854 8.3749577,58.227966 8.3780646,58.2292928 8.3727295,58.2300957 8.3692318,58.231956 8.3758149,58.2344517 8.375337,58.2354871 8.3798239,58.2356637 8.3803488,58.2392159 8.3905941,58.2391111 8.395614,58.2364658 8.3920981,58.2319964 8.3941653,58.2295113 8.3886797,58.2286139 8.3881916,58.2301406 8.3793339,58.2283757 8.3831697,58.2270771 8.3844774,58.2243114 8.3822747,58.221481 8.3855565,58.2206109 8.3825237,58.2188162 8.3906455,58.2188739 8.3918833,58.2176321 8.3894413,58.214883 8.3902915,58.2113993 8.3866744,58.2107623 8.3886116,58.2097923 8.3888556,58.2068886 8.385408,58.2067977 8.3837819,58.2088141 8.3786507,58.2089297 8.3815689,58.2068717 8.3743644,58.2051976 8.3760405,58.2031196 8.3738648,58.2021478 8.3763546,58.2007527 8.3724012,58.1982375 8.3708599,58.193614 8.366856,58.1958373 8.3603531,58.1941361 8.3566868,58.1949586 8.3564714,58.1931194 8.352589,58.1938372 8.3436136,58.1903934 8.3425217,58.1919461 8.3391041,58.1912071 8.32929,58.1927034 8.3169513,58.1985338 8.3201828,58.1993411 8.3333488,58.1964608 8.337694,58.1986014 8.3410453,58.1978267 8.3410245,58.1948926 8.3442112,58.1946007 8.3441933,58.1974164 8.3411893,58.1990184 8.3395354,58.2028362 8.329558,58.2044932 8.3339776,58.2002639 8.3316072,58.1981487 8.3252918,58.199967 8.3225504,58.2040429 8.3272789,58.2055453 8.3259335,58.2076888 8.3284668,58.2093954 8.3325479,58.2098585 8.3326063,58.2122254 8.3350021,58.2111588 8.3337786,58.209143 8.3387469,58.2069269 8.3394926,58.2094033 8.3365068,58.214608 8.3370301,58.2155606 8.3420469,58.2155218 8.3396791,58.2184637 8.336502,58.2180806 8.3346056,58.2157553 8.3252531,58.2127511 8.3253263,58.209066 8.3223768,58.2082568 8.3192604,58.209316 8.3158107,58.2131026 8.3012764,58.2116216 8.2962013,58.2128803 8.2944134,58.2146066 8.2910495,58.212765 8.2885395,58.2145637 8.287275,58.2112442 8.2916731,58.2082614 8.2897689,58.206748 8.2958617,58.2035878 8.300106,58.2039948 8.3037483,58.2021296 8.3005435,58.2002938 8.2953461,58.2003461 8.2916045,58.2027071 8.2846173,58.2025676 8.2814829,58.2045035 8.2778755,58.2035908 8.278384,58.2020189 8.2758383,58.2004913 8.2727813,58.2043818 8.2673566,58.2068942 8.2665474,58.2052413 8.2717407,58.2003773 8.2702771,58.199842 8.2655569,58.2014136 8.263693,58.2006679 8.2601852,58.201871 8.2563436,58.2074817 8.2560604,58.2077785 8.2539405,58.2084212 8.2532911,58.2082922 8.2524145,58.2067571 8.2555686,58.2027076 8.2510194,58.2013746 8.2476867,58.2016339 8.2472174,58.2009534 8.247876,58.2004094 8.2599365,58.1987947 8.2670207,58.1992018 8.2708131,58.198072 8.2708317,58.1962444 8.277335,58.1952741 8.2845381,58.1919013 8.288124,58.1935008 8.2861264,58.1944652 8.287522,58.1959903 8.2810332,58.1954865 8.2770274,58.1993823 8.2841467,58.1996049 8.2855116,58.1981694 8.290925,58.1973006 8.2936969,58.1993561 8.297751,58.1978527 8.3024088,58.1990021 8.2995223,58.1965394 8.3054723,58.1937807 8.3004076,58.1904981 8.295736,58.1903861 8.2978627,58.1891136 8.292605,58.188448 8.2910887,58.1861655 8.2850474,58.1842182 8.286073,58.1835937 8.2875071,58.1835937 8.2879022,58.1826783 8.2874968,58.182093 8.2844477,58.1809624 8.2872688,58.1786433 8.2911911,58.1835937 8.2918971,58.1835937 8.2919241,58.1843783 8.2955585,58.1853991 8.3000528,58.1843855 8.3008989,58.1835937 8.3006634,58.1835937 8.3033204,58.1779259 8.2975751,58.1769733 8.2985692,58.1736296 8.3016201,58.1726671 8.3014357,58.1721265 8.2958841,58.1683881 8.2962657,58.1667962 8.2948858,58.1666538 8.2933149,58.1679437 8.2898268,58.1670773 8.2885305,58.1678053 8.2885438,58.1694711 8.2860118,58.1704813 8.2872934,58.1746829 8.2829885,58.1766192 8.2819797,58.176818 8.2736194,58.1743375 8.2733166,58.1740336 8.2789571,58.1728863 8.2789925,58.1725962 8.2781554,58.1702464 8.2735714,58.1658685 8.2681565,58.1650732 8.2695813,58.1598455 8.2742232,58.1573387 8.2720751,58.1553186 8.2725043,58.1551694 8.2789762,58.1565632 8.2831361,58.1560808 8.2843199,58.1573884 8.2833411,58.1583472 8.2729851,58.159501 8.2713696,58.1609792 8.2815793,58.1601953 8.28313,58.1609617 8.2890779,58.1597499 8.2895237,58.1594208 8.2871565,58.1576465 8.2931957,58.154512 8.2931334,58.1536905 8.289453,58.1544775 8.2842054,58.1517529 8.2851202,58.1498832 8.2842838,58.1496301 8.2811151,58.1507692 8.2765552,58.1495134 8.2680312,58.1496491 8.2671462,58.1499152 8.2656748,58.1517797 8.2679127,58.1532977 8.2635872,58.1529965 8.2583485,58.1539885 8.2577043,58.1546007 8.2608913,58.1559458 8.2657861,58.1566699 8.2663159,58.1586 8.2640868,58.1591541 8.2460017,58.154635 8.2380619,58.15467 8.2430059,58.153128 8.2442095,58.1508852 8.2414836,58.1491712 8.236046,58.1492137 8.2440373,58.1472837 8.2418333,58.1454337 8.245352,58.1418231 8.2499214,58.1426872 8.2467107,58.1445593 8.2488759,58.1475003 8.2472852,58.1498315 8.253278,58.1496964 8.2592694,58.1514506 8.2641757,58.1499898 8.2523581,58.1469105 8.2594996,58.1467654 8.261319,58.1447703 8.2575269,58.1433825 8.2547292,58.1449393 8.2522768,58.1420195 8.2537127,58.1402028 8.2513129,58.1385943 8.2519772,58.1362926 8.2565827,58.1360189 8.2523069,58.1346753 8.2591233,58.1330569 8.2510306,58.1327097 8.2507268,58.1297857 8.2447233,58.1305294 8.2410867,58.1297485 8.2392508,58.1273005 8.2419641,58.12652 8.241899,58.1251444 8.2367193,58.1240717 8.236683,58.1229492 8.2323924,58.1218079 8.2325459,58.120416 8.2289227,58.1208467 8.2299165,58.118434 8.2284228,58.117576 8.2254761,58.1184422 8.2278388,58.1206226 8.2245163,58.1244118 8.2189556,58.1261234 8.2171896,58.1242948 8.2107161,58.1246566 8.2113384,58.1230453 8.2176117,58.1221213 8.2189782,58.1204611 8.2156618,58.1145551 8.2118109,58.113149 8.2120246,58.112833 8.2183781,58.1121538 8.2199951,58.1112543 8.2200032,58.1106626 8.2129039,58.108005 8.2112724,58.1079419 8.2089595,58.1093503 8.2087085,58.1097806 8.2099468,58.1114211 8.2056087,58.1120191 8.2055252,58.1122323 8.2092413,58.1145329 8.2061572,58.1160371 8.2035886,58.1142598 8.2042499,58.1126035 8.20147,58.1127554 8.2032387,58.1168371 8.1996731,58.1190981 8.2033725,58.1186568 8.2049412,58.1190308 8.2056168,58.119574 8.2056378,58.120774 8.2050617,58.1213017 8.2021077,58.1223603 8.2079282,58.124665 8.2035317,58.1300654 8.2086364,58.1304749 8.2084997,58.1306765 8.202229,58.1324644 8.206196,58.1348683 8.2054967,58.1367857 8.2105184,58.1428297 8.2102741,58.143308 8.2069933,58.1466866 8.2043253,58.145492 8.2044796,58.1424083 8.1970181,58.1413078 8.1964746,58.1452231 8.1917377,58.1465561 8.1959372,58.1473573 8.1959314,58.1502512 8.1992884,58.1527562 8.2047091,58.1518476 8.2066183,58.1529188 8.2062846,58.1541984 8.2011147,58.1552693 8.2001991,58.1587707 8.205392,58.1611886 8.2067904,58.1634207 8.2063882,58.163608 8.1998349,58.1629843 8.1997877,58.1610312 8.1896313,58.1648571 8.1863865,58.1631516 8.1856138,58.159031 8.188341,58.1570883 8.1953058,58.1556875 8.1958489,58.1548665 8.1957563,58.1537271 8.1905766,58.14838 8.1898874,58.1468979 8.1897218,58.1464664 8.1918021,58.1455426 8.1890085,58.1448771 8.185497,58.1455643 8.1857781,58.1438727 8.1851511,58.141977 8.1788331,58.140227 8.1842299,58.1385458 8.1846756,58.1381329 8.1845537,58.1371706 8.1831393,58.1357076 8.1825031,58.135496 8.1755844,58.1349081 8.1832941,58.1337456 8.1834784,58.1331754 8.1831259,58.1329308 8.1797419,58.1331404 8.1788265,58.1306847 8.1805922,58.1291732 8.1749535,58.1276464 8.1737545,58.1251463 8.1708713,58.1245203 8.1701754,58.1246395 8.1666091,58.1282223 8.1492066,58.1282216 8.1652418,58.1235048 8.1641217,58.1219642 8.1591792,58.1228621 8.1673715,58.1189008 8.165072,58.1175466 8.1574419,58.1181056 8.1562701,58.1167756 8.1578948,58.1158524 8.1549938,58.1143163 8.1562259,58.1099027 8.1537656,58.1078752 8.1499162,58.1074285 8.146789,58.1040763 8.1418591,58.1044528 8.138378,58.1064748 8.132302,58.1123455 8.1323636,58.1140258 8.1294192,58.1145642 8.1223685,58.1128796 8.1265769,58.1098225 8.1262918,58.1094247 8.1251049,58.1086224 8.1236256,58.1083643 8.1188365,58.1085866 8.1161873,58.1091284 8.1142071,58.1100975 8.1140189,58.1149594 8.1032346,58.1162432 8.0992424,58.1186286 8.0944293,58.1189655 8.0925142,58.1195838 8.0875704,58.1217951 8.0859375,58.1241629 8.0839536,58.1267598 8.0855737,58.1300765 8.0859375,58.1303014 8.0906212,58.1321079 8.0872493,58.1336191 8.0859375,58.1336495 8.0846208,58.1336495 8.0836993,58.1332412 8.0859375,58.1311384 8.0859375,58.1305803 8.0852295,58.1303113 8.0761456,58.1296318 8.0795364,58.1272861 8.0778837,58.1237009 8.0754622,58.1230741 8.071897,58.1240277 8.0666879,58.1182605 8.0624043,58.1189584 8.0637636,58.1215051 8.0596706,58.1211118 8.0595531,58.1239464 8.06423,58.1277211 8.068688,58.1357738 8.0752217,58.1410137 8.0661227,58.141257 8.0655903,58.1376981 8.0606772,58.1366701 8.0631831,58.1351863 8.0609633,58.1338472 8.0578147,58.1352611 8.0586736,58.1366858 8.0512239,58.1429946 8.0471932,58.1496725 8.0503983,58.1502312 8.04944,58.1516635 8.0519278,58.1549847 8.0612378,58.1627496 8.0686259,58.1650347 8.0730205,58.1637237 8.0726898,58.1621644 8.0790805,58.1618766 8.0754982,58.1655445 8.0757346,58.1667337 8.0764627,58.1672451 8.0805573,58.1678056 8.0859375,58.1657366 8.0861657,58.1657071 8.088394,58.1669706 8.0881526,58.1673774 8.0859375,58.1676896 8.0854296,58.167859 8.0859365,58.1693639 8.0820739,58.1693484 8.0747203,58.1720175 8.0716767,58.1745656 8.0797945,58.1764626 8.082118,58.1795526 8.0811998,58.1835937 8.0811723,58.1835937 8.0810786,58.1842941 8.0859365,58.1855468 8.0867755,58.1862658 8.0862089,58.1881157 8.0859375,58.188058 8.0854247,58.1889508 8.0830245,58.1902902 8.0761343,58.1902334 8.075489,58.191749 8.075699,58.1920984 8.0859375,58.1967076 8.0901235,58.1988651 8.0897549,58.1991661 8.0859375,58.1981027 8.0729343,58.1952182 8.0700352,58.2004464 8.0642842,58.2046598 8.0650568,58.2063953 8.0612704,58.2092777 8.0586022,58.21538 8.0527856,58.2174385 8.0471756,58.222191 8.0441219,58.2286018 8.0386267,58.2299528 8.0315984,58.2355982 8.0233701,58.231184 8.0248516,58.229929 8.0252122,58.2298234 8.0319533,58.2287776 8.0329208,58.2283653 8.0412796,58.2242562 8.0440651,58.2222102 8.0446991,58.2197257 8.0504318,58.216163 8.0506887,58.2150632 8.0503292,58.2142432 8.0462571,58.2122604 8.0458184,58.2107559 8.0460333,58.210252 8.0515372,58.2087969 8.0500609,58.2081251 8.0542299,58.2049083 8.0546554,58.1999201 8.044816,58.1998988 8.0435618,58.1979773 8.0364717,58.1974132 8.0437272,58.1906793 8.0498534,58.1884288 8.0514663,58.1848286 8.0515224,58.1835937 8.0512013,58.1835937 8.0485113,58.1813436 8.0474371,58.1811583 8.0423378,58.1826369 8.0384229,58.1824704 8.0378048,58.1820554 8.0382421,58.1814668 8.0466579,58.1788179 8.048519,58.1770586 8.0487105,58.1767467 8.0433987,58.1737227 8.0464144,58.1706045 8.0470387,58.1677808 8.0455147,58.1668056 8.0505317,58.1619322 8.0425537,58.1634587 8.045368,58.1582696 8.037202,58.1574478 8.0322979,58.1555041 8.0332547,58.1545655 8.0301076,58.153037 8.0351371,58.15189 8.0342644,58.1498826 8.0372751,58.1514143 8.038322,58.1508735 8.0389631,58.1469738 8.0368458,58.1448895 8.0363334,58.1445742 8.0314313,58.1455127 8.0293139,58.1442784 8.0265678,58.1453347 8.025779,58.1424837 8.0201632,58.1435133 8.0174947,58.1421328 8.0135605,58.1443233 8.0109856,58.1434385 8.0068144,58.1456251 8.0064569,58.1455507 8.001038,58.1420475 8.0002164,58.1410744 8.0054967,58.1370584 8.013521,58.1329288 8.013141,58.1312873 8.0108475,58.1301392 8.0076631,58.1295264 8.0069237,58.1295179 7.9972436,58.1325874 7.9975709,58.13475 7.9941343,58.1358263 7.9949305,58.1377834 7.9871317,58.1395946 7.990069,58.1422622 7.9866315,58.1443799 7.9793751,58.1402051 7.9783198,58.1363623 7.9683725,58.1361192 7.9680765,58.1358894 7.9675627,58.1349699 7.9729017,58.1325266 7.9808871,58.130442 7.9781225,58.1288574 7.9790241,58.1265171 7.9708141,58.1210868 7.9643559,58.119531 7.9671937,58.1176283 7.9615147,58.1148601 7.9543788,58.1137198 7.9587644,58.1123527 7.9639101,58.1150424 7.9646267,58.1151694 7.9785565,58.1158907 7.9816844,58.1156054 7.9885433,58.1134202 7.9883846,58.1123104 7.9855995,58.1119221 7.9861177,58.1105374 7.9866836,58.1103036 7.98892,58.1115721 7.9893479,58.1115485 7.9941593,58.1102906 7.99412,58.1099939 7.9900337,58.1083596 7.9900103,58.1058737 7.9829974,58.1074558 7.9781779,58.1067811 7.980512,58.1029263 7.9825199,58.1030374 7.9830033,58.1054248 7.990195,58.1043181 7.9905493,58.1021746 7.9879142,58.0981951 7.9836679,58.1004097 7.9773262,58.0991245 7.972782,58.0995069 7.9733051,58.0944873 7.9780402,58.0930243 7.975246,58.0898293 7.9729629,58.0893354 7.97539,58.0877827 7.973893,58.0870847 7.9691411,58.0878823 7.9715821,58.0856442 7.9668318,58.0845131 7.9675621,58.0830681 7.9627349,58.0825977 7.9605093,58.0860425 7.9535505,58.0864313 7.9529088,58.0860935 7.9533795,58.084655 7.9601002,58.0803943 7.9599959,58.0801897 7.9562593,58.0777329 7.9518338,58.0776958 7.95275,58.0762088 7.9524333,58.0757552 7.951189,58.0754324 7.9494056,58.0753703 7.944521,58.0767798 7.9438879,58.0771499 7.9419888,58.0848041 7.9302645,58.0894768 7.9335705,58.0944246 7.9297565,58.0909609 7.9259467,58.0903707 7.9278969,58.0876375 7.9254543,58.0864191 7.9285262,58.083889 7.9196889,58.0803692 7.9230343,58.0774343 7.9206464,58.0753319 7.9167695,58.0752568 7.9183722,58.0723758 7.9124069,58.0712305 7.9110717,58.0696752 7.9040113,58.0696307 7.9033272,58.0728527 7.8973444,58.0714977 7.8988022,58.0730853 7.8965662,58.0732423 7.8920356,58.0712591 7.8857039,58.0733362 7.8788528,58.0735424 7.8772968,58.0720785 7.8697776,58.0725179 7.8663771,58.0706657 7.8599674,58.0711946 7.8578438,58.0702196 7.8517752,58.0754858 7.8437899,58.0753533 7.8383008,58.0726948 7.8410971,58.0698286 7.8385915,58.0644172 7.8426907,58.0643045 7.8433114,58.0631444 7.838119,58.0620712 7.8381929,58.0643635 7.8303868,58.0639638 7.8168314,58.0653237 7.8181642,58.0700469 7.8216698,58.0723687 7.816986,58.0751725 7.8172672,58.077244 7.8092172,58.0754952 7.8039255,58.0773067 7.800897,58.0749161 7.8032933,58.0749521 7.8038892,58.0727216 7.7984552,58.0729696 7.7962265,58.0721083 7.796845,58.0679795 7.7850959,58.0668708 7.7829632,58.0738648 7.7876623,58.07769 7.7853822,58.0798187 7.7831934,58.077719 7.7707959,58.0736068 7.7701123,58.0698804 7.7651838,58.0675386 7.7582638,58.0684741 7.7575144,58.070666 7.7501833,58.0692667 7.753324,58.065556 7.7567852,58.0656981 7.7543932,58.0638289 7.7564245,58.0609875 7.7512327,58.0611686 7.7478644,58.0664335 7.7427582,58.0649349 7.7377983,58.0652834 7.7384905,58.0629147 7.7457542,58.0641136 7.7467889,58.0623134 7.743965,58.0605649 7.7469264,58.058272 7.7467281,58.0577281 7.7421156,58.0567425 7.7407593,58.0569558 7.738,58.0579854 7.7416148,58.0586078 7.7387179,58.0601872 7.734374,58.0599889 7.7341119,58.0599889 7.734374,58.0588728 7.734375,58.0583146 7.7341119,58.0583146 7.7291933,58.0570111 7.734374,58.0544084 7.7353712,58.0542141 7.7358589,58.053108 7.735747,58.0528589 7.734375,58.0527343 7.7284398,58.0514221 7.727488,58.0515186 7.7242717,58.05216 7.7292768,58.0532451 7.7288125,58.0541832 7.7212347,58.0542392 7.7238919,58.0526133 7.7212669,58.0503106 7.7277232,58.0491508 7.7162945,58.0489932 7.7153214,58.0477054 7.7143849,58.0476258 7.7125751,58.0480064 7.7120804,58.0483673 7.7097098,58.0530425 7.7125505,58.0524995 7.7131752,58.0505661 7.7158659,58.0519071 7.7081664,58.0548474 7.7010772,58.060086 7.7026298,58.0662832 7.7006001,58.0696616 7.693699,58.0706379 7.6906385,58.0693275 7.6927046,58.064463 7.6976002,58.0621163 7.7089871,58.0505973 7.7013638,58.0458543 7.6988404,58.0479215 7.6814486,58.0481095 7.6829016,58.046351 7.6901377,58.0461478 7.6894299,58.0431398 7.6846505,58.0414737 7.6690056,58.0441397 7.6629179,58.0429847 7.6686702,58.0400513 7.6739801,58.0409603 7.6796706,58.0397607 7.6820219,58.038004 7.6818579,58.0360225 7.6755185,58.0316627 7.6812769,58.0292186 7.6756063,58.0273426 7.6774774,58.0261149 7.6760725,58.0201104 7.6702743,58.0189306 7.6624507,58.0230305 7.6595315,58.0229678 7.657221,58.0249745 7.6527792,58.0240231 7.6673443,58.0170218 7.6726809,58.0160198 7.6688066,58.0145462 7.6694936,58.0120902 7.6689882,58.0117378 7.6676857,58.0117202 7.666647,58.0130647 7.6629694,58.0123752 7.6600949,58.0142543 7.6590043,58.0143468 7.6573553,58.0131171 7.6517766,58.0164483 7.6483157,58.0142474 7.6477419,58.0143826 7.6454629,58.0169327 7.6344118,58.0177521 7.6315256,58.0207788 7.6194978,58.0164045 7.6136597,58.0155354 7.6133505,58.0152186 7.6144058,58.0136656 7.6183182,58.0122693 7.6188905,58.012457 7.6226834,58.0167406 7.6233279,58.0171221 7.6266332,58.0179451 7.6273316,58.0179405 7.6283566,58.0169759 7.6325144,58.0173841 7.6364431,58.0156733 7.6363211,58.015251 7.6297091,58.0142438 7.628849,58.0126266 7.636734,58.0138838 7.6406965,58.0132284 7.6378779,58.0122312 7.636167,58.0092341 7.6333271,58.0078125 7.6324681,58.0072544 7.6272287,58.0072544 7.6264437,58.0078125 7.6268837,58.0098928 7.6227005,58.0097433 7.6198213,58.008054 7.6072875,58.0120223 7.6056916,58.0102071 7.6008996,58.0108337 7.5969244,58.0094292 7.5935336,58.0095888 7.5922999,58.0086504 7.5925256,58.0084078 7.5955719,58.0079586 7.5954341,58.0078125 7.5950063,58.0078125 7.5924391,58.0060756 7.5936228,58.0045112 7.595763,58.0065695 7.6004807,58.007109 7.6017911,58.0071878 7.6030228,58.0069526 7.6040219,58.0063205 7.604129,58.0056179 7.6032105,58.0051566 7.5961525,58.0033699 7.5983846,58.0011398 7.5959961,58.0004438 7.5945745,58.0002688 7.5846841,58.0008399 7.5816565,58.0025955 7.5771759,58.0021656 7.5748765,58.0034602 7.5714225,58.0033406 7.5687259,58.0052989 7.5696518,58.0062495 7.5748059,58.0066283 7.5804996,58.0042332 7.582432,58.0078125 7.5626963,58.0073516 7.5596462,58.0078125 7.5573359,58.0091327 7.5513685,58.0092194 7.5441813,58.008431 7.5457563,58.0078125 7.5458695,58.007638 7.5460939,58.0075684 7.5464683,58.0075684 7.5466928,58.007638 7.5468041,58.0078125 7.5520445,58.0078125 7.5522317,58.0077207 7.5517786,58.0062608 7.548161,58.0056463 7.5475827,58.0056293 7.5394102,58.005703 7.5368503,58.0078125 7.5363255,58.0078125 7.534474,58.00541 7.5338823,58.0053676 7.5324171,58.0075682 7.5291566,58.0052119 7.5275841,58.0051658 7.524545,58.006379 7.5260077,58.0052875 7.5228153,58.0052367 7.5191422,58.0066941 7.5185747,58.0065701 7.5186973,58.0045435 7.5149463,58.0039861 7.5158292,58.003269 7.5248231,58.0004169 7.5291291,58.0006881 7.5338364,57.9987267 7.5453402,57.9974782 7.5460865,57.996712 7.5409499,57.995694 7.5485837,57.9932595 7.550366,57.9914019 7.5460182,57.9891183 7.5438182,57.9891438 7.5415736,57.9910347 7.5347548,57.9898405 7.5337929,57.9869604 7.5354669,57.989185 7.5428746,57.9891183 7.545372,57.9868639 7.5407178,57.9828916 7.5371203,57.9820299 7.5425305,57.9810971 7.5417528,57.9785637 7.5343531,57.9772495 7.5347129,57.9741386 7.529651,57.9734499 7.5193123,57.9744424 7.5198233,57.9790359 7.513606,57.9770355 7.5112478,57.9774503 7.5079222,57.9813507 7.5090667,57.9848543 7.5051032,57.9845408 7.5026575,57.9863122 7.5038515,57.9903398 7.4973422,57.990593 7.4970806,57.9908857 7.4961267,57.993678 7.4981503,57.9995708 7.5008755,57.9996891 7.5052855,58.0035599 7.5108439,58.0029596 7.5088009,58.0046939 7.4984952,58.0062743 7.4986027,58.0078125 7.4989815,58.0085166 7.5022306,58.009334 7.4990764,58.0117487 7.5010428,58.0155544 7.5035121,58.0162168 7.5027163,58.0185463 7.5025111,58.0186735 7.4929616,58.0157936 7.4891921,58.0167803 7.4883449,58.0190839 7.4824321,58.0189903 7.4807187,58.0206375 7.4790595,58.0210592 7.4775325,58.0209068 7.4772626,58.0190339 7.4776272,58.0186583 7.4820607,58.0180151 7.482607,58.0173799 7.4814152,58.0134367 7.4854124,58.012363 7.4854003,58.0121815 7.4841855,58.0116773 7.4805855,58.0125048 7.4719645,58.0110232 7.4712915,58.0112261 7.4737451,58.0163075 7.4740782,58.0166894 7.476848,58.0169539 7.476212,58.018362 7.4757318,58.0185184 7.4710974,58.0189396 7.4688389,58.0178349 7.464663,58.0186383 7.4617568,58.0160927 7.4569851,58.0184515 7.4573801,58.0206923 7.4523696,58.0205729 7.4426134,58.0180727 7.445519,58.0167238 7.4409612,58.0159239 7.4442754,58.0117688 7.4415792,58.0106362 7.4404124,58.0139527 7.4308742,58.0141739 7.4300644,58.0191246 7.4266303,58.0199378 7.4263886,58.0202895 7.4278718,58.0212289 7.4311596,58.0208038 7.4328279,58.0224841 7.4236792,58.0255014 7.4282674,58.028488 7.4283974,58.0286587 7.4277456,58.0295312 7.4247473,58.0301623 7.4224848,58.0279512 7.4177262,58.0295438 7.4098005,58.0291582 7.4197334,58.026177 7.4198939,58.0254426 7.4178051,58.0248644 7.4131224,58.0248632 7.4109199,58.0253174 7.4103124,58.0254956 7.4094027,58.0271792 7.4044659,58.0269482 7.4046601,58.0268054 7.4124773,58.0231813 7.4218642,58.0227255 7.4253308,58.0219258 7.4258319,58.0213617 7.4238944,58.0201517 7.4130766,58.0167818 7.395667,58.0202084 7.4029638,58.0160487 7.4024282,58.0121031 7.4035515,58.0117385 7.4084547,58.0114697 7.4095162,58.011591 7.4101704,58.0122091 7.4106342,58.0129654 7.4106013,58.0132043 7.4054812,58.0167074 7.4183528,58.0145971 7.4195826,58.0142807 7.4254586,58.0120509 7.4264661,58.0109601 7.426259,58.0106484 7.4235628,58.0098737 7.4222842,58.0078125 7.4212317,58.0078125 7.4144748,58.0089582 7.412811,58.008231 7.412811,58.0078125 7.4109601,58.0071274 7.4103976,58.0070676 7.4045548,58.0072544 7.4028115,58.0078125 7.4013609,58.0103121 7.3890705,58.0143759 7.3908706,58.0148164 7.3908805,58.0150301 7.3895705,58.0168782 7.3884629,58.0172402 7.3828125,58.016741 7.3818125,58.0168154 7.3798463,58.018375 7.3767819,58.0176514 7.3761841,58.0177193 7.3691226,58.0191104 7.3663672,58.0199229 7.3643821,58.0210675 7.3640755,58.0236886 7.3605047,58.0229831 7.3601435,58.0239665 7.3484019,58.0268679 7.3421162,58.0264738 7.3376461,58.0277951 7.3318297,58.0326166 7.3313063,58.0346496 7.3344398,58.0372972 7.3276393,58.0365096 7.3239616,58.0387419 7.3231267,58.0441761 7.3201329,58.0451639 7.3171834,58.0420119 7.3191584,58.0396717 7.3176457,58.0351758 7.3211797,58.0299957 7.3201265,58.025809 7.3087927,58.0272722 7.3028522,58.0268136 7.2990361,58.0283223 7.3026621,58.0294603 7.3037987,58.0315638 7.3004009,58.0327348 7.3010939,58.0346646 7.2982316,58.0367343 7.299561,58.038298 7.2978243,58.0392795 7.2955931,58.0353168 7.2980241,58.0325862 7.2963958,58.028917 7.2889816,58.0298166 7.2877845,58.0282322 7.280881,58.0282744 7.2799611,58.0249664 7.2761647,58.025515 7.2740073,58.0269175 7.2768919,58.0303344 7.2769775,58.0324548 7.2741719,58.0331342 7.2760249,58.0345711 7.2744344,58.0365678 7.2763435,58.0396653 7.2755167,58.0420702 7.2807562,58.0494238 7.2854301,58.0508167 7.2797728,58.0572619 7.2826726,58.0639361 7.2786202,58.0608966 7.2785636,58.0523047 7.2740139,58.0539795 7.2667336,58.0480921 7.2711287,58.0409997 7.2702553,58.0358469 7.2676657,58.0351911 7.2688533,58.031926 7.2651716,58.0300905 7.2679378,58.0293018 7.2674583,58.0256854 7.2621154,58.0271277 7.2642802,58.0304903 7.2573477,58.0314409 7.2573484,58.0333058 7.2528791,58.0336204 7.2518771,58.0347368 7.252896,58.0412086 7.2581934,58.0432283 7.2484214,58.0501941 7.2459874,58.049243 7.2467608,58.0435518 7.2398968,58.0420287 7.2388318,58.0396579 7.2354856,58.0382559 7.2244554,58.0373884 7.2279559,58.0347385 7.2246727,58.0320587 7.2131659,58.0328894 7.2056133,58.0273141 7.2006493,58.0282104 7.1978132,58.0267597 7.1976126,58.0315934 7.2021542,58.0381438 7.2000602,58.0408589 7.1952167,58.041875 7.1937464,58.0436625 7.1970305,58.0450017 7.1969491,58.0481896 7.2009655,58.0489385 7.1970112,58.0507164 7.1948094,58.0490257 7.1849011,58.0505658 7.1801049,58.0536674 7.1801134,58.0574752 7.1759256,58.0537245 7.1786826,58.0475534 7.17665,58.048524 7.1736768,58.0453026 7.1767215,58.0442218 7.1773849,58.0423532 7.1725937,58.0418226 7.1717026,58.0399657 7.1683161,58.0409452 7.1669719,58.0455973 7.1621265,58.045458 7.1606857,58.0437804 7.1550639,58.0445806 7.1535573,58.0428534 7.154157,58.0376939 7.1513799,58.0375454 7.1486439,58.0403774 7.1459579,58.0400317 7.1485432,58.036076 7.1479169,58.0296922 7.1448416,58.0277408 7.1386178,58.0285563 7.1383889,58.0260584 7.1363965,58.0268828 7.1395468,58.031666 7.138222,58.0341914 7.1412179,58.0374424 7.1423345,58.041469 7.1408964,58.0426673 7.1326562,58.0426 7.1313467,58.0411185 7.1327198,58.0389771 7.1300147,58.0372403 7.1249598,58.0369433 7.1285027,58.0316474 7.1236722,58.0260485 7.1200101,58.0250763 7.1134862,58.0334048 7.1158807,58.0353193 7.1105387,58.0365999 7.1091191,58.0388799 7.108785,58.0390626 7.1064639,58.0395557 7.1060461,58.0392472 7.1074287,58.0336241 7.1052136,58.0302715 7.1164505,58.0177376 7.1168925,58.0140681 7.114471,58.0126947 7.1112452,58.0078125 7.1114125,58.0078125 7.1114594,58.0062733 7.1082438,58.0055043 7.1045057,58.0009557 7.1014086,57.9990487 7.0974973,57.9988166 7.0940247,57.9945385 7.0866531,57.9914709 7.0836602,57.9887534 7.0699964,57.9872202 7.0661256,57.9845415 7.0625395,57.9856299 7.0552629,57.9791092 7.0513371,57.9799332 7.0902543,57.958118 7.1291715,57.9363029 7.1680887,57.9144878 7.2070059,57.8926726 7.2459231,57.8708575 7.2848403,57.8490423 7.3237575,57.8272272 7.3626747,57.805412 7.4015919,57.7835969 7.4405091,57.7617818 7.4794263,57.7399666 7.5183435,57.7181515 7.5572607,57.6963363 7.5961779,57.6745212 7.635095,57.652706 7.6740122,57.6308909 7.7129294,57.6090758 7.7518466,57.5872606 7.7907638,57.5654455 7.829681,57.5436303 7.8685982,57.5218152 7.9075154,57.5 7.9453854,57.4787719 7.9832554,57.4575438 8.0211253,57.4363157 8.0589953,57.4150875 8.0968653,57.3938594 8.1347353,57.3726313 8.1726052,57.3514032 8.2104752,57.3301751 8.2483452,57.3089469 8.2862152,57.2877188 8.3240851,57.2664907 8.3619551,57.2452626 8.3998251,57.2240344 8.4376951,57.2028063 8.4755651,57.1815782 8.513435,57.1603501 8.551305,57.139122 8.589175,57.1178938 8.5904442,57.1196076 8.5895127,57.1220735 8.5917358,57.1224242 8.592633,57.120638 8.5947793,57.1227165 8.5984122,57.1210287 8.6177227,57.1255137 8.6200594,57.1254017 8.6473016,57.1202862 8.6745439,57.1151707 8.6966467,57.1094456 8.7187495,57.1037205 8.7296447,57.1029245 8.7314947,57.1008888 8.7402321,57.0988019 8.7528945,57.0988019 8.7890625,57.1037946 8.8138896,57.1073158 8.8387166,57.1108371 8.8507254,57.1132098 8.8579094,57.1150227 8.8771859,57.1203994 8.8794416,57.1211538 8.9001091,57.1289062 8.9005961,57.1289062 8.9242604,57.1377643 8.9440525,57.1454113 8.9493876,57.1477997 8.9614214,57.1545244 8.9759502,57.1578946 9.0118728,57.1565289 9.028091,57.1589677 9.0420731,57.15702 9.0710742,57.1493427 9.1004173,57.143742 9.1194034,57.1412125 9.140625,57.1395088 9.1490272,57.1387534 9.1595607,57.1384236 9.1942545,57.1384 9.2053734,57.1400367 9.2254711,57.1414325 9.2578816,57.1426075 9.2654057,57.1434819 9.2826037,57.1459934 9.2867194,57.1468303 9.3182569,57.1543638 9.3554688,57.1557717 9.3734539,57.1579911 9.3948723,57.1625251 9.3968385,57.1630665 9.4054689,57.1661471 9.4343751,57.178194 9.4632813,57.190241 9.4921875,57.2022879 9.5130585,57.2104963 9.5341432,57.22109 9.5409772,57.2256562 9.5615458,57.2401659 9.5824271,57.2565237 9.607581,57.2785482 9.622959,57.2890131 9.6276217,57.2930338 9.6391859,57.3046875 9.6645095,57.3290547 9.689833,57.3534218 9.7033877,57.3701179 9.7128905,57.3758957 9.7264858,57.389405 9.750051,57.4214156 9.7736161,57.4534262 9.7848222,57.4651104 9.7911654,57.4743452 9.799353,57.4804687 9.7996098,57.4804687 9.8070838,57.4845939 9.84375,57.5022321 9.84375,57.5027902 9.8746566,57.5217278 9.8987402,57.543667 9.9118325,57.5590131 9.9174551,57.5619698 9.9170744,57.5654668 9.9238654,57.5687643 9.9284456,57.5768783 9.9348671,57.5830882 9.9413782,57.5877833 9.9549766,57.593554 9.9549871,57.5992584 9.9552273,57.5993657 9.9562685,57.5969625 9.9618763,57.5935264 9.9659405,57.5930196 9.9645391,57.5942775 9.9658355,57.5943902 9.9747647,57.5916184 9.97255,57.5937093 9.9749798,57.5945081 9.9824905,57.5915948 9.9748057,57.5956535 9.9595339,57.5973325 9.9814095,57.5959969 9.9855741,57.5925636 9.9940627,57.5907611 10.0370014,57.5901896 10.051338,57.5909299 10.0860825,57.5874196 10.094617,57.5873626 10.1229326,57.5890747 10.1458154,57.5913063 10.1686983,57.5935379 10.1780411,57.5951746 10.1953125,57.5990514 10.2224615,57.6048038 10.2496104,57.6105562 10.278833,57.6209651 10.3133156,57.6310073 10.3201752,57.6334372 10.3360413,57.6418008 10.3682376,57.65625 10.3684856,57.65625 10.4063022,57.6738281 10.439983,57.691486 10.4709814,57.704241 10.5085369,57.7220982 10.5191214,57.7287896 10.546875,57.7388392 10.5565248,57.7424665 10.5759656,57.7480567 10.5858032,57.7498859 10.6043726,57.751597 10.6085728,57.7518332 10.6241956,57.7513654 10.6275615,57.7509018 10.6512383,57.7449291 10.6546648,57.7449882 10.6509068,57.743277 10.6410694,57.7415657 10.6379745,57.7387332 10.6305235,57.7354266 10.6111031,57.7268081 10.6088427,57.7256011 10.6045932,57.7223181 10.606311,57.7205801 10.6045027,57.7198559 10.6005245,57.7221251 10.5981736,57.7214009 10.6007051,57.7197593 10.5979928,57.7178764 10.5960941,57.718842 10.5944664,57.7182143 10.595009,57.7167177 10.5921156,57.7159452 10.591302,57.7187454 10.5946474,57.7198559 10.5937433,57.7207249 10.5811754,57.7158004 10.5832551,57.7152693 10.5900362,57.7177798 10.5894032,57.7158004 10.5915732,57.7152693 10.5894938,57.7150762 10.5924774,57.713676 10.5887703,57.7150279 10.5823509,57.7138692 10.5769258,57.715414 10.5598882,57.7081453 10.5462445,57.7008016 10.5319006,57.691978 10.4991122,57.6700948 10.4821821,57.6563967 10.4824824,57.65625 10.4603024,57.6383038 10.4550362,57.6334643 10.438717,57.615658 10.438464,57.6153196 10.4286004,57.5982594 10.4273823,57.5939853 10.4299304,57.5922834 10.426971,57.5912204 10.4246717,57.5835108 10.4244554,57.5824933 10.4268833,57.5673642 10.4311485,57.55697 10.436909,57.54717 10.44366,57.5377975 10.4457182,57.5355815 10.4769231,57.5101314 10.487711,57.5049506 10.4890862,57.5027663 10.499262,57.4966449 10.5063432,57.4950643 10.5059283,57.4927242 10.50837,57.4918903 10.5026668,57.488384 10.5047116,57.4864424 10.5059425,57.4854949 10.51364,57.4804687 10.5133191,57.4804687 10.5251414,57.4739968 10.526493,57.4718997 10.5364652,57.4671741 10.5394856,57.4641466 10.5414975,57.4568599 10.5433818,57.4552453 10.5474296,57.4526542 10.5522451,57.4502509 10.5565022,57.4498754 10.5607594,57.4472094 10.555595,57.4438673 10.5587354,57.4411261 10.5553855,57.4393235 10.5477786,57.4436795 10.54729,57.4421399 10.5455453,57.4430788 10.5457546,57.441051 10.5504305,57.4404877 10.5494534,57.4388355 10.5516866,57.4398869 10.5528733,57.4391359 10.5507795,57.4382346 10.5524544,57.4380093 10.5515471,57.4358689 10.546941,57.4355685 10.5493838,57.4369955 10.5421954,57.4393986 10.5420026,57.4380791 10.5443649,57.4370706 10.5420364,57.4359387 10.5387151,57.4378216 10.5388927,57.4354398 10.5453414,57.4345922 10.541575,57.4329776 10.5352275,57.4332778 10.5343208,57.4305742 10.5372503,57.429673 10.5359787,57.4298636 10.528113,57.4306118 10.5260901,57.4286216 10.5290197,57.4196845 10.5279049,57.4160504 10.5241988,57.4141645 10.5234818,57.4045728 10.5147136,57.3875911 10.5146126,57.3871486 10.5149815,57.3691586 10.516878,57.3670485 10.5180993,57.3531756 10.5267904,57.3360198 10.5349402,57.3328114 10.5283563,57.3285319 10.5266089,57.3244258 10.5266287,57.324015 10.5278329,57.3171057 10.5298885,57.3152683 10.5283387,57.3130718 10.5329365,57.3046875 10.5329974,57.3046875 10.5353692,57.2946984 10.5437155,57.2793695 10.5463066,57.2706248 10.546875,57.2678571 10.546875,57.2647879 10.5487942,57.2523239 10.546875,57.2416294 10.546875,57.2321428 10.5466179,57.2321428 10.5464128,57.2290691 10.5454738,57.2272435 10.5444843,57.2265137 10.5361325,57.2224818 10.5307387,57.2180339 10.5279818,57.2165291 10.518485,57.2126122 10.5148185,57.2096868 10.5142695,57.2094589 10.508113,57.2089765 10.5030322,57.2067488 10.4974726,57.2059818 10.4974899,57.2038925 10.5049897,57.2004126 10.4998664,57.2003452 10.4926443,57.2032599 10.4851412,57.2006491 10.4840935,57.2000768 10.4693182,57.190432 10.4614009,57.1833417 10.4459978,57.1738746 10.4439265,57.1703079 10.431517,57.159198 10.4227844,57.1487799 10.4224958,57.1479368 10.4234033,57.1461271 10.4273701,57.1457103 10.4282861,57.1450377 10.4284037,57.1435695 10.4217108,57.1400371 10.4183818,57.1405113 10.4183611,57.1406626 10.4214364,57.1419113 10.4224731,57.1434301 10.4222096,57.1442451 10.4217547,57.1443835 10.4197477,57.144237 10.4194742,57.1440778 10.4181354,57.1428542 10.4096422,57.1289062 10.4102414,57.1289062 10.4099962,57.1276236 10.400568,57.1160614 10.401948,57.1146168 10.3862478,57.0835446 10.3822687,57.0696439 10.3788168,57.0639027 10.3776034,57.0590165 10.3777297,57.0583866 10.3820401,57.0561969 10.3784024,57.0551565 10.3731918,57.0501661 10.3730086,57.04989 10.3689334,57.0384171 10.3499811,57.0073972 10.3326375,56.9888532 10.3170919,56.9918354 10.3128041,56.9916106 10.3112357,56.9901114 10.3099875,56.9910527 10.3098274,56.9894139 10.3085151,56.9896929 10.3071069,56.9899892 10.3070428,56.9900938 10.3085792,56.9913316 10.3063385,56.9917327 10.3064666,56.9899544 10.3043754,56.9904249 10.3021318,56.9824481 10.3042578,56.9825122 10.2984433,56.9659606 10.2891839,56.9652199 10.2886298,56.9649864 10.2833651,56.9607739 10.2840958,56.9562649 10.2902462,56.9577053 10.2909514,56.9574161 10.2911422,56.9549304 10.28896,56.953125 10.2885529,56.953125 10.2819145,56.9458504 10.2784359,56.9447894 10.2728171,56.9393872 10.2707738,56.9356352 10.2695479,56.9177436 10.2637485,56.9058903 10.2626981,56.8936043 10.2655647,56.8826751 10.265256,56.8640749 10.2657774,56.8591415 10.2666289,56.8551048 10.2704325,56.8478448 10.2748529,56.807058 10.2775012,56.8048877 10.2842674,56.8045583 10.2810833,56.8036437 10.2766511,56.8042753 10.2759326,56.8020945 10.2760546,56.8014522 10.2837793,56.7853991 10.2864609,56.7838155 10.2829986,56.7823575 10.2880434,56.7773438 10.2885221,56.7773438 10.2876405,56.7725331 10.2977957,56.7559849 10.2967852,56.7548825 10.3123602,56.7385187 10.3320131,56.7240003 10.3340561,56.7158433 10.3301454,56.7127019 10.3324304,56.7072916 10.3245292,56.7059841 10.3019061,56.7109088 10.2737199,56.7107306 10.254301,56.7126982 10.2371027,56.7157912 10.2351058,56.7190024 10.2231472,56.7200707 10.2183607,56.7195655 10.2085814,56.7152885 10.202993,56.711356 10.199544,56.7059177 10.1953125,56.7050781 10.1836965,56.7032706 10.1647713,56.709851 10.1609238,56.7152737 10.1611809,56.7194328 10.1535145,56.7185781 10.1434689,56.7199177 10.1409715,56.7186818 10.1291413,56.7175753 10.1158082,56.7146389 10.1119955,56.7129492 10.1031693,56.7080326 10.099195,56.7027277 10.1001348,56.7007093 10.0845679,56.6965098 10.0805649,56.6936193 10.0755013,56.6936182 10.0732069,56.6979094 10.069454,56.6998568 10.0623872,56.7015752 10.0609216,56.7016524 10.0481547,56.6994991 10.0427891,56.6979271 10.0403584,56.6947201 10.0344152,56.6937745 10.0278029,56.6943997 10.020897,56.6927021 10.0202498,56.6924124 10.0145237,56.6887753 10.0137659,56.6811846 10.0131264,56.6809154 10.0060647,56.6793789 10.001651,56.6804711 9.983814,56.6777049 9.9716057,56.6714875 9.9635549,56.6651785 9.9541991,56.6653622 9.9502015,56.6664788 9.9499522,56.6653001 9.9539005,56.6633294 9.9534428,56.6597008 9.9530236,56.65951 9.9487472,56.6597242 9.9475513,56.659497 9.9382349,56.6570413 9.9369957,56.6566166 9.9337581,56.6538717 9.9294544,56.6546865 9.9183881,56.6514207 9.9172555,56.6513147 9.9003195,56.6522723 9.884253,56.6496248 9.8743938,56.6500837 9.8625211,56.648491 9.8615555,56.6484884 9.854514,56.6496973 9.8537836,56.649569 9.8501399,56.6474303 9.8449779,56.6459333 9.84375,56.6459264 9.8371943,56.6467925 9.8237982,56.6461745 9.8071806,56.6416217 9.7995814,56.6382542 9.8024411,56.6378779 9.8055151,56.6391619 9.8116263,56.638213 9.8166451,56.6399878 9.8246562,56.6402117 9.84375,56.6369978 9.8443487,56.6368514 9.849193,56.6382433 9.8525472,56.6413518 9.859235,56.6437143 9.8724211,56.6438872 9.8800108,56.6453977 9.8828068,56.6439918 9.9017026,56.6458656 9.9154938,56.6447787 9.9258323,56.6458035 9.9394963,56.6490319 9.9472749,56.6474514 9.959811,56.6500385 9.9691406,56.655363 9.9845895,56.6547129 9.9852796,56.6563489 9.9825376,56.6581976 9.9902784,56.6614532 9.9903048,56.6640894 9.9940009,56.6650807 10.0011423,56.6646444 10.0074135,56.6697345 10.0107944,56.6706036 10.0190141,56.6693056 10.0311224,56.6725491 10.0314475,56.67743 10.0380573,56.682427 10.0453947,56.6852798 10.0519778,56.6911094 10.0577161,56.6908118 10.060931,56.6880471 10.0763577,56.6820878 10.0799547,56.6817592 10.0870783,56.6832153 10.0870738,56.6844532 10.090433,56.6852164 10.0921958,56.68708 10.0970747,56.6878238 10.1012516,56.6910336 10.1086609,56.6939009 10.1120213,56.6982909 10.1123095,56.7055889 10.1183044,56.7129611 10.1227849,56.7118748 10.1262295,56.7094123 10.1361874,56.7101434 10.1401637,56.7074558 10.1533206,56.7043186 10.1547471,56.7044998 10.1535313,56.7054181 10.1471481,56.7071931 10.1629285,56.705874 10.1725856,56.6982321 10.178973,56.6953943 10.1825764,56.6928892 10.1861584,56.6879925 10.1953125,56.6844308 10.1953125,56.6841516 10.1969507,56.6839617 10.2044731,56.6822675 10.2067401,56.6825283 10.2157775,56.6850383 10.2388192,56.6941541 10.2535638,56.6979675 10.2646179,56.698485 10.2695131,56.6961243 10.2837306,56.6934319 10.2945019,56.6957315 10.3096107,56.7014368 10.3340626,56.7022532 10.3346763,56.7022368 10.3519282,56.697387 10.3623689,56.6619973 10.3624049,56.6611403 10.3622875,56.6608562 10.3521777,56.6609604 10.3508875,56.6597352 10.3508843,56.6572707 10.3535963,56.6513886 10.3539414,56.6509373 10.3618376,56.6443523 10.3603876,56.6396217 10.3585526,56.6365789 10.3548386,56.6321419 10.3442082,56.6226805 10.3066955,56.6118582 10.3061641,56.6101621 10.3019787,56.6103261 10.3009413,56.6100374 10.2968094,56.6084303 10.2887021,56.6039681 10.2875088,56.6015625 10.2876166,56.6015625 10.2870491,56.6007164 10.2793223,56.5950288 10.2823696,56.5919067 10.2779408,56.5898296 10.2641623,56.5878906 10.2543936,56.5824319 10.2512465,56.5785697 10.2455184,56.5788115 10.2439032,56.5687588 10.2414687,56.5677084 10.2340974,56.55678 10.2304242,56.5545325 10.2295969,56.5543435 10.2242324,56.5546305 10.2224236,56.5541965 10.220552,56.5533876 10.2189651,56.5509188 10.2166222,56.5431249 10.2183846,56.5405231 10.217663,56.5341994 10.2196465,56.527867 10.2242681,56.5240653 10.2250216,56.506824 10.2269053,56.5062718 10.2279756,56.502863 10.2156326,56.4789109 10.2075198,56.4721692 10.2132127,56.4729778 10.2136896,56.475405 10.2173671,56.4768339 10.2195717,56.4749362 10.2521344,56.4679424 10.2615044,56.4679433 10.2748235,56.4701148 10.2925338,56.4705607 10.2684551,56.4723477 10.2473804,56.4721386 10.2400218,56.4740008 10.2318814,56.4796652 10.2207863,56.4787588 10.2176059,56.4812998 10.2186151,56.4821302 10.2226877,56.4808567 10.2270802,56.4835494 10.2340975,56.493831 10.2322627,56.5049469 10.2340384,56.5143079 10.231801,56.5189009 10.2298481,56.5196471 10.2299746,56.5303913 10.2282062,56.5345976 10.2301465,56.5373685 10.2303396,56.544053 10.2320455,56.5442023 10.2348827,56.5417417 10.2369546,56.5420516 10.2422249,56.548346 10.2513384,56.5509378 10.2542837,56.5540977 10.2533166,56.5597343 10.2619044,56.5639781 10.2701801,56.5743777 10.2742213,56.5770684 10.2872173,56.5809062 10.2916542,56.5848902 10.2993978,56.5885483 10.3026164,56.5925791 10.2998518,56.5999697 10.3002265,56.6015625 10.3006799,56.6015625 10.3014075,56.6061949 10.3021718,56.6067349 10.3030816,56.6067795 10.3115,56.605916 10.3121126,56.6056461 10.3163837,56.6015625 10.3168714,56.6015625 10.3179749,56.5997453 10.3276703,56.6002573 10.341889,56.5957044 10.345015,56.5901105 10.3451712,56.5790585 10.3526295,56.5685129 10.356109,56.5651351 10.3675209,56.5559138 10.3952523,56.5383254 10.3957864,56.5380349 10.4114532,56.5307178 10.4316546,56.5240505 10.4736006,56.5197432 10.492033,56.5148551 10.4927198,56.5147212 10.5087121,56.5126401 10.5163419,56.5120794 10.542044,56.512688 10.546875,56.5136718 10.5525957,56.5134217 10.5593094,56.5140373 10.5702223,56.5163159 10.5854318,56.5167125 10.5876247,56.5180801 10.5953834,56.5180062 10.6209478,56.5237222 10.656431,56.5265887 10.6697865,56.529542 10.6746997,56.5300657 10.6819299,56.530605 10.7085423,56.5306406 10.7132407,56.5332361 10.7169727,56.5310342 10.7204936,56.5311363 10.7432756,56.5331393 10.7668324,56.5377609 10.79465,56.5375186 10.8020318,56.5347385 10.8180277,56.5315583 10.8360338,56.5303457 10.8371814,56.5300796 10.8558958,56.5195692 10.860924,56.5180091 10.8635319,56.51634 10.8676828,56.5101939 10.8697402,56.4970664 10.8746455,56.4895191 10.8777581,56.4868226 10.879988,56.4857968 10.8912305,56.4821708 10.8984375,56.4813058 10.8984375,56.4810267 10.9153928,56.472141 10.9294786,56.4683665 10.938181,56.4602345 10.9509578,56.4564124 10.9533547,56.4530392 10.9499335,56.449699 10.9593381,56.443717 10.9575943,56.4399652 10.954056,56.439342 10.9561729,56.4386693 10.95533,56.4365071 10.9482201,56.4371396 10.9411795,56.4359698 10.9401227,56.4342737 10.9355167,56.4324578 10.9323657,56.4281659 10.9292055,56.4257813 10.9281967,56.4257813 10.927567,56.4257813 10.9270647,56.4236887 10.9270647,56.4208984 10.9321655,56.4184535 10.9325517,56.4173099 10.9323478,56.4167628 10.9279292,56.4149765 10.922792,56.4149513 10.9221466,56.4139692 10.9218456,56.4121164 10.929491,56.4091767 10.9246898,56.4027131 10.9195473,56.4058023 10.9201146,56.3926198 10.9155875,56.387519 10.9140595,56.3843004 10.9131246,56.3788089 10.9134645,56.3640674 10.9115154,56.3611284 10.9133914,56.3604711 10.9121344,56.3520988 10.9144233,56.3440289 10.9141669,56.3433909 10.8984375,56.331194 10.8984375,56.3306361 10.8981863,56.3306361 10.8867933,56.3209888 10.8725438,56.3122762 10.8649228,56.3031752 10.8657321,56.2992027 10.8623889,56.2990884 10.8555374,56.2959917 10.8470805,56.2949808 10.835536,56.2886667 10.8262281,56.2791181 10.8190318,56.2657717 10.8141397,56.2584949 10.8119113,56.2568244 10.7994977,56.25 10.7989197,56.25 10.7946165,56.2476521 10.7916604,56.244224 10.7710701,56.241721 10.7567756,56.2351856 10.7487648,56.2303406 10.7374616,56.2174855 10.7344697,56.2106564 10.7353451,56.2050797 10.7330993,56.2015792 10.7392776,56.1797676 10.7390708,56.1792074 10.7350692,56.1694897 10.7287639,56.1630969 10.7228955,56.1505848 10.7161164,56.142759 10.7155336,56.1424216 10.7152048,56.1422313 10.712222,56.1417725 10.693222,56.140375 10.6863722,56.1423088 10.6848776,56.1444563 10.6837425,56.1433725 10.6805357,56.1455621 10.682345,56.1499557 10.6775187,56.1553127 10.6739572,56.1563818 10.6695864,56.1529986 10.6659114,56.1530333 10.6657432,56.1555386 10.6699752,56.1583452 10.6610941,56.1600832 10.6580523,56.1586179 10.6579102,56.1614795 10.6489871,56.1659921 10.6364439,56.1803836 10.6362292,56.1845073 10.6374269,56.1870636 10.6397187,56.1878556 10.64477,56.1877269 10.6545137,56.1835145 10.6673712,56.1868335 10.6671236,56.1940387 10.6724432,56.1998693 10.6750869,56.2006667 10.6753641,56.2009587 10.6771539,56.2045468 10.6768712,56.2084579 10.6754823,56.2115479 10.6723959,56.2152385 10.6688466,56.2185858 10.6643713,56.2213325 10.6534774,56.2256604 10.6502293,56.2249616 10.6410092,56.2267694 10.6287822,56.2259876 10.6232188,56.2273622 10.6192721,56.2263592 10.6156178,56.2282044 10.6061549,56.2282068 10.604453,56.2277406 10.5944004,56.222397 10.5858885,56.2199327 10.5779353,56.209681 10.5769898,56.2029653 10.562426,56.1970803 10.556156,56.1889741 10.546875,56.1841517 10.546875,56.1838728 10.5466248,56.1838728 10.5439392,56.1820287 10.5364738,56.1745337 10.5362458,56.1742274 10.5353132,56.169504 10.5330238,56.1676238 10.5324854,56.1630337 10.5335807,56.1609013 10.5419329,56.1544427 10.5432034,56.1518785 10.546875,56.1495535 10.546875,56.1492745 10.5526437,56.1467452 10.5537484,56.1335089 10.5588235,56.1264164 10.5577205,56.113451 10.553929,56.1109095 10.5495483,56.1047064 10.546875,56.1029576 10.546875,56.1026785 10.5449378,56.1020803 10.5366638,56.1009973 10.5118858,56.0947545 10.5089492,56.0975127 10.5059598,56.1050684 10.4967514,56.1139361 10.4897758,56.1280258 10.4823426,56.1358542 10.4815595,56.139603 10.4857121,56.1433868 10.4911082,56.1456949 10.4942986,56.1464164 10.51054,56.1443073 10.5176727,56.1457272 10.5217187,56.1506141 10.5219246,56.1549946 10.5259894,56.1580197 10.529808,56.1655197 10.5247611,56.1709591 10.5194618,56.172253 10.5134861,56.1715611 10.5036162,56.1683648 10.4931637,56.1701877 10.4756232,56.1785414 10.4611841,56.1812663 10.4494222,56.1816252 10.4381877,56.1782795 10.4341474,56.1728438 10.434816,56.1700965 10.4220244,56.1632516 10.4170886,56.1619012 10.3962326,56.1615808 10.3865455,56.1637183 10.3773721,56.1677545 10.3772995,56.1778075 10.3739787,56.1849267 10.3595988,56.1921327 10.3541387,56.1932923 10.3486348,56.1919028 10.3451148,56.1944075 10.3449287,56.1980968 10.3493764,56.2012506 10.3555268,56.2010512 10.3576458,56.1991293 10.3645433,56.1993387 10.380863,56.2018307 10.3879766,56.2043709 10.4017735,56.2063686 10.4029983,56.2074744 10.4067833,56.2070777 10.4085928,56.2115246 10.4115226,56.2122244 10.408955,56.2177445 10.4170798,56.2200627 10.4255836,56.2206244 10.4375519,56.2205704 10.4398114,56.2200487 10.440255,56.2196682 10.439723,56.2188606 10.4325262,56.2169741 10.4252151,56.2083504 10.429648,56.2069116 10.436024,56.2016628 10.442082,56.2001383 10.4530667,56.1999075 10.4582582,56.1972153 10.4645025,56.1987603 10.4709433,56.2032413 10.4754974,56.2038118 10.4798172,56.2063996 10.4803085,56.2068731 10.4800791,56.210245 10.4765548,56.2120798 10.4759563,56.2147644 10.4682359,56.220771 10.4712754,56.2251056 10.4710997,56.2257988 10.4681137,56.2277598 10.4626195,56.2278504 10.4601237,56.2294838 10.4591368,56.2295666 10.4577202,56.2293652 10.4493223,56.2238446 10.4462475,56.2268004 10.4604644,56.238301 10.4632351,56.2401297 10.4682469,56.2409399 10.4752731,56.2440321 10.4771448,56.2482373 10.481463,56.2490141 10.4813632,56.25 10.4838061,56.2518218 10.4834055,56.2597433 10.4896756,56.2620811 10.4904141,56.2621384 10.5050477,56.2603894 10.5078843,56.26205 10.5081701,56.2623903 10.5084729,56.2646598 10.5080467,56.2652 10.5017236,56.2692477 10.5044289,56.2732902 10.5043536,56.2745306 10.5037423,56.2754219 10.4980946,56.276719 10.4944946,56.2757616 10.4831049,56.2826962 10.479732,56.2820283 10.4746459,56.277801 10.4736993,56.2726178 10.4658573,56.2738177 10.4651883,56.2741059 10.4651862,56.275568 10.4734752,56.2786958 10.4697582,56.2805649 10.4597774,56.2801654 10.4536424,56.2821779 10.4526348,56.2867208 10.4527487,56.2876045 10.4562342,56.2931036 10.4550294,56.2942841 10.4531023,56.2945983 10.4525278,56.2944934 10.4501609,56.2917956 10.4462532,56.2907937 10.4343706,56.2947012 10.4287121,56.2952293 10.4155968,56.2903368 10.4080893,56.2923613 10.4029299,56.2906994 10.3911378,56.2924478 10.38179,56.2881095 10.3812717,56.2875758 10.3835068,56.2834347 10.3839628,56.2828269 10.3876944,56.2808816 10.3894593,56.2783114 10.3893468,56.2780108 10.3810904,56.2716293 10.3783135,56.2701387 10.3743898,56.2690694 10.3706849,56.2693052 10.3672431,56.2715983 10.3638108,56.2718625 10.3633021,56.2717204 10.3568261,56.2673974 10.3450549,56.2623838 10.3440954,56.260896 10.3440865,56.2600272 10.3476375,56.2571685 10.3484035,56.2518235 10.35,56.25 10.3513402,56.25 10.3526763,56.2492923 10.353157,56.2475721 10.3446114,56.244716 10.3362296,56.2339233 10.3256046,56.2296706 10.308176,56.2265331 10.3030459,56.2239347 10.2926588,56.2154849 10.2913831,56.2138476 10.2921307,56.2077568 10.2851861,56.2062343 10.2810133,56.1998748 10.2595738,56.1950684 10.2401093,56.1856055 10.2226459,56.1702203 10.2179348,56.1638259 10.223484,56.1664009 10.2253336,56.1697912 10.2318077,56.1654996 10.2281854,56.1619377 10.2234069,56.1642981 10.2216342,56.1631823 10.2249484,56.1613798 10.2212487,56.1603069 10.2211719,56.1593198 10.2173953,56.1610794 10.2157768,56.1601351 10.2195534,56.1583328 10.2180196,56.157732 10.2145483,56.1588048 10.2139319,56.1566162 10.2171688,56.1565732 10.2170146,56.1555433 10.2135465,56.1555433 10.2126988,56.1544704 10.215242,56.1544275 10.2143172,56.1524534 10.2198662,56.1572599 10.2221781,56.1561441 10.2177088,56.1526465 10.2196348,56.1526679 10.2187871,56.1518096 10.2150108,56.1510372 10.2135465,56.1489772 10.2157044,56.1483335 10.213007,56.1460161 10.219789,56.1502647 10.2259545,56.1579465 10.2271876,56.157732 10.2254149,56.1554574 10.2278041,56.1550283 10.2215455,56.1474001 10.2227011,56.1463057 10.2175586,56.142379 10.2188874,56.1417675 10.2310218,56.1466599 10.2304893,56.1488672 10.2459297,56.1581826 10.2496855,56.1539661 10.2471431,56.152389 10.2482986,56.1512947 10.2472008,56.1504256 10.2409025,56.1474645 10.240556,56.1459517 10.2331225,56.1432071 10.2340252,56.1423521 10.2271616,56.1393301 10.2268527,56.1392354 10.2212592,56.1398737 10.2170808,56.1377335 10.215295,56.1377335 10.2182601,56.1392916 10.2131383,56.1391603 10.212397,56.1389914 10.2119251,56.1382591 10.2134079,56.1378835 10.2094672,56.1369261 10.2089618,56.1357244 10.214959,56.1269938 10.2279866,56.1193165 10.2297255,56.1152328 10.2359418,56.1095099 10.2409074,56.0995851 10.2492729,56.0923947 10.2495009,56.0920662 10.2493362,56.0844469 10.2545663,56.0801184 10.254823,56.0742187 10.2550681,56.0742187 10.2551258,56.0730048 10.2585012,56.0676647 10.2602084,56.0589772 10.2710161,56.048418 10.2718698,56.0406901 10.2653236,56.0267785 10.2655586,56.026286 10.268688,56.0232441 10.2751783,56.0234696 10.2809107,56.0203704 10.2698684,56.013841 10.26317,56.0012507 10.2580559,55.9987442 10.2532386,55.9923888 10.2522048,55.9836574 10.2537121,55.9743397 10.2614765,55.9666187 10.2654727,55.959922 10.2639381,55.9521635 10.2601776,55.9460011 10.2614024,55.9387649 10.2581084,55.9325546 10.256716,55.9228404 10.2566139,55.9158762 10.2596523,55.9117506 10.2548608,55.9099199 10.2514772,55.9110504 10.2414684,55.9092897 10.2241944,55.8984375 10.2240316,55.8984375 10.2192664,55.8938106 10.207828,55.887288 10.2028565,55.8859643 10.1953125,55.8869978 10.1953125,55.8867188 10.1945697,55.8867188 10.1912999,55.8853223 10.1911972,55.8849103 10.1923962,55.8762788 10.1943349,55.8745899 10.1933923,55.8703492 10.1953125,55.8683035 10.1953125,55.8680245 10.2032412,55.8634287 10.2023894,55.8606399 10.2041091,55.8591651 10.2041306,55.8587455 10.1991968,55.8547924 10.1953125,55.8540736 10.1950649,55.8540736 10.193495,55.8535907 10.1926666,55.8530648 10.1918867,55.8518515 10.1914818,55.8501559 10.191689,55.8496779 10.1953125,55.8457031 10.1953125,55.844308 10.1971787,55.842297 10.1971788,55.8412811 10.1953125,55.8387277 10.1953125,55.8381696 10.1930772,55.8375821 10.1799949,55.8396133 10.1650466,55.8442616 10.140897,55.8583952 10.1390349,55.8611538 10.1408449,55.8662109 10.1452057,55.8693008 10.1454602,55.8721596 10.1432561,55.8758887 10.1353203,55.880693 10.1319249,55.8803995 10.1283557,55.8779585 10.1285582,55.8754982 10.1259838,55.8724101 10.1195142,55.8709033 10.1136647,55.8728805 10.1122701,55.876554 10.1134219,55.8796116 10.1092346,55.8821414 10.0994771,55.8814893 10.0789119,55.8844571 10.0727608,55.8844866 10.059189,55.8786691 10.046104,55.8787333 10.0390869,55.8755863 10.0296952,55.8753411 10.0231034,55.8763226 10.0130941,55.8756377 9.9980087,55.8802334 9.9854121,55.8789827 9.9752219,55.8799494 9.9687361,55.8794419 9.9656087,55.8752918 9.9667648,55.8731098 9.9639874,55.8712066 9.9622277,55.8666914 9.9683965,55.8609272 9.9663064,55.8585021 9.9637138,55.8581637 9.9482769,55.8584548 9.9419963,55.8607999 9.9326562,55.8609771 9.9232333,55.8598136 9.9207674,55.8580434 9.9155488,55.8578503 9.9088963,55.8625174 9.8978281,55.8659291 9.8927242,55.8634185 9.8798207,55.8621311 9.8747168,55.8601999 9.8738565,55.8568847 9.8621001,55.8587193 9.8603224,55.8587837 9.8596334,55.8575726 9.8574291,55.8588279 9.8593538,55.8568786 9.8771827,55.8544064 9.8775842,55.8522497 9.860781,55.8546638 9.860265,55.8533442 9.8778135,55.8503186 9.8784652,55.8469547 9.8913379,55.8432136 9.9251544,55.8381404 9.9440588,55.8334558 9.9618753,55.8309704 9.9679499,55.8318065 9.9733475,55.828842 9.9807442,55.8270814 9.9878058,55.8273909 10.0036485,55.8251373 10.0100901,55.8265775 10.0184884,55.8338454 10.0230193,55.8413101 10.0225352,55.8300502 10.0208427,55.8280277 10.0154707,55.8272386 10.0210046,55.8242186 10.0149475,55.8196239 10.0146106,55.8176821 10.0337656,55.8234713 10.0486774,55.8233093 10.0539058,55.8221437 10.0533546,55.8174669 10.0556246,55.813266 10.0665174,55.8075532 10.0567274,55.8033725 10.0421184,55.7914044 10.025731,55.7818441 10.0194047,55.7795351 10.0151321,55.7735786 10.0155582,55.7665923 10.0230865,55.7598826 10.0280375,55.7576729 10.0287231,55.7574702 10.0483735,55.7545171 10.0602463,55.7544348 10.0761518,55.7522811 10.0823535,55.7458353 10.0820895,55.7453237 10.0796601,55.744763 10.055095,55.7454948 10.0544456,55.7453233 10.0428609,55.7400419 10.0374866,55.7345788 10.020256,55.7339439 10.0045378,55.7303669 9.999247,55.7280416 9.9963883,55.7241188 9.9967539,55.7226563 9.9970963,55.7226563 9.9975789,55.7191714 9.9990369,55.7183094 10.0032246,55.7171533 10.0097876,55.7172132 10.0186818,55.7152878 10.0222344,55.7057836 10.0280439,55.7005078 10.0293477,55.6969273 10.0158702,55.7008249 10.0023152,55.7011442 9.9884498,55.6969199 9.9761422,55.6949 9.9640861,55.6950048 9.9537953,55.6934288 9.9342293,55.6936384 9.9145803,55.6916277 9.8916402,55.6873758 9.8687001,55.6831238 9.8682185,55.6829984 9.8544505,55.6771774 9.8492856,55.6733053 9.84375,55.672433 9.84375,55.672154 9.8385715,55.6706868 9.821345,55.6685945 9.8201853,55.6685876 9.8182443,55.6691732 9.8181381,55.6709208 9.8126616,55.6758666 9.8070173,55.677983 9.7981284,55.6779007 9.7885596,55.6806812 9.7823013,55.681282 9.7670769,55.6799665 9.7462124,55.6806827 9.7441247,55.6836858 9.7269028,55.6918725 9.7232599,55.6954622 9.7185441,55.6968938 9.7136328,55.7027204 9.7003623,55.7026989 9.694144,55.7064437 9.6866601,55.7081767 9.6851501,55.7095133 9.6721312,55.7119919 9.6415188,55.7079478 9.6342071,55.7077388 9.6310062,55.7086303 9.6251339,55.7073953 9.6075232,55.7068312 9.6027255,55.705061 9.5990129,55.7071851 9.5962713,55.7073462 9.5926731,55.7057368 9.586676,55.7063806 9.5856481,55.7050079 9.5791367,55.7040309 9.567942,55.7072818 9.565943,55.7060266 9.5633727,55.7092773 9.5589747,55.7104682 9.5563713,55.7103072 9.5547482,55.7062517 9.5425255,55.7067024 9.5587465,55.7039666 9.5566236,55.6998149 9.5617735,55.6964993 9.573808,55.6925699 9.5872333,55.6898044 9.6097033,55.6927242 9.6398338,55.6938446 9.644942,55.6931674 9.6497389,55.69032 9.6556317,55.6897624 9.6681478,55.693215 9.6760997,55.6868671 9.6854466,55.6828609 9.6883764,55.6789629 9.6884313,55.6759207 9.6973754,55.6681476 9.7059265,55.6647243 9.7125499,55.6659371 9.7195278,55.6645783 9.7379072,55.6584377 9.7431055,55.6516677 9.7461516,55.6319203 9.7506371,55.6263695 9.7509093,55.6261507 9.7550235,55.6238881 9.7560369,55.6235573 9.7611243,55.6225609 9.7727288,55.6228598 9.7965949,55.6253058 9.8065302,55.6280061 9.8070421,55.6280071 9.8288006,55.6271857 9.84375,55.6244419 9.8451588,55.6242326 9.8573967,55.6257795 9.8593807,55.6242359 9.8589766,55.6234301 9.8574817,55.6218363 9.8476065,55.6159545 9.84375,55.6146764 9.8430104,55.6146764 9.8317167,55.6107532 9.8298268,55.6099435 9.8218082,55.6043527 9.8110557,55.6011509 9.7941422,55.5933709 9.7906039,55.5823514 9.7694033,55.5693626 9.7676389,55.5557799 9.7550036,55.5589663 9.7558635,55.5603037 9.7545483,55.5598354 9.75267,55.5604147 9.7491413,55.5588377 9.7505074,55.5600929 9.7435637,55.5596101 9.7463599,55.5586123 9.7436287,55.5577433 9.7402714,55.557357 9.736459,55.559256 9.734638,55.5588698 9.7332724,55.557518 9.7361743,55.5564559 9.7336138,55.5538487 9.7283219,55.5549108 9.7278095,55.5524003 9.7291754,55.5538809 9.7296875,55.5525933 9.7278095,55.5517566 9.7293448,55.546875 9.7288905,55.544646 9.7324129,55.5371143 9.7416596,55.523934 9.7399966,55.5185294 9.723819,55.5179029 9.6944313,55.5251786 9.6764183,55.5278193 9.675598,55.5277481 9.6680053,55.5261436 9.6659805,55.523362 9.6588472,55.5192863 9.6575729,55.5168805 9.6417731,55.5092242 9.6404545,55.5089902 9.6387699,55.5091397 9.6328032,55.5118026 9.6253541,55.5127589 9.6197847,55.5107048 9.6206636,55.5094051 9.6200598,55.509353 9.6096503,55.5111845 9.609158,55.5113286 9.6057845,55.5136734 9.6038718,55.5193763 9.597136,55.5194935 9.5881032,55.52347 9.582357,55.52382 9.5688471,55.5274378 9.5650451,55.5241518 9.5710664,55.5176328 9.5754262,55.5165474 9.5798891,55.518676 9.5883437,55.5186297 9.5896189,55.5168107 9.577145,55.5116223 9.5698482,55.5149339 9.5618438,55.5165331 9.5587083,55.5160919 9.5579427,55.5149333 9.5610212,55.5138677 9.5662487,55.5141118 9.5717918,55.5111823 9.5803422,55.5090131 9.586557,55.4991822 9.5845977,55.4974834 9.5826041,55.4970138 9.5735599,55.4990351 9.5655353,55.4975464 9.5410351,55.4965003 9.5292465,55.4981096 9.5211508,55.4978281 9.5142624,55.5004835 9.4985681,55.4981499 9.4979289,55.4943277 9.4818077,55.4896101 9.4924607,55.492115 9.5029,55.4922355 9.503184,55.4905056 9.4962955,55.4895802 9.498142,55.4882123 9.5019057,55.488494 9.502829,55.4869651 9.5143332,55.4838269 9.5264059,55.4872468 9.5405411,55.4884933 9.5463666,55.4904743 9.5667058,55.4915835 9.5777233,55.4864442 9.5865538,55.4855891 9.5982016,55.4912556 9.602723,55.4953521 9.6094837,55.4948825 9.6244066,55.497588 9.6314662,55.4933413 9.6447155,55.4898422 9.64865,55.4858056 9.6614255,55.4806271 9.6682504,55.4767383 9.6734383,55.4711818 9.6832109,55.4674385 9.6926863,55.4617108 9.6931552,55.4612479 9.6921457,55.4571124 9.684123,55.4513608 9.6750416,55.4489597 9.6673495,55.4423798 9.6579293,55.4376682 9.6414053,55.4322333 9.6288452,55.4296207 9.620132,55.429159 9.6138525,55.4302608 9.6058608,55.4283473 9.6000682,55.4264634 9.5966181,55.4246331 9.594855,55.4230939 9.5929914,55.4198087 9.5931214,55.4169486 9.5933791,55.4158674 9.5963315,55.4118989 9.5973026,55.4109226 9.6141622,55.3951823 9.6196043,55.3931361 9.6226416,55.3904293 9.6226435,55.3857071 9.6202869,55.3793828 9.6160442,55.3723429 9.6146204,55.3708839 9.5989528,55.3605151 9.5993555,55.3581384 9.6029452,55.3560358 9.618986,55.3570713 9.6199532,55.356961 9.627923,55.3545769 9.6341466,55.3515089 9.6436164,55.3448398 9.6476291,55.3410205 9.6480389,55.3398736 9.6478515,55.3383439 9.6456695,55.3366221 9.6502541,55.32923 9.6503643,55.3287683 9.6495789,55.3258994 9.6385889,55.3190268 9.6364439,55.3154616 9.6313195,55.3123139 9.6218959,55.3093326 9.6236029,55.3086637 9.6350594,55.3111383 9.6397407,55.313307 9.644734,55.3114507 9.6490614,55.3037266 9.6547259,55.2980766 9.6688505,55.289041 9.6709284,55.2856731 9.6615047,55.2873119 9.6507946,55.2860101 9.6428534,55.2895364 9.6439722,55.2932913 9.640653,55.2934898 9.6394757,55.2904679 9.632037,55.2903097 9.6262414,55.2877597 9.6200881,55.2816385 9.6142544,55.2783941 9.610921,55.2738765 9.5999883,55.2735286 9.5848886,55.270624 9.5817333,55.2668405 9.5843303,55.2617282 9.5834473,55.2588177 9.5689362,55.2560095 9.5689816,55.2535316 9.5662683,55.2507873 9.5612632,55.2507257 9.5554786,55.2489144 9.5409327,55.2496542 9.539856,55.2482471 9.5517821,55.2472786 9.5646102,55.249922 9.5659854,55.2494603 9.5647393,55.2481601 9.5671641,55.2475827 9.5718488,55.2520292 9.5858421,55.2549492 9.5864145,55.2551298 9.5878092,55.2563804 9.5888501,55.2600435 9.5887291,55.2610244 9.5842251,55.2665969 9.5857567,55.2685682 9.5898002,55.2703869 9.6146044,55.2726842 9.618391,55.2780398 9.6272786,55.2842854 9.6293637,55.2851278 9.6367061,55.2856311 9.637169,55.2855333 9.645047,55.2811223 9.6518195,55.2812794 9.6595895,55.2830961 9.6674664,55.2771018 9.6831884,55.2709734 9.6933068,55.268921 9.704231,55.2633507 9.7127805,55.2625108 9.7131531,55.2622958 9.7189322,55.2517774 9.7122836,55.2427353 9.7125283,55.2402945 9.7153306,55.2381094 9.7154167,55.2365226 9.7149308,55.2357327 9.7105745,55.2322496 9.6978548,55.2292907 9.6917266,55.2213361 9.6915091,55.2209327 9.6927915,55.2075799 9.6974326,55.198154 9.6974419,55.1977322 9.695106,55.1953125 9.6952368,55.1953125 9.6910818,55.1930906 9.690134,55.192751 9.6653715,55.1866978 9.6400715,55.1757106 9.6320941,55.1835465 9.6284496,55.1843386 9.6281666,55.1790835 9.6305178,55.1738619 9.6253116,55.1753258 9.6203051,55.1801291 9.6202657,55.1845475 9.6235603,55.187076 9.62058,55.1893286 9.6086715,55.1931605 9.5941952,55.1938879 9.5785686,55.1885023 9.5620075,55.1771992 9.549679,55.1745976 9.5278143,55.1640439 9.5032856,55.1584526 9.4970242,55.155385 9.4973502,55.1507108 9.5029249,55.1488301 9.5034329,55.1369389 9.5201356,55.1291035 9.5203869,55.1278214 9.5201405,55.127332 9.5159906,55.1252496 9.5010364,55.1263092 9.4998869,55.1264451 9.4921875,55.1286271 9.4895461,55.1294096 9.482076,55.1292413 9.4750015,55.1309454 9.4741364,55.13065 9.469285,55.1260331 9.4639341,55.123238 9.4695508,55.12135 9.4676996,55.1159662 9.4629515,55.1160069 9.4653302,55.1190062 9.4632756,55.119965 9.4600383,55.1176074 9.4600757,55.1157668 9.4673256,55.1143413 9.4768642,55.1178733 9.479647,55.1173999 9.4821943,55.114997 9.4831078,55.11523 9.4851098,55.1174181 9.4909701,55.1191406 9.4921875,55.1191406 9.4963264,55.1191406 9.5004357,55.1169781 9.5011206,55.1165184 9.5064806,55.1108803 9.5158286,55.1098111 9.5243124,55.106811 9.5269333,55.1033354 9.534007,55.1000484 9.5342104,55.0974441 9.5392289,55.0918041 9.5505625,55.0887392 9.5529255,55.0818588 9.5520906,55.0757452 9.5450577,55.0701514 9.5331732,55.0646327 9.5162904,55.0524553 9.5002871,55.0454822 9.4967982,55.046966 9.495795,55.0471067 9.4921875,55.046875 9.4806188,55.0480204 9.4655486,55.0476646 9.4608932,55.0437468 9.4430598,55.0406516 9.442094,55.0405443 9.4368427,55.0405451 9.4287117,55.0419223 9.4276164,55.0468467 9.4257631,55.046702 9.4271951,55.0425498 9.422646,55.0415843 9.4268583,55.0415843 9.422646,55.0402325 9.4261842,55.0406671 9.4278692,55.0374805 9.4244993,55.0386875 9.4218035,55.0381565 9.4220563,55.035308 9.4243309,55.0351148 9.4216796,55.0320234 9.4237868,55.0264211 9.4245479,55.0253628 9.4271262,55.0235519 9.4328396,55.0222241 9.4346088,55.0223207 9.4335136,55.0242519 9.4407587,55.0254589 9.4454764,55.0226587 9.4478771,55.0195313 9.4486054,55.0195313 9.450662,55.0170282 9.4816488,55.0171812 9.4921875,55.0147879 9.4946665,55.0146503 9.5050052,55.0166805 9.5083929,55.0176277 9.5115573,55.0195313 9.5116646,55.0195313 9.5195041,55.0248512 9.5423799,55.0304652 9.5599006,55.0334297 9.5727645,55.0337808 9.5757,55.0370094 9.5737984,55.0431622 9.5805728,55.044013 9.5811079,55.0440114 9.5919942,55.0403277 9.6005737,55.038841 9.6073999,55.0350651 9.6089975,55.0299183 9.6168411,55.0195313 9.6171228,55.0195313 9.6182708,55.0175515 9.618728,55.017139 9.6268482,55.014029 9.6303242,55.0098614 9.6381797,55.0095258 9.6538945,55.0052868 9.6619447,55.0005711 9.6706753,54.9990407 9.6766598,54.9958307 9.6823679,54.9946699 9.6915216,54.9877377 9.7154388,54.9898819 9.7254683,54.9871937 9.7386236,54.9868386 9.7395908,54.9744663 9.7428187,54.9733914 9.752278,54.9660691 9.7499655,54.9589689 9.7517993,54.947126 9.7558488,54.9385163 9.7556418,54.9270526 9.7642863,54.9253082 9.7633806,54.9209874 9.7660074,54.9170285 9.7665987,54.9165869 9.7699555,54.9153885 9.7797844,54.9138753 9.7801791,54.9135802 9.7818644,54.9101928 9.780187,54.9048295 9.7799926,54.9044089 9.7757266,54.9018226 9.7591596,54.897072 9.7534825,54.8970726 9.7267247,54.903547 9.7088372,54.9030975 9.7058105,54.9021741 9.7028582,54.9001058 9.7019234,54.8985475 9.7008333,54.8947597 9.7031471,54.8901263 9.7074085,54.8886133 9.7123148,54.8873053 9.7180882,54.8869978 9.7239611,54.8869426 9.7258269,54.8882241 9.7282707,54.8861887 9.7342137,54.8849216 9.7384657,54.8827106 9.7387793,54.8824354 9.7415057,54.8790861 9.7425103,54.8697451 9.7486612,54.8641477 9.75857,54.8614662 9.7585762,54.8564465 9.7618005,54.8505749 9.7546488,54.84375 9.7540509,54.84375 9.7521251,54.8394761 9.7467567,54.8374754 9.7432156,54.8365769 9.7276858,54.8359066 9.7269273,54.8359892 9.7252918,54.8366293 9.7231642,54.8402396 9.7125771,54.84375 9.7120351,54.84375 9.7055407,54.8461097 9.7053123,54.8464767 9.7085375,54.8498971 9.7077063,54.852069 9.68168,54.8571134 9.6746283,54.8571132 9.6644353,54.8548065 9.659511,54.8549604 9.6456171,54.8575628 9.6389416,54.8609703 9.6373407,54.8662571 9.6462095,54.8694363 9.6469067,54.8716238 9.6509686,54.8729618 9.656534,54.8773891 9.6564496,54.8805627 9.646643,54.8819644 9.6428061,54.8843729 9.6426795,54.8893352 9.6398401,54.8923947 9.6163572,54.8965321 9.6179678,54.8997173 9.6101645,54.9032766 9.5999399,54.9045079 9.5985357,54.9058383 9.6014671,54.9083688 9.6098442,54.9116133 9.6293724,54.913254 9.641592,54.9156749 9.6475924,54.9141515 9.6539326,54.909905 9.6572587,54.909458 9.6686842,54.9093266 9.6745336,54.9127882 9.6736192,54.9160439 9.6695545,54.9188526 9.659536,54.9225394 9.6517466,54.9271467 9.6427522,54.9292597 9.6372275,54.9328095 9.6235063,54.9350271 9.6155524,54.9301012 9.6118524,54.9211367 9.6118468,54.9156121 9.6094524,54.9142339 9.6025165,54.9183546 9.59598,54.9180135 9.5892214,54.9141529 9.5965931,54.9144312 9.6001477,54.9132721 9.6020544,54.9104226 9.598222,54.9072911 9.5923082,54.90575 9.5824741,54.9054005 9.5746781,54.9016376 9.5743457,54.8998135 9.5778995,54.8973716 9.579185,54.8933089 9.5759081,54.8866692 9.5692344,54.8824394 9.5679774,54.880258 9.5659276,54.8791873 9.5612105,54.8780931 9.5627117,54.8811775 9.5575327,54.8779206 9.5579245,54.8764215 9.5559773,54.8761525 9.5525182,54.876708 9.5462669,54.8800704 9.5389273,54.8813736 9.5382308,54.881227 9.5356508,54.8799169 9.5354151,54.8765051 9.526328,54.8773297 9.5256879,54.8771321 9.5191022,54.8714051 9.5111407,54.871277 9.5098785,54.8709973 9.5064229,54.8687429 9.4989207,54.8601075 9.4921875,54.8571428 9.4912701,54.8570265 9.4828287,54.8477679 9.4687871,54.8438267 9.4685571,54.84375 9.4633071,54.8395841 9.4616708,54.8391522 9.4556825,54.8381999 9.4476132,54.8381689 9.434601,54.8323638 9.423597,54.8321141 9.4215332,54.8314323 9.4203968,54.831057 9.4199142,54.8302298 9.4203809,54.8266557 9.4209223,54.825441 9.429197,54.8137629 9.4324965,54.8109654 9.4395542,54.8079489 9.4350758,54.8033183 9.4291397,54.8005062 9.4345152,54.7939302 9.4332933,54.7919974 9.4355313,54.7887336 9.4360249,54.798376 9.4382203,54.8028345 9.439906,54.8043795 9.4529479,54.8075888 9.4544767,54.8102995 9.4534535,54.8124108 9.4553953,54.8152201 9.4610342,54.8202111 9.4648047,54.8224158 9.4654021,54.8226166 9.4726843,54.8238215 9.4921875,54.8222656 9.4961259,54.8220052 9.5005395,54.8242303 9.5031456,54.8288776 9.5158747,54.8382484 9.5257204,54.8394887 9.5300699,54.8415877 9.5307677,54.84375 9.5314114,54.84375 9.5324188,54.8447289 9.5442942,54.8500468 9.565917,54.8552089 9.575191,54.8640862 9.5843896,54.8647192 9.5876297,54.8673851 9.5859584,54.8722763 9.5893729,54.8758147 9.6133249,54.8757838 9.6132149,54.8743252 9.6004741,54.8677154 9.5973291,54.864778 9.593466,54.8604342 9.5913798,54.853317 9.5895785,54.8522791 9.5914578,54.84375 9.5915316,54.84375 9.5915827,54.8430502 9.5940076,54.8397492 9.6049635,54.8304113 9.6126775,54.8295861 9.6229469,54.8314303 9.6495985,54.821907 9.6618148,54.8229789 9.6694157,54.819976 9.6804659,54.8188121 9.7114211,54.808813 9.7361711,54.8049182 9.760921,54.8010234 9.7716773,54.7952389 9.7855176,54.7957422 9.7919478,54.7969857 9.7923402,54.7968622 9.7945483,54.7947593 9.7950807,54.7902557 9.8093786,54.7773668 9.8287401,54.7643316 9.831867,54.7604491 9.843068,54.7561527 9.84375,54.7561384 9.8517845,54.7542139 9.8647705,54.7540538 9.8652161,54.752151 9.8732089,54.751865 9.8748977,54.7521508 9.8771389,54.7533664 9.8780119,54.7540708 9.8797641,54.7605056 9.8812664,54.7621518 9.8921554,54.7700033 9.8927084,54.7701604 9.8947461,54.7696675 9.8939656,54.7674466 9.8966665,54.7681521 9.900781,54.7671288 9.9042912,54.7635642 9.9056565,54.7636679 9.906004,54.7638181 9.906664,54.769086 9.9021149,54.7744364 9.9021536,54.7768179 9.9044629,54.7823091 9.9031188,54.7894289 9.9071093,54.7968522 9.9075686,54.7970885 9.925523,54.791639 9.941609,54.783793 9.9558032,54.7795513 9.9566494,54.7790033 9.9634196,54.769428 9.9721921,54.7627383 9.9768375,54.7565113 9.9799927,54.7334347 9.9800961,54.7331275 9.9889481,54.7168596 9.9936888,54.7143027 9.9954898,54.7109538 10.0040493,54.7086793 10.0180346,54.6990647 10.0220047,54.6967421 10.0336586,54.6918114 10.035633,54.6900573 10.0376242,54.6876239 10.0375124,54.6825773 10.0346555,54.6724298 10.0340337,54.6722112 10.031477,54.6733675 10.0303462,54.6786664 10.0272619,54.6784254 10.0275048,54.6797947 10.0298386,54.6804287 10.029862,54.6805971 10.0288639,54.6815752 10.0286146,54.6817853 10.0250509,54.681169 10.0243806,54.6820445 10.0302819,54.6858596 10.026951,54.6839503 10.0218335,54.6838839 10.0289955,54.688188 10.0285673,54.6888092 10.0278699,54.6892875 10.0267738,54.6877311 10.0212649,54.6877906 10.0207359,54.6880147 10.0203863,54.688843 10.0226209,54.6915277 10.02192,54.691889 10.0158989,54.6924955 10.014962,54.6924655 10.0128775,54.6895614 9.9980742,54.686717 9.9957151,54.6845686 9.9957771,54.6807849 9.9919536,54.6811543 9.98896,54.6826792 9.9870878,54.6849409 9.9871767,54.68569 9.9875855,54.6861604 9.9900296,54.6857898 9.9943655,54.6885395 9.9945672,54.6893198 9.9943655,54.6911948 9.9913803,54.6939771 9.9926555,54.6988486 9.9877142,54.701111 9.9831693,54.7009673 9.9813114,54.6979775 9.9826202,54.6968977 9.9741468,54.6931982 9.9753351,54.691258 9.9738353,54.6892929 9.9796578,54.6870034 9.9771599,54.6825542 9.968279,54.6831245 9.9609742,54.6780629 9.9507951,54.6779506 9.9492503,54.6776938 9.9448769,54.676254 9.9428251,54.6740137 9.9378006,54.6724643 9.9394737,54.6703686 9.9373071,54.6679687 9.9374039,54.6679687 9.9376709,54.6647071 9.9352598,54.6628402 9.934108,54.6593281 9.9373004,54.6550614 9.9352263,54.653035 9.9347101,54.652625 9.9337764,54.6512274 9.9312195,54.6453311 9.932139,54.6428391 9.9299734,54.6414508 9.9302521,54.6349061 9.9322139,54.6332515 9.9360058,54.6336181 9.9372495,54.6324948 9.9328287,54.6275688 9.9132231,54.6288191 9.9110432,54.6304435 9.9118472,54.6333599 9.9082088,54.6342258 9.9054908,54.6314877 9.9089828,54.6286026 9.9086425,54.6281062 9.9077984,54.6275398 9.8925954,54.6232038 9.878564,54.6149842 9.8759062,54.6098554 9.8609091,54.6049089 9.8588387,54.602441 9.853724,54.6006572 9.8526818,54.6004865 9.84375,54.6010044 9.84375,54.5998884 9.8430296,54.5998884 9.8357089,54.5981858 9.8324947,54.5964661 9.83226,54.5955806 9.8329093,54.595033 9.8378906,54.5941685 9.8334221,54.5939987 9.8217307,54.5899608 9.8215401,54.5864763 9.818729,54.5850348 9.8199371,54.5836347 9.8197547,54.5835649 9.8133817,54.5858979 9.8128299,54.5879745 9.8101265,54.589262 9.8052471,54.5884205 9.8041337,54.5878139 9.801813,54.5825115 9.802029,54.579883 9.8033235,54.579724 9.8093773,54.5870658 9.8146532,54.5833755 9.8116003,54.5797257 9.8113815,54.5795693 9.7968845,54.5772588 9.791869,54.5738559 9.7897826,54.5732595 9.7882748,54.5731914 9.7740397,54.5750346 9.773957,54.5760704 9.7799315,54.5778142 9.7801625,54.5794554 9.7748705,54.5784326 9.7719562,54.5805225 9.7685391,54.5797344 9.7636032,54.5675414 9.7642714,54.5664206 9.7683682,54.5659767 9.7678235,54.5645306 9.7535279,54.557959 9.7525556,54.5537668 9.7400827,54.5445884 9.7382361,54.5378009 9.734548,54.532464 9.724542,54.5305496 9.7193204,54.534425 9.7146586,54.5330013 9.7194619,54.529985 9.713248,54.5200748 9.712122,54.5197012 9.70278749999999,54.5193614 9.7010999,54.5202231 9.700856,54.5259511 9.6962889,54.5271879 9.6696888,54.5251729 9.6592491,54.5224643 9.6557106,54.5231071 9.6507525,54.5223267 9.6469309,54.5238575 9.6460989,54.5226452 9.6489198,54.5212835 9.6430854,54.5220683 9.6373097,54.5208379 9.6354542,54.5154302 9.6330703,54.5144025 9.6266623,54.5224255 9.6325051,54.524738 9.6331764,54.5266945 9.6309558,54.5296692 9.6276898,54.5309052 9.61493,54.5277004 9.6042629,54.5265793 9.5996778,54.5231425 9.6028119,54.5221463 9.6048014,54.5233966 9.6050028,54.5211418 9.5945636,54.5171345 9.5866109,54.5100477 9.5731674,54.5116225 9.5639178,54.5119028 9.558344,54.5109272 9.5520031,54.5124648 9.5484384,54.512117 9.545137,54.5092082 9.5509262,54.5077006 9.5477051,54.5063281 9.5517308,54.5032684 9.5569938,54.5033495 9.5616807,54.5008991 9.5703787,54.5018708 9.5775146,54.5003843 9.567341,54.4949299 9.5671676,54.4944093 9.5685515,54.4921875 9.568718,54.4921875 9.5703903,54.4888676 9.5710948,54.4882189 9.5762599,54.4856433 9.5744019,54.4842125 9.5736378,54.4799107 9.5733573,54.4754412 9.5749043,54.4752502 9.5765105,54.4753212 9.5827333,54.4780809 9.5824617,54.4834914 9.5774475,54.48862 9.5801976,54.4921875 9.5805584,54.4921875 9.5819424,54.4939821 9.5807294,54.500859 9.5874507,54.5034432 9.5946662,54.5054411 9.5955851,54.5056444 9.6081476,54.507055 9.6130532,54.5080482 9.6244137,54.5113581 9.628484,54.5113275 9.6361583,54.5087106 9.6420356,54.5102519 9.6471139,54.5098317 9.6639634,54.5063879 9.6680759,54.5043309 9.6713471,54.4979335 9.6716661,54.4977599 9.676567,54.4952811 9.6840143,54.4955556 9.6900615,54.4921875 9.6902103,54.4921875 9.6918925,54.4901071 9.6926374,54.4899945 9.7065514,54.4908673 9.7089984,54.4918633 9.7155774,54.4916142 9.7155612,54.4921875 9.7159963,54.4921875 9.7128175,54.4952815 9.7094368,54.5074652 9.7008044,54.5138502 9.700352,54.5146476 9.7007155,54.5154465 9.7011523,54.51577 9.7066451,54.5168844 9.7156885,54.5173196 9.716561,54.5232353 9.7196054,54.5284204 9.7203296,54.5286593 9.7234561,54.5289651 9.726427,54.5280538 9.724159,54.5269217 9.7231069,54.5209503 9.7242987,54.5203037 9.7268559,54.52073 9.7289197,54.5230629 9.7369961,54.5249729 9.734466,54.5280294 9.7385077,54.5278978 9.7416284,54.5299072 9.7420675,54.5319464 9.7392268,54.5359379 9.7440675,54.5362825 9.7488652,54.5463408 9.7617747,54.5488487 9.7637753,54.5539159 9.7711333,54.5575736 9.7757964,54.5579065 9.7797321,54.5565131 9.7755721,54.5532714 9.775592,54.5529594 9.7767411,54.5529019 9.7775702,54.5532947 9.786478,54.5591455 9.8017755,54.5665214 9.8073084,54.571822 9.8187166,54.5783176 9.8203285,54.5829105 9.8276476,54.5815339 9.8394008,54.5836937 9.8418854,54.5906537 9.84215,54.5909148 9.84375,54.5906808 9.8441702,54.5905014 9.84375,54.5884486 9.8445271,54.5885293 9.8544735,54.591826 9.8608907,54.5953948 9.8758122,54.5982438 9.8794188,54.5997103 9.8891789,54.6065398 9.8947625,54.6077352 9.9052776,54.6140631 9.9256722,54.6187415 9.9287919,54.6219679 9.933018,54.6220902 9.9329849,54.623576 9.9371156,54.622999 9.9394859,54.6262445 9.9361987,54.6285145 9.9450601,54.6364418 9.9446716,54.6410491 9.9375501,54.6448789 9.9366142,54.6498779 9.9381588,54.6517279 9.9402308,54.6525866 9.9411238,54.6552606 9.9386355,54.6593856 9.9367806,54.6599435 9.9407142,54.663644 9.9413435,54.6668744 9.9441277,54.6679687 9.9445409,54.6679687 9.9495909,54.6742285 9.9640325,54.6751946 9.9693781,54.6735775 9.9757372,54.6734848 9.9843318,54.6698563 9.9881994,54.6697807 9.9884259,54.6679687 9.9887934,54.6679687 9.9897927,54.6661525 9.9972947,54.6660336 9.9988793,54.6679687 9.9990354,54.6679687 9.9990876,54.6715499 10.0018038,54.6738166 10.0039806,54.6729378 10.0053048,54.6679687 10.005177,54.6675297 10.0092734,54.6622699 10.0102828,54.6619508 10.0118086,54.6618676 10.0136309,54.662169 10.0170449,54.6643399 10.0293579,54.6639332 10.0298384,54.6640514 10.0308777,54.6667835 10.0330632,54.6672599 10.032979,54.6679687 10.032793,54.6679687 10.0329396,54.6698122 10.0332325,54.669872 10.0347222,54.6679687 10.0349,54.6679687 10.0320692,54.6622334 10.0182424,54.6633425 10.0152065,54.6615591 10.0150598,54.6609927 10.0163322,54.6598488 10.0245337,54.6579117 10.0318266,54.6602553 10.0333526,54.6574084 10.0306283,54.6506791 10.0302449,54.6381196 10.0329283,54.6314702 10.0339395,54.6217912 10.0326209,54.6167731 10.0267895,54.6078618 10.025363,54.5963991 10.0257769,54.5855196 10.0295296,54.5817689 10.0253547,54.5790923 10.0269057,54.550143 10.0266764,54.5497627 10.0241069,54.5477753 10.0231634,54.547381 10.0164644,54.5457301 10.0152597,54.5450613 10.0128779,54.5427912 10.0066975,54.5313873 10.0004489,54.5232917 9.9967648,54.5201879 9.9902112,54.5176342 9.987214,54.5156087 9.9838287,54.5120269 9.9761617,54.5105826 9.9650512,54.5027137 9.9530768,54.4999485 9.9404677,54.4954253 9.9397526,54.4940236 9.9348766,54.4937286 9.9301997,54.4921875 9.9298468,54.4921875 9.9267724,54.4907567 9.9115531,54.4875872 9.8894333,54.4795629 9.8731945,54.4753469 9.8696454,54.4735858 9.8708574,54.4711658 9.8642368,54.4699292 9.8592696,54.4709371 9.8570077,54.4718221 9.8556585,54.4741101 9.8501515,54.4768556 9.84375,54.4768414 9.8425542,54.4768414 9.8391525,54.4758012 9.84375,54.4740514 9.8445272,54.4735728 9.84375,54.4726562 9.8420759,54.4726562 9.8408738,54.4720116 9.8405344,54.4675683 9.84375,54.4620535 9.84375,54.4603794 9.8450317,54.458859 9.8486269,54.455466 9.8493083,54.4552403 9.8558466,54.4556379 9.8527102,54.4533426 9.8564286,54.4504153 9.8678108,54.4473618 9.8689806,54.4474297 9.8912532,54.4510161 9.9138089,54.4522341 9.9341028,54.460974 9.9252291,54.4606702 9.9249527,54.461678 9.9478931,54.4633816 9.9568207,54.4651743 9.9597417,54.4667968 9.9956241,54.4682724 10.0190901,54.4748203 10.0595421,54.4778918 10.0673642,54.4800487 10.0824775,54.4799925 10.1117324,54.484429 10.1169263,54.4849044 10.1268646,54.4849027 10.1365619,54.4836646 10.160201,54.4742748 10.1703131,54.4697711 10.1834357,54.4608421 10.1902809,54.4572045 10.1953125,54.456194 10.1990472,54.4554961 10.1990904,54.4549738 10.1956465,54.4492186 10.1953125,54.4492187 10.1950732,54.4492187 10.1859356,54.4474233 10.1746213,54.4355789 10.1686933,54.433741 10.1711096,54.4323306 10.1719413,54.4264811 10.1821299,54.4163923 10.1875826,54.4132853 10.1909624,54.4080466 10.1922022,54.4018857 10.1893883,54.3977469 10.1887457,54.3926094 10.1918421,54.3897955 10.1768984,54.3899744 10.161166,54.3855741 10.1610134,54.3820934 10.165558,54.3782976 10.1652821,54.3776851 10.1588206,54.3756794 10.1543391,54.3689198 10.1539545,54.3687624 10.1466577,54.3690402 10.1233003,54.3688334 10.1231237,54.36767 10.1423723,54.3649684 10.1513004,54.3630762 10.1455534,54.3628567 10.1498384,54.359701 10.1451758,54.3609017 10.1423258,54.3586394 10.1410317,54.3530569 10.1548038,54.3444937 10.1573145,54.3369795 10.1487867,54.3296678 10.143931,54.322049 10.1351126,54.3172467 10.1346993,54.314701 10.1322628,54.3130302 10.1320374,54.3123236 10.132988,54.3109376 10.1340157,54.3108639 10.1381478,54.3164062 10.1492693,54.3205777 10.1509314,54.3198003 10.1520472,54.3204936 10.1518074,54.3239588 10.154214,54.3242683 10.1553473,54.3220174 10.1585751,54.3237599 10.1611032,54.3227412 10.1636208,54.3240728 10.1630673,54.3252743 10.1693977,54.3271543 10.1698763,54.3295588 10.1842076,54.327839 10.1819307,54.3292331 10.1781758,54.329415 10.1721059,54.3320047 10.1704919,54.3335208 10.1704814,54.3339194 10.173227,54.3338639 10.1745183,54.3349851 10.1766067,54.3342961 10.1728332,54.3372701 10.1750526,54.3395211 10.1745431,54.348654 10.1776239,54.3517214 10.1794009,54.3573995 10.1783882,54.3610132 10.178557,54.3613318 10.1932582,54.3645896 10.1953125,54.3655134 10.1961367,54.3669308 10.1962692,54.3698381 10.1940308,54.3717912 10.1965181,54.3738018 10.1966183,54.3756276 10.193716,54.3787395 10.1938829,54.3792853 10.1953125,54.3794641 10.201346,54.3809617 10.2085655,54.3869106 10.2097209,54.395938 10.2133234,54.397173 10.2153288,54.3987745 10.2144974,54.3999135 10.218733,54.4025315 10.2153583,54.4035959 10.2291564,54.4139906 10.2409701,54.4164935 10.2608784,54.4171621 10.2743872,54.4188665 10.2788047,54.4178004 10.2812684,54.4191538 10.2894866,54.4191884 10.2897735,54.4215251 10.2931865,54.4226336 10.2935067,54.4253896 10.2862827,54.4243315 10.2804796,54.4202899 10.2772136,54.4204963 10.2900906,54.4283078 10.3022131,54.4331921 10.3022203,54.4331965 10.3074822,54.4340338 10.3191262,54.4355174 10.3316966,54.4355174 10.3427923,54.4341223 10.3661829,54.4298444 10.3895736,54.4255664 10.3905416,54.4253654 10.4040976,54.4210379 10.4140747,54.4149683 10.44809,54.4014035 10.4772846,54.3917983 10.4936624,54.3873436 10.4979209,54.3865066 10.5132664,54.3847361 10.5299115,54.3806089 10.5399094,54.3798004 10.546875,54.3777902 10.5744237,54.3693553 10.5968416,54.3645312 10.5983701,54.3640667 10.6112684,54.3594081 10.6313343,54.3512319 10.6384752,54.3477015 10.6430064,54.3434687 10.6489346,54.3360983 10.6493188,54.3329712 10.6496193,54.3327456 10.6505181,54.3317755 10.6541879,54.3295501 10.6566852,54.3282573 10.6780517,54.3211226 10.6816926,54.3177893 10.6783981,54.316884 10.6784118,54.3164062 10.6783787,54.314814 10.6817703,54.3115627 10.6834244,54.310298 10.6879148,54.308234 10.6968442,54.3056554 10.6980954,54.3053946 10.7050946,54.3047161 10.7124035,54.3047169 10.7359391,54.3096373 10.7542397,54.3062719 10.7661794,54.3066699 10.7844549,54.3102961 10.7876751,54.311304 10.8003048,54.3164062 10.8013391,54.3164062 10.8022953,54.3167202 10.8241727,54.327105 10.8317993,54.3316159 10.833287,54.3327456 10.8466074,54.3428602 10.870908,54.3582133 10.8901401,54.3646684 10.8984375,54.3649553 10.8995934,54.3649616 10.9040085,54.3666034 10.9099926,54.3691179 10.9286991,54.3814921 10.9303963,54.3819324 10.9495105,54.3844389 10.9595726,54.3817266 10.9723372,54.3819754 10.9936208,54.3795294 11.021703,54.3804857 11.0228549,54.3802429 11.0234932,54.379968 11.0245577,54.3763564 11.0133529,54.3764946 11.0099607,54.3752996 11.0062699,54.3763307 10.9982728,54.3749723 10.9917346,54.3764373 10.9870842,54.3756841 10.9868708,54.3791496 10.9826589,54.3793339 10.9845856,54.3746529 10.993803,54.3704625 11.0011398,54.3699772 11.0030254,54.3724687 11.0059139,54.3728567 11.0178089,54.3674501 11.0253723,54.3674961 11.0591452,54.3751354 11.0667521,54.3749188 11.0764402,54.3778845 11.0790128,54.377281 11.0804542,54.3819673 11.0866466,54.386752 11.0883827,54.3898122 11.0967793,54.3936405 11.1065834,54.394946 11.1147143,54.3911068 11.117806,54.3945329 11.1183456,54.3944461 11.1278582,54.3904999 11.1304351,54.388817 11.1312592,54.3866996 11.1310509,54.3846452 11.1270868,54.3745865 11.1209623,54.3708271 11.1124082,54.3682299 11.1040601,54.3629149 11.086435,54.3563874 11.0816712,54.352405 11.0785295,54.3451138 11.0769639,54.3459451 11.0795017,54.3516496 11.0729784,54.3566824 11.0686024,54.3578372 11.0658997,54.3577911 11.0621154,54.3572216 11.0613571,54.3570412 11.0595253,54.3556041 11.0587238,54.3541684 11.058724,54.3508646 11.0632116,54.3439867 11.0684897,54.3440669 11.0733726,54.346422 11.0753469,54.346157 11.072481,54.3443995 11.0722233,54.3411322 11.0729812,54.3327456 11.0744578,54.3164062 11.0746951,54.3164062 11.0752238,54.3079576 11.0774981,54.3033448 11.0776036,54.2975982 11.0845484,54.2813781 11.0840768,54.2674119 11.0820014,54.2610539 11.0814176,54.2474838 11.08199,54.2431945 11.0857068,54.2311656 11.0904279,54.2225085 11.0904154,54.210798 11.0934942,54.197898 11.0848553,54.1969336 11.06639,54.1907966 11.0507375,54.1778644 11.0457501,54.175517 11.0439444,54.1747069 11.0101368,54.1627475 10.9811656,54.1496766 10.9546494,54.140625 10.9539474,54.140625 10.9426289,54.1326206 10.9249287,54.116711 10.9070214,54.1075557 10.8984375,54.1012834 10.8984375,54.1010044 10.8868136,54.0920759 10.8734422,54.0865247 10.8663467,54.0848892 10.8551115,54.0888748 10.8421036,54.0879185 10.8248672,54.0885086 10.8237704,54.0886707 10.8146923,54.09232 10.8126386,54.0956249 10.804871,54.0959672 10.8068591,54.0916359 10.8016307,54.0904245 10.7994153,54.0827231 10.7916276,54.0750573 10.776437,54.0663236 10.7597888,54.059707 10.7594342,54.0595034 10.7552716,54.0559576 10.752853,54.0521218 10.7495204,54.0433397 10.7495152,54.0428329 10.752853,54.0328887 10.7724667,54.0080591 10.7856957,53.9970382 10.7969832,53.9926896 10.8038481,53.9914213 10.8108057,53.9930595 10.8102988,53.9949538 10.8221993,53.9941111 10.8390092,53.9910418 10.8549888,53.9934431 10.8632118,53.9924371 10.8744037,53.9885123 10.8851556,53.9780955 10.8814799,53.9667934 10.8817052,53.9648272 10.8818989,53.9648437 10.8844945,53.9602345 10.884208,53.9600037 10.8729876,53.9583232 10.8678896,53.9550768 10.8597811,53.9534981 10.8594781,53.953269 10.8574498,53.9513186 10.85745,53.9510252 10.8601127,53.9479135 10.8609741,53.9438033 10.8595039,53.9420127 10.8614277,53.9433616 10.8624378,53.9424731 10.862667,53.9418017 10.8638955,53.9328203 10.8638077,53.9290696 10.8621734,53.9251779 10.8660862,53.9182158 10.861176,53.9176722 10.8597857,53.9138963 10.8534775,53.9100708 10.8422266,53.906813 10.8267614,53.8981879 10.8163522,53.8964328 10.8132404,53.8948739 10.8059098,53.8961344 10.8036159,53.8951432 10.8032382,53.8951443 10.7850822,53.8957853 10.7823898,53.8962222 10.781756,53.8965458 10.7807089,53.8985419 10.7640042,53.9065943 10.7542197,53.9086955 10.7481436,53.9092897 10.7375108,53.9091148 10.7349607,53.9103934 10.7337615,53.9103403 10.7281882,53.9081556 10.7115805,53.9068567 10.7069299,53.9032754 10.6991488,53.9010417 10.6987973,53.900824 10.6968381,53.8982865 10.6989976,53.8980294 10.7008593,53.8907238 10.6994568,53.88817 10.6952598,53.8859221 10.6955268,53.8856775 10.7032952,53.888133 10.7046078,53.8894486 10.7019885,53.8967685 10.7061158,53.9015723 10.7166049,53.9051911 10.7329195,53.9076155 10.7406157,53.9065878 10.7420243,53.9068816 10.7407593,53.9079453 10.7582927,53.9070786 10.7621238,53.9051358 10.7648149,53.900954 10.7717108,53.9013988 10.7765408,53.8979682 10.7681361,53.8973587 10.7704026,53.8955491 10.7677989,53.8943501 10.7681286,53.8904819 10.777721,53.8895813 10.7926416,53.8940296 10.8026882,53.8935643 10.8029826,53.8933645 10.8025634,53.8897327 10.8035578,53.8872578 10.8050528,53.8863304 10.8063526,53.8862314 10.8130729,53.8872976 10.8133603,53.8874751 10.8188699,53.8935528 10.8245893,53.8929281 10.8321455,53.8942989 10.834859,53.8964411 10.8405758,53.8954337 10.8471364,53.8965096 10.8483247,53.9049249 10.8561074,53.9049208 10.8600523,53.909301 10.8736385,53.9138908 10.8780618,53.9216853 10.8819607,53.9239219 10.8830007,53.9241979 10.8869917,53.9240171 10.8896244,53.9206141 10.8959264,53.9177196 10.8984375,53.9171315 10.9014921,53.9172323 10.9041578,53.9155554 10.9103596,53.9153935 10.9112242,53.9144164 10.911417,53.9130721 10.9108638,53.9124848 10.9032305,53.9074419 10.9022264,53.9039682 10.9109612,53.8978909 10.9161428,53.8979089 10.9283516,53.9004765 10.9369864,53.9006931 10.9420158,53.9036492 10.9504379,53.9045486 10.9577864,53.9096906 10.9646807,53.9074605 10.9677045,53.9077683 10.9678558,53.9081255 10.9638851,53.9130651 10.9573038,53.9134747 10.9492849,53.9123431 10.938924,53.9188969 10.9302953,53.9177192 10.9254179,53.9211311 10.9245799,53.9213889 10.914342,53.9231884 10.9053522,53.9235305 10.8990226,53.9223771 10.8985192,53.9221398 10.8984375,53.922154 10.8948905,53.9243999 10.894783,53.9288868 10.8954831,53.9348953 10.8961408,53.9363272 10.8984375,53.938337 10.8984375,53.9388951 10.9095823,53.9461367 10.9079121,53.9512826 10.9024107,53.9540154 10.8984375,53.953125 10.8915792,53.9520708 10.8908281,53.9518766 10.887764,53.9495208 10.8828905,53.9488077 10.8811986,53.9442189 10.8668658,53.9403249 10.8658963,53.9406087 10.86312,53.9461477 10.8633188,53.9481612 10.8647364,53.9511126 10.8664777,53.952727 10.8706932,53.9553297 10.8753721,53.9569041 10.8816797,53.9583414 10.8867259,53.9583708 10.8895894,53.955927 10.8917109,53.9557276 10.8984375,53.9557143 10.9046748,53.9566458 10.9154099,53.9591209 10.9349374,53.9646999 10.9344952,53.9648437 10.9362212,53.9661995 10.9519348,53.9721006 10.9504369,53.9734656 10.9613523,53.977459 10.974045,53.9840276 10.9805017,53.98659 11.0068628,53.9944578 11.0199034,54.0004811 11.0291408,54.0034878 11.0406384,54.0063593 11.0488507,54.0078473 11.0543972,54.0086184 11.0721704,54.0096863 11.0729284,54.0098081 11.0774691,54.0116668 11.0835084,54.011658 11.0890034,54.0138658 11.0979152,54.0138916 11.119435,54.0109112 11.1465209,54.0094571 11.1534613,54.012079 11.1789174,54.0155733 11.1858792,54.0129431 11.1933143,54.0078028 11.1935911,53.9998919 11.1990032,53.9953386 11.2008522,53.9914445 11.214744,53.9846832 11.2271512,53.9822088 11.2323936,53.9816144 11.2392933,53.9818079 11.25,53.9871652 11.2575517,53.9855835 11.2598875,53.9812511 11.254565,53.9736938 11.2539577,53.9730908 11.25,53.9732142 11.2483394,53.9732142 11.2458102,53.9717644 11.2456033,53.9713821 11.2433577,53.9648437 11.2438571,53.9648437 11.2406073,53.9515718 11.2459909,53.9417254 11.2466809,53.9410235 11.2484391,53.9406626 11.25,53.9416853 11.2524042,53.9419314 11.2527968,53.9418064 11.2532175,53.9409904 11.25,53.9388951 11.2583669,53.9341658 11.2623829,53.9327081 11.2724429,53.9299951 11.2842196,53.9297159 11.2861576,53.9301943 11.3005964,53.9372256 11.3140279,53.9414062 11.3208247,53.9476631 11.3261487,53.9562187 11.329051,53.9581087 11.3339416,53.9585367 11.3394789,53.9565482 11.3446946,53.9485399 11.3482178,53.9479192 11.3469158,53.9449338 11.3645235,53.9351875 11.3736475,53.9350392 11.389746,53.9388369 11.405633,53.9349684 11.400862,53.9256362 11.4031447,53.9214652 11.414404,53.915764 11.4337542,53.9104106 11.4379532,53.9101512 11.4348927,53.9015471 11.4520475,53.8999085 11.4545673,53.9005661 11.4545605,53.9021753 11.448248,53.9035124 11.4444233,53.9060934 11.4459704,53.9074954 11.444097,53.9099354 11.4450967,53.911992 11.4501802,53.9147449 11.457895,53.9164984 11.4647371,53.9228876 11.4733444,53.9283037 11.4753354,53.9286274 11.4779547,53.9263932 11.4805284,53.9275535 11.4809511,53.9300113 11.4769546,53.9349728 11.4823633,53.9469213 11.4792943,53.9601967 11.4824849,53.9648437 11.4836932,53.9678584 11.4831856,53.968309 11.4768536,53.969276 11.4796305,53.9648437 11.4763094,53.9648437 11.4750443,53.9651135 11.4744117,53.9649832 11.4744518,53.9648437 11.4714454,53.9635624 11.4711441,53.9648437 11.4710906,53.9648437 11.4710439,53.9652225 11.4756238,53.9691145 11.4670523,53.9704595 11.4601783,53.9648437 11.4598033,53.9648437 11.4599376,53.9627913 11.4556754,53.9613655 11.4552181,53.9609661 11.4554831,53.9582319 11.4540948,53.9575109 11.4526427,53.9573907 11.4486552,53.9580945 11.4479055,53.9583648 11.4428598,53.9610769 11.4409022,53.9648437 11.440726,53.9648437 11.4414454,53.9691921 11.4417176,53.9698731 11.4463053,53.9743875 11.4447652,53.9880598 11.4463356,53.9960378 11.4448918,53.9970176 11.442685,53.9944901 11.4350898,53.9911642 11.4279937,53.9859416 11.4297891,53.9843088 11.4297956,53.9839011 11.4284636,53.98316 11.4284433,53.9798166 11.4297566,53.97767 11.427456,53.9758416 11.4274561,53.9725701 11.4297693,53.969985 11.4297692,53.9694732 11.4270895,53.9669466 11.4279162,53.9648437 11.4286164,53.9648437 11.4282908,53.9613066 11.4281147,53.9610831 11.4264756,53.9607977 11.4237112,53.9611341 11.417527,53.9632421 11.4153856,53.9648437 11.4146318,53.9648437 11.4105358,53.9686524 11.4014422,53.9686288 11.3941543,53.9742161 11.392857,53.9743938 11.3902808,53.9734704 11.3899854,53.9732289 11.386332,53.9692796 11.3867524,53.9680995 11.3926752,53.9667506 11.3949465,53.9676063 11.4106898,53.9677075 11.4107853,53.9666566 11.4104173,53.9662913 11.4060918,53.9648437 11.4044793,53.9643629 11.3986107,53.9640065 11.3939229,53.9640365 11.3912864,53.9648437 11.3899606,53.9648437 11.3830537,53.9691324 11.3776371,53.9753588 11.3744273,53.9921387 11.3767457,53.9956436 11.3781447,53.997088 11.3833994,54.0001007 11.4026231,54.008341 11.4162056,54.0111901 11.4446698,54.0210139 11.4575959,54.023687 11.46943,54.0242745 11.4903405,54.0229551 11.4921051,54.0225987 11.4961814,54.0196913 11.496236,54.0146484 11.4957095,54.010799 11.4914325,54.0011706 11.4879231,53.9993244 11.4888755,54.0021952 11.4854538,54.0024931 11.4777898,53.997573 11.4795069,53.9899853 11.4777911,53.9852232 11.4797484,53.9815692 11.4728708,53.979547 11.4674186,53.9733043 11.4688134,53.971435 11.4796859,53.9702053 11.4837236,53.9713662 11.4866662,53.974444 11.4881631,53.9736847 11.4866251,53.969443 11.4898592,53.9683123 11.4937338,53.9711545 11.4906104,53.9760773 11.4934742,53.979484 11.4979543,53.9814695 11.4996049,53.9859302 11.498009,53.9881707 11.4929113,53.9899753 11.4918379,53.99312 11.497123,53.9958689 11.5002069,54.0010262 11.5052121,54.0045422 11.5053004,54.0071077 11.5096961,54.0118752 11.5192465,54.0161254 11.5319943,54.0188081 11.5345205,54.0210558 11.5336413,54.0242934 11.5307354,54.0266228 11.5286077,54.0266207 11.5269654,54.0251611 11.5178111,54.0250824 11.516282,54.0272748 11.5200057,54.0327495 11.5292221,54.0343229 11.5329489,54.0283684 11.5361267,54.0262145 11.5407655,54.0251195 11.5466202,54.0251448 11.5493232,54.0254323 11.5566972,54.0269896 11.5661646,54.029626 11.572311,54.0326774 11.5725687,54.0328217 11.5795532,54.0383186 11.5798641,54.0386375 11.5863225,54.0467556 11.5863252,54.0511785 11.5813977,54.0632426 11.5873262,54.0641847 11.5946842,54.067493 11.6015625,54.0672433 11.6023365,54.0672467 11.6044008,54.0689234 11.61178,54.0700644 11.6101336,54.0708755 11.613272,54.0730764 11.6221734,54.0758835 11.6257069,54.086125 11.6257423,54.0894016 11.6147794,54.101384 11.6127338,54.1028562 11.6066219,54.1038351 11.6015625,54.1012834 11.6013252,54.1012834 11.6006405,54.1007307 11.6002498,54.0989573 11.6015625,54.0979353 11.602905,54.0961641 11.6015625,54.0954241 11.5986989,54.0943975 11.5923856,54.094278 11.5893893,54.09372 11.5870521,54.0928134 11.5832509,54.0902925 11.5783851,54.0853221 11.5759327,54.0799841 11.5714304,54.0795259 11.5561883,54.0678393 11.5484642,54.0656741 11.5495929,54.0639698 11.5418909,54.0576537 11.5422328,54.0542744 11.5318516,54.0491042 11.5305035,54.0506316 11.5314652,54.0536646 11.5368968,54.0570564 11.5338147,54.0660756 11.5341659,54.0741497 11.5318711,54.0745723 11.5295022,54.073202 11.525804,54.0686454 11.5250524,54.071375 11.5253454,54.0716819 11.5567963,54.0953875 11.565467,54.0984271 11.588117,54.0995483 11.5890629,54.0997469 11.6015625,54.1037946 11.6031433,54.1043983 11.6041495,54.1062335 11.60469,54.1064442 11.6083694,54.1065953 11.6186087,54.1121079 11.6327232,54.1235563 11.6478692,54.1320755 11.6605577,54.140546 11.6601562,54.140625 11.6601117,54.1410496 11.6807082,54.1526161 11.7042212,54.153917 11.7389957,54.1532468 11.7608315,54.1545453 11.7704765,54.151422 11.7819664,54.1490495 11.7945704,54.1471093 11.8115621,54.1451188 11.8328787,54.1443964 11.8451875,54.1446141 11.8532017,54.1451188 11.8771504,54.1489305 11.8874009,54.151082 11.91003,54.1564673 11.9187233,54.1592568 11.9220324,54.1600077 11.9437329,54.1643788 11.953125,54.1651785 11.9666759,54.1670645 12.0,54.1754608 12.0088238,54.1776839 12.0098578,54.1778241 12.0264916,54.1760896 12.0421689,54.1760896 12.0571398,54.1778452 12.070163,54.1780947 12.0870969,54.1829625 12.0928348,54.1784441 12.0930668,54.1781076 12.0949469,54.173968 12.0937552,54.1719676 12.09702,54.1697164 12.0969514,54.1656424 12.0951275,54.1635081 12.0963901,54.1612693 12.0941834,54.1591784 12.0926569,54.1532567 12.0880798,54.1462445 12.0848999,54.1446861 12.0849082,54.1443924 12.0874475,54.142114 12.0874619,54.140625 12.0898898,54.1337053 12.0921201,54.1326334 12.0921229,54.1321185 12.086098,54.1226159 12.0897794,54.1132773 12.092684,54.1117038 12.0925654,54.108952 12.0951335,54.1078975 12.0967824,54.1043752 12.1011775,54.100641 12.1033165,54.0991247 12.1041148,54.0988708 12.1082559,54.0993242 12.1096326,54.0955721 12.1212111,54.0932531 12.1427429,54.0932755 12.1506246,54.0943694 12.152384,54.0966311 12.1481128,54.0977976 12.1473829,54.0978705 12.1422271,54.0968902 12.1347961,54.0974541 12.1255226,54.0952177 12.1247377,54.095215 12.1179622,54.0967473 12.1174591,54.0969276 12.1130126,54.0992573 12.1126291,54.0996643 12.1138757,54.1005889 12.1115348,54.103321 12.101216,54.1095626 12.1026996,54.1117461 12.1002953,54.1121367 12.0978893,54.1162263 12.1000791,54.1255462 12.0960547,54.1382473 12.0964069,54.140625 12.0969892,54.140625 12.0961651,54.1449605 12.0977957,54.1530889 12.0980316,54.1533006 12.1007102,54.1537986 12.1017019,54.1482822 12.1036075,54.1481941 12.1027212,54.154955 12.1062717,54.156141 12.1125125,54.1463783 12.1126523,54.1490769 12.1088119,54.1553311 12.1162831,54.1562244 12.1208252,54.1551529 12.1248643,54.1504606 12.1215512,54.1583081 12.1294469,54.1584382 12.1330301,54.1558625 12.1310328,54.1586139 12.1356519,54.1573783 12.1376667,54.1599133 12.1424546,54.1607667 12.1425579,54.1615797 12.1366837,54.1614313 12.1383792,54.1673566 12.1364203,54.1682147 12.140188,54.1692907 12.1426719,54.1719229 12.1424434,54.1723377 12.1405832,54.174134 12.1298959,54.173454 12.1233391,54.1760325 12.1200937,54.1739424 12.1162769,54.1755042 12.1096011,54.1755534 12.1068023,54.1703119 12.1010067,54.169104 12.0951411,54.1806521 12.1024923,54.1784545 12.1090246,54.1779308 12.1237915,54.1833357 12.1327091,54.1885544 12.1493365,54.2008084 12.1756284,54.229423 12.1954799,54.242587 12.2226042,54.2538728 12.2445402,54.2601722 12.2746139,54.2704321 12.3046875,54.2806919 12.3061382,54.2810086 12.3198202,54.2872707 12.3399093,54.2984744 12.3423843,54.302555 12.3556592,54.3164062 12.3563457,54.3164062 12.3674138,54.3274581 12.3667144,54.3291475 12.3707922,54.3327456 12.3797107,54.3435858 12.3851212,54.3531811 12.3926446,54.3578855 12.4078881,54.3775012 12.4356846,54.3913635 12.4519284,54.4042923 12.4682018,54.4218509 12.4778975,54.44117 12.4965525,54.4696501 12.510995,54.4828681 12.5185186,54.4843024 12.5303609,54.4822813 12.5290178,54.4755859 12.5262094,54.4715741 12.5264326,54.4710909 12.5359088,54.4618874 12.5372248,54.4611071 12.5482295,54.4560604 12.5488919,54.4558576 12.5586193,54.4540288 12.5652846,54.4531544 12.5905513,54.4511525 12.6158179,54.4491506 12.65625,54.4425222 12.6648504,54.4417152 12.6717952,54.4414063 12.7042866,54.4414726 12.736778,54.441539 12.7692693,54.4416054 12.8000336,54.4398727 12.8281953,54.4401213 12.856357,54.4403698 12.8883637,54.4424562 12.9203703,54.4445426 12.9217242,54.4428936 12.9194462,54.4431303 12.9165885,54.4386135 12.9217021,54.4322115 12.9244705,54.4337171 12.9247347,54.4405704 12.9286315,54.4424834 12.9301273,54.4427365 12.9500064,54.4427717 12.9590321,54.4416215 12.96118,54.4411883 12.9622688,54.4379419 12.9613165,54.4367245 12.9606467,54.4365458 12.9582736,54.4364955 12.9574989,54.43803 12.9494616,54.4396498 12.9384888,54.4380121 12.9315711,54.4317342 12.927789,54.4317836 12.9299998,54.4294984 12.9300013,54.4278663 12.9293063,54.427052 12.9275039,54.4270374 12.9224966,54.4231652 12.9100496,54.4201045 12.9017527,54.4206326 12.9010624,54.4192601 12.8953034,54.4187309 12.8946964,54.4176408 12.8807395,54.4162651 12.8753099,54.4132468 12.8747385,54.4132535 12.8645567,54.4188058 12.8606961,54.4197098 12.8512866,54.421384 12.8502573,54.4215291 12.8311042,54.4224035 12.8215219,54.4210525 12.8148118,54.4182478 12.8084193,54.4144273 12.8015987,54.4082375 12.7927246,54.4154354 12.7885046,54.4171017 12.7714705,54.4171828 12.7670133,54.4162554 12.7636555,54.4130017 12.7545568,54.414587 12.7393347,54.4153616 12.7290982,54.4232577 12.7268277,54.4268351 12.7225457,54.4274889 12.7237505,54.4293982 12.7201149,54.4318587 12.7160255,54.4284945 12.7131921,54.4278033 12.6969076,54.4310863 12.7105504,54.4257181 12.7247221,54.4250133 12.7302969,54.4217979 12.7312632,54.4168659 12.7306828,54.4157774 12.7299706,54.4155294 12.7199808,54.4150254 12.7075684,54.4176602 12.6944308,54.4185168 12.6876819,54.4167604 12.6845198,54.4146972 12.6788887,54.4149615 12.6740049,54.4188005 12.6781259,54.4228733 12.6910656,54.4246166 12.6909809,54.4270051 12.6928911,54.4282701 12.6865764,54.4269102 12.6864238,54.4271392 12.689152,54.4300919 12.688547,54.430057 12.6814137,54.4258403 12.6702898,54.4220566 12.6718122,54.416036 12.670485,54.4155453 12.6669762,54.4178205 12.6681736,54.4101129 12.6679291,54.4096922 12.6641809,54.4082564 12.6635998,54.4082624 12.65625,54.4098771 12.6525801,54.4105583 12.6521215,54.4109659 12.6467204,54.4193524 12.6441931,54.4195498 12.6451317,54.4158407 12.6417624,54.4165649 12.639749,54.4192601 12.6389898,54.4160573 12.636475,54.4163241 12.6362102,54.4165211 12.6349792,54.4217253 12.6392472,54.4236743 12.6376007,54.4247626 12.6288522,54.4196028 12.623533,54.4201648 12.6176859,54.4178652 12.6182212,54.4147536 12.6139185,54.4140412 12.6114069,54.4111199 12.6169698,54.4071387 12.6098042,54.4092597 12.6034607,54.4088218 12.5875256,54.4075825 12.5833851,54.4050364 12.5778404,54.4041045 12.5764214,54.3994224 12.5781208,54.3970922 12.586104,54.3931661 12.5976012,54.3913474 12.5930619,54.3834813 12.5927911,54.3833559 12.5912406,54.3843207 12.5918956,54.3869115 12.5862463,54.3888958 12.5776467,54.3879091 12.5723203,54.3895357 12.5518591,54.3893234 12.5511324,54.3891788 12.5464414,54.3865541 12.5392667,54.3846436 12.5350046,54.3808059 12.5275273,54.3807073 12.5262632,54.3802092 12.5224916,54.3774194 12.5220279,54.3769944 12.5224359,54.3723379 12.5250089,54.3711159 12.5249203,54.3697915 12.5240223,54.36974 12.5200266,54.3701572 12.5198551,54.3714566 12.5098335,54.377315 12.5024104,54.3805403 12.4956129,54.3818885 12.4599874,54.3812729 12.4523797,54.3805366 12.45028,54.379092 12.4384115,54.3777276 12.4358962,54.3784792 12.4341162,54.3751016 12.4214078,54.3714463 12.4147192,54.3650925 12.4168708,54.3635571 12.4171741,54.3567024 12.4213442,54.3530431 12.4217566,54.3413959 12.4180595,54.3363591 12.4154423,54.3348751 12.4072177,54.3357824 12.400182,54.3422621 12.3947988,54.3429054 12.3899652,54.3429565 12.3890208,54.3410069 12.3851827,54.3394141 12.385179,54.3392972 12.3907191,54.3373677 12.3911302,54.3352026 12.3915644,54.3349319 12.39636,54.3336422 12.3968399,54.3331733 12.3968729,54.3327456 12.397608,54.3314604 12.3976429,54.330808 12.3941959,54.3266003 12.3967057,54.325491 12.3966851,54.3232418 12.392013,54.3207811 12.3926362,54.3187139 12.3903061,54.3164062 12.384832,54.3136743 12.3844858,54.3133239 12.3860621,54.3119775 12.3858629,54.3115714 12.3838589,54.3099626 12.3817965,54.3090723 12.377295,54.3083832 12.3706698,54.3086026 12.3666976,54.3100837 12.3659889,54.3099076 12.3606914,54.306217 12.3621557,54.3036782 12.3587416,54.3024539 12.3599095,54.3007817 12.3586899,54.299597 12.3639992,54.2964739 12.3654532,54.291211 12.3679385,54.2887483 12.3759078,54.2822784 12.3804386,54.2810575 12.3822885,54.2797143 12.3828558,54.2779762 12.3774931,54.2713636 12.3695966,54.2697587 12.3640488,54.267242 12.3640158,54.265955 12.3673596,54.2657111 12.3706542,54.2631094 12.3810685,54.2603052 12.3864746,54.2567263 12.3965983,54.2533271 12.3994703,54.250827 12.4004725,54.2504997 12.4159303,54.2471733 12.4170629,54.2469701 12.4311014,54.2461997 12.4324796,54.2452996 12.4372743,54.2452847 12.4535151,54.2466608 12.4603817,54.2485096 12.4607095,54.2487375 12.4604301,54.2498618 12.4567097,54.2504086 12.4500133,54.2537956 12.4187115,54.257641 12.4182504,54.2579057 12.4088228,54.2685201 12.4104956,54.2716106 12.4086668,54.2727886 12.4081922,54.2761332 12.4081842,54.276859 12.4095399,54.2802616 12.4143795,54.2832893 12.4146353,54.2835617 12.4160269,54.2878124 12.4162269,54.2880883 12.4185205,54.2896802 12.4302746,54.293735 12.4327945,54.2961636 12.4338791,54.2965457 12.4544055,54.2990212 12.478743,54.3043146 12.4762099,54.3069913 12.4794292,54.3086894 12.4774889,54.3151512 12.4771838,54.3155006 12.475705,54.3164062 12.4759247,54.3164062 12.4711289,54.3218398 12.4711288,54.3254675 12.4738688,54.3300148 12.496294,54.3308862 12.4991229,54.3318185 12.4994307,54.3335479 12.5063388,54.3335969 12.5142201,54.3358792 12.5211138,54.3341246 12.5263917,54.3344193 12.5346196,54.3384668 12.5350769,54.3388196 12.5384889,54.3428349 12.5352631,54.3452311 12.5390114,54.3518146 12.5507894,54.3556104 12.5527158,54.3589444 12.5502896,54.3602821 12.5349839,54.3622324 12.5343345,54.3650938 12.5398763,54.3680398 12.5443563,54.3682123 12.5544503,54.3723675 12.5533686,54.3794122 12.5552742,54.3787838 12.5568103,54.3751574 12.5666722,54.3716902 12.5733004,54.3711532 12.5779516,54.3732852 12.582424,54.3733696 12.5786998,54.3679351 12.575586,54.3664567 12.5767014,54.3645197 12.5740936,54.3584052 12.580476,54.3563344 12.5862387,54.3563876 12.5916504,54.3575385 12.5937525,54.3582655 12.5992628,54.3629937 12.5999618,54.3640177 12.5988533,54.3707545 12.6195909,54.3723372 12.6368527,54.3792965 12.65625,54.3839285 12.6565024,54.383924 12.6613612,54.3867908 12.6625148,54.390213 12.6664891,54.3895018 12.6674119,54.3896569 12.6697586,54.3909603 12.6704783,54.3924452 12.6700952,54.3948267 12.6651173,54.3974053 12.6600848,54.3980629 12.6614351,54.4018753 12.6582545,54.4033101 12.6582598,54.4035904 12.6610206,54.4057002 12.660996,54.4059885 12.6600021,54.4063072 12.65625,54.4056919 12.65625,54.4076451 12.665747,54.4073009 12.6736687,54.4083964 12.6856613,54.406817 12.6925141,54.409633 12.7061545,54.4119893 12.7107276,54.4106235 12.7149574,54.4040856 12.7147806,54.4033347 12.7131119,54.4018651 12.7033709,54.4025005 12.6964294,54.4017777 12.693363,54.4013546 12.6907904,54.4008967 12.687885,54.3990902 12.6861691,54.3934739 12.6935292,54.3856838 12.690749,54.384873 12.6871974,54.3812619 12.682305,54.3795564 12.6770493,54.3703622 12.6863168,54.3710217 12.6823003,54.3751523 12.6953996,54.3843207 12.6960994,54.3920639 12.6998268,54.3987042 12.7148722,54.3986963 12.7161033,54.3939735 12.7142072,54.3929344 12.7137711,54.3865649 12.7168688,54.3827285 12.7169541,54.3799037 12.7204562,54.3777379 12.7205291,54.3729122 12.734933,54.3705357 12.7369965,54.3705459 12.7356976,54.3711781 12.7414995,54.374289 12.7441254,54.3836288 12.7496308,54.3770964 12.7537941,54.3747611 12.7546932,54.3714376 12.7673789,54.3711163 12.7714148,54.376069 12.7739156,54.3879743 12.7774683,54.3914325 12.7837389,54.3926806 12.7840151,54.3960967 12.7873862,54.3958786 12.7840191,54.3855265 12.7858343,54.3790472 12.7953742,54.3776813 12.8029963,54.3726527 12.8045666,54.364028 12.8099029,54.3582537 12.8083924,54.3565658 12.8101389,54.3501734 12.8077337,54.3487176 12.8077356,54.3482651 12.8092732,54.347367 12.8083949,54.3458323 12.8094227,54.3452986 12.8101919,54.3453825 12.8165796,54.3504989 12.8225297,54.3519121 12.8449119,54.3513596 12.8502043,54.352429 12.8546973,54.354268 12.8643016,54.3618335 12.8776642,54.3648587 12.8783253,54.3652513 12.8832411,54.3696513 12.8851168,54.3771259 12.8836842,54.3790452 12.8863699,54.3865514 12.8949028,54.3919278 12.8950845,54.3921697 12.8967927,54.3946917 12.8959368,54.3987936 12.8973686,54.4016221 12.9122607,54.406588 12.9218919,54.4125719 12.9271687,54.4142957 12.9381648,54.4143707 12.9533318,54.4169288 12.9565012,54.422417 12.9674715,54.422737 12.9695899,54.4237334 12.9861645,54.4250162 12.9889214,54.4255548 12.995104,54.4275901 12.9982588,54.4303778 12.9992845,54.4356023 12.9999413,54.4360408 13.0040689,54.4379472 13.0078125,54.438058 13.0078125,54.438337 13.0155445,54.4393771 13.0162292,54.4392943 13.0262624,54.4370847 13.0323455,54.4348984 13.0330137,54.4345922 13.0350209,54.4309196 13.0347795,54.4236341 13.02516,54.4220331 13.0226907,54.4171668 13.0213282,54.4106036 13.025038,54.3966481 13.0379101,54.3902463 13.0431547,54.385511 13.0437304,54.3832672 13.0491112,54.3797578 13.0638291,54.3806467 13.073145,54.3825057 13.0743114,54.3823479 13.08096,54.3801095 13.0816247,54.3797224 13.0858752,54.376579 13.0909693,54.3704745 13.0933805,54.3664932 13.093273,54.36362 13.0847203,54.3595181 13.0848213,54.3567243 13.0767467,54.3499027 13.0757873,54.3483226 13.0757846,54.345691 13.0767413,54.3421078 13.0784739,54.3385901 13.0787917,54.3382248 13.0809578,54.3374305 13.0800821,54.3359061 13.0823786,54.3338439 13.0825759,54.3327456 13.0830936,54.3298641 13.0861495,54.3271946 13.0863676,54.3267964 13.0883378,54.3202925 13.0889189,54.3198889 13.0985132,54.3176161 13.0989352,54.317391 13.0991709,54.3164062 13.0978467,54.3164062 13.0978312,54.3159823 13.1032544,54.3112248 13.1086782,54.3084925 13.109175,54.3080812 13.1120818,54.3042176 13.1108311,54.3026217 13.1120425,54.2983723 13.1062779,54.2934291 13.1061625,54.2905622 13.1040756,54.2889506 13.1040974,54.2849879 13.1078767,54.2805719 13.1113318,54.2780653 13.1214283,54.272909 13.1275973,54.2705605 13.1367306,54.2684438 13.1527721,54.2684284 13.1657668,54.2774993 13.1790355,54.2700127 13.1792471,54.2698196 13.1771684,54.2661421 13.1719588,54.2661902 13.1675962,54.2675493 13.1615384,54.2675921 13.1580772,54.2662795 13.1523929,54.2617466 13.145327,54.2597284 13.1423366,54.2561982 13.1437882,54.2534904 13.1459413,54.2533088 13.1543784,54.25779 13.1626714,54.2596215 13.1617422,54.2636693 13.1640925,54.2652051 13.1686692,54.266118 13.1738654,54.2631859 13.1849355,54.2662674 13.187744,54.265622 13.1900373,54.2633353 13.1909744,54.2587214 13.1979806,54.2585737 13.2037677,54.2569637 13.2101558,54.2512531 13.2158341,54.2495493 13.2159851,54.2470723 13.2111861,54.2443399 13.2165213,54.2409236 13.2292895,54.239466 13.2481474,54.2397631 13.2578994,54.2410072 13.2639021,54.2390586 13.2850277,54.2355628 13.2862747,54.2351121 13.2892929,54.2333786 13.2972265,54.2250961 13.3079805,54.2032449 13.3190469,54.194416 13.3274966,54.1837569 13.3350844,54.1817085 13.3414053,54.1823425 13.3465006,54.1800297 13.3450381,54.1778111 13.3405721,54.1778345 13.3369561,54.1762286 13.3402545,54.1740797 13.3345129,54.1737916 13.3346461,54.1723185 13.3314238,54.1706258 13.3341482,54.1692817 13.3182932,54.1625324 13.3187073,54.1599112 13.3224072,54.1603131 13.3268164,54.1634738 13.3325309,54.1643711 13.3378527,54.1674383 13.3420755,54.1670827 13.3465049,54.1649534 13.3476486,54.1651635 13.3500735,54.1679699 13.354809,54.1679517 13.3554832,54.1681381 13.3591772,54.1704969 13.359375,54.1704798 13.362662,54.1702195 13.3748474,54.1761101 13.377317,54.1765898 13.3813078,54.1766337 13.3897365,54.1750357 13.3925784,54.1716161 13.4001331,54.1700296 13.3985482,54.1728019 13.3998317,54.178296 13.3947541,54.1798145 13.394136,54.1803306 13.3948677,54.1806321 13.3975365,54.1807297 13.406895,54.1792411 13.4182251,54.1734328 13.421735,54.1715196 13.4232219,54.1694847 13.4232152,54.1669842 13.4156318,54.1641594 13.4138703,54.1601493 13.410444,54.1598564 13.4131516,54.1629477 13.4100977,54.1646246 13.4077489,54.1618509 13.3939818,54.158582 13.389671,54.154952 13.3822954,54.1518681 13.380935,54.1485716 13.383058,54.1443759 13.3819335,54.1423901 13.3873461,54.1426343 13.4008333,54.1469727 13.4014616,54.1496278 13.4054253,54.1511312 13.4044735,54.1534595 13.4107732,54.1562626 13.411242,54.1561859 13.4085634,54.1523277 13.4104855,54.1499912 13.4065861,54.1471097 13.4099818,54.1471004 13.4145896,54.1451867 13.420827,54.140625 13.4224759,54.140625 13.4223984,54.1404818 13.4275244,54.1385357 13.4279836,54.1381958 13.4326729,54.1310468 13.4357184,54.1296608 13.4367574,54.1256961 13.4386729,54.1231999 13.4409517,54.1224967 13.43964,54.117021 13.4412957,54.1148394 13.4383223,54.1118501 13.4475721,54.1061655 13.4492039,54.1011778 13.4538729,54.098106 13.4573915,54.0976034 13.4544925,54.0927846 13.4554095,54.0917221 13.4563485,54.0910599 13.4663655,54.0873425 13.4793301,54.0865375 13.489529,54.0834883 13.4958678,54.0837867 13.5004689,54.0851508 13.5011508,54.0865813 13.499009,54.0900582 13.4970868,54.0919502 13.4856485,54.1013662 13.48317,54.1111022 13.4785429,54.1122806 13.4768863,54.1156151 13.4766912,54.1163065 13.4770617,54.118504 13.4791293,54.1196449 13.4910947,54.1241114 13.5100063,54.1280376 13.5238895,54.1287113 13.5298669,54.1302288 13.5498639,54.1294641 13.577619,54.1315939 13.6030535,54.1360115 13.6284879,54.1404291 13.6294779,54.140625 13.6403968,54.1458358 13.6488492,54.1522878 13.6673704,54.1595618 13.6739649,54.1610225 13.6925617,54.1705229 13.6964464,54.1718678 13.7050383,54.171808 13.7068803,54.1711915 13.7064497,54.1705064 13.7109375,54.1693639 13.7140771,54.1675777 13.7184799,54.1636338 13.7124347,54.1610951 13.7116632,54.1595278 13.6953132,54.1577414 13.6974761,54.1539634 13.6964161,54.1490225 13.7165627,54.1448582 13.7175928,54.1445323 13.7261813,54.140625 13.7261196,54.140625 13.7345341,54.1362354 13.7495404,54.1391122 13.749742,54.1390719 13.752074,54.1347121 13.7478848,54.133903 13.7626806,54.12758 13.7550766,54.1239749 13.7577834,54.1231832 13.7575263,54.1190958 13.7609763,54.1190603 13.7638682,54.1165847 13.7666941,54.1182107 13.765063,54.1197952 13.7672549,54.119899 13.7680721,54.1157455 13.7774136,54.1088929 13.7840709,54.1072919 13.7932788,54.1079094 13.795276,54.1076735 13.7989944,54.1067624 13.8057833,54.1035742 13.8090215,54.0992486 13.8088228,54.0987554 13.8059314,54.0951343 13.8043785,54.0946476 13.8047856,54.0958195 13.8030872,54.0958472 13.7944962,54.0878869 13.7953485,54.0863723 13.7936484,54.0856932 13.79364,54.0838341 13.7959883,54.0789285 13.7902333,54.0715345 13.7896403,54.0637105 13.7864506,54.0628089 13.7844985,54.0649242 13.7837392,54.0627975 13.7744989,54.0598418 13.7745579,54.0576468 13.7784647,54.0558125 13.7817,54.059657 13.7831351,54.0591264 13.785144,54.0494939 13.7785738,54.0444098 13.7704483,54.0420289 13.7656749,54.0368667 13.7442511,54.0319406 13.7445062,54.0290673 13.7511276,54.0262845 13.7538782,54.0265213 13.7553765,54.0282689 13.7578332,54.0281069 13.7596831,54.0217689 13.7584375,54.0200062 13.7606312,54.0180145 13.7595257,54.0157353 13.7737693,54.0097959 13.7810746,54.0036367 13.7898571,54.0002546 13.7958164,53.9955199 13.8103449,53.9958202 13.8203548,53.9886007 13.8345906,53.9840266 13.8395808,53.9761801 13.8541141,53.9648437 13.8559417,53.9606754 13.8519198,53.9566402 13.8519151,53.9529058 13.8562588,53.9523605 13.8577412,53.95065 13.8674153,53.950641 13.868421,53.9528754 13.8814723,53.9501631 13.8850122,53.9466342 13.8834617,53.9449428 13.894858,53.9429157 13.898109,53.9362051 13.9068284,53.9307004 13.9140735,53.9219254 13.9131125,53.9179168 13.9016684,53.9099503 13.887569,53.9096559 13.8761655,53.9053868 13.8717628,53.9022548 13.8645923,53.9004948 13.8513751,53.8888497 13.849798,53.8814431 13.8465425,53.8776915 13.8316038,53.8785456 13.8234199,53.8771144 13.8221033,53.8718878 13.822104,53.8711482 13.8232696,53.867888 13.8250457,53.8660353 13.8317,53.8658677 13.8322051,53.865922 13.8348885,53.8684616 13.8348728,53.8707665 13.8355799,53.8710757 13.8394215,53.8718761 13.8399173,53.8718895 13.8473274,53.8702636 13.8558496,53.8708715 13.8755502,53.8780102 13.8799446,53.8764637 13.8907161,53.8772631 13.8922631,53.8764085 13.8927602,53.8765531 13.9015504,53.8820437 13.9023829,53.8851422 13.9214107,53.8878698 13.9214015,53.8898571 13.9241025,53.8906288 13.9243971,53.8941135 13.9294308,53.8973455 13.9331274,53.9070315 13.9363209,53.9072425 13.938237,53.9094688 13.938237,53.9125113 13.9326097,53.919016 13.9320942,53.9359649 13.9250394,53.941226 13.9229381,53.9498476 13.8983684,53.9620795 13.8950096,53.966674 13.895009,53.9697185 13.8996434,53.9784404 13.8984026,53.9804682 13.9064836,53.9897398 13.9158101,53.9913187 13.9336385,53.9912633 13.936613,53.9930038 13.9434028,53.9944125 13.952624,53.9936494 13.9642007,53.9903264 13.9660707,53.9846522 13.9633383,53.9731277 13.9696922,53.9722561 13.97364,53.9702944 13.9643914,53.9667201 13.9602469,53.9629964 13.9500716,53.9585361 13.9584231,53.9527122 13.9569464,53.9509655 13.9521279,53.9495747 13.9515761,53.9442694 13.9542311,53.9367656 13.953004,53.9345881 13.9581631,53.9349077 13.9587543,53.9339118 13.9595593,53.9397709 13.9647989,53.9446101 13.9671987,53.9494261 13.9706918,53.9500445 13.9629534,53.9573385 13.9842857,53.9626374 13.9863528,53.9613608 13.9838184,53.9595774 13.9889476,53.9601365 13.9901946,53.9617867 13.9944623,53.9627084 14.0046299,53.9596353 14.01392,53.9606878 14.0169007,53.9623326 14.0249633,53.9619563 14.0251551,53.9590567 14.0207686,53.9609656 14.0163786,53.9599028 14.0179752,53.9587663 14.022693,53.9593775 14.0240949,53.9580069 14.0125144,53.9552032 14.012639,53.9494593 14.0197603,53.9455301 14.0215507,53.9464122 14.02587,53.9442478 14.0279313,53.9459521 14.0284519,53.943193 14.0305696,53.9420894 14.0326498,53.9427453 14.034777,53.9409848 14.0396177,53.940762 14.042327,53.9419994 14.04267,53.9464045 14.0403507,53.9476426 14.0385619,53.9465621 14.0358762,53.9472904 14.0347466,53.9497401 14.0356205,53.9533597 14.0430506,53.9632761 14.0429103,53.9679028 14.0463167,53.9736865 14.0467652,53.9957888 14.040773,53.9999207 14.0431303,54.0012838 14.0403585,54.0090894 14.038159,54.0095788 14.0355058,54.0137877 14.029601,54.0172631 14.0213423,54.0178154 14.0105386,54.009798 14.0073248,54.0092427 14.0035684,54.0107607 14.0031502,54.0215611 14.0007385,54.0291976 13.9988372,54.030039 13.9968193,54.0410579 13.9931594,54.0453103 13.982999,54.048871 13.979948,54.0523824 13.9770944,54.0524848 13.9770567,54.0556484 13.9687433,54.0593379 13.9712256,54.0616543 13.9755476,54.0623779 13.9739797,54.0632981 13.9687037,54.0623335 13.9675704,54.0598539 13.9650887,54.0589573 13.9511137,54.0586894 13.9417282,54.0613534 13.9323868,54.0611351 13.9240882,54.0629892 13.9185013,54.0620172 13.9142764,54.0640366 13.9108644,54.0636851 13.9111269,54.0620945 13.9169548,54.060764 13.9172766,54.0598404 13.913836,54.0561769 13.9087998,54.0433228 13.9125382,54.0444884 13.9126036,54.0473922 13.9153581,54.0472575 13.923142,54.0394881 13.9233342,54.0352936 13.9166224,54.033084 13.9151099,54.0287803 13.9078625,54.0245037 13.9072605,54.0187933 13.8996385,54.0121353 13.893077,54.0106784 13.8888783,54.0113595 13.8864073,54.0089616 13.8800787,54.0095835 13.8732074,54.0072262 13.8671417,54.0072262 13.8619235,53.9996111 13.8527828,54.0040472 13.8528596,54.013256 13.8593527,54.019931 13.8635958,54.0221223 13.8654826,54.0264797 13.8647876,54.0312639 13.8682876,54.0358672 13.8697937,54.0362439 13.8699141,54.0346779 13.8745722,54.0328228 13.8775125,54.0351197 13.878767,54.0398931 13.8773742,54.0426441 13.8754222,54.0431586 13.8764414,54.0408109 13.8727064,54.0386654 13.870576,54.0431042 13.8576647,54.0484436 13.8549752,54.0482481 13.8559855,54.0470372 13.8506908,54.0470985 13.8458838,54.0455304 13.8455867,54.0444939 13.8482859,54.0436639 13.8473647,54.0428828 13.8346641,54.0390331 13.820316,54.0368278 13.8181022,54.0339254 13.8096501,54.0301474 13.8012546,54.0185059 13.7865746,54.0174499 13.7803051,54.0176523 13.7784479,54.0188802 13.7702926,54.0185155 13.7686439,54.0196086 13.7636566,54.025376 13.7636175,54.0308095 13.7701464,54.0365098 13.7728585,54.0412573 13.7767214,54.0413237 13.7794516,54.0388485 13.781835,54.0386999 13.7829072,54.040819 13.781424,54.0437104 13.7906255,54.0498309 13.7875181,54.0562555 13.797222,54.062174 13.7969526,54.0669398 13.8001353,54.0743772 13.8048632,54.0778317 13.8016078,54.0813599 13.8022687,54.0830204 13.8036547,54.0846736 13.8056988,54.0846173 13.8037685,54.0824573 13.806006,54.079667 13.8079295,54.0806921 13.8084686,54.0872071 13.8053362,54.0885856 13.8119539,54.0935901 13.8122066,54.0984919 13.807308,54.1058387 13.8081923,54.1068925 13.804543,54.109989 13.7937285,54.1104395 13.7858893,54.1146153 13.7857367,54.1175312 13.7823257,54.119596 13.779601,54.1204954 13.7765599,54.1202638 13.7769178,54.1189969 13.7745343,54.1193184 13.775882,54.1285094 13.7725741,54.1323614 13.7666585,54.1343101 13.7630405,54.1369118 13.761802,54.1365802 13.7650473,54.1338028 13.7581002,54.1343195 13.7575498,54.1345903 13.7550482,54.1377143 13.7550606,54.140625 13.7548279,54.140625 13.7547637,54.140625 13.7552226,54.1449457 13.7500516,54.1497304 13.7515577,54.1533102 13.7495759,54.1550575 13.7515404,54.1556441 13.7492812,54.1566356 13.7490675,54.1573106 13.7492265,54.1583813 13.7522106,54.1595466 13.7577898,54.166159 13.7577898,54.1678216 13.7659901,54.1702744 13.7744654,54.172366 13.7856116,54.1740776 13.8050082,54.1730263 13.8094631,54.1742973 13.809491,54.1745307 13.8036104,54.1761775 13.8033739,54.1783595 13.8088319,54.1782923 13.8120735,54.177307 13.8122658,54.1769549 13.8125548,54.1695364 13.8149514,54.1622369 13.8201028,54.1503297 13.8257431,54.140625 13.8257527,54.140625 13.8267732,54.1389279 13.8365328,54.1273562 13.8367347,54.1271358 13.8462187,54.1184344 13.8682758,54.1032929 13.8824487,54.0954241 13.8926649,54.0907294 13.9309691,54.0758559 13.9483376,54.0717371 13.9662669,54.0695227 13.9673553,54.0692508 14.0066653,54.0571694 14.0143557,54.0537513 14.0169436,54.0522294 14.0478402,54.0300437 14.0625,54.0223213 14.0625,54.0217634 14.0841516,54.0097571 14.1058033,53.9977508 14.1242269,53.986919 14.1432058,53.9752889 14.1498384,53.9693311 14.1573886,53.9648437 14.1574785,53.9648437 14.1693271,53.9573426 14.181181,53.94743 14.200334,53.9369509 14.215836,53.9313616 14.2328542,53.9258105 14.2342032,53.925441 14.2525969,53.9214526 14.2708797,53.9216259 14.2773678,53.9229538 14.2777355,53.9229356 14.2797319,53.9223012 14.2796865,53.9222763 14.2795529,53.9191495 14.2746561,53.9122899 14.267264,53.9084668 14.256796,53.9065501 14.2576472,53.9051282 14.2540441,53.9033222 14.2517763,53.9000962 14.2535846,53.8916347 14.2677772,53.8812805 14.2619622,53.8753972 14.263351,53.866661 14.2670903,53.8666151 14.2643018,53.8760881 14.2699559,53.8786193 14.2736655,53.8729995 14.2768608,53.8605809 14.2818038,53.8499953 14.2855868,53.8453261 14.2893996,53.843572 14.3134228,53.8256584 14.337446,53.8077447 14.3369296,53.8070564 14.3363705,53.8068399 14.3311311,53.8094385 14.3236883,53.809417 14.3203424,53.8105636 14.3077974,53.8211324 14.3027362,53.8222373 14.2857856,53.8222949 14.2725991,53.8260082 14.2720038,53.8262908 14.2420765,53.8519846 14.2345432,53.8559734 14.2263967,53.8625643 14.222442,53.8642374 14.2196155,53.8652056 14.2051959,53.866675 14.1944811,53.8713861 14.1863536,53.8724241 14.1800194,53.8704371 14.1714313,53.8724118 14.1665022,53.8713574 14.1490349,53.8708076 14.139392,53.8691024 14.1277776,53.8704749 14.1157875,53.8684849 14.099232,53.8699855 14.0872573,53.8735746 14.0827399,53.8734003 14.0745122,53.8704507 14.0625,53.8691406 14.0392143,53.8733774 14.0328896,53.8722625 14.0267251,53.868436 14.0211462,53.8683873 14.017506,53.8668488 14.0161515,53.8635488 14.0107638,53.8590612 14.0052087,53.8560615 13.9968233,53.8544543 13.9943944,53.850046 13.9902813,53.8478053 13.9800754,53.8494188 13.942118,53.8432214 13.9199314,53.8459113 13.9162027,53.8440804 13.8983144,53.8396939 13.8946664,53.8408887 13.88831,53.8397651 13.8850811,53.8412201 13.8805751,53.8398737 13.8766586,53.8420277 13.8640018,53.8424222 13.8605551,53.8432124 13.8540916,53.8477345 13.8466002,53.8502142 13.8263069,53.8494869 13.8252552,53.8532825 13.8220297,53.8566242 13.8292818,53.8569469 13.8310039,53.8648815 13.8251255,53.8649474 13.8174936,53.8626463 13.8140914,53.8629761 13.8120089,53.860674 13.8117477,53.8605202 13.8066248,53.8593045 13.8063846,53.8584113 13.8066087,53.8580462 13.8099378,53.8582935 13.8105232,53.8574886 13.808077,53.8549804 13.8139158,53.8544731 13.8162183,53.852051 13.8164688,53.8516116 13.816537,53.849148 13.8140219,53.8485903 13.8139067,53.8458389 13.8197913,53.8470575 13.8214575,53.8457897 13.8156477,53.8439862 13.8182889,53.8421443 13.8341832,53.8446221 13.8423665,53.842985 13.8498114,53.8434569 13.8585405,53.8384345 13.867659,53.8356425 13.8723367,53.8306899 13.8707674,53.8265703 13.8735088,53.8246129 13.874036,53.8204991 13.8821822,53.8180257 13.8832743,53.816125 13.8875968,53.8148386 13.8911055,53.8094043 13.8942666,53.8086915 13.9009696,53.8025548 13.9077342,53.8022232 13.9137524,53.8061931 13.9161925,53.8062605 13.9210647,53.7977315 13.9328886,53.7973201 13.9375905,53.7913219 13.9591962,53.7795759 13.9660621,53.7770333 13.9676547,53.774635 13.97206,53.7723027 13.9827276,53.7717335 13.9984872,53.7669801 14.0055439,53.7670822 14.0129565,53.7639973 14.0181545,53.7641034 14.0207711,53.7614363 14.0375264,53.7568218 14.038794,53.7549058 14.0476828,53.7550493 14.0504363,53.753139 14.0587646,53.7551 14.0625,53.7547433 14.0641812,53.7530788 14.0710351,53.7512842 14.0733581,53.7479094 14.0914418,53.7432953 14.0966264,53.7433279 14.1004573,53.7402793 14.1106375,53.7404838 14.1228963,53.7371854 14.1254829,53.7389923 14.1300406,53.7377912 14.1444836,53.7411537 14.1555681,53.740845 14.1620197,53.7427769 14.1672264,53.7420881 14.1746057,53.7352951 14.1808624,53.7355307 14.1835623,53.735864 14.1889429,53.7375659 14.190975,53.7386014 14.1974996,53.743169 14.2062101,53.7458268 14.2187033,53.7541167 14.2203202,53.7567149 14.2233071,53.7571645 14.229103,53.7615404 14.2294796,53.7616059 14.2478209,53.7588108 14.2491492,53.7584958 14.257672,53.7553098 14.263869,53.7516717 14.2657614,53.7495807 14.266672,53.7482715 14.2663856,53.7437793 14.2665901,53.7434281 14.2714543,53.7399034 14.2725186,53.7377157 14.2723438,53.7373924 14.2660657,53.7346669 14.2660578,53.730293 14.2592242,53.7280263 14.2569228,53.7258639 14.2568161,53.723075 14.2525792,53.7200266 14.2308276,53.7115471 14.2213966,53.7097499 14.2201234,53.709392 14.2178692,53.7079594 14.2150449,53.7032448 14.2174718,53.7002656 14.2213116,53.6984187 14.2444773,53.6938173 14.2453172,53.6937208 14.2527292,53.6937143 14.2533245,53.693822 14.2586073,53.6965652 14.2683252,53.6980727 14.2738512,53.6995937 14.2750782,53.6996903 14.2881199,53.6979011 14.3022664,53.6989691 14.3033732,53.6993614 14.3081256,53.7033607 14.3083332,53.703775 14.3090587,53.7068868 14.3090597,53.7116119 14.3017294,53.7192404 14.3004359,53.7200553 14.299147,53.720358 14.2966418,53.7196143 14.2859699,53.7201701 14.2762203,53.7254351 14.2777754,53.7266377 14.2899116,53.7248543 14.2943282,53.726669 14.2994277,53.7255123 14.3026936,53.7264394 14.3002185,53.7280304 14.3019003,53.7294917 14.2977571,53.7324206 14.3023124,53.7370157 14.3020813,53.7372401 14.299456,53.7383465 14.2942472,53.7385933 14.294461,53.7415158 14.2867119,53.7408623 14.2851306,53.741232 14.2849695,53.7423596 14.2877045,53.7435519 14.2996016,53.7430911 14.3240016,53.7360961 14.3304394,53.733789 14.3323298,53.7320669 14.3433371,53.715535 14.348829,53.7110306 14.3682543,53.6989613 14.3784548,53.6950166 14.3807538,53.6919806 14.389806,53.6865782 14.3922756,53.6852989 14.4086829,53.6789742 14.4134291,53.6777637 14.4178863,53.676982 14.4247622,53.6769083 14.4260349,53.677881 14.4254812,53.6770949 14.4303665,53.6764343 14.4666792,53.6737536 14.4905034,53.6691684 14.4920634,53.6679842 14.5061877,53.6668231 14.5135293,53.6633872 14.5143327,53.6631258 14.518279,53.6633185 14.5221601,53.6620016 14.5249487,53.6607118 14.5245515,53.6588739 14.5256423,53.6578465 14.5325371,53.654132 14.5318731,53.6524842 14.5339384,53.6502317 14.5343937,53.6498651 14.5423619,53.6463093 14.5536891,53.6284354 14.5565327,53.6245809 14.5656061,53.6132812 14.5662034,53.6132812 14.5733827,53.6059259 14.5736634,53.6054013 14.5716912,53.6016548 14.5764632,53.6025186 14.580884,53.600166 14.5834965,53.5968105 14.5838339,53.5962437 14.5816936,53.5809344 14.5858665,53.5765899 14.5871387,53.5680583 14.5916069,53.5631934 14.5925616,53.55922 14.5950642,53.5577284 14.5952209,53.5544637 14.6036423,53.5526769 14.6067491,53.5503904 14.6117398,53.5459707 14.6173121,53.5361682 14.6242219,53.5330024 14.629809,53.5267959 14.6299183,53.5224817 14.6253092,53.5162135 14.6279056,53.5092855 14.6286793,53.5064414 14.6261985,53.5050321 14.6227988,53.4973671 14.6171001,53.4909687 14.6124949,53.4783618 14.6075453,53.4764555 14.6038814,53.4728131 14.5992826,53.4630082 14.5933648,53.4575729 14.5960602,53.4559193 14.5943403,53.4441373 14.596202,53.4391106 14.6093775,53.4160475 14.605844,53.4039924 14.6079024,53.4041947 14.6115144,53.40988 14.6195776,53.4102931 14.6120996,53.403809 14.609695,53.3948206 14.6122745,53.3912982 14.6109262,53.386559 14.6072702,53.3823996 14.5978338,53.3778915 14.5926203,53.3718667 14.5865786,53.3682446 14.5773544,53.3727545 14.5639662,53.3730468 14.5486695,53.3756955 14.5367668,53.379584 14.541779,53.3758918 14.5560094,53.3738641 14.5590475,53.3716896 14.5618727,53.3726994 14.5668565,53.3714437 14.5751315,53.3718802 14.5821044,53.3681924 14.5825922,53.3664734 14.5791641,53.3627551 14.5671458,53.3618562 14.5572429,53.3588953 14.5525584,53.3550267 14.5505044,53.3498135 14.5448124,53.3475451 14.5393951,53.3436234 14.5424616,53.3436234 14.5527653,53.3493664 14.5588281,53.3581159 14.5809183,53.3619598 14.5859998,53.3662431 14.5925748,53.3687447 14.6007667,53.3771018 14.6035517,53.378787 14.609156,53.3815858 14.609947,53.3818656 14.615876,53.382636 14.6162972,53.3829041 14.6195436,53.3862278 14.6196632,53.3893249 14.6190149,53.3903697 14.6150655,53.3924195 14.6136057,53.3947864 14.6149365,53.4033062 14.6259686,53.4115486 14.6258022,53.4206967 14.6260889,53.4213372 14.6316072,53.4272135 14.6348478,53.4301964 14.6371709,53.4301809 14.6379184,53.4295452 14.6347297,53.4231673 14.6347302,53.4228216 14.6375244,53.4187561 14.6325283,53.4164468 14.6323351,53.4150286 14.6341809,53.4127876 14.6402045,53.4112412 14.6391143,53.4098696 14.6324036,53.409488 14.6322908,53.4070549 14.6241677,53.404271 14.6239229,53.4027963 14.631112,53.4031705 14.6311146,53.4013786 14.6336166,53.3999913 14.6276774,53.3980621 14.6431232,53.39779 14.6445049,53.3966734 14.6494551,53.3963741 14.6487107,53.3996824 14.6501346,53.4017518 14.6571991,53.4033778 14.6622922,53.4024878 14.6638113,53.4044873 14.6675059,53.4056957 14.6644928,53.4074398 14.6657335,53.409319 14.6615047,53.4103116 14.6610183,53.4144917 14.656737,53.414942 14.6485828,53.4183402 14.6536632,53.4231479 14.654084,53.4270352 14.6493858,53.431639 14.6488032,53.4348629 14.6558181,53.4330651 14.6654731,53.4328228 14.6744033,53.4330447 14.6794394,53.4347821 14.690468,53.4363108 14.6988204,53.4348716 14.7017469,53.4375 14.7019598,53.4375 14.7002754,53.4398168 14.7044187,53.4415861 14.7077676,53.4465097 14.7076277,53.4488868 14.7108932,53.4508167 14.7067034,53.4558008 14.7083925,53.4583303 14.7077045,53.4606287 14.7103631,53.4617695 14.7103673,53.4620625 14.7067817,53.4630997 14.7063626,53.4635692 14.708199,53.4659204 14.7078891,53.4663227 14.704132,53.469012 14.6975142,53.468222 14.6938794,53.4703013 14.6959161,53.4721766 14.6934977,53.476756 14.6988561,53.4792225 14.6958458,53.4811015 14.6968772,53.4853177 14.6936359,53.4877245 14.6942019,53.4922895 14.7003639,53.4943995 14.7004201,53.5055155 14.698657,53.5079045 14.6930035,53.5108705 14.6881752,53.510155 14.6795241,53.5127164 14.6776854,53.520033 14.6811678,53.5211409 14.6782643,53.5237143 14.6810604,53.5252522 14.6815621,53.5314915 14.6755764,53.5357704 14.6611062,53.5354273 14.6553705,53.5338742 14.6555547,53.5308989 14.652202,53.5277466 14.6515415,53.5274668 14.6414382,53.5246331 14.6398082,53.5248399 14.63722,53.5262284 14.6365032,53.5271558 14.63666,53.5324882 14.6305977,53.5452723 14.6216516,53.5502928 14.6087675,53.553367 14.6075479,53.5560201 14.6017855,53.5584222 14.600946,53.5653114 14.5971653,53.5732396 14.5984569,53.5785435 14.5977809,53.5863661 14.5958344,53.5893762 14.5971119,53.601404 14.5942696,53.6078306 14.5896959,53.6092356 14.5896823,53.6094716 14.5923784,53.6105725 14.5924184,53.6132812 14.592031,53.6132812 14.5934314,53.624993 14.5956411,53.6269389 14.6076531,53.6275427 14.609821,53.6294343 14.6073147,53.6317627 14.6083722,53.6322536 14.6166852,53.6306748 14.615063,53.632614 14.6175826,53.632937 14.6168897,53.6349939 14.6099014,53.6375777 14.6136376,53.638774 14.6151989,53.6424545 14.6156958,53.642719 14.6206512,53.6430056 14.6219451,53.6434829 14.6224529,53.6443541 14.6217703,53.6461287 14.6189483,53.6497707 14.6154975,53.6515337 14.6058813,53.6496323 14.605853,53.6513757 14.609706,53.6541364 14.6064571,53.6572672 14.597293,53.6551194 14.5876375,53.6556373 14.5831919,53.6544305 14.5723788,53.6577051 14.5682361,53.6606075 14.5701292,53.6647804 14.5630949,53.6657031 14.5526909,53.670809 14.5471669,53.6750311 14.5436668,53.6759592 14.5457203,53.6804252 14.5441451,53.6834722 14.546447,53.6866748 14.5440667,53.6891998 14.5453228,53.6910635 14.5438743,53.6961737 14.5383698,53.7038829 14.5420206,53.7071884 14.5467314,53.7155631 14.5552005,53.7378846 14.5544269,53.7422763 14.5588876,53.7520785 14.5567389,53.7551143 14.5608181,53.7569704 14.5633214,53.7548828 14.5668461,53.755689 14.5637915,53.7597538 14.5638139,53.760349 14.5652879,53.7627373 14.5674757,53.7637379 14.5682257,53.763797 14.5713447,53.7595437 14.5738848,53.7584618 14.5743741,53.7561371 14.5812604,53.7542439 14.5878705,53.7578766 14.5908406,53.7621692 14.6072891,53.7615023 14.6128283,53.7637131 14.6131585,53.7639799 14.6158113,53.7671533 14.6163824,53.7688127 14.6167752,53.7721179 14.6162897,53.7741514 14.614032,53.7778233 14.6159213,53.7819819 14.6110464,53.7856539 14.61092,53.7862399 14.6128796,53.7901188 14.612716,53.8050225 14.6101081,53.8079255 14.6109846,53.8102688 14.6055592,53.8221261 14.6100118,53.8258605 14.6185473,53.8293771 14.6214423,53.8325847 14.6192439,53.8409564 14.6276965,53.8503462 14.6262834,53.8550496 14.6343932,53.8676035 14.6390024,53.8829269 14.6395456,53.8838731 14.6436837,53.8850135 14.652225,53.89759 14.6587363,53.9010046 14.6638442,53.9011405 14.6695383,53.9030209 14.6725838,53.9066194 14.6751699,53.9074949 14.6806303,53.9151778 14.6828935,53.9170022 14.6852167,53.9179693 14.6873819,53.918469 14.6883188,53.9183524 14.697492,53.9158589 14.6960024,53.9243481 14.7003931,53.9259818 14.6994544,53.9264717 14.7059249,53.9312515 14.7139878,53.9331517 14.7163186,53.9348764 14.7225995,53.9358146 14.7217644,53.9371072 14.7238411,53.9390163 14.717449,53.941371 14.7239223,53.9406297 14.7275375,53.9413387 14.7357326,53.9391491 14.7438803,53.9388835 14.7446229,53.9385337 14.7457631,53.9373313 14.7471963,53.9303849 14.7508482,53.9259231 14.749161,53.9241716 14.7494442,53.9236512 14.7530912,53.9217951 14.7574213,53.9230968 14.7608113,53.9264698 14.7610512,53.9270262 14.7589645,53.9343342 14.7646281,53.9465863 14.7645543,53.9494278 14.7607988,53.9540175 14.764797,53.9629992 14.7621666,53.964485 14.7623172,53.9648437 14.7627782,53.9648437 14.7627718,53.9704505 14.765625,53.9723771 14.765625,53.9726562 14.7691005,53.9740537 14.7706484,53.9742968 14.7838593,53.9742 14.7871459,53.9753193 14.7718832,53.9778583 14.7675436,53.9791085 14.765625,53.9810266 14.7652099,53.9817243 14.765625,53.9832588 14.7658622,53.9871652 14.765625,53.9871652 14.765625,53.9952565 14.7755755,54.0068424 14.7792103,54.0091656 14.7852303,54.0103532 14.7943732,54.0076746 14.8029644,54.0091732 14.8049572,54.0302264 14.8011003,54.0317708 14.7980551,54.0323354 14.7933799,54.032366 14.7792073,54.0295469 14.7757878,54.0281152 14.7752439,54.02774 14.7738965,54.0236605 14.7656965,54.0259861 14.765625,54.0259486 14.759657,54.0261678 14.7471101,54.0205539 14.7320054,54.019926 14.7286808,54.0226432 14.7287425,54.0227718 14.7291758,54.0229495 14.7541486,54.0267341 14.765625,54.0301338 14.7766873,54.0326995 14.7989169,54.0371031 14.8211466,54.0415068 14.8509322,54.0467126 14.8807177,54.0519184 14.9105033,54.0571243 14.9177362,54.0586752 14.9398422,54.0639553 14.9619482,54.0692354 14.9746292,54.0724822 14.996353,54.0793091 15.0,54.0801387 15.0,54.1238385 15.0,54.1675382 15.0,54.2112379 15.0,54.2549376 15.0,54.2986374 15.0,54.3423371 15.0,54.3860368 15.0,54.4297366 15.0,54.4734363 15.0,54.517136 15.0,54.5608358 15.0,54.6045355 15.0,54.6482352 15.0,54.6919349 15.0,54.7356347 15.0,54.7793344 15.0,54.8230341 15.0,54.8667339 15.0,54.9104336 15.0,54.9541333 15.0,54.997833 14.9872186,54.9997109 14.9733659,55.0034041 14.962756,55.0039561 14.9620491,55.0041072 14.9350137,55.0149463 14.9343265,55.0151429 14.9246906,55.014841 14.9242295,55.0149543 14.9162254,55.0195313 14.9155989,55.0195313 14.9105248,55.022109 14.9100233,55.0222654 14.9028704,55.0230066 14.9018952,55.0233526 14.8905864,55.0294688 14.887219,55.0307621 14.8814538,55.0327898 14.8632556,55.0379117 14.8432348,55.0424052 14.836507,55.0423808 14.8317536,55.0410419 14.8308223,55.0412306 14.8215224,55.0438575 14.8081448,55.0501235 14.8004816,55.0523931 14.7945647,55.0535418 14.7796843,55.0522598 14.7740039,55.0527676 14.765625,55.0569196 14.7556916,55.0611602 14.7442849,55.0634583 14.7366056,55.0677543 14.7243685,55.0792384 14.7054321,55.0829172 14.7012836,55.0877076 14.687429,55.0931096 14.6893981,55.0934314 14.6910858,55.0957918 14.6917421,55.0937533 14.6942862,55.0934482 14.6956882,55.093876 14.6971354,55.0953105 14.6968731,55.0976388 14.6933579,55.0981414 14.6924825,55.0993793 14.6902323,55.0995804 14.6902419,55.0982059 14.6867375,55.0969914 14.6863348,55.0970001 14.6823655,55.0994396 14.6877102,55.1042675 14.6948364,55.1044821 14.6995682,55.1069283 14.7016954,55.1162179 14.6985545,55.1217738 14.7066925,55.1296751 14.704272,55.1591796 14.706112,55.1656651 14.7052284,55.1718807 14.7004708,55.1822228 14.7004604,55.1827273 14.7031711,55.1894493 14.7013505,55.1953125 14.7010822,55.1953125 14.7010694,55.1974068 14.7087672,55.2171254 14.7089763,55.2175829 14.7118918,55.2232366 14.7193284,55.2317652 14.7204859,55.2359924 14.7207297,55.2363375 14.7284758,55.2423185 14.7297564,55.2449201 14.734282,55.2465695 14.7403086,55.2520672 14.7447248,55.2602334 14.7513884,55.2676961 14.7549982,55.2790887 14.7514946,55.2816809 14.7514201,55.2869012 14.7556401,55.2901444 14.7603968,55.2913221 14.765625,55.2957588 14.770694,55.2980998 14.7716277,55.2983655 14.7752155,55.2982149 14.7770373,55.2976903 14.7781981,55.2959421 14.779253,55.2945445 14.7771387,55.2919807 14.7781796,55.2899075 14.7810733,55.2892723 14.783,55.3 14.7390593,55.307537 14.6951185,55.315074 14.6511778,55.322611 14.607237,55.330148 14.5632963,55.337685 14.5193555,55.345222 14.4754148,55.352759 14.431474,55.360296 14.3875333,55.3678331 14.3435926,55.3753701 14.2996518,55.3829071 14.2557111,55.3904441 14.2117703,55.3979811 14.2103956,55.3960702 14.201254,55.3871903 14.2007564,55.3868403 14.192389,55.3823456 14.1869338,55.3803451 14.1739172,55.3775635 14.1709613,55.3773193 14.1472296,55.3769824 14.1244047,55.3813506 14.1103872,55.3823375 14.1004965,55.3847378 14.0894527,55.3842787 14.0823435,55.3852516 14.0712866,55.3850151 14.0672185,55.3845503 14.0625,55.3828125 14.0625,55.3822544 14.0594946,55.3806874 14.0554333,55.3802673 14.0440626,55.3869298 14.0090135,55.4040937 13.9739645,55.4212577 13.9522789,55.4283515 13.9312325,55.4328427 13.9131898,55.4344015 13.895314,55.4345816 13.8783841,55.4335676 13.8588167,55.4285949 13.8539674,55.4269534 13.8507345,55.4255533 13.8407809,55.4196149 13.8361866,55.4191803 13.8347405,55.4176354 13.832018,55.4175388 13.8315926,55.4228497 13.8274239,55.4228979 13.8315926,55.4247324 13.8245314,55.424491 13.827424,55.4264706 13.8261479,55.4268568 13.819512,55.4256498 13.8214687,55.4237669 13.817385,55.4265189 13.8099836,55.425843 13.8064104,55.424298 13.7951804,55.424491 13.7904162,55.4233807 13.7765489,55.4251188 13.7698296,55.4237567 13.7582577,55.426374 13.7356338,55.4249144 13.7186772,55.426546 13.717434,55.4265457 13.7109375,55.4257813 13.7047049,55.4246337 13.6923882,55.420854 13.6857165,55.4176331 13.6768075,55.4161993 13.6493841,55.4173239 13.6459126,55.4172558 13.637067,55.4160826 13.6281871,55.4138287 13.6251384,55.4125717 13.6148182,55.4065427 13.6119704,55.4044729 13.6039407,55.397384 13.6034852,55.3952295 13.6055322,55.3932623 13.5999774,55.3922375 13.5985966,55.3884801 13.5966954,55.3873765 13.5954638,55.3870972 13.5908505,55.3864808 13.5902224,55.3865001 13.5805746,55.3875558 13.5631551,55.3834453 13.5401343,55.3872437 13.5054502,55.3853236 13.4938167,55.3832314 13.4847348,55.3807771 13.457004,55.3712152 13.4557002,55.3710937 13.4511638,55.3693974 13.4345675,55.3618816 13.4238638,55.3542764 13.4185959,55.3532449 13.4065597,55.3532366 13.3948134,55.351058 13.359375,55.3362164 13.3554904,55.3375962 13.3442178,55.337207 13.3338223,55.3403342 13.3181825,55.3423014 13.2997068,55.3409894 13.2721922,55.3439565 13.257732,55.3487428 13.2273355,55.3552058 13.2227864,55.3576505 13.2051162,55.3629522 13.1697648,55.3688728 13.1638174,55.3691303 13.1582664,55.367714 13.1525455,55.3639805 13.1541361,55.3659617 13.1524085,55.3673589 13.1568503,55.3716409 13.1525455,55.3722847 13.1509027,55.3695487 13.1466773,55.3710937 13.1450495,55.3722097 13.1448694,55.3719587 13.145786,55.3710937 13.1456991,55.3710937 13.1503931,55.3679072 13.1479574,55.3662657 13.1490463,55.3649857 13.136409,55.3710937 13.1359658,55.3710937 13.132494,55.372703 13.1188998,55.3739905 13.1184467,55.3751493 13.1004977,55.3758574 13.0974959,55.3754711 13.095457,55.3749561 13.0889436,55.3710937 13.0850921,55.3695809 13.0761433,55.367875 13.074614,55.3680682 13.0697999,55.3710937 13.0630357,55.3742415 13.0620776,55.374516 13.0486559,55.3757764 13.039023,55.3796772 13.0260963,55.3820091 13.0256441,55.3821437 13.0090506,55.3897942 13.0078125,55.3897879 12.995083,55.3913887 12.9857368,55.3947221 12.9854381,55.3964593 12.9749873,55.4000762 12.9682707,55.401756 12.9604276,55.4017562 12.9516009,55.3996214 12.9483901,55.3984512 12.9441319,55.3956801 12.9358797,55.3931361 12.9289383,55.3867528 12.925257,55.3851789 12.9162391,55.3850446 12.909555,55.3856654 12.9020295,55.3874902 12.9005547,55.3889245 12.9061607,55.3875138 12.9079574,55.3881965 12.9048671,55.389032 12.9036456,55.3910195 12.8894511,55.3942755 12.8853561,55.3968939 12.8734663,55.393362 12.8801835,55.3917962 12.8628023,55.3922694 12.852338,55.3911232 12.8381689,55.3872473 12.8139349,55.3777124 12.8080128,55.3772478 12.8079299,55.3773785 12.8085437,55.3779503 12.8147891,55.3837686</coordinates></LinearRing></outerBoundaryIs><innerBoundaryIs><LinearRing><coordinates>11.9746167,54.5661589 11.9746172,54.5659677 11.9742714,54.562649 11.9711596,54.5589947 11.9702339,54.5589514 11.953125,54.5650111 11.9384052,54.5694371 11.9354635,54.5701636 11.9284353,54.5716753 11.9240807,54.5716201 11.9219977,54.5739285 11.9190937,54.5744411 11.9217621,54.580604 11.9201145,54.5824291 11.9222701,54.5877512 11.9150261,54.6050621 11.8982567,54.6192719 11.8906384,54.6301634 11.87395,54.6435794 11.8737437,54.6438366 11.8671964,54.6555132 11.8667974,54.6569926 11.8687108,54.6643894 11.8694421,54.6658711 11.8714778,54.6679687 11.871142,54.6679687 11.8773291,54.6787229 11.8782637,54.6890165 11.887735,54.6945 11.8914343,54.6987395 11.9001116,54.7042758 11.9038128,54.7094434 11.9095479,54.7127233 11.9106867,54.7180525 11.9070802,54.7195255 11.9007016,54.718959 11.8703445,54.7272825 11.8702992,54.7273515 11.8697679,54.73197 11.8747957,54.7341479 11.8743697,54.7407442 11.8746765,54.7412091 11.8798087,54.743238 11.8836271,54.7475373 11.8663774,54.7604967 11.8593506,54.7706496 11.8616099,54.7739149 11.8506581,54.7820926 11.8352853,54.7874722 11.830318,54.7963175 11.8094978,54.7997543 11.7933269,54.809 11.7942975,54.8116564 11.8064687,54.8165416 11.8090405,54.8224481 11.8146625,54.8274059 11.8139207,54.8320119 11.8079042,54.8335283 11.8063477,54.8349857 11.8003296,54.834865 11.8043048,54.8365287 11.804558,54.836809 11.8054174,54.8392971 11.8068767,54.8415843 11.8055555,54.84375 11.8059142,54.84375 11.8058017,54.8442132 11.801706,54.8465636 11.7905436,54.8487279 11.7829716,54.8534789 11.76854,54.853757 11.7620153,54.8560278 11.7568676,54.8552275 11.754958,54.855984 11.7583661,54.860359 11.7533978,54.8660995 11.7538837,54.8691046 11.7498201,54.870649 11.7563775,54.8790596 11.7556571,54.8823233 11.7444711,54.8874536 11.7397001,54.895663 11.7423778,54.9022309 11.7530533,54.9104156 11.7539538,54.9113621 11.7554268,54.9150414 11.7539808,54.9200104 11.7483612,54.9248937 11.7469854,54.9280254 11.7455939,54.9289228 11.7445024,54.9290572 11.7280691,54.9298899 11.7224373,54.9289323 11.7104644,54.9292676 11.7056603,54.9310296 11.7046325,54.9317518 11.7050509,54.9328943 11.7055213,54.9336272 11.7121037,54.9363981 11.7208731,54.9439784 11.7258188,54.9437394 11.7285608,54.9414139 11.7375754,54.9423807 11.7392693,54.9467217 11.731124,54.948631 11.7322766,54.951345 11.7436887,54.9606584 11.7558637,54.9617023 11.7727402,54.9608393 11.7771575,54.9567966 11.7855299,54.9532598 11.7959141,54.9443609 11.8001462,54.9368042 11.8134782,54.9379293 11.8162627,54.9424113 11.8228118,54.9442877 11.8286176,54.9560964 11.8286738,54.960798 11.823054,54.9633611 11.8215075,54.9656842 11.8217089,54.9666703 11.8222234,54.9670804 11.8251297,54.9678615 11.8259519,54.9678512 11.8289917,54.9673223 11.8357917,54.963728 11.8385347,54.9599432 11.8420155,54.958652 11.8491749,54.9574352 11.8500261,54.9592381 11.8545699,54.9595379 11.8541148,54.9565589 11.8656244,54.9516639 11.8774467,54.9443408 11.8774366,54.9429191 11.8727934,54.9404833 11.8839378,54.9326614 11.8897619,54.9315046 11.8873932,54.925778 11.8904904,54.9224592 11.9024869,54.9181736 11.9030643,54.9180331 11.9162098,54.9166436 11.9185559,54.9170448 11.9199047,54.917872 11.9206513,54.9189498 11.9205049,54.9192899 11.9177608,54.92 11.9165536,54.9237248 11.9229898,54.9227401 11.9249128,54.9248867 11.9245896,54.939345 11.934387,54.9358983 11.9429308,54.9365693 11.953125,54.9394531 11.9538513,54.9397321 11.9615577,54.9397022 11.966888,54.938888 11.9747009,54.9367325 11.9796818,54.9337959 11.9801354,54.9333115 11.9813375,54.9311579 11.9783152,54.9286551 11.9783666,54.9260195 11.980602,54.9231232 11.9802427,54.9183872 11.9824876,54.9138902 11.9884239,54.9085901 11.9876415,54.9047627 11.9892827,54.901087 11.9895962,54.9007488 11.9997596,54.8967857 12.0,54.8967359 12.0037642,54.8959556 12.0095396,54.8959264 12.0328726,54.8914915 12.03908,54.8914813 12.0443552,54.8929392 12.0462794,54.8926798 12.0491749,54.8920261 12.0515978,54.889908 12.0584933,54.8887388 12.061195,54.8906006 12.079156,54.8930666 12.0966858,54.8884805 12.1199824,54.887131 12.1212028,54.8772435 12.1238257,54.8736089 12.1281468,54.8671499 12.1323349,54.8631787 12.1375269,54.8608633 12.1384603,54.8601443 12.1463416,54.852614 12.1563203,54.8478208 12.1567959,54.8474509 12.1589293,54.84375 12.1590471,54.84375 12.1662076,54.8347259 12.1609249,54.8282493 12.1602017,54.8278754 12.1414773,54.8242151 12.1396894,54.8221333 12.1354904,54.8226389 12.1342667,54.8222624 12.1330796,54.8215355 12.1292543,54.8151639 12.1275562,54.8073977 12.120454,54.8018374 12.1136616,54.7978992 12.1133128,54.7977619 12.1013995,54.7937535 12.0847946,54.7899847 12.0819309,54.7885832 12.0735354,54.7814556 12.0671433,54.7782952 12.0529054,54.7638161 12.0428969,54.7587535 12.0342473,54.7474849 12.0253882,54.730369 12.0156263,54.7221992 11.9956506,54.7132925 11.9846358,54.7063425 11.9739346,54.6967306 11.9628407,54.6753659 11.9608409,54.6679687 11.9608093,54.6679687 11.9603291,54.664481 11.9603807,54.6484621 11.963703,54.6295791 11.9627879,54.6253569 11.9686888,54.6003351 11.9745898,54.5753132 11.9746167,54.5661589</coordinates></LinearRing></innerBoundaryIs><innerBoundaryIs><LinearRing><coordinates>12.0,54.9239759 11.996316,54.9273111 11.9958531,54.9278475 11.9933046,54.932919 11.9933063,54.9362417 11.9981709,54.9390281 11.9980628,54.9421411 11.9837008,54.9492208 11.9824688,54.950465 11.9824727,54.952709 11.9871517,54.955397 11.9911383,54.956194 11.9959807,54.956194 11.9971914,54.9554965 11.9981087,54.9498941 11.9971786,54.9451817 11.9986953,54.9431154 12.0,54.9429794 12.0020438,54.9427665 12.0031795,54.9387257 12.0100473,54.9374378 12.007887,54.9353431 12.0078824,54.9351664 12.0094169,54.9342678 12.0139511,54.9332497 12.0170158,54.9329195 12.0227829,54.933332 12.0239012,54.9336528 12.028482,54.936902 12.0354967,54.9384278 12.0368317,54.938544 12.0554268,54.9381104 12.0632892,54.939887 12.0694801,54.9379762 12.0701556,54.9376565 12.0750006,54.933057 12.0796402,54.9300826 12.0849968,54.9287493 12.0856471,54.9284121 12.0881881,54.9259861 12.0872085,54.9217336 12.0771918,54.910472 12.0814335,54.9113601 12.0846326,54.9080008 12.071164,54.908312 12.0438408,54.9146913 12.0336071,54.9156892 12.0249254,54.9181715 12.0140312,54.9185816 12.003839,54.9208151 12.0031542,54.9211204 12.0,54.9239759</coordinates></LinearRing></innerBoundaryIs><innerBoundaryIs><LinearRing><coordinates>12.0,54.9682095 11.9954671,54.9695206 11.9823745,54.974665 11.9782161,54.9765428 11.959016,54.9869674 11.9571576,54.9934576 11.953125,54.9963728 11.953125,54.9966516 11.9338366,54.9990844 11.924649,55.0012561 11.9209332,55.0033743 11.9096984,55.0043468 11.9081928,55.0038013 11.9084095,55.0034842 11.914914,55.002248 11.9189072,55.0002416 11.9191201,54.9952621 11.9121133,54.9951741 11.905592,54.9933559 11.896753,54.9938904 11.8947405,54.9943652 11.8893247,54.9979146 11.8842167,55.0014694 11.8822798,55.0022135 11.8652343,55.0061678 11.8555285,55.0136065 11.8508943,55.0162822 11.8422327,55.0195313 11.8416182,55.0195313 11.8418328,55.0196739 11.8286335,55.0232534 11.8226191,55.0296485 11.8109663,55.0362601 11.8097593,55.0366768 11.7715647,55.0479474 11.7297015,55.054617 11.7201017,55.0586243 11.6994627,55.0629135 11.6870791,55.0673382 11.6791799,55.0714939 11.6789064,55.0717812 11.6800758,55.072498 11.6860642,55.072749 11.7116747,55.0680578 11.7372851,55.0633665 11.7482841,55.0637116 11.7542794,55.0613011 11.763926,55.0600593 11.7864426,55.0527633 11.8067262,55.0479527 11.8140705,55.0438352 11.8212866,55.0423446 11.8272902,55.0417565 11.8317854,55.0450829 11.8308541,55.0521545 11.8216903,55.0568464 11.8139219,55.062759 11.8083279,55.0718946 11.7957206,55.0769737 11.7812228,55.0804313 11.7765589,55.0829427 11.7748528,55.0859435 11.7695051,55.0847312 11.7687941,55.0833057 11.7726361,55.0784858 11.779736,55.0771216 11.7796572,55.0751476 11.7739673,55.0739481 11.7608016,55.0760931 11.7494833,55.0832812 11.7471851,55.087056 11.74983,55.0897301 11.7484105,55.0919817 11.7404993,55.0944154 11.7293204,55.1068298 11.7236043,55.108849 11.7189686,55.1125633 11.7189904,55.1240751 11.7255446,55.1287237 11.7320222,55.1252975 11.7284235,55.1199927 11.7338281,55.1213428 11.7502791,55.121065 11.758603,55.1189213 11.7634366,55.1195292 11.7681947,55.1289926 11.7782356,55.1327161 11.7853094,55.1330591 11.7939628,55.1319489 11.8062835,55.128836 11.8166115,55.1312491 11.8186694,55.1334999 11.8112344,55.1489211 11.8006581,55.1502051 11.795377,55.1531711 11.7878596,55.1525102 11.7851856,55.1499625 11.7850086,55.147076 11.7802342,55.1460009 11.7700968,55.1493964 11.7700397,55.1522042 11.7738009,55.1549892 11.7726682,55.1560816 11.7549828,55.1532534 11.7475197,55.1540858 11.7424676,55.1560223 11.7374573,55.1529511 11.7325681,55.1518615 11.7155699,55.156176 11.713273,55.1579812 11.7126908,55.158796 11.7128069,55.1667981 11.7139368,55.1686873 11.7145071,55.1691355 11.7215137,55.1734384 11.7296923,55.1749852 11.741589,55.1801592 11.7381856,55.1839727 11.7273715,55.1819541 11.7260131,55.182218 11.7234327,55.1843183 11.7260391,55.1869231 11.7305521,55.1887379 11.7328552,55.1924425 11.7332395,55.1926532 11.7417979,55.1953125 11.7448853,55.1958971 11.7452379,55.1960576 11.7447793,55.1968158 11.7403022,55.1956573 11.7351235,55.1966115 11.7298523,55.201694 11.7119653,55.2079701 11.7112926,55.2081227 11.7056646,55.2070202 11.6976202,55.2070947 11.6930114,55.208186 11.6734757,55.2004592 11.6714633,55.1971247 11.6676298,55.1961205 11.6675721,55.1953125 11.6668109,55.1953125 11.6616209,55.1903353 11.6554248,55.1873764 11.6556686,55.1812541 11.6532329,55.1789033 11.6561449,55.1778775 11.6552362,55.1768261 11.6656531,55.1742687 11.6620961,55.1720372 11.6639862,55.1719697 11.6721705,55.1796699 11.6797794,55.1791476 11.67817,55.1727895 11.6760107,55.1711642 11.6760497,55.1678458 11.679648,55.1620938 11.6865315,55.1592649 11.6936289,55.1579003 11.6996728,55.1494066 11.7005255,55.152216 11.7090617,55.1499735 11.7116081,55.1440831 11.7073774,55.1434699 11.7123057,55.1416807 11.7125443,55.1414695 11.7109251,55.1406887 11.7103955,55.140696 11.703041,55.1438066 11.6964904,55.1502038 11.6808493,55.1597177 11.6799762,55.1601154 11.677465,55.1609287 11.6622345,55.1622185 11.6616524,55.1624939 11.6525362,55.1683002 11.6498916,55.1740787 11.6492867,55.1744545 11.6463547,55.1762127 11.6402065,55.1773514 11.6302969,55.1818213 11.6184785,55.1821831 11.6018059,55.188616 11.6015625,55.188616 11.5955632,55.1898571 11.5941199,55.1899284 11.5804259,55.1881396 11.5701724,55.1902066 11.5502067,55.18981 11.5333924,55.1953125 11.5331079,55.1953125 11.5332196,55.1954556 11.5061138,55.1993085 11.5042731,55.1994252 11.4973961,55.1988713 11.491472,55.1970198 11.4920068,55.2017626 11.4871236,55.2048506 11.477231,55.2066783 11.471284,55.2045372 11.4668368,55.2045794 11.4689987,55.2088435 11.4579628,55.2143806 11.4562984,55.2166299 11.4557436,55.2167892 11.44656,55.2140653 11.4424833,55.2151072 11.4405094,55.2174221 11.4394795,55.2178056 11.436217,55.2189662 11.4321924,55.2193373 11.4310486,55.2192054 11.4252132,55.2141989 11.4248894,55.2138257 11.423734,55.210484 11.4180601,55.2067558 11.4091825,55.2059869 11.3969808,55.2082185 11.393603,55.2055494 11.3852957,55.2042207 11.3788946,55.1990443 11.3770273,55.1985877 11.3718508,55.197853 11.3661932,55.1980469 11.3615623,55.2005033 11.3602322,55.2012752 11.3519903,55.2092261 11.3515503,55.2092772 11.3428133,55.2055318 11.3426661,55.2012367 11.3368253,55.1999044 11.3357865,55.2001109 11.3317282,55.2042084 11.3294621,55.2093582 11.3214263,55.2100344 11.3182293,55.2094337 11.3177027,55.2066575 11.3152899,55.2053685 11.3156461,55.2029821 11.3132077,55.2026273 11.3128085,55.1993937 11.3179655,55.1953125 11.31817,55.1953125 11.3184566,55.1936829 11.3098207,55.1945052 11.2998509,55.1922847 11.295509,55.1920348 11.2941647,55.1921381 11.2932986,55.1924198 11.2913889,55.1953125 11.2900947,55.1953125 11.278809,55.2006938 11.2780634,55.2008293 11.2552706,55.1995844 11.2544677,55.2005543 11.2569997,55.2008026 11.2569165,55.2022067 11.2515187,55.2035801 11.2507451,55.2048481 11.25,55.2047991 11.2485245,55.2045866 11.2421488,55.2084236 11.2420616,55.2087079 11.2486222,55.20994 11.2419152,55.2129871 11.2378339,55.2161356 11.2368289,55.2175525 11.2363952,55.2193257 11.2377535,55.2205958 11.2399052,55.2213479 11.2482271,55.2219245 11.2494587,55.2230519 11.2337272,55.238959 11.2325286,55.2416512 11.2331709,55.2451729 11.2391284,55.246612 11.2396394,55.2464914 11.2470303,55.2442396 11.2458096,55.2412608 11.2463524,55.2409149 11.25,55.2402343 11.2532896,55.239458 11.2601629,55.2398266 11.2665038,55.2372155 11.2708327,55.237975 11.2737499,55.2352529 11.2773058,55.2346007 11.2781645,55.2347728 11.2800214,55.2356138 11.2801715,55.2359308 11.2809237,55.2415838 11.281834,55.2431099 11.2871774,55.2467257 11.2875741,55.2471499 11.2887239,55.2502669 11.2883174,55.2507584 11.2856086,55.2519863 11.2819548,55.2509944 11.272752,55.2448778 11.2715985,55.239813 11.2669156,55.2385997 11.2622734,55.2409592 11.257519,55.2466307 11.2561446,55.247273 11.2525318,55.2478882 11.25,55.2472097 11.2467718,55.2458442 11.2428352,55.2477883 11.238815,55.2480819 11.24457,55.2571816 11.24457,55.2614651 11.2369246,55.2727555 11.2371621,55.2796171 11.2349969,55.2858787 11.234641,55.2861453 11.2238624,55.2913533 11.2224131,55.2918231 11.2094274,55.2942742 11.2020617,55.2988101 11.1800923,55.3050781 11.1742312,55.3053555 11.173511,55.3056464 11.1526269,55.319555 11.1286476,55.3261532 11.1277282,55.3279638 11.1299207,55.3262337 11.1315475,55.3265959 11.1319718,55.3288085 11.1265965,55.3287684 11.124687,55.3317859 11.1250407,55.3327918 11.1270192,55.3295327 11.1270201,55.3309007 11.1279399,55.3310617 11.1292841,55.329895 11.1304868,55.3302571 11.1280814,55.3325905 11.1309115,55.3317859 11.1335294,55.3326308 11.1321142,55.3341597 11.1343076,55.3330733 11.1344175,55.334444 11.1350859,55.3345619 11.1369255,55.3343205 11.1380575,55.3317055 11.1389065,55.3313434 11.1401094,55.3317055 11.1382697,55.3350044 11.1377745,55.3353264 11.1303453,55.3356081 11.1227971,55.3372979 11.1157984,55.3407526 11.1105345,55.3470745 11.108842,55.3474044 11.1041669,55.3449422 11.1031082,55.3470612 11.0999925,55.3479193 11.0920295,55.346911 11.0939078,55.3484827 11.0931971,55.3515964 11.0947372,55.3536196 11.1132133,55.3703881 11.1177179,55.3687162 11.1180396,55.365328 11.1219702,55.3645818 11.1237653,55.3644694 11.1336821,55.3659821 11.1379706,55.3678076 11.1438659,55.3666945 11.1464989,55.3668292 11.1509774,55.3677856 11.1580755,55.3710937 11.1624011,55.3717937 11.1740177,55.3790174 11.2012758,55.3829408 11.2020316,55.3832319 11.2131211,55.3913782 11.2122542,55.3923041 11.2141021,55.3938344 11.2150176,55.3983378 11.215013,55.3988109 11.2131015,55.4029278 11.2039194,55.4089057 11.2015668,55.4133843 11.1940433,55.4175971 11.1940789,55.4214159 11.2037932,55.4396516 11.2012914,55.4536476 11.1913182,55.4600592 11.1876301,55.4657562 11.1828105,55.4680992 11.1783847,55.4731805 11.1764005,55.4785233 11.1776927,55.4893913 11.1761003,55.492017 11.1722431,55.4931566 11.1737723,55.4953749 11.1721817,55.4982835 11.1624311,55.5046695 11.1487224,55.5093364 11.1405736,55.5157865 11.1371523,55.5227211 11.1270467,55.5254216 11.1243972,55.5280308 11.1242667,55.5307297 11.1240065,55.5309336 11.1214617,55.5318289 11.1210068,55.5319004 11.1162037,55.5276045 11.1182733,55.5249552 11.1164981,55.5235548 11.1169745,55.5230455 11.123557,55.5236771 11.1247483,55.5229617 11.1191121,55.5187377 11.1202168,55.5164115 11.1127183,55.5117191 11.1044461,55.5101877 11.094103,55.5103539 11.0894794,55.5119123 11.0867724,55.5146404 11.0793182,55.514972 11.088901,55.5344802 11.0956306,55.5362386 11.1016179,55.5337319 11.1053762,55.5339688 11.1169993,55.5376021 11.1333609,55.5356168 11.1429046,55.5384057 11.1436126,55.5388123 11.1528732,55.5456361 11.1527801,55.546875 11.1582344,55.5569123 11.1582351,55.566434 11.1535472,55.5736037 11.152319,55.5815732 11.1505362,55.5852799 11.1474257,55.590487 11.1347384,55.6050128 11.1322573,55.6101652 11.1284958,55.6139477 11.1239269,55.6168841 11.1106936,55.6235322 11.0791603,55.6341039 11.047627,55.6446756 11.040391,55.6484851 11.0332953,55.6503611 11.0099292,55.654229 11.0088353,55.6543641 10.9902529,55.6561794 10.9742408,55.6562794 10.9667125,55.6578946 10.9518051,55.6578052 10.9436827,55.6595892 10.9395287,55.6629004 10.9343663,55.6638401 10.9340186,55.6640298 10.9352744,55.6656014 10.9325534,55.6682816 10.932569,55.6693075 10.935811,55.6724082 10.9421101,55.6732109 10.9547415,55.6703258 10.9583576,55.6711103 10.966475,55.6676461 10.9868568,55.6666032 10.999981,55.669112 11.0263941,55.6652081 11.0375366,55.6646914 11.0569121,55.6613545 11.068674,55.6610552 11.0711139,55.6618371 11.0709571,55.6634893 11.076658,55.6630762 11.0772855,55.6639024 11.0732059,55.665289 11.0778086,55.664227 11.0837185,55.6652005 11.0859152,55.6639909 11.0865428,55.660834 11.0908315,55.6641974 11.095957,55.6636959 11.0967956,55.6652302 11.0911448,55.6665283 11.1013997,55.6665874 11.103231,55.6689181 11.1008242,55.6693902 11.0989407,55.6677378 11.0910923,55.668682 11.0887902,55.6700099 11.090046,55.6724292 11.0907785,55.6727536 11.0972664,55.6719275 11.0972664,55.6736683 11.1024461,55.6738158 11.1025507,55.6741405 11.1012951,55.675999 11.100144,55.6745535 11.0947026,55.6746125 11.0922436,55.6766778 11.0909354,55.6768548 11.0906215,55.6753796 11.0894705,55.6767368 11.0791729,55.678128 11.0753413,55.6802773 11.0709989,55.6799117 11.0699517,55.6780055 11.0742425,55.6762646 11.0718737,55.6750565 11.0740331,55.6744059 11.0770682,55.6701277 11.0795799,55.6705112 11.0758634,55.6697124 11.0602715,55.682758 11.0429596,55.6885298 11.036092,55.6936564 11.0237257,55.6979676 11.0041728,55.7125154 10.9967279,55.7220461 10.9842947,55.7268329 10.9631135,55.7294985 10.9487482,55.7269129 10.9355325,55.7275927 10.9281023,55.726631 10.9163457,55.726916 10.8984375,55.7307478 10.8984375,55.7310266 10.8849899,55.7347842 10.8787916,55.7396671 10.8691605,55.7429194 10.8961385,55.7433434 10.8984321,55.743717 10.9244645,55.7494125 10.9541527,55.749649 10.9833593,55.7469013 10.9880377,55.7456195 10.9887534,55.7443805 10.9914656,55.7449465 11.0066355,55.7416552 11.009041,55.7389488 11.0164577,55.7366297 11.0275183,55.7360644 11.0432528,55.7317936 11.0613734,55.7322267 11.0839176,55.7351561 11.1123886,55.7441798 11.1260108,55.7514445 11.1286603,55.7506753 11.1334301,55.7522599 11.1364208,55.7514468 11.1452481,55.7535371 11.1532387,55.7508467 11.1600544,55.7508665 11.1732841,55.7547162 11.177531,55.7549859 11.1811206,55.7512259 11.1813859,55.7479701 11.1875356,55.741968 11.1880254,55.7369822 11.1978323,55.7321991 11.1987042,55.7319242 11.2112814,55.7321745 11.2193617,55.7387896 11.2149661,55.7421113 11.2170404,55.746106 11.223401,55.7471768 11.2273854,55.7423782 11.2280948,55.7419852 11.2474846,55.7346214 11.2480415,55.7312734 11.2481918,55.731109 11.25,55.7310266 11.2566454,55.7291561 11.2615405,55.7290798 11.2714757,55.732294 11.2831323,55.7381881 11.2838025,55.7386299 11.2888529,55.7434396 11.2895087,55.74427 11.29294,55.7509911 11.2929482,55.7512617 11.2853757,55.7549459 11.2896943,55.7552584 11.2928318,55.7537597 11.2975354,55.7544914 11.3019038,55.7534443 11.3028914,55.7514195 11.296138,55.7541283 11.2984197,55.7506351 11.2970947,55.7487221 11.2993568,55.7451459 11.3041546,55.7446074 11.3058906,55.7459003 11.3050103,55.7496681 11.3094332,55.7540056 11.3206666,55.7534209 11.3258982,55.7543917 11.3319492,55.7535191 11.3376358,55.7539409 11.3473153,55.7566382 11.3523443,55.7585036 11.3622196,55.7658842 11.3628941,55.7662712 11.3692091,55.7682205 11.3787528,55.7767019 11.3753006,55.7778155 11.3790419,55.7793338 11.3831341,55.7874225 11.3831321,55.7881602 11.3775824,55.7939515 11.3758897,55.7990065 11.3776975,55.8068542 11.3753277,55.8147969 11.3772025,55.8221261 11.3747224,55.8299609 11.3697582,55.837621 11.3695081,55.8378329 11.3626601,55.8421019 11.3572422,55.8400393 11.353718,55.8402616 11.357258,55.8439835 11.3580391,55.844532 11.3624775,55.8458163 11.3693314,55.8436939 11.3711401,55.8418977 11.3752286,55.8411914 11.3783437,55.8361349 11.3849916,55.8344053 11.3893234,55.8309391 11.3943387,55.8309152 11.406898,55.8330061 11.4185482,55.8382065 11.4493128,55.848332 11.4632765,55.84745 11.4734766,55.8488873 11.4823985,55.8461714 11.4837683,55.8460549 11.489417,55.846462 11.4948607,55.8479741 11.4968847,55.848671 11.5030417,55.8518989 11.50345,55.8522667 11.5108737,55.8601993 11.5172727,55.8682239 11.5199995,55.8725491 11.5233659,55.8825128 11.5239168,55.8830283 11.5262051,55.8825901 11.5253789,55.8787277 11.525655,55.8786139 11.5269217,55.8795654 11.5306292,55.8860198 11.5283186,55.8918966 11.5306562,55.8940814 11.5306611,55.8943892 11.5283976,55.8958057 11.5297645,55.8984375 11.5298691,55.8985397 11.5280359,55.9012321 11.5276749,55.9012744 11.5263699,55.8984375 11.5259451,55.8979793 11.5291898,55.8944814 11.5269169,55.8927512 11.527567,55.8859516 11.5248652,55.8891524 11.5238763,55.8920016 11.5229688,55.8977473 11.5233274,55.8984375 11.5233821,55.8984375 11.5253869,55.9005204 11.5267125,55.9075661 11.5272374,55.9159952 11.5252945,55.9233969 11.5203716,55.9296708 11.5151126,55.9327259 11.5082474,55.9324471 11.496838,55.9399867 11.4812779,55.9425504 11.467012,55.948171 11.4424715,55.949916 11.4285722,55.9490021 11.4003129,55.9524947 11.3927009,55.952085 11.38402,55.9533318 11.3785295,55.95263 11.3562176,55.9601994 11.3363496,55.96899 11.3213649,55.9707617 11.3090816,55.9750496 11.3016762,55.9729819 11.2990688,55.9736851 11.2917064,55.9786257 11.2876986,55.9842486 11.2850035,55.9971617 11.2769848,56.0068541 11.2770048,56.0077295 11.2770683,56.0105115 11.2775939,56.0107998 11.28016,56.0096585 11.2888739,55.9996557 11.2919319,55.9982246 11.2979956,55.9914547 11.3036333,55.9883686 11.3135107,55.9854062 11.3476641,55.9787652 11.3576505,55.9753131 11.3626657,55.9738222 11.3633693,55.9736815 11.3688498,55.9736897 11.3718007,55.9725333 11.3707145,55.9715759 11.3852268,55.9669647 11.4025233,55.9653723 11.4163522,55.9620996 11.4536138,55.961125 11.4558675,55.9603477 11.4829705,55.9608167 11.4997445,55.9553002 11.5222877,55.9515265 11.549996,55.9534476 11.5838712,55.961754 11.5909373,55.961515 11.5953203,55.9594631 11.5971168,55.9543132 11.6015625,55.9508928 11.6086853,55.9459447 11.6109126,55.9448183 11.6147928,55.9432893 11.6257864,55.9421225 11.6281574,55.9393466 11.6418815,55.9384211 11.6605618,55.9411972 11.6724901,55.9447377 11.6962032,55.9473931 11.7110776,55.9510946 11.7135208,55.9518589 11.7273821,55.9579341 11.7300419,55.9593021 11.7359364,55.963768 11.7527574,55.9702857 11.7649059,55.9727802 11.7769105,55.9770449 11.7906367,55.9572905 11.790996,55.9566065 11.7921457,55.9493645 11.7920018,55.9486806 11.7904931,55.9477552 11.7888405,55.9474736 11.7876189,55.948238 11.7886248,55.9505312 11.7866129,55.9529454 11.7822978,55.9536211 11.7776178,55.9529175 11.7770584,55.9527915 11.7662787,55.9451401 11.7685061,55.9437721 11.7674283,55.9430077 11.7625422,55.9439733 11.7546386,55.9402316 11.7485831,55.9237854 11.7532871,55.9102108 11.7508763,55.904186 11.7506194,55.9040484 11.7347339,55.8988978 11.7340018,55.8987861 11.725383,55.8994828 11.7247151,55.8996125 11.7113317,55.9032598 11.7109396,55.9035832 11.7088916,55.9068149 11.7092226,55.9127997 11.7150491,55.9161574 11.7118126,55.9178879 11.7110589,55.9180796 11.6987422,55.9163843 11.6887755,55.9117656 11.6874188,55.9116324 11.6858211,55.9118301 11.6830986,55.9141176 11.6771017,55.9143054 11.6756037,55.9157109 11.6759624,55.9134229 11.6743881,55.9130287 11.6730144,55.9143806 11.6682571,55.9132915 11.6687932,55.9121836 11.6746895,55.9122776 11.6701273,55.9094791 11.671173,55.905688 11.670186,55.9018439 11.6682895,55.8984375 11.6679136,55.8984375 11.665947,55.8954777 11.6673455,55.8903573 11.6660559,55.8889912 11.6690685,55.880024 11.6913563,55.8741426 11.7085247,55.8612554 11.7143372,55.8515434 11.7309169,55.8380148 11.7351986,55.8268914 11.7345088,55.8235466 11.7324055,55.8195837 11.7297335,55.8168544 11.7220486,55.8125954 11.7149872,55.806392 11.7109078,55.8103827 11.7057852,55.8101305 11.6949995,55.8118075 11.6771605,55.8174431 11.6619511,55.8171117 11.6495034,55.8087579 11.6490144,55.8072481 11.6539608,55.8043686 11.6466562,55.8015385 11.6452693,55.7979217 11.6476238,55.7944978 11.6301094,55.7888306 11.6126738,55.7852443 11.609127,55.78139 11.6091214,55.7811095 11.6191006,55.7758852 11.6310993,55.7720968 11.6391075,55.7734071 11.6562403,55.7729089 11.6756432,55.7791255 11.6830159,55.7854353 11.6945544,55.7857432 11.7035263,55.7908854 11.7221336,55.7912946 11.7265172,55.7955638 11.7347537,55.795867 11.7369633,55.7927448 11.7448061,55.7889541 11.7501891,55.7732654 11.7598656,55.7674791 11.7599736,55.7648998 11.757067,55.7628537 11.7534215,55.7625551 11.7503426,55.7663249 11.7526189,55.7691674 11.747552,55.7700078 11.7413911,55.7662326 11.7415671,55.7632447 11.7470196,55.7580916 11.7597693,55.7530282 11.770124,55.7507671 11.7703689,55.7450491 11.7642804,55.7450097 11.748668,55.7390881 11.7430155,55.7383525 11.7305405,55.7390366 11.7196021,55.7352697 11.7104489,55.7355278 11.7052782,55.7341996 11.6862142,55.7348505 11.6696541,55.7330521 11.6610711,55.7336078 11.6524724,55.7311754 11.6573139,55.7252949 11.6574043,55.7248716 11.6542431,55.7244377 11.6555347,55.7226563 11.6558007,55.7226563 11.6557797,55.722217 11.6533952,55.7213383 11.6535397,55.7210915 11.6634978,55.7192082 11.6638337,55.7163348 11.6686279,55.7157489 11.6836404,55.7181301 11.7044557,55.7193868 11.7123564,55.7220501 11.7183549,55.7207319 11.7211884,55.7215708 11.7322382,55.7202373 11.7480639,55.7225131 11.7509775,55.723139 11.7539227,55.7226563 11.7561104,55.7219508 11.7610666,55.7221597 11.7655216,55.7205471 11.7664617,55.7205517 11.7712317,55.7222641 11.7711802,55.7226563 11.771897,55.7226563 11.7734644,55.7258825 11.7748004,55.726432 11.7755746,55.7265038 11.7841107,55.7239375 11.784276,55.7226563 11.7840002,55.7226563 11.7923067,55.713117 11.792556,55.7123892 11.7915823,55.7006207 11.7975069,55.6971585 11.8027225,55.6981871 11.8040245,55.6974405 11.8068783,55.6933585 11.8069679,55.687658 11.8107609,55.6850348 11.8030359,55.6832519 11.8049005,55.681576 11.8039511,55.6805644 11.799569,55.6812968 11.7950749,55.6797502 11.7891794,55.6804553 11.7886409,55.6705718 11.7756866,55.6679358 11.7740473,55.663101 11.769973,55.6611995 11.7705833,55.6591837 11.7807126,55.6582527 11.7813298,55.6583548 11.7820162,55.6594064 11.7791899,55.6624563 11.7825669,55.6630371 11.785539,55.6631516 11.7905033,55.6620224 11.7921464,55.6621196 11.7980905,55.6637504 11.8030893,55.6611241 11.8040845,55.6612082 11.8081114,55.6631416 11.8125376,55.6658618 11.8127404,55.6661857 11.8136252,55.6736435 11.8175758,55.677031 11.8285069,55.6825783 11.8260401,55.6868062 11.830305,55.6923063 11.8346641,55.6887608 11.8315231,55.6820728 11.835555,55.6835184 11.8371381,55.6850998 11.8386523,55.6876587 11.8386812,55.6881905 11.8359234,55.6972767 11.83636,55.6985933 11.8391345,55.7024707 11.8394916,55.7076725 11.8395532,55.7078292 11.8484731,55.7177438 11.8510584,55.7226563 11.8511223,55.7226563 11.8561455,55.7308393 11.8572564,55.7314935 11.8576911,55.7317206 11.8648864,55.731724 11.8754272,55.736733 11.865236,55.7371727 11.8598825,55.7350032 11.8548336,55.7358723 11.8572888,55.7515286 11.8551857,55.7523682 11.8501543,55.7513754 11.847199,55.7553991 11.8533874,55.7562147 11.8554384,55.7607554 11.8584412,55.7626458 11.859834,55.7693095 11.8583277,55.7730885 11.8615336,55.7774823 11.8625603,55.7925283 11.864663,55.7964869 11.8700207,55.7987537 11.8757472,55.7983437 11.8776767,55.7995833 11.8802083,55.8071235 11.878057,55.8090132 11.8800981,55.8109754 11.8770108,55.8116962 11.8780199,55.8142329 11.8904027,55.8168985 11.895124,55.8157556 11.8958544,55.8169347 11.9012187,55.8183192 11.9129015,55.8202022 11.9167768,55.8201174 11.9229763,55.817317 11.9326344,55.8177232 11.934886,55.8185194 11.9350013,55.8207974 11.944424,55.8231968 11.9488183,55.8334304 11.9492353,55.8341376 11.953125,55.8373326 11.9536752,55.8372211 11.9585173,55.8479245 11.9594398,55.8514988 11.9594347,55.8519099 11.953125,55.859933 11.953125,55.8610491 11.9463255,55.8689944 11.9444402,55.8704183 11.9439263,55.8706926 11.9387254,55.8710161 11.9354714,55.8720355 11.9338696,55.8729585 11.9309558,55.8766007 11.9276329,55.8843011 11.9307413,55.8901424 11.9301807,55.8910034 11.9260648,55.89276 11.9224252,55.8984375 11.9217532,55.8984375 11.9199367,55.903406 11.9195994,55.9038295 11.9123895,55.9108624 11.9017335,55.9181085 11.9013956,55.9187031 11.9009683,55.9209524 11.9067605,55.933205 11.9048849,55.9369415 11.9049937,55.9373581 11.9059871,55.9377298 11.9115613,55.9357532 11.9477545,55.9324296 11.953125,55.9310826 11.953125,55.9308035 11.9638242,55.9293972 11.9648989,55.92902 11.9703634,55.9250255 11.9754072,55.9186261 11.98245,55.914555 11.9842778,55.9139155 11.9867519,55.9132555 11.9939287,55.9130085 12.0044281,55.9155149 12.0188411,55.9087424 12.0240833,55.9082227 12.0264661,55.9039516 12.0271877,55.9002304 12.027108,55.8999236 12.0243338,55.8984375 12.0239326,55.8984375 12.0168693,55.8918647 12.0114017,55.889739 12.0101186,55.8887026 12.0093348,55.8852826 12.0075653,55.8836858 12.0014342,55.880432 12.0023437,55.8773453 11.9990435,55.8765388 11.9991269,55.8739969 12.0024673,55.8724279 11.999042,55.8709151 11.9981765,55.8614968 11.9995135,55.8598052 12.0101184,55.8556092 12.0153183,55.8554103 12.0302444,55.8508658 12.0335733,55.8418214 12.0397357,55.8427387 12.033946,55.841258 12.0364701,55.8372945 12.0349551,55.8325288 12.0386589,55.8235223 12.0366517,55.8187106 12.0415729,55.8127925 12.0497186,55.8130258 12.0525876,55.8102632 12.0515838,55.8087738 12.0483859,55.8086891 12.0451112,55.8062756 12.0410506,55.8053994 12.0406171,55.7999048 12.0424947,55.7968405 12.0446389,55.796735 12.0493127,55.79905 12.0581549,55.796635 12.055674,55.7938226 12.0574713,55.7903804 12.0544615,55.7873958 12.0537837,55.7813349 12.0556364,55.7778004 12.0610812,55.774143 12.0611371,55.771064 12.066033,55.7681866 12.0663865,55.7659556 12.0635082,55.7599376 12.0597738,55.7593796 12.0553696,55.7549046 12.0585572,55.7529089 12.0628787,55.752672 12.0611622,55.7492959 12.0622315,55.7397053 12.0660079,55.7376561 12.0635203,55.7361636 12.0628026,55.7310266 12.0521873,55.7334605 12.0465384,55.7327523 12.0410401,55.7296919 12.0355942,55.7308154 12.0336735,55.728035 12.0272297,55.7279522 12.0194761,55.7226563 12.0196902,55.7226563 12.0163358,55.7204792 12.0140296,55.7221363 12.0079663,55.7224743 12.0078563,55.7226563 12.0080696,55.7340097 12.0004085,55.7343562 11.9959224,55.7314432 11.9896314,55.740319 11.9870464,55.7381736 11.985314,55.7313412 11.9803587,55.728934 11.9808539,55.7226563 11.9807372,55.7226563 11.9815844,55.71886 11.9806705,55.7163695 11.9793994,55.715519 11.9724073,55.709959 11.9639519,55.695977 11.9593303,55.6942161 11.9545034,55.6893649 11.9533792,55.6871707 11.953125,55.6869419 11.9528784,55.6869419 11.9432979,55.6791232 11.9386683,55.6723363 11.9372478,55.6663651 11.9317586,55.663658 11.931536,55.663256 11.9310635,55.6589741 11.9290071,55.6578577 11.9275928,55.6535569 11.9276825,55.6524453 11.9328892,55.6475495 11.9334819,55.6473395 11.9363741,55.6490433 11.9374537,55.655297 11.9406369,55.6558318 11.9389482,55.6563926 11.9388862,55.6586025 11.9413526,55.6613781 11.9504939,55.662697 11.9525932,55.6640408 11.9502563,55.6669744 11.9502689,55.6681134 11.9510524,55.6750807 11.9513648,55.6755344 11.953125,55.6755021 11.965143,55.6752851 11.9742126,55.67709 11.9894967,55.6772623 11.996891,55.6786416 11.9911413,55.6824743 11.9931139,55.6834486 11.9920145,55.6884499 11.9882042,55.6914105 11.9819403,55.6916732 11.9813288,55.6934409 11.992056,55.6984353 11.9916781,55.703855 12.0001212,55.7026641 12.0030797,55.7046376 12.0052602,55.7050538 12.0065469,55.7050509 12.0073676,55.704515 12.0024251,55.7000194 12.000892,55.6960784 11.9975525,55.6954315 11.9974751,55.6936775 12.0050386,55.6919345 12.0136781,55.6959071 12.0159673,55.6940153 12.020025,55.6931525 12.0302863,55.6943207 12.0319521,55.6928308 12.0415974,55.691317 12.042415,55.6895202 12.0403498,55.685973 12.0504342,55.682397 12.0518039,55.6801909 12.0495212,55.6788504 12.0452121,55.6788592 12.0364341,55.6823263 12.030744,55.6802517 12.0258929,55.6802775 12.0145128,55.6863838 12.0110613,55.6863838 12.0033308,55.6895432 11.9980229,55.689817 11.9970388,55.6852508 12.0063308,55.6845602 12.0061817,55.6795251 12.0094956,55.6779732 12.0120831,55.6739734 12.0093892,55.6720331 12.0109968,55.6689496 12.0079519,55.6672993 12.0133244,55.6681046 12.0149046,55.6701142 12.0188288,55.6709545 12.0226719,55.6703368 12.0269591,55.6674726 12.0366257,55.6706852 12.0431376,55.6680864 12.044347,55.6716903 12.0509777,55.6734051 12.0574361,55.6714555 12.0599117,55.6672928 12.0602411,55.6659635 12.0555387,55.6624053 12.0561579,55.6570909 12.08138,55.6510721 12.0859518,55.6542104 12.0863124,55.6608521 12.090745,55.6695269 12.0850924,55.6719115 12.0845034,55.670297 12.0822099,55.6700649 12.0791301,55.6729248 12.0698292,55.6769478 12.0693086,55.6790158 12.0748572,55.6821814 12.0778404,55.6885495 12.0856156,55.6887234 12.0883511,55.6847987 12.0931802,55.6846747 12.09483,55.6923757 12.0830965,55.6921375 12.0814559,55.6939769 12.0816615,55.694332 12.0855156,55.6967076 12.0915015,55.6961699 12.09501,55.6974667 12.0993648,55.6965384 12.1053193,55.7000281 12.1032366,55.7024796 12.0957993,55.7036756 12.1071922,55.7034343 12.1105624,55.7046359 12.1126207,55.7074687 12.1112434,55.7098747 12.1035035,55.7093908 12.100122,55.7112215 12.1001219,55.7179878 12.1003535,55.7186229 12.1026737,55.7205938 12.1084436,55.7226563 12.1090997,55.7226563 12.1071547,55.7236044 12.1092588,55.7265868 12.1182603,55.7265625 12.1187161,55.727528 12.1186252,55.7289605 12.1161704,55.7303683 12.1073546,55.7291284 12.1032345,55.730067 12.1080303,55.731738 12.09986,55.7379785 12.0977966,55.7381842 12.0938545,55.7448111 12.0998451,55.7495424 12.1001344,55.7559882 12.0951604,55.7601587 12.0844016,55.7650802 12.0875624,55.7670876 12.0875419,55.7671757 12.0862387,55.7810884 12.0801148,55.7825011 12.0792469,55.7844983 12.0762157,55.7842482 12.0737166,55.7861803 12.0756969,55.7905753 12.0740035,55.7929264 12.0774903,55.7939302 12.078265,55.7983841 12.0778937,55.7995697 12.0709109,55.8070363 12.0675195,55.8083283 12.068848,55.8114054 12.0686728,55.8119657 12.064977,55.8159778 12.0659765,55.8198124 12.063404,55.821858 12.0618697,55.8263144 12.0595648,55.8282722 12.0569915,55.8276159 12.0553865,55.8334503 12.0497696,55.833355 12.0498481,55.8344141 12.0533713,55.8352416 12.0535978,55.835638 12.0541821,55.8374143 12.0523264,55.8394206 12.0499063,55.8416922 12.0493851,55.8418974 12.0412549,55.8437043 12.0462677,55.857798 12.0496958,55.8587528 12.058286,55.8581291 12.0639796,55.860288 12.0636731,55.8705413 12.0662274,55.8779048 12.0552111,55.8850538 12.0505537,55.8919166 12.0477002,55.8984375 12.0453733,55.9021897 12.0476757,55.9133428 12.047675,55.9137132 12.0456936,55.918359 12.0381823,55.9306248 12.0213984,55.9468699 12.0207206,55.9546353 12.0188271,55.9581032 12.0185726,55.9584206 12.0174298,55.9586325 12.0141431,55.9573112 12.0122499,55.9580057 12.0114058,55.9597754 12.0143265,55.9616829 12.012482,55.963109 12.0094113,55.9591351 12.004828,55.9599299 12.0069342,55.9656214 12.0118099,55.9676563 11.9971997,55.9671654 11.9878871,55.9648902 11.9757336,55.9666295 11.9749191,55.966498 11.957279,55.9598591 11.953125,55.9589843 11.9499958,55.9586002 11.9464751,55.9567165 11.9400662,55.9514892 11.9273208,55.9483439 11.9181423,55.9480162 11.9175287,55.9479095 11.9061492,55.9455771 11.888992,55.9408854 11.8798223,55.9437162 11.867415,55.9448138 11.8689755,55.9423685 11.8665456,55.9404473 11.8542337,55.9448639 11.8538494,55.9451578 11.8501993,55.955559 11.8426222,55.958122 11.8475099,55.9572905 11.8466953,55.9600263 11.8457369,55.9608042 11.8452098,55.9609919 11.8406575,55.9595435 11.8452098,55.9615284 11.8423826,55.9646397 11.8477975,55.9628695 11.8436764,55.964291 11.8471745,55.9652297 11.8434848,55.9651225 11.8446828,55.96582 11.8434368,55.9663028 11.8415201,55.9648007 11.8414721,55.965659 11.8480849,55.9680998 11.8507832,55.9747329 11.8558741,55.9770339 11.8570147,55.9774264 11.8735558,55.9831488 11.8870624,55.9858109 11.9149899,55.9964038 11.921923,56.0007212 11.9424756,56.00832 11.953125,56.0114396 11.953125,56.0117187 11.9733998,56.0174239 12.0013381,56.027529 12.0242925,56.0375826 12.0548843,56.0554181 12.0784503,56.0648184 12.1020162,56.0742187 12.1065897,56.0758728 12.1434039,56.0922536 12.1802182,56.1086344 12.1857404,56.1105282 12.1948895,56.1129624 12.1955163,56.1130877 12.2103128,56.1144553 12.2409219,56.1221811 12.2476358,56.1220765 12.275932,56.1283185 12.2880663,56.1291127 12.2953435,56.128107 12.2991391,56.1275824 12.3046875,56.1283482 12.308561,56.1291614 12.3092104,56.129168 12.3118858,56.1279902 12.3135086,56.1288441 12.3139538,56.125144 12.3204001,56.1230764 12.3369339,56.1200072 12.3502651,56.1192743 12.3534529,56.1182663 12.3629822,56.1131912 12.3717581,56.106764 12.3888844,56.1005111 12.3895447,56.1003797 12.4123749,56.098999 12.4244903,56.0942425 12.4349892,56.092943 12.4524215,56.0934994 12.4583921,56.0959525 12.4592711,56.0958741 12.4609427,56.0929712 12.4754837,56.093954 12.4879133,56.0918581 12.4973927,56.0914882 12.5189449,56.0861686 12.538954,56.0805916 12.5425965,56.0791456 12.5480371,56.0766263 12.5507311,56.0742187 12.5521755,56.0742187 12.5577918,56.0711393 12.5802832,56.0566854 12.5958484,56.0506463 12.6054428,56.0455682 12.6061708,56.0439205 12.6189204,56.0443648 12.6198753,56.0433106 12.6181442,56.0413252 12.622577,56.0402601 12.6240309,56.0386741 12.6191914,56.0348117 12.6179239,56.0380948 12.6166565,56.0382878 12.6178663,56.0362279 12.6146976,56.0373544 12.6160227,56.0341358 12.6193066,56.0341036 12.6162531,56.0335242 12.6175781,56.0323977 12.6089625,56.0284609 12.6007918,56.0152293 12.5957986,56.0109926 12.5899497,56.0091749 12.5892571,56.0073683 12.5790215,56.0045037 12.5640304,55.9947278 12.5555289,55.9862051 12.5552616,55.9859143 12.5452493,55.971963 12.5480444,55.9708256 12.5442609,55.9689209 12.542641,55.9634897 12.5269074,55.9429477 12.5285639,55.9412273 12.525251,55.9406981 12.5301251,55.9392331 12.5268841,55.9358127 12.5213273,55.9345164 12.5218544,55.9309529 12.5247529,55.9279141 12.5194215,55.9271533 12.5178047,55.9242116 12.517803,55.9195125 12.5282865,55.9072263 12.5294696,55.90323 12.5349483,55.8981397 12.5354837,55.8977683 12.5431745,55.8868368 12.5482771,55.8863943 12.5437005,55.8864533 12.5482244,55.8857157 12.5440688,55.8841814 12.5450681,55.8828833 12.5484349,55.8836209 12.5494344,55.8853322 12.5485401,55.8831784 12.545489,55.8822637 12.5475405,55.8785166 12.5618339,55.8643196 12.5694414,55.8517035 12.5739198,55.848721 12.5721462,55.8475817 12.5749174,55.8410769 12.5735584,55.8324497 12.5766767,55.8117495 12.5875409,55.8034666 12.5899512,55.7961925 12.5960822,55.7877058 12.5962359,55.7871966 12.5925056,55.7754104 12.6021416,55.7601362 12.5953978,55.7546037 12.583819,55.738395 12.5811671,55.7295407 12.5860946,55.7284981 12.5880471,55.7269424 12.5811893,55.7254672 12.5811893,55.7252526 12.5876662,55.7258964 12.5847611,55.7230263 12.5829514,55.7214438 12.5835229,55.7173132 12.5837609,55.7169646 12.5919046,55.7183325 12.5837609,55.7164013 12.5841897,55.7155162 12.5897139,55.714336 12.5878567,55.7121098 12.5926666,55.7100713 12.5900949,55.712539 12.5960478,55.7196199 12.6034296,55.7182519 12.6042867,55.7195395 12.6000959,55.7204514 12.6015821,55.7254374 12.6020143,55.7255147 12.609901,55.7226563 12.6233602,55.7175601 12.6229889,55.7158864 12.6171716,55.716235 12.6145725,55.7174205 12.6135823,55.7161653 12.6212561,55.7142127 12.6170479,55.7121205 12.6061561,55.7144217 12.6158102,55.7117021 12.6111069,55.7089126 12.5963783,55.7124692 12.5953881,55.7112836 12.6034331,55.7094007 12.6046708,55.708006 12.5947692,55.7100981 12.594274,55.7092612 12.6024429,55.7065415 12.5919225,55.7059139 12.5922939,55.7044494 12.5986061,55.7050771 12.5974922,55.7032638 12.5945216,55.7024966 12.5950168,55.7008928 12.597616,55.7020086 12.5951405,55.6956624 12.5978636,55.6987309 12.5983586,55.6953138 12.5994725,55.7027757 12.601329,55.7035428 12.5999675,55.6888978 12.5935316,55.6810873 12.5961307,55.6826913 12.5953881,55.6800413 12.5888615,55.6752622 12.5808796,55.6725299 12.5702285,55.6654958 12.5634429,55.6638349 12.5647629,55.6612846 12.5607644,55.6594568 12.5634613,55.6586281 12.5593076,55.6535009 12.5557936,55.6527637 12.5583369,55.6516573 12.5549983,55.6479785 12.5523431,55.6473387 12.5499283,55.648886 12.5440319,55.649392 12.5461428,55.6465015 12.5490915,55.6478705 12.5512608,55.6462243 12.5539342,55.6461076 12.548611,55.6406509 12.5419043,55.6423683 12.5414053,55.6411622 12.546438,55.6394846 12.5463882,55.6391613 12.5439256,55.6375455 12.5312643,55.6317801 12.530073,55.6325322 12.5314533,55.6347991 12.5262823,55.6370285 12.5207365,55.6369233 12.5054342,55.6333179 12.504876,55.6293247 12.5015407,55.626963 12.5021884,55.6251262 12.4974988,55.6241797 12.4941084,55.619277 12.4974592,55.6181209 12.4983742,55.6153858 12.5037184,55.6143486 12.50348,55.613481 12.4989501,55.6130965 12.5022608,55.6120797 12.5022737,55.6107627 12.4958498,55.608938 12.4926959,55.6010118 12.4918956,55.6006308 12.4902452,55.600158 12.4812394,55.6002547 12.4485316,55.6038343 12.4457372,55.6071488 12.4417484,55.6070637 12.4425461,55.608716 12.4397541,55.6090164 12.4387633,55.6110559 12.4373972,55.6114149 12.4336998,55.6118172 12.4090663,55.6126935 12.3960589,55.6105558 12.3930562,55.6111687 12.3926628,55.6131682 12.3920062,55.6132143 12.3833578,55.6120487 12.3778887,55.6087309 12.377933,55.6085722 12.3809274,55.6067016 12.3817414,55.6065204 12.385879,55.6072758 12.3831522,55.6093506 12.386215,55.6113023 12.3903151,55.6103619 12.3914095,55.6074295 12.3982067,55.6077983 12.4000865,55.6059391 12.3939656,55.6051424 12.3797497,55.6005982 12.3761718,55.5989172 12.3763227,55.5971894 12.3724929,55.5971922 12.3636082,55.5942785 12.3539819,55.5897089 12.350027,55.5902969 12.3437558,55.5896674 12.3419501,55.5893594 12.3046875,55.578125 12.3039479,55.578125 12.2931919,55.5733618 12.2873207,55.5696452 12.2864474,55.5687978 12.2862498,55.5673439 12.2892873,55.5659592 12.2810987,55.5652612 12.2601894,55.5569237 12.245254,55.5476067 12.2447844,55.546875 12.2345426,55.5380343 12.2340419,55.5375499 12.2283781,55.5302819 12.2169893,55.5096037 12.2142187,55.5077165 12.2124968,55.5080453 12.2144389,55.5090832 12.2156802,55.5156748 12.2086582,55.5086828 12.2041461,55.5070792 12.2038451,55.5066477 12.2054805,55.5040016 12.2031714,55.5022844 12.1996245,55.4907225 12.1957041,55.4887696 12.1940916,55.4793752 12.1954983,55.4791753 12.1969593,55.479175 12.1983805,55.4797561 12.2045875,55.4922614 12.2115141,55.5008698 12.212177,55.504775 12.2093929,55.5049253 12.2170823,55.5079293 12.19577,55.4722559 12.1981548,55.4714298 12.1982872,55.4696273 12.1956375,55.4678249 12.1949751,55.461291 12.1980222,55.4613661 12.1996121,55.4570101 12.1948426,55.4558086 12.1991134,55.4538149 12.195699,55.4532003 12.1989723,55.4524862 12.1952525,55.4497932 12.1954499,55.4492708 12.200318,55.440604 12.2115144,55.4306519 12.2160288,55.4272937 12.2214016,55.4260073 12.2248524,55.4234914 12.2464364,55.4166032 12.2572888,55.4154258 12.2732998,55.40955 12.3044825,55.4004192 12.3046875,55.4003906 12.3294835,55.4003906 12.3465888,55.3974028 12.3580987,55.3965144 12.3668227,55.3970273 12.368542,55.3949944 12.3687947,55.3948466 12.3747526,55.3930537 12.391951,55.3829519 12.4030641,55.3748472 12.4095469,55.3721075 12.4102544,55.3710937 12.4107918,55.3710937 12.4229639,55.3631418 12.4261225,55.3590699 12.4332317,55.3569478 12.4457808,55.3477579 12.4483157,55.3433892 12.4477943,55.3349797 12.4562579,55.3303401 12.448994,55.3229073 12.4470938,55.3133443 12.4461302,55.3084944 12.4477981,55.2998157 12.4511905,55.2984234 12.4552358,55.2939445 12.4552358,55.2896634 12.4552358,55.2875814 12.4539564,55.2852829 12.4506483,55.2817822 12.4476569,55.2808183 12.4458092,55.2772495 12.4453351,55.2769215 12.4418578,55.2750573 12.4326431,55.273141 12.4268163,55.2675806 12.420125,55.2654523 12.4167548,55.2612257 12.4153265,55.2603474 12.4098274,55.2581211 12.3988535,55.2561092 12.3958054,55.2533662 12.3848943,55.2549535 12.3760118,55.2520669 12.3699659,55.2534809 12.3676178,55.2527958 12.362316,55.2488869 12.3589519,55.2434506 12.3578577,55.2373579 12.3539279,55.2357012 12.3463243,55.2355345 12.3400828,55.2380321 12.3338432,55.2372375 12.3046875,55.2380021 12.29677,55.2380317 12.2755247,55.2413208 12.2692378,55.2413504 12.2521982,55.2393903 12.2325248,55.2347047 12.2290856,55.2319034 12.2207938,55.2296035 12.2182132,55.227721 12.2044895,55.2242559 12.195531,55.2248158 12.1894015,55.2230823 12.1874932,55.2224563 12.1714385,55.2157154 12.1675062,55.2116472 12.1641756,55.2132326 12.15865,55.212868 12.1468141,55.2040643 12.1408858,55.1953125 12.1405925,55.1953125 12.1378599,55.1922776 12.1371773,55.191882 12.1146426,55.1832994 12.108067,55.1765207 12.105108,55.1626056 12.1122701,55.1397049 12.110642,55.1387801 12.1068056,55.1391844 12.09896,55.1342076 12.0864939,55.1332659 12.0833755,55.1350491 12.0801119,55.1350482 12.0768895,55.1376348 12.0802649,55.1416016 12.080267,55.1457329 12.0840573,55.1537554 12.0836995,55.1638367 12.0851182,55.1661102 12.0940349,55.170903 12.0951817,55.1744874 12.0939254,55.1762017 12.0896587,55.1768341 12.0788426,55.1750005 12.0739843,55.1757494 12.062252,55.1748893 12.0518186,55.1716774 12.0409322,55.1700966 12.0395629,55.1684769 12.0302753,55.1662062 12.0223662,55.16117 12.0158923,55.1504021 12.0116866,55.1474648 12.0128345,55.1454097 12.0180652,55.1434373 12.0313168,55.1438055 12.0387501,55.1379395 12.0411516,55.1326023 12.0339823,55.1272372 12.0350091,55.1229373 12.0395139,55.1233507 12.0452344,55.1263179 12.0523003,55.125958 12.053472,55.1212838 12.0562534,55.1206907 12.0599434,55.1217715 12.0615175,55.1276501 12.0650206,55.1296499 12.0760775,55.1292155 12.0818392,55.1304981 12.0866008,55.1297131 12.0913478,55.1268239 12.0867409,55.1225069 12.1010236,55.1231906 12.1027896,55.126085 12.1133308,55.1238393 12.1266639,55.1271347 12.1265044,55.1296262 12.1232315,55.1306796 12.1305451,55.1316659 12.1646955,55.1246914 12.1657058,55.1243443 12.1746292,55.1169929 12.182054,55.114444 12.1826026,55.1139984 12.1848409,55.1106076 12.184841,55.1100965 12.1812691,55.1053247 12.1758691,55.1046071 12.1708307,55.0994098 12.1727054,55.0987017 12.1709113,55.0943679 12.1727421,55.088581 12.1555837,55.0759896 12.1548879,55.075784 12.1511414,55.0760443 12.1493551,55.0789514 12.1400011,55.0793527 12.135245,55.0822645 12.1259882,55.0791636 12.1215411,55.0793269 12.1189785,55.0844465 12.1169307,55.0851558 12.1113009,55.0845566 12.1080765,55.0889511 12.1002151,55.0891026 12.1051862,55.084663 12.1174695,55.0837311 12.1188064,55.0821673 12.1190755,55.0818194 12.1205374,55.0772778 12.1180795,55.075438 12.1239589,55.0734581 12.1234709,55.0707037 12.1204307,55.0685647 12.1231468,55.067946 12.1245983,55.0602428 12.1312618,55.0552725 12.1282601,55.0483884 12.1284397,55.0481418 12.1404393,55.0479174 12.1454535,55.0452812 12.1456637,55.045049 12.1456249,55.0436853 12.1404997,55.0419821 12.1423926,55.0402219 12.1402665,55.0367503 12.141818,55.0368882 12.1445562,55.0328931 12.153164,55.0262516 12.1571481,55.0195313 12.1574767,55.0195313 12.171333,55.0053582 12.1717455,55.0044571 12.1694443,54.9932131 12.1677825,54.9928753 12.1675591,54.9930397 12.1609102,54.9958369 12.1474471,54.9955215 12.1412953,54.9928083 12.1372401,54.9939615 12.1288207,54.9930977 12.119971,54.9944698 12.1095887,54.9903392 12.1010968,54.9819297 12.0948415,54.9815739 12.0896353,54.9764873 12.0766017,54.9694755 12.0719945,54.969184 12.0657414,54.9661957 12.0527858,54.9625767 12.0375673,54.9618554 12.0260708,54.9623621 12.0095034,54.9654608 12.0,54.9682095</coordinates></LinearRing></innerBoundaryIs><innerBoundaryIs><LinearRing><coordinates>11.7355846,57.5087452 11.7355036,57.5087169 11.7351506,57.508802 11.7331917,57.5092741 11.7328514,57.509103 11.7317857,57.5085672 11.7256885,57.5081636 11.7231593,57.5087281 11.7204762,57.5105938 11.7215762,57.5109103 11.7240821,57.5116314 11.7221266,57.5126992 11.7222869,57.5130281 11.7234995,57.5132844 11.731095,57.5126218 11.7364914,57.5136384 11.7375379,57.513489 11.7370653,57.5127453 11.7360491,57.5121951 11.7406061,57.5104955 11.7355846,57.5087452</coordinates></LinearRing></innerBoundaryIs><innerBoundaryIs><LinearRing><coordinates>10.5968204,57.4948573 10.5959496,57.4963278 10.5983926,57.4981319 10.600299,57.4978476 10.601579,57.4974595 10.6038355,57.495279 10.6115136,57.4924591 10.6160738,57.4932534 10.6159722,57.4921132 10.6105055,57.4891239 10.6100307,57.4890131 10.6036845,57.489713 10.6030211,57.4898618 10.5980126,57.493131 10.5977834,57.4937047 10.5985695,57.494127 10.6021616,57.4929928 10.6017129,57.4945611 10.5968204,57.4948573</coordinates></LinearRing></innerBoundaryIs><innerBoundaryIs><LinearRing><coordinates>10.6244758,57.4840713 10.6177177,57.4852073 10.6175404,57.4853595 10.6186183,57.4871662 10.6194208,57.4876376 10.6208341,57.4870809 10.6240515,57.4868617 10.6271121,57.4853382 10.6276228,57.4810489 10.6196078,57.4834045 10.6248542,57.4832983 10.6251167,57.4834274 10.6244758,57.4840713</coordinates></LinearRing></innerBoundaryIs><innerBoundaryIs><LinearRing><coordinates>11.8904347,57.4867584 11.8924739,57.4870716 11.8950717,57.4871058 11.8951637,57.4859977 11.8945209,57.4852606 11.8913592,57.4846436 11.889963,57.486343 11.8904347,57.4867584</coordinates></LinearRing></innerBoundaryIs><innerBoundaryIs><LinearRing><coordinates>10.6030694,57.474869 10.6040767,57.4755306 10.6047289,57.4753941 10.6061434,57.4734842 10.6048163,57.4725443 10.6035661,57.4725173 10.6027859,57.4729744 10.6030694,57.474869</coordinates></LinearRing></innerBoundaryIs><innerBoundaryIs><LinearRing><coordinates>11.9079536,57.4720982 11.911051,57.4720982 11.9134473,57.4707928 11.913318,57.4705938 11.9084542,57.4702661 11.9076195,57.4717199 11.9079536,57.4720982</coordinates></LinearRing></innerBoundaryIs><innerBoundaryIs><LinearRing><coordinates>10.5754359,57.4521152 10.5755792,57.4522562 10.5785098,57.45252 10.5803854,57.4518154 10.5821106,57.4504446 10.5822128,57.4487314 10.5794286,57.4492524 10.5754359,57.4521152</coordinates></LinearRing></innerBoundaryIs><innerBoundaryIs><LinearRing><coordinates>11.8874888,57.4339724 11.8874666,57.4332188 11.8857893,57.4317853 11.8844554,57.4318447 11.8835883,57.4327714 11.884931,57.4353342 11.8874888,57.4339724</coordinates></LinearRing></innerBoundaryIs><innerBoundaryIs><LinearRing><coordinates>11.8939611,57.4323452 11.8965696,57.4333423 11.9002517,57.4329878 11.9014351,57.4316359 11.8997445,57.4306527 11.8992031,57.4306489 11.8947349,57.4319417 11.8939611,57.4323452</coordinates></LinearRing></innerBoundaryIs><innerBoundaryIs><LinearRing><coordinates>11.9000864,57.4240925 11.9022872,57.4272321 11.9045919,57.426576 11.9066406,57.4264574 11.9070435,57.4258654 11.9055672,57.4234294 11.9012733,57.4225485 11.9006993,57.4226845 11.9000864,57.4240925</coordinates></LinearRing></innerBoundaryIs><innerBoundaryIs><LinearRing><coordinates>11.9168515,57.4063588 11.9195944,57.4082429 11.9205496,57.4081702 11.9210413,57.4080288 11.9204062,57.4055403 11.9193245,57.4054642 11.916958,57.405969 11.9168515,57.4063588</coordinates></LinearRing></innerBoundaryIs><innerBoundaryIs><LinearRing><coordinates>11.9098809,57.3807275 11.9108583,57.3819934 11.9127347,57.3828351 11.9139875,57.382632 11.9187396,57.3822525 11.919063,57.3819258 11.9135973,57.3795233 11.9112387,57.3792337 11.9103814,57.3794963 11.9098809,57.3807275</coordinates></LinearRing></innerBoundaryIs><innerBoundaryIs><LinearRing><coordinates>11.9298477,57.3800693 11.9312733,57.3799694 11.936975,57.3781228 11.9414215,57.3787361 11.9489932,57.3762569 11.9401423,57.3723953 11.93884,57.3702796 11.9255384,57.370325 11.9246598,57.3680437 11.9215008,57.3693209 11.9201527,57.371217 11.9213407,57.3719245 11.9306124,57.3714983 11.9279011,57.3744214 11.9324622,57.3768922 11.9323564,57.3771244 11.9282697,57.3773286 11.9272016,57.3778146 11.9265755,57.3789105 11.9278953,57.3793156 11.9298477,57.3800693</coordinates></LinearRing></innerBoundaryIs><innerBoundaryIs><LinearRing><coordinates>11.9255795,57.3770549 11.9256024,57.3765531 11.9243277,57.3755279 11.921023,57.3751289 11.9198805,57.3754944 11.9195576,57.3776013 11.9203435,57.3781009 11.921892,57.3777066 11.9255795,57.3770549</coordinates></LinearRing></innerBoundaryIs><innerBoundaryIs><LinearRing><coordinates>10.9323412,57.3641859 10.9301142,57.3594344 10.9295492,57.3591369 10.9252892,57.3589587 10.9251025,57.358687 10.9237325,57.3567745 10.9162393,57.3591433 10.9323412,57.3641859</coordinates></LinearRing></innerBoundaryIs><innerBoundaryIs><LinearRing><coordinates>11.9653105,57.3491584 11.9689033,57.3501067 11.9694381,57.3499867 11.9700986,57.3496125 11.9680204,57.3472664 11.9665579,57.3469632 11.9648994,57.3468679 11.9645091,57.3471971 11.9653105,57.3491584</coordinates></LinearRing></innerBoundaryIs><innerBoundaryIs><LinearRing><coordinates>11.9443063,57.3456852 11.9468472,57.3458896 11.9516062,57.3458906 11.9665827,57.3440287 11.9713765,57.3415726 11.9721692,57.3409039 11.9730926,57.3389593 11.9727414,57.3383005 11.9686825,57.3376533 11.9670008,57.334994 11.9641995,57.3345819 11.9621196,57.3345991 11.9598165,57.3349953 11.9591628,57.3354784 11.9574898,57.3389831 11.953125,57.3390065 11.9518272,57.3389623 11.9512012,57.3398671 11.9525429,57.3421885 11.9505846,57.3440022 11.949928,57.3440723 11.944876,57.3415027 11.9348499,57.341341 11.9391586,57.3440101 11.9443063,57.3456852</coordinates></LinearRing></innerBoundaryIs><innerBoundaryIs><LinearRing><coordinates>11.140895,57.3271853 11.1484971,57.3284335 11.1593357,57.3272421 11.1660808,57.3245543 11.1702971,57.3236901 11.1758819,57.3233418 11.1959401,57.3237911 11.1965686,57.3235937 11.2003071,57.3215806 11.2003685,57.3195068 11.1968814,57.3077399 11.1968268,57.3046875 11.1970599,57.3046875 11.1980339,57.2906495 11.1948106,57.2858893 11.1900358,57.2851876 11.1849498,57.2849318 11.1843975,57.2849913 11.1831053,57.2864758 11.1834893,57.2882043 11.186991,57.2886339 11.1867445,57.2908095 11.1929581,57.293382 11.192659,57.2976896 11.1860873,57.2981977 11.1816103,57.3013763 11.1846809,57.3033741 11.1847245,57.3046875 11.1844369,57.3046875 11.184269,57.3079518 11.1797907,57.3046875 11.1795847,57.3046875 11.1771073,57.3030536 11.1727536,57.3018589 11.1721241,57.3014714 11.1720457,57.3006669 11.1746742,57.3007278 11.1748934,57.2999954 11.1746114,57.2995349 11.1701266,57.2977942 11.1591862,57.2983506 11.1515356,57.3004719 11.1466026,57.3004727 11.1239786,57.297038 11.1186153,57.2979234 11.1084048,57.2973499 11.086812,57.2918421 11.0791461,57.2884223 11.0798208,57.2867289 11.0745583,57.2845529 11.0734407,57.2824345 11.0791188,57.2798842 11.093486,57.2791908 11.0954959,57.2708303 11.0918322,57.2680877 11.0880419,57.2540231 11.0829688,57.251765 11.0677692,57.2381778 11.061167,57.2345912 11.036422,57.2280231 11.0029144,57.216548 11.0008456,57.2173297 11.0010308,57.218935 10.9968193,57.2184592 10.9902602,57.2147864 10.9776914,57.2103993 10.9776425,57.212705 10.9843456,57.2158235 10.9910258,57.2171597 10.9935129,57.2190511 10.9932801,57.2192791 10.9858515,57.2196168 10.9786798,57.2161053 10.9763933,57.21819 10.9697059,57.2124341 10.9672191,57.2121468 10.9685673,57.2163447 10.9745066,57.2200056 10.9745066,57.2205636 10.969802,57.2302179 10.9684287,57.2309706 10.9653687,57.2303231 10.9649472,57.230726 10.965987,57.2337896 10.9624085,57.2328455 10.9558452,57.2360657 10.9479711,57.23615 10.9471366,57.2377732 10.9497734,57.2400244 10.9456686,57.2411147 10.9428427,57.2441124 10.9379488,57.2455109 10.9374521,57.2455043 10.9380856,57.2442188 10.9350727,57.2436212 10.9305846,57.2457767 10.9190005,57.2460467 10.9173419,57.2436883 10.9167686,57.2433753 10.9136304,57.2427899 10.9129225,57.2428952 10.9028424,57.2465847 10.8984375,57.2474889 10.8755462,57.2527256 10.8699667,57.2559884 10.869804,57.2564182 10.8727077,57.2651691 10.8895392,57.270171 10.8984375,57.2753906 10.9046052,57.2785993 10.9174491,57.28971 10.9222836,57.2947243 10.920149,57.2976279 10.9229646,57.2951818 10.9254268,57.2963833 10.9224086,57.2980785 10.9268602,57.2969412 10.9303151,57.2989583 10.9480236,57.3027133 10.9658169,57.3023837 10.9750205,57.3046875 10.9764273,57.3049316 10.9811882,57.3046875 10.9855839,57.3036578 11.0060346,57.3045446 11.0058593,57.3046875 11.0078812,57.3046875 11.0196688,57.3116888 11.022004,57.3161908 11.0267409,57.3188827 11.0586686,57.3168212 11.0779799,57.3182796 11.0914974,57.3178694 11.1191411,57.3191682 11.1195611,57.3211557 11.1258599,57.3225046 11.1309654,57.3216174 11.1353381,57.3230937 11.140895,57.3271853</coordinates></LinearRing></innerBoundaryIs><innerBoundaryIs><LinearRing><coordinates>12.0916789,57.3137029 12.091845,57.31643 12.0955018,57.3157721 12.0939325,57.3138362 12.0937054,57.3134962 12.0964156,57.3125145 12.0958868,57.3123767 12.0922045,57.3132164 12.0916789,57.3137029</coordinates></LinearRing></innerBoundaryIs><innerBoundaryIs><LinearRing><coordinates>12.1106066,57.3151181 12.1109147,57.3152654 12.1151969,57.3159521 12.1150727,57.3148347 12.1128331,57.3140783 12.1107969,57.3139336 12.1101804,57.3141398 12.1106066,57.3151181</coordinates></LinearRing></innerBoundaryIs><innerBoundaryIs><LinearRing><coordinates>12.123144,57.3147602 12.1319633,57.3127501 12.1296031,57.3107185 12.1226726,57.3089265 12.1194851,57.3120739 12.1212426,57.3141485 12.123144,57.3147602</coordinates></LinearRing></innerBoundaryIs><innerBoundaryIs><LinearRing><coordinates>12.1185666,57.3061763 12.1202489,57.3059326 12.1231672,57.3055181 12.1262515,57.3068028 12.1268808,57.3065217 12.126583,57.3046875 12.1258224,57.3046875 12.1248972,57.2984056 12.121079,57.2977217 12.1168948,57.2951028 12.1149163,57.2949665 12.1076542,57.2955611 12.1069245,57.2959549 12.106805,57.3046875 12.1059334,57.3046875 12.1056528,57.3057835 12.1105984,57.306145 12.1151797,57.308786 12.1185666,57.3061763</coordinates></LinearRing></innerBoundaryIs><innerBoundaryIs><LinearRing><coordinates>12.0912122,57.2932181 12.0860806,57.2926764 12.0832459,57.2905478 12.082291,57.2898757 12.0800498,57.2897412 12.0781581,57.2919436 12.078149,57.2923234 12.0801202,57.2968935 12.0839624,57.2977968 12.0852844,57.2968403 12.0857424,57.2966506 12.0892069,57.2972831 12.0889227,57.2951303 12.0912122,57.2932181</coordinates></LinearRing></innerBoundaryIs><innerBoundaryIs><LinearRing><coordinates>12.1135675,57.2910517 12.1143401,57.2909771 12.1178287,57.2901371 12.1181248,57.289506 12.1180428,57.2889661 12.1125317,57.2890884 12.1120851,57.2897599 12.1135675,57.2910517</coordinates></LinearRing></innerBoundaryIs><innerBoundaryIs><LinearRing><coordinates>11.8966066,57.3021622 11.8966244,57.3024535 11.900404,57.3042041 11.9010772,57.3043299 11.9063528,57.3046875 11.9068667,57.3046875 11.9094367,57.3046875 11.9125205,57.3046875 11.9133586,57.3043737 11.9132488,57.3039616 11.9006763,57.3011518 11.8966066,57.3021622</coordinates></LinearRing></innerBoundaryIs><innerBoundaryIs><LinearRing><coordinates>12.0914783,57.3046875 12.0914299,57.3049879 12.0923744,57.3066171 12.09554,57.3077213 12.0987788,57.3061715 12.0987058,57.3046875 12.0985814,57.3046875 12.0948956,57.3039114 12.0918996,57.3046875 12.0914783,57.3046875</coordinates></LinearRing></innerBoundaryIs><innerBoundaryIs><LinearRing><coordinates>12.0905497,57.2201116 12.0894485,57.2223006 12.0895402,57.2230716 12.09109,57.223977 12.0943613,57.2238655 12.0992755,57.2223738 12.1000308,57.2214298 12.099346,57.2202942 12.0942178,57.2190946 12.0936486,57.2190937 12.0910456,57.2197102 12.0905497,57.2201116</coordinates></LinearRing></innerBoundaryIs><innerBoundaryIs><LinearRing><coordinates>11.011986,57.214775 11.0196352,57.2157471 11.021872,57.2153836 11.0206946,57.2148021 11.0176016,57.2139505 11.0148798,57.2133557 11.0109946,57.2136039 11.011986,57.214775</coordinates></LinearRing></innerBoundaryIs><innerBoundaryIs><LinearRing><coordinates>11.0338581,57.2132652 11.0343939,57.2130889 11.0373929,57.2110688 11.0387076,57.2104822 11.0396672,57.2079397 11.0394382,57.2073642 11.0357918,57.2048014 11.0124217,57.2010643 11.0035378,57.2019063 11.0025249,57.2010376 11.0032527,57.2005482 11.0043989,57.1991301 10.9983203,57.1978151 10.9941314,57.1985379 10.9911895,57.2012883 10.9848644,57.2018991 10.9843622,57.2024111 10.9875323,57.2071859 10.9880604,57.2075117 10.9996001,57.2111641 11.0024446,57.2103524 11.0087739,57.2108434 11.0282781,57.2140362 11.0338581,57.2132652</coordinates></LinearRing></innerBoundaryIs><innerBoundaryIs><LinearRing><coordinates>12.1055228,57.2062623 12.1097109,57.2101042 12.1109536,57.2104088 12.1182157,57.2091616 12.1142019,57.204939 12.1138774,57.2046649 12.1075789,57.2045425 12.1056525,57.2056956 12.1055228,57.2062623</coordinates></LinearRing></innerBoundaryIs><innerBoundaryIs><LinearRing><coordinates>10.9618734,57.2087253 10.9593538,57.2084792 10.9556639,57.2086085 10.9545242,57.2088859 10.9514302,57.2122173 10.9514577,57.2124429 10.9547594,57.2125331 10.9580588,57.2152554 10.9601551,57.2128427 10.9606758,57.2126206 10.9629751,57.2123944 10.9660954,57.2120116 10.9655653,57.2103267 10.9618734,57.2087253</coordinates></LinearRing></innerBoundaryIs><innerBoundaryIs><LinearRing><coordinates>10.9537284,57.2158573 10.9520448,57.215511 10.9470891,57.2180365 10.9470187,57.2184439 10.9536904,57.2215402 10.9594342,57.2215832 10.9595283,57.2213833 10.9537284,57.2158573</coordinates></LinearRing></innerBoundaryIs><innerBoundaryIs><LinearRing><coordinates>10.892233,57.2399048 10.8888669,57.2421442 10.88223,57.2470208 10.8895299,57.2445855 10.8968337,57.2384405 10.892233,57.2399048</coordinates></LinearRing></innerBoundaryIs><innerBoundaryIs><LinearRing><coordinates>10.896996,57.2405716 10.8955812,57.2415513 10.8930908,57.2443186 10.8928885,57.2448847 10.8933893,57.2462482 10.8950495,57.2466555 10.8962651,57.2465209 10.8980112,57.2445639 10.8984375,57.2444196 10.9152921,57.2412401 10.9167538,57.2403665 10.916634,57.2400956 10.9147539,57.2392036 10.9059672,57.2391489 10.8984375,57.2405134 10.896996,57.2405716</coordinates></LinearRing></innerBoundaryIs><innerBoundaryIs><LinearRing><coordinates>12.1236798,57.1931562 12.1215513,57.1919978 12.119325,57.1917386 12.1162525,57.19209 12.1236798,57.1931562</coordinates></LinearRing></innerBoundaryIs><innerBoundaryIs><LinearRing><coordinates>12.1448063,57.1916778 12.1464899,57.190448 12.1461808,57.1902441 12.1414303,57.1904017 12.141259,57.1912388 12.142485,57.1920714 12.1448063,57.1916778</coordinates></LinearRing></innerBoundaryIs><innerBoundaryIs><LinearRing><coordinates>12.1713095,57.1715959 12.1736224,57.1700614 12.1761949,57.1687694 12.1821722,57.169861 12.1904515,57.1680332 12.1895999,57.1652642 12.1805187,57.1634527 12.1760103,57.1608182 12.1752367,57.1590399 12.1781389,57.1571209 12.1785092,57.1564958 12.1778011,57.15504 12.176886,57.1546527 12.1691198,57.1548277 12.1642911,57.1585934 12.1594712,57.1589783 12.1562018,57.1583172 12.1534003,57.1543716 12.1497217,57.1545311 12.1490389,57.1554399 12.1517721,57.156938 12.1513098,57.1580018 12.1550294,57.1590785 12.1560596,57.164461 12.1612217,57.1659648 12.1583796,57.170154 12.1638505,57.1697558 12.1682256,57.1715959 12.1713095,57.1715959</coordinates></LinearRing></innerBoundaryIs><innerBoundaryIs><LinearRing><coordinates>12.19929,57.1366314 12.198927,57.1374207 12.2000926,57.1397879 12.2048006,57.1378719 12.2048006,57.1372396 12.2015711,57.1354291 12.2003195,57.1359078 12.19929,57.1366314</coordinates></LinearRing></innerBoundaryIs><innerBoundaryIs><LinearRing><coordinates>12.1853755,57.133271 12.1867387,57.1323493 12.1864824,57.131363 12.184787,57.1297905 12.1831406,57.1295431 12.1826068,57.13042 12.1853755,57.133271</coordinates></LinearRing></innerBoundaryIs><innerBoundaryIs><LinearRing><coordinates>12.1901036,57.1271909 12.1909286,57.1271018 12.1880019,57.1250709 12.1870995,57.1250565 12.1870192,57.1268802 12.1901036,57.1271909</coordinates></LinearRing></innerBoundaryIs><innerBoundaryIs><LinearRing><coordinates>12.2181946,57.1066786 12.2185308,57.1070163 12.2226958,57.1083251 12.2241322,57.1079016 12.2238765,57.1064713 12.2234631,57.1060374 12.2214441,57.1052675 12.2192667,57.1053348 12.2181946,57.1066786</coordinates></LinearRing></innerBoundaryIs><innerBoundaryIs><LinearRing><coordinates>12.357565,56.9272441 12.3584433,56.9270597 12.3590341,56.9267783 12.3579021,56.9259517 12.3535836,56.9264067 12.357565,56.9272441</coordinates></LinearRing></innerBoundaryIs><innerBoundaryIs><LinearRing><coordinates>12.6059436,56.8122782 12.6071323,56.8129134 12.607487,56.812704 12.6092873,56.8103772 12.6065632,56.8109632 12.6059436,56.8122782</coordinates></LinearRing></innerBoundaryIs><innerBoundaryIs><LinearRing><coordinates>11.6015625,56.7290736 11.607168,56.7304018 11.6492592,56.7375413 11.656028,56.7367249 11.6564637,56.7365382 11.6574782,56.734181 11.6571151,56.7339143 11.6280847,56.7234236 11.6092848,56.713904 11.6059576,56.7117372 11.6015625,56.7081472 11.5847715,56.6927075 11.579338,56.6894825 11.5577037,56.686972 11.5461086,56.6869714 11.5375941,56.6892596 11.5369155,56.6895654 11.5314074,56.6934088 11.5286694,56.6962889 11.5191782,56.7108976 11.5142316,56.7136445 11.5093585,56.7134546 11.5064712,56.7146937 11.5064464,56.7149866 11.5079269,56.7165864 11.5142258,56.7177751 11.5253232,56.7240221 11.5304267,56.7255003 11.5399734,56.7259982 11.5496547,56.7232437 11.5642071,56.7226856 11.5810174,56.7246388 11.5938258,56.7268611 11.6015625,56.7290736</coordinates></LinearRing></innerBoundaryIs><innerBoundaryIs><LinearRing><coordinates>10.2793626,56.7034692 10.2702379,56.7060502 10.2753676,56.7055602 10.2810221,56.7057338 10.2859178,56.7046525 10.2793626,56.7034692</coordinates></LinearRing></innerBoundaryIs><innerBoundaryIs><LinearRing><coordinates>10.2274888,56.7059451 10.2226139,56.7118101 10.226522,56.7116947 10.2286685,56.7090271 10.2360562,56.7099748 10.2366635,56.7097864 10.2366257,56.7083684 10.240015,56.7077709 10.2354227,56.7061024 10.2326252,56.7054874 10.2274888,56.7059451</coordinates></LinearRing></innerBoundaryIs><innerBoundaryIs><LinearRing><coordinates>12.7082382,56.6465321 12.7087731,56.6485971 12.7089928,56.6488311 12.7112476,56.6496607 12.712464,56.649271 12.714889,56.6474556 12.7139741,56.646102 12.713357,56.6458219 12.7094562,56.6460413 12.7082382,56.6465321</coordinates></LinearRing></innerBoundaryIs><innerBoundaryIs><LinearRing><coordinates>10.3216227,56.6144114 10.3222311,56.614301 10.3303951,56.6136907 10.3244721,56.6116565 10.3235466,56.6116498 10.3195729,56.6134176 10.3216227,56.6144114</coordinates></LinearRing></innerBoundaryIs><innerBoundaryIs><LinearRing><coordinates>10.3254157,56.6101862 10.3264405,56.6100394 10.3255332,56.608857 10.323107,56.6083339 10.3194922,56.6087236 10.3193854,56.608906 10.3233683,56.6102552 10.3254157,56.6101862</coordinates></LinearRing></innerBoundaryIs><innerBoundaryIs><LinearRing><coordinates>12.5404803,56.4504158 12.5425547,56.4518995 12.5462415,56.45218 12.5486268,56.4526017 12.5557008,56.4565392 12.5570064,56.4542905 12.5622606,56.4524953 12.5614827,56.4501286 12.5636894,56.4486099 12.5640082,56.4440382 12.5684803,56.4425681 12.5743883,56.4449977 12.5760492,56.4446487 12.5815294,56.4417363 12.5829734,56.4385741 12.5814075,56.4362164 12.5756541,56.4330208 12.5712894,56.4325881 12.5694814,56.4335305 12.5687364,56.4332941 12.5647795,56.4297041 12.5634198,56.4294705 12.5592613,56.4305192 12.5587221,56.4309649 12.5579576,56.4327914 12.5597602,56.4334555 12.5598903,56.4355305 12.5549771,56.440734 12.5486329,56.4454827 12.545996,56.4463031 12.5439345,56.4457105 12.5434653,56.4485193 12.5404803,56.4504158</coordinates></LinearRing></innerBoundaryIs><innerBoundaryIs><LinearRing><coordinates>12.5543835,56.428887 12.5541852,56.426473 12.5505418,56.4287581 12.5502058,56.4292088 12.5515158,56.430033 12.5524135,56.4297384 12.5543835,56.428887</coordinates></LinearRing></innerBoundaryIs><innerBoundaryIs><LinearRing><coordinates>12.586942,56.4257813 12.5872651,56.4262297 12.5886611,56.4257813 12.5884486,56.4257813 12.591,56.4239454 12.5902287,56.4236698 12.588855,56.4235846 12.5870157,56.4239346 12.586942,56.4257813</coordinates></LinearRing></innerBoundaryIs><innerBoundaryIs><LinearRing><coordinates>11.6944876,56.1980882 11.6939369,56.1991974 11.6959053,56.2003345 11.6966784,56.2002681 11.7149609,56.1987426 11.7158606,56.1926777 11.7154688,56.1923418 11.7130712,56.1922827 11.7012889,56.1935408 11.6944876,56.1980882</coordinates></LinearRing></innerBoundaryIs><innerBoundaryIs><LinearRing><coordinates>10.7909867,56.1300188 10.7915432,56.1307282 10.7982261,56.1326652 10.8018037,56.136402 10.8037307,56.1373769 10.8053581,56.1369668 10.8083078,56.1357557 10.8102633,56.1335163 10.8069971,56.1302673 10.8058764,56.1295522 10.7913293,56.1297706 10.7909867,56.1300188</coordinates></LinearRing></innerBoundaryIs><innerBoundaryIs><LinearRing><coordinates>11.896297,55.9173872 11.8952291,55.9147489 11.8917142,55.9139853 11.8900175,55.9139705 11.8894035,55.9144216 11.896297,55.9173872</coordinates></LinearRing></innerBoundaryIs><innerBoundaryIs><LinearRing><coordinates>11.8235536,55.8085023 11.8244962,55.8087989 11.8265961,55.8091869 11.8301204,55.8081344 11.8309458,55.8076714 11.8330563,55.8054563 11.833287,55.8025879 11.8404976,55.7974213 11.8408569,55.7969819 11.8417687,55.7931182 11.8452528,55.7898715 11.8461012,55.7857857 11.8470327,55.7802289 11.8468512,55.7793908 11.8444241,55.7742432 11.8343902,55.7629945 11.8340079,55.7564785 11.8141627,55.7503064 11.8090826,55.7517298 11.800949,55.7583451 11.7922143,55.7588264 11.7938824,55.7607564 11.7828478,55.7676969 11.7809283,55.7743717 11.7764106,55.7786741 11.7754453,55.7819794 11.7756582,55.7825376 11.7815049,55.7860631 11.7820508,55.7862067 11.788467,55.7855203 11.7911819,55.7861944 11.7962081,55.788918 11.7959946,55.7917128 11.7988504,55.7920917 11.8113638,55.7829903 11.8184024,55.7848067 11.8216603,55.7877122 11.8239146,55.7959613 11.8267933,55.7971786 11.8213224,55.8032492 11.8211416,55.8036804 11.8217968,55.8064877 11.8235536,55.8085023</coordinates></LinearRing></innerBoundaryIs><innerBoundaryIs><LinearRing><coordinates>11.799408,55.7469034 11.8047282,55.747182 11.8102802,55.7457416 11.8111902,55.7455567 11.8138301,55.7471755 11.8155299,55.7468905 11.8159034,55.7466673 11.8149045,55.7450298 11.8178157,55.7414056 11.8184361,55.7359819 11.8105555,55.7373191 11.8122718,55.7422264 11.8091735,55.7444102 11.8057961,55.7456986 11.8015145,55.7454551 11.7991511,55.7467637 11.799408,55.7469034</coordinates></LinearRing></innerBoundaryIs><innerBoundaryIs><LinearRing><coordinates>11.8315399,55.7436858 11.8318887,55.7467031 11.8371797,55.745639 11.8355958,55.7434599 11.8345702,55.7433184 11.8319495,55.7434247 11.8315399,55.7436858</coordinates></LinearRing></innerBoundaryIs><innerBoundaryIs><LinearRing><coordinates>11.7720897,55.7312903 11.7737367,55.7278059 11.7631261,55.7298493 11.7652907,55.7329475 11.7661237,55.7333322 11.7720897,55.7312903</coordinates></LinearRing></innerBoundaryIs><innerBoundaryIs><LinearRing><coordinates>11.8028841,55.6740071 11.8024727,55.6746244 11.802541,55.6761549 11.8045222,55.6777753 11.8085432,55.6724439 11.8085954,55.6721489 11.8063393,55.6727591 11.8028841,55.6740071</coordinates></LinearRing></innerBoundaryIs><innerBoundaryIs><LinearRing><coordinates>12.005676,55.8779809 12.0070562,55.8792545 12.008754,55.8789492 12.0119894,55.8770933 12.0125402,55.8726704 12.0118957,55.872496 12.0102611,55.8729672 12.005676,55.8779809</coordinates></LinearRing></innerBoundaryIs><innerBoundaryIs><LinearRing><coordinates>12.0923703,55.752574 12.0910648,55.7543319 12.0911129,55.7551881 12.093417,55.7562091 12.0940504,55.7559586 12.0976841,55.7527498 12.0970027,55.7521542 12.0960234,55.7520618 12.093021,55.7522696 12.0923703,55.752574</coordinates></LinearRing></innerBoundaryIs><innerBoundaryIs><LinearRing><coordinates>12.0760947,55.7384278 12.076471,55.7437185 12.0793267,55.7436168 12.0837702,55.7394245 12.0871809,55.7349418 12.0866516,55.732259 12.0932841,55.7292624 12.0976175,55.7294784 12.0979322,55.7292432 12.0992981,55.7268975 12.0989857,55.7263371 12.0975595,55.7246258 12.0967042,55.7246797 12.0930156,55.7282637 12.0889741,55.7291889 12.0820233,55.7284659 12.0826052,55.727746 12.0797637,55.72676 12.07077,55.7268559 12.0759606,55.7284257 12.0710031,55.7295365 12.0696144,55.7345198 12.0760947,55.7384278</coordinates></LinearRing></innerBoundaryIs><innerBoundaryIs><LinearRing><coordinates>12.0365208,57.3552676 12.0360535,57.3552384 12.0375901,57.3584152 12.0386018,57.3567483 12.0365208,57.3552676</coordinates></LinearRing></innerBoundaryIs><innerBoundaryIs><LinearRing><coordinates>12.041787,57.3599929 12.0424399,57.3599194 12.0455265,57.3580772 12.0455621,57.3579078 12.043075,57.3570833 12.0409343,57.3569978 12.0404558,57.3574862 12.041787,57.3599929</coordinates></LinearRing></innerBoundaryIs><innerBoundaryIs><LinearRing><coordinates>12.0522872,57.3630143 12.0525898,57.3634983 12.05624,57.3685604 12.0587066,57.3694468 12.0592391,57.3693557 12.0621798,57.3676414 12.062408,57.3671758 12.06169,57.3636174 12.0614367,57.3631958 12.0540246,57.3596969 12.0523447,57.359426 12.051833,57.3599684 12.0522872,57.3630143</coordinates></LinearRing></innerBoundaryIs><innerBoundaryIs><LinearRing><coordinates>12.0488343,57.3660967 12.0480362,57.3645639 12.046415,57.3628258 12.0457813,57.3626066 12.043964,57.3625495 12.0431993,57.3627986 12.04115,57.3646172 12.042293,57.3671702 12.0405681,57.3691365 12.0473295,57.3721987 12.0495496,57.3709794 12.0488104,57.369132 12.0488343,57.3660967</coordinates></LinearRing></innerBoundaryIs><innerBoundaryIs><LinearRing><coordinates>12.0667502,57.3673002 12.068884,57.3686914 12.070751,57.3681659 12.0707932,57.3675669 12.0696777,57.3659347 12.0683851,57.365822 12.0667535,57.3667799 12.0667502,57.3673002</coordinates></LinearRing></innerBoundaryIs><innerBoundaryIs><LinearRing><coordinates>12.0622529,57.375276 12.061913,57.3752716 12.0587747,57.3794953 12.0613405,57.3853639 12.0634664,57.3825392 12.0622282,57.3769385 12.0622529,57.375276</coordinates></LinearRing></innerBoundaryIs><innerBoundaryIs><LinearRing><coordinates>12.0537331,57.3832638 12.0549031,57.3819644 12.0551755,57.3810595 12.0539582,57.3791379 12.0530643,57.3788069 12.051999,57.3788092 12.0489945,57.3806983 12.0487512,57.3810762 12.0480686,57.3846447 12.0504298,57.3846955 12.0520045,57.3844476 12.0537331,57.3832638</coordinates></LinearRing></innerBoundaryIs><innerBoundaryIs><LinearRing><coordinates>12.072299,57.3826675 12.0717655,57.3802288 12.0710562,57.3801237 12.0696096,57.3840137 12.072299,57.3826675</coordinates></LinearRing></innerBoundaryIs><innerBoundaryIs><LinearRing><coordinates>12.0800831,57.3825289 12.0802026,57.3828202 12.0841759,57.3836594 12.0846741,57.3801773 12.0839899,57.3803273 12.0800831,57.3825289</coordinates></LinearRing></innerBoundaryIs><innerBoundaryIs><LinearRing><coordinates>12.0767699,57.3893977 12.0757511,57.3885694 12.0752242,57.3885055 12.0735663,57.3897392 12.0735687,57.3912599 12.0752229,57.3923205 12.0754098,57.3921325 12.0767699,57.3893977</coordinates></LinearRing></innerBoundaryIs><innerBoundaryIs><LinearRing><coordinates>12.0775375,57.3934255 12.0758019,57.3932757 12.0740867,57.3943943 12.0772818,57.3970423 12.0775399,57.3969029 12.0775375,57.3934255</coordinates></LinearRing></innerBoundaryIs><innerBoundaryIs><LinearRing><coordinates>12.0705593,57.396372 12.0688264,57.3964827 12.0687181,57.3987637 12.0724879,57.3981394 12.0727524,57.3979679 12.0716671,57.3968647 12.0705593,57.396372</coordinates></LinearRing></innerBoundaryIs><innerBoundaryIs><LinearRing><coordinates>12.0772533,57.4016911 12.0768282,57.3987013 12.0756587,57.3985584 12.0738573,57.4023674 12.0772533,57.4016911</coordinates></LinearRing></innerBoundaryIs><innerBoundaryIs><LinearRing><coordinates>12.0700496,57.425842 12.0701609,57.4252535 12.0694072,57.4233032 12.0689471,57.4228144 12.0639867,57.4214975 12.0631819,57.4214005 12.0597481,57.422204 12.0595123,57.4223388 12.0609053,57.4244931 12.0613756,57.4249418 12.0679892,57.4272499 12.0685675,57.4270855 12.0700496,57.425842</coordinates></LinearRing></innerBoundaryIs><innerBoundaryIs><LinearRing><coordinates>11.9761178,57.3532969 11.9757562,57.3528827 11.9740669,57.3526905 11.9719358,57.3537983 11.9719253,57.3543518 11.9745523,57.3556234 11.9753345,57.3552476 11.9761178,57.3532969</coordinates></LinearRing></innerBoundaryIs><innerBoundaryIs><LinearRing><coordinates>10.0382833,55.5571691 10.0566449,55.5600191 10.0698217,55.5605386 10.0778087,55.5635496 10.0786232,55.5639261 10.0788226,55.5659151 10.0766073,55.5692822 10.0816733,55.5681086 10.089071,55.5681179 10.1051934,55.5739816 10.1117582,55.5725411 10.1166146,55.577785 10.1205761,55.5790358 10.1241457,55.5786297 10.1248902,55.5758044 10.138153,55.5766358 10.1391789,55.5768281 10.1540685,55.5836757 10.1733891,55.5858033 10.1782947,55.5886044 10.1794641,55.5882673 10.1763752,55.5843266 10.1861019,55.5790625 10.1889873,55.5790615 10.1907918,55.579854 10.1922055,55.5874578 10.1953125,55.5892857 10.1953125,55.5904017 10.1889775,55.5959311 10.1895748,55.5961943 10.1953125,55.5959821 10.1990401,55.5955913 10.1995683,55.5953122 10.2017952,55.5919702 10.2020431,55.5918792 10.2076468,55.595103 10.2104237,55.5994318 10.2201639,55.6005187 10.2240363,55.6025223 10.2439209,55.6053299 10.2719465,55.6063352 10.2860689,55.6090235 10.2921422,55.6078799 10.2936345,55.6064327 10.2834485,55.6076587 10.2797529,55.6062062 10.2804666,55.6025544 10.2838739,55.6000059 10.2848014,55.5950018 10.2811191,55.591697 10.2820539,55.5896127 10.2795264,55.5874499 10.2827621,55.5869466 10.2801228,55.5830404 10.2928518,55.5820744 10.3002853,55.5846039 10.3084859,55.5852371 10.3138561,55.5844181 10.3173078,55.5858876 10.3144333,55.5894134 10.3061141,55.5938278 10.3028603,55.5970104 10.3037503,55.6036245 10.3011522,55.6032377 10.2995312,55.6090257 10.2927907,55.6136085 10.2925674,55.6138324 10.2896169,55.6189107 10.2898082,55.6201305 10.2912912,55.6210505 10.2991567,55.6227382 10.311833,55.6221417 10.3130341,55.6219977 10.3222615,55.6203039 10.3257576,55.6190935 10.3314275,55.6166692 10.3597922,55.605249 10.3656861,55.6032822 10.3878096,55.5978971 10.4144222,55.5892462 10.4203051,55.5867954 10.4227041,55.5856829 10.4297347,55.5802747 10.4612885,55.5631098 10.5029913,55.546875 10.503666,55.546875 10.5198674,55.5404449 10.541544,55.5304328 10.546875,55.5276228 10.546875,55.5270646 10.5584652,55.5200096 10.5609884,55.5159624 10.561166,55.5155373 10.558605,55.513983 10.5525385,55.5137417 10.5477142,55.5192496 10.546875,55.5192521 10.537119,55.5231087 10.5281554,55.5341517 10.5180767,55.5398614 10.5069677,55.5436763 10.4976226,55.5453013 10.49581,55.546875 10.4955952,55.546875 10.4949048,55.5473493 10.4936228,55.5470144 10.4936228,55.546875 10.4923729,55.546875 10.4914989,55.5458986 10.4960275,55.5391067 10.4884852,55.5379329 10.4975595,55.5321625 10.483548,55.5341613 10.4755445,55.5304921 10.4718165,55.5305181 10.4703474,55.528856 10.4844903,55.5203182 10.4840258,55.5126953 10.491533,55.5056695 10.4992319,55.504414 10.5031002,55.5023254 10.5043241,55.4993358 10.493649,55.4953111 10.4875329,55.4975219 10.484683,55.4968396 10.4792503,55.4912106 10.4878021,55.4890116 10.4893115,55.4872969 10.4874612,55.4854617 10.4729739,55.4865212 10.460362,55.4887964 10.4548391,55.4866807 10.4554193,55.4827582 10.4532642,55.4783655 10.4513268,55.4779216 10.445487,55.4795423 10.4425057,55.4778649 10.4423171,55.4725698 10.4361647,55.4664485 10.4308375,55.4629641 10.4246132,55.4610972 10.4244004,55.4596314 10.4304661,55.4600335 10.4309883,55.4584393 10.4344435,55.4640681 10.4379301,55.4660621 10.4447798,55.4660476 10.4373643,55.4645859 10.4368321,55.4585716 10.4277163,55.4534329 10.4334956,55.4535595 10.4358073,55.4518493 10.4316388,55.4445345 10.4254198,55.4391272 10.4257636,55.4375426 10.4332633,55.4391282 10.4405581,55.4368029 10.4441615,55.4371417 10.4498467,55.4413683 10.4574054,55.4435911 10.4645977,55.4411753 10.4678611,55.4383074 10.470524,55.4393287 10.4740804,55.4382964 10.4824218,55.4444586 10.4910182,55.4464467 10.4933608,55.4501883 10.4977885,55.4518744 10.4973813,55.4555337 10.4894989,55.4623103 10.4831221,55.4710797 10.4836676,55.4733109 10.4912685,55.4724016 10.5167547,55.465781 10.5235232,55.46525 10.530708,55.4697345 10.530708,55.4677283 10.5342484,55.4705607 10.5390384,55.4700297 10.5357062,55.4711508 10.5400605,55.4764509 10.546875,55.4732141 10.5490969,55.4717382 10.5497595,55.4715552 10.5560783,55.4710339 10.5565892,55.4710988 10.5590512,55.4732958 10.5572817,55.4754331 10.5729845,55.4764616 10.5808115,55.4824432 10.5883123,55.4820222 10.6030881,55.4835255 10.6073698,55.4795252 10.6123452,55.478586 10.6253721,55.4881448 10.6271553,55.4915808 10.6252558,55.494324 10.619554,55.4960268 10.6205263,55.5032088 10.6175227,55.5056657 10.5888408,55.5136424 10.5788543,55.5138993 10.571123,55.5163134 10.5671517,55.5201628 10.5675503,55.5241352 10.5696152,55.5261033 10.5780196,55.5301971 10.5882778,55.5320357 10.5894585,55.5320286 10.5967869,55.530308 10.6003305,55.5277144 10.6017354,55.524236 10.5994426,55.5228585 10.5998188,55.5226771 10.6159064,55.5167733 10.6210442,55.5162458 10.6255987,55.5173377 10.6305801,55.5216621 10.6307137,55.5223134 10.6296589,55.5241363 10.6272628,55.5257246 10.6183867,55.5304278 10.6207762,55.5415282 10.6208531,55.544962 10.6190532,55.546875 10.6183708,55.546875 10.615351,55.5528373 10.6053814,55.5587348 10.6054395,55.5699207 10.6004992,55.5729182 10.59931,55.5815821 10.5966628,55.583638 10.5974214,55.584096 10.5998985,55.5839047 10.6027122,55.5816445 10.6029863,55.5813602 10.6041449,55.5773755 10.6124786,55.5679727 10.6135764,55.5668179 10.6171947,55.5658103 10.6180847,55.5621315 10.6185535,55.5617667 10.6234964,55.558494 10.6260591,55.5578525 10.6268111,55.5579836 10.6304882,55.5607095 10.6290187,55.5617892 10.631734,55.5652724 10.6299901,55.5665472 10.6336255,55.5676628 10.6286638,55.5715303 10.6236298,55.5711601 10.6223875,55.5734971 10.6263865,55.5753279 10.6314228,55.5743272 10.6311386,55.5796303 10.6275008,55.5858312 10.629088,55.5889199 10.6289006,55.5894099 10.6191556,55.5971963 10.6207064,55.6006709 10.6207057,55.6013215 10.6196069,55.6056199 10.6169288,55.6077842 10.6159451,55.6082962 10.6135792,55.6087697 10.6108896,55.6084419 10.6101282,55.6081794 10.607318,55.6052954 10.6128321,55.6030869 10.6083689,55.6028746 10.6019464,55.6078975 10.5900648,55.6114612 10.5883708,55.6127133 10.5878587,55.613421 10.5878586,55.6164647 10.5911089,55.6207699 10.5931873,55.6200087 10.5955985,55.6154549 10.5995748,55.6131424 10.5957927,55.6111075 10.6010191,55.6091505 10.6049826,55.6102123 10.6154755,55.6103905 10.6185094,55.6142373 10.6183354,55.617461 10.6149991,55.6187115 10.6091574,55.6181411 10.6160299,55.6193357 10.6198331,55.618672 10.6320437,55.6041281 10.6518478,55.5891463 10.6627585,55.5735496 10.6727715,55.5684896 10.6789227,55.5603729 10.6800632,55.5545371 10.688634,55.5493861 10.6962976,55.5470703 10.6962767,55.546875 10.6961417,55.546875 10.7059743,55.5394862 10.7031425,55.5272805 10.7133183,55.5112948 10.7218527,55.5029075 10.7398334,55.493408 10.7386568,55.4904031 10.7484531,55.4825252 10.7491531,55.4817003 10.7492375,55.4790456 10.7483984,55.4773188 10.747205,55.4767246 10.7368079,55.4736964 10.7358876,55.4735605 10.7254276,55.4730488 10.7160259,55.4752645 10.7149575,55.4753751 10.7093853,55.474821 10.7063268,55.4742624 10.6950731,55.4701687 10.6895473,55.466754 10.6731387,55.4638906 10.6695039,55.4613769 10.6675946,55.4592311 10.6657215,55.4557496 10.6654093,55.4544514 10.6662416,55.4508519 10.6669521,55.4501669 10.6673864,55.4474884 10.6700912,55.4444987 10.6709868,55.443928 10.6891105,55.4365456 10.6966207,55.4278197 10.7082483,55.4197009 10.7148997,55.4164882 10.7247771,55.4154111 10.7305672,55.4070445 10.7334833,55.4045871 10.7381883,55.4012619 10.7533131,55.3924086 10.7645592,55.3875124 10.7690613,55.3837498 10.7716304,55.376103 10.7756851,55.3710937 10.7761974,55.3710937 10.7832928,55.3667637 10.7898397,55.3602124 10.8029751,55.3432723 10.8083777,55.333939 10.8082294,55.3296604 10.8124526,55.3182085 10.8181502,55.3106769 10.8354884,55.3011229 10.8440655,55.2995538 10.8522313,55.300016 10.8528807,55.2986912 10.8427078,55.2971076 10.8463274,55.2935028 10.8507611,55.2920322 10.8511102,55.2897387 10.8424515,55.2890625 10.8390316,55.2871211 10.8274202,55.2852268 10.8225553,55.2858034 10.8251749,55.2883421 10.8268281,55.2884926 10.8285847,55.2868665 10.8308953,55.2886755 10.8247377,55.292083 10.8268946,55.295338 10.8192201,55.2979288 10.8151711,55.2953749 10.8108834,55.2964211 10.8131921,55.2987813 10.8107891,55.2980571 10.8072551,55.2991031 10.8044282,55.3026974 10.7972662,55.305299 10.7941566,55.3031802 10.7913295,55.3085982 10.7897274,55.3085982 10.7892562,55.3048431 10.7866176,55.3077399 10.7864763,55.3041995 10.7890207,55.3041189 10.7898217,55.3011953 10.7886437,55.2981644 10.7836492,55.3002297 10.7800211,55.2989423 10.7784123,55.2969073 10.7693715,55.298476 10.7622647,55.2974036 10.7591962,55.2982337 10.755881,55.2964996 10.7507948,55.2968072 10.7478935,55.2957048 10.7822748,55.2944064 10.7883757,55.2917091 10.792695,55.2872626 10.7865469,55.277352 10.7877979,55.2724797 10.7962317,55.2626708 10.7991921,55.2524445 10.8051724,55.2460346 10.8073716,55.2398262 10.8147624,55.2310411 10.8086118,55.219236 10.8122566,55.2045569 10.8122607,55.2039318 10.8090144,55.1971509 10.8089576,55.1953125 10.8093295,55.1953125 10.8053606,55.1789039 10.803863,55.1759716 10.8014909,55.1717712 10.7997484,55.1700968 10.7924968,55.1660637 10.7904947,55.1592371 10.7914153,55.1557134 10.7835735,55.1477195 10.783576,55.1430593 10.7865055,55.1390111 10.7798886,55.1329652 10.7788366,55.1195236 10.7731591,55.1145411 10.7705013,55.1085582 10.7745234,55.101431 10.7654949,55.1006937 10.7548398,55.095044 10.7519975,55.0903388 10.7527916,55.0830925 10.7510308,55.0783209 10.7427858,55.0686126 10.7248629,55.0649045 10.7122788,55.0605432 10.7062786,55.0561829 10.7037044,55.0569417 10.7054949,55.0593541 10.7039346,55.0612854 10.6911665,55.0633075 10.6887128,55.062975 10.6881598,55.060326 10.6849467,55.0596662 10.6842684,55.0575125 10.6756694,55.0569097 10.6683486,55.0580201 10.6643877,55.0561 10.658536,55.0575495 10.6535583,55.0550605 10.6495245,55.0557386 10.645461,55.054267 10.6366112,55.0595819 10.6241081,55.0595284 10.6148829,55.0621032 10.6144615,55.0595819 10.6168966,55.0604939 10.6176927,55.0604403 10.6214858,55.0593405 10.6205492,55.0585359 10.6187229,55.0589919 10.6166157,55.0574362 10.6143211,55.059126 10.6147892,55.0552368 10.6133842,55.0534666 10.6123542,55.0530105 10.6108092,55.0523936 10.6057996,55.0525277 10.6042078,55.0533324 10.6048164,55.0518304 10.6000876,55.0501406 10.599682,55.048207 10.5967861,55.0469872 10.5946974,55.0462855 10.5665787,55.0401198 10.5595779,55.0371501 10.5533478,55.035781 10.546875,55.0348771 10.5404187,55.0330209 10.5339229,55.0331839 10.5275992,55.0314995 10.5210578,55.0275791 10.5127369,55.0265362 10.4897623,55.0307655 10.4824692,55.0378035 10.4747151,55.0413378 10.4721282,55.0408773 10.470283,55.0425378 10.4599283,55.0399618 10.4368047,55.0410877 10.4313523,55.0423079 10.4258999,55.040854 10.4181137,55.0420444 10.4166474,55.0399634 10.4137234,55.0398057 10.388252,55.0480806 10.3879448,55.0553488 10.3837709,55.0584249 10.3783948,55.0592422 10.3735753,55.0646145 10.368659,55.0633661 10.3711314,55.0615119 10.3711061,55.0590051 10.3655021,55.0573871 10.3598779,55.0518115 10.3557549,55.0505306 10.3490535,55.0511746 10.3459742,55.053494 10.339196,55.0537972 10.3309071,55.0525163 10.3197354,55.0541857 10.3186206,55.0556879 10.3211606,55.0594265 10.3202724,55.0621459 10.301981,55.0649365 10.2981176,55.0673933 10.2975198,55.0710654 10.2905229,55.0726531 10.2853076,55.0790255 10.2818381,55.080878 10.2714196,55.0847926 10.2596883,55.0853105 10.2458324,55.0925436 10.2386605,55.0928092 10.2401791,55.09363 10.2381541,55.0951266 10.2373104,55.0934851 10.23499,55.0951266 10.233851,55.094161 10.2335556,55.0954885 10.2316571,55.0948127 10.2330493,55.0957059 10.2306023,55.0969853 10.2321212,55.0965267 10.2347369,55.0977578 10.2288727,55.1008719 10.2163482,55.0975391 10.2153691,55.0954458 10.2090013,55.0943779 10.2220329,55.0888519 10.2299414,55.0782955 10.2253195,55.0746793 10.2246805,55.0722575 10.2160871,55.0708458 10.2130563,55.0688045 10.2169592,55.0625452 10.2071723,55.0593655 10.2047677,55.0593433 10.2038472,55.0596941 10.1985809,55.0620822 10.1975858,55.0631303 10.1968991,55.0650415 10.1981759,55.0686821 10.1979578,55.0690907 10.1953125,55.0708705 10.1848981,55.0785671 10.1843655,55.0787528 10.1809438,55.0791742 10.171665,55.0779111 10.1619658,55.0791703 10.1287204,55.0906138 10.1123486,55.0847243 10.1064448,55.0838563 10.0961546,55.0794547 10.0785905,55.0758055 10.0738379,55.0761559 10.0735664,55.0763299 10.0708838,55.0862061 10.0811176,55.0979198 10.0917459,55.100268 10.093717,55.1027961 10.0938098,55.1041228 10.0908633,55.1057369 10.0815279,55.1045647 10.0830488,55.1064769 10.0891253,55.1076279 10.0982184,55.1050903 10.1013666,55.1052985 10.1047035,55.1062073 10.1067274,55.109777 10.1141092,55.1128263 10.1163909,55.1160581 10.1341472,55.1172187 10.1390895,55.1209737 10.1470205,55.1208677 10.1466641,55.1231917 10.1583098,55.1218663 10.1659499,55.1258053 10.1736333,55.1264706 10.1752322,55.1273118 10.1752238,55.1279845 10.1740665,55.1288124 10.1622523,55.1324353 10.1587214,55.1398909 10.1494106,55.1460578 10.1476879,55.1508619 10.1431443,55.1525629 10.1440243,55.154721 10.1341439,55.1543313 10.1331137,55.1584713 10.1351317,55.1631058 10.1322817,55.1668328 10.1203676,55.1759597 10.117329,55.1854537 10.1119999,55.1894714 10.1092339,55.1903235 10.1059234,55.1896464 10.1003158,55.1829165 10.0914305,55.1824671 10.0889509,55.1776149 10.0852051,55.1756845 10.0846438,55.1755387 10.0614775,55.1752998 10.0542699,55.1755832 10.0323014,55.181055 10.0315228,55.1811841 10.0237082,55.1808757 10.0188698,55.1819252 10.0179049,55.1840796 10.0209414,55.1866589 10.0180705,55.1953125 10.0178198,55.1953125 10.0022994,55.1985793 9.9948087,55.2015842 9.993346,55.2017905 9.9925352,55.2014008 9.9906048,55.1994469 9.9907227,55.1989777 9.9953277,55.1953125 9.9951847,55.1953125 9.9974629,55.1943856 9.9966847,55.1924356 9.9969226,55.1922852 10.0027767,55.1900591 10.0064642,55.1906729 10.0010585,55.1858928 9.996435,55.1860976 9.9959123,55.1859111 9.9959914,55.1837379 9.9944956,55.1838428 9.9838024,55.1881778 9.9835906,55.1885502 9.9859331,55.1953125 9.9855484,55.1953125 9.9864217,55.1962492 9.9856905,55.199352 9.9880188,55.2004077 9.9893386,55.2049366 9.9893487,55.2055624 9.984477,55.2099622 9.9869821,55.2110254 9.9829206,55.2130587 9.9657435,55.2181613 9.9451402,55.2183502 9.938894,55.2171226 9.9279059,55.2186809 9.927042,55.2189471 9.9230448,55.2220269 9.9220988,55.2236207 9.9233062,55.2254905 9.9209623,55.2293758 9.913079,55.2342226 9.9034508,55.2379215 9.9062936,55.2392312 9.9017723,55.2385919 9.8973075,55.2414045 9.8904825,55.2416315 9.8842881,55.2451884 9.879721,55.2429316 9.878679,55.242928 9.8776801,55.2434773 9.8689702,55.2510178 9.8699907,55.2534763 9.8757308,55.253449 9.8766292,55.2530543 9.8775347,55.2523443 9.8772501,55.250415 9.8840717,55.2493283 9.8834308,55.2477822 9.8899806,55.2444754 9.8968364,55.2470502 9.8981713,55.2488031 9.898362,55.2502944 9.8979142,55.2543735 9.8925557,55.2574815 9.8847995,55.2596447 9.8894804,55.2603163 9.8865464,55.261618 9.8835419,55.2612922 9.8813207,55.2640233 9.8826793,55.270334 9.8855737,55.269043 9.8879637,55.2701796 9.8869318,55.2723981 9.8900591,55.2749279 9.8903532,55.298928 9.8926573,55.3020457 9.8929752,55.3087332 9.8873171,55.3168647 9.8884336,55.3190982 9.8849213,55.3246458 9.8881247,55.3254957 9.888676,55.3267607 9.8876957,55.3274226 9.8836263,55.3256387 9.8794775,55.3285826 9.877538,55.3313617 9.8774527,55.3382807 9.8811864,55.3397499 9.8914604,55.3358449 9.8926488,55.3356971 9.8942726,55.3357598 9.8967357,55.3364753 9.8981895,55.3376352 9.8984241,55.3383342 9.8976835,55.3395216 9.8962637,55.3404723 9.8884246,55.3431733 9.8821332,55.3429129 9.8737944,55.3497518 9.864114,55.3507543 9.84375,55.3504463 9.8396916,55.3504651 9.8283571,55.3520561 9.7969223,55.3614733 9.7882142,55.3629173 9.7875167,55.3632377 9.7853901,55.3655925 9.7852007,55.3672543 9.7855637,55.3710937 9.7879344,55.3743776 9.7896023,55.3748565 9.8131119,55.3754472 9.8142976,55.3756704 9.8217556,55.3778753 9.8307472,55.3789353 9.8399415,55.3842211 9.8402146,55.3845702 9.8421317,55.38906 9.8402116,55.3922454 9.8300749,55.3963906 9.8199188,55.4047728 9.8116385,55.4081227 9.7993679,55.4087907 9.7877837,55.4110008 9.7906001,55.4134845 9.7965893,55.4150704 9.8141716,55.4123017 9.8227403,55.4129843 9.8283857,55.4169497 9.8280181,55.4217129 9.8189636,55.4255491 9.7928684,55.4317077 9.7823755,55.4324918 9.7708656,55.4311121 9.7553091,55.4335215 9.7482215,55.4333287 9.7431544,55.434903 9.7404772,55.4365339 9.7404772,55.438187 9.747465,55.4428365 9.7482088,55.4448677 9.7445045,55.448246 9.7239794,55.4602144 9.717346,55.4679393 9.7192993,55.4713827 9.7218958,55.4716769 9.7284826,55.4666179 9.7418656,55.4612165 9.7532544,55.454555 9.7643383,55.4522672 9.7678477,55.4462459 9.7757353,55.4444668 9.7834762,55.4404999 9.8137488,55.4329646 9.8193924,55.4330668 9.8247505,55.4350868 9.8195403,55.4410102 9.8080953,55.4430823 9.8045378,55.4458224 9.802531,55.4505883 9.7962958,55.4497472 9.7929209,55.4527355 9.7833458,55.4548138 9.7818146,55.4578942 9.776951,55.4578565 9.7764859,55.4609991 9.7789907,55.4622589 9.7899715,55.4589101 9.7968646,55.4593054 9.7908354,55.4602321 9.7901798,55.4641336 9.7869563,55.4630148 9.7836905,55.463482 9.7763937,55.4690524 9.7698911,55.4671586 9.7595474,55.4666998 9.7477798,55.4718875 9.7414414,55.4733499 9.7397673,55.4767458 9.7351063,55.4789141 9.7274026,55.4934345 9.7027686,55.4942071 9.6952198,55.501116 9.6863145,55.5034584 9.6812298,55.5064994 9.681226,55.509347 9.6764441,55.5127574 9.6764435,55.5131911 9.6774923,55.5149645 9.6803253,55.5168296 9.6849493,55.5186871 9.6935536,55.5186858 9.6983327,55.5177499 9.7035669,55.5147879 9.7217727,55.5083998 9.7373484,55.5059069 9.7383338,55.507197 9.7487479,55.5071692 9.7492481,55.5073 9.7558424,55.5113025 9.7566257,55.5169601 9.7672933,55.5254709 9.769065,55.5297853 9.7678177,55.5353096 9.7616081,55.5382459 9.7570288,55.5427021 9.7575262,55.5431288 9.7657599,55.5440047 9.7812023,55.5422049 9.7923474,55.5455008 9.793667,55.546875 9.7939492,55.546875 9.7981032,55.5492904 9.8068653,55.5516754 9.8283145,55.5543789 9.8356431,55.5542963 9.84375,55.5521764 9.84375,55.5518972 9.8476259,55.5506173 9.8484055,55.5501786 9.8511461,55.546875 9.8520972,55.546875 9.8529456,55.5418605 9.8511766,55.539695 9.8501869,55.5238571 9.8547117,55.5193686 9.8632454,55.5139728 9.8640327,55.51359 9.8769445,55.5107551 9.8800784,55.5103315 9.8938513,55.5095165 9.921858,55.5088984 9.9328378,55.5096796 9.9350349,55.5100927 9.9466366,55.5136209 9.9506196,55.5151672 9.9524961,55.5172002 9.9785851,55.5285971 9.9951663,55.537568 10.0211549,55.5443922 10.0253731,55.5462168 10.0264053,55.546875 10.0266808,55.546875 10.0323983,55.5515565 10.0344667,55.5551552 10.0382833,55.5571691</coordinates></LinearRing></innerBoundaryIs><innerBoundaryIs><LinearRing><coordinates>10.1675215,55.5990601 10.1672332,55.5992019 10.1670322,55.6012837 10.1672519,55.6017994 10.1693133,55.6033915 10.1698478,55.6037164 10.1752425,55.6045626 10.1770405,55.6042987 10.1819463,55.6023912 10.1705956,55.6012294 10.1698803,55.5985202 10.1675215,55.5990601</coordinates></LinearRing></innerBoundaryIs><innerBoundaryIs><LinearRing><coordinates>10.1951137,55.6004568 10.1924099,55.6019455 10.1953125,55.6021205 10.2020857,55.6016159 10.2060868,55.5997918 10.1953125,55.6004463 10.1951137,55.6004568</coordinates></LinearRing></innerBoundaryIs><innerBoundaryIs><LinearRing><coordinates>10.1869351,55.6078249 10.1865571,55.607303 10.1832393,55.6047806 10.1799746,55.6059691 10.1779513,55.6077445 10.1776536,55.608826 10.181812,55.6147172 10.190571,55.6080863 10.1869351,55.6078249</coordinates></LinearRing></innerBoundaryIs><innerBoundaryIs><LinearRing><coordinates>10.6122665,55.5980206 10.6169142,55.5883086 10.6223592,55.5890504 10.6226041,55.5885094 10.6188282,55.5863701 10.617676,55.5839701 10.6141371,55.5853825 10.615835,55.5873708 10.6111724,55.5904613 10.6113477,55.5948014 10.6122665,55.5980206</coordinates></LinearRing></innerBoundaryIs><innerBoundaryIs><LinearRing><coordinates>10.6124023,55.5838443 10.615373,55.5782191 10.6153936,55.5780503 10.6112781,55.5757478 10.6103851,55.575605 10.6081866,55.5759153 10.6088792,55.5782897 10.6066651,55.5819699 10.6074039,55.5846992 10.6088557,55.5859627 10.6096329,55.5858684 10.6124023,55.5838443</coordinates></LinearRing></innerBoundaryIs><innerBoundaryIs><LinearRing><coordinates>10.608487,55.5914659 10.6084023,55.5896171 10.6003326,55.5922067 10.6014591,55.5937405 10.6038864,55.5946401 10.6056813,55.5942345 10.608487,55.5914659</coordinates></LinearRing></innerBoundaryIs><innerBoundaryIs><LinearRing><coordinates>10.4912035,55.5280612 10.4852935,55.5293574 10.4830437,55.5305525 10.4830437,55.5313894 10.4847009,55.5317482 10.4855602,55.5315489 10.4912035,55.5280612</coordinates></LinearRing></innerBoundaryIs><innerBoundaryIs><LinearRing><coordinates>10.4693666,55.4788063 10.4711382,55.4788544 10.4719976,55.47728 10.4717613,55.4769613 10.4671319,55.475033 10.4664273,55.4727503 10.4733607,55.469987 10.4750689,55.4676152 10.4740582,55.4659683 10.4683474,55.4664459 10.4645791,55.4707028 10.4585295,55.4709076 10.4550104,55.4722718 10.4560093,55.4737421 10.461912,55.475619 10.4640164,55.4786448 10.4693666,55.4788063</coordinates></LinearRing></innerBoundaryIs><innerBoundaryIs><LinearRing><coordinates>10.4621354,55.4667059 10.465077,55.4644306 10.4632434,55.4629527 10.4578353,55.4636075 10.4590369,55.4669795 10.4593678,55.467108 10.4604594,55.4670196 10.4621354,55.4667059</coordinates></LinearRing></innerBoundaryIs><innerBoundaryIs><LinearRing><coordinates>10.4806834,55.4620317 10.482712,55.4623055 10.4866229,55.4595168 10.4870741,55.4591584 10.4893699,55.4556937 10.4894288,55.4552987 10.4882951,55.455108 10.4797751,55.4570881 10.4806834,55.4620317</coordinates></LinearRing></innerBoundaryIs><innerBoundaryIs><LinearRing><coordinates>10.5990123,55.6146533 10.5996556,55.6167364 10.5999473,55.6169033 10.6029522,55.617815 10.6065768,55.6166993 10.6067718,55.6164691 10.604724,55.6140983 10.6032541,55.6163672 10.6019504,55.6145347 10.6013789,55.6142457 10.5997711,55.6142842 10.5990123,55.6146533</coordinates></LinearRing></innerBoundaryIs><innerBoundaryIs><LinearRing><coordinates>10.7792526,55.5148789 10.77946,55.5156782 10.7807825,55.5165612 10.789364,55.5181696 10.7904061,55.5180765 10.8010894,55.5129803 10.79996,55.510637 10.7876683,55.5074543 10.7871923,55.507283 10.7805907,55.5087335 10.7792526,55.5148789</coordinates></LinearRing></innerBoundaryIs><innerBoundaryIs><LinearRing><coordinates>11.0796731,55.482111 11.0803744,55.4814445 11.0782949,55.4798436 11.0781322,55.4772527 11.080232,55.4751468 11.0792344,55.474779 11.0760872,55.4745976 11.072499,55.4741389 11.0790319,55.4821845 11.0796731,55.482111</coordinates></LinearRing></innerBoundaryIs><innerBoundaryIs><LinearRing><coordinates>11.0802356,55.4769878 11.0847569,55.4773366 11.0852472,55.4773344 11.08784,55.4752786 11.0813142,55.4752022 11.0830497,55.4760102 11.0802356,55.4769878</coordinates></LinearRing></innerBoundaryIs><innerBoundaryIs><LinearRing><coordinates>10.9589407,55.3312145 10.9634395,55.335415 10.9716007,55.3390204 10.9782937,55.3393739 10.9869517,55.3417397 10.9883946,55.3415465 10.9891586,55.341112 10.9890738,55.3397119 10.9776146,55.3355598 10.9794821,55.3348839 10.9901299,55.3365093 10.9914982,55.3361713 10.9912523,55.3353451 10.9876307,55.3338217 10.9661556,55.328849 10.9536216,55.3274971 10.9448626,55.3247579 10.9510469,55.3286558 10.9589407,55.3312145</coordinates></LinearRing></innerBoundaryIs><innerBoundaryIs><LinearRing><coordinates>11.1713287,55.237025 11.17457,55.2420425 11.1683311,55.24735 11.1683331,55.2487438 11.1701186,55.2502657 11.1722956,55.251072 11.1739434,55.2509274 11.1867483,55.2462661 11.1897869,55.2435282 11.1905715,55.2406766 11.1905082,55.2395408 11.1894341,55.2392367 11.1851304,55.2402405 11.1856653,55.2391644 11.1800826,55.2375503 11.1798704,55.2373323 11.1819549,55.2333878 11.1793242,55.2305001 11.1833369,55.2271515 11.191012,55.2242889 11.1954623,55.2197784 11.1958193,55.2192248 11.1967576,55.2136132 11.1997265,55.2110471 11.1984499,55.2088379 11.2023923,55.2052798 11.1967641,55.2021667 11.2037433,55.2005873 11.2071269,55.1982777 11.2055047,55.1953125 11.2056896,55.1953125 11.2038829,55.1940548 11.2031477,55.1940345 11.1974117,55.1953125 11.1975423,55.1940479 11.1997575,55.1930739 11.1990073,55.1923856 11.20719,55.1896597 11.208364,55.1875458 11.2098227,55.1894785 11.2124727,55.1893383 11.2126817,55.189572 11.2153828,55.19357 11.21538,55.1937335 11.2141023,55.1948878 11.2144541,55.1953125 11.2147948,55.1953125 11.2172843,55.196632 11.2173011,55.1986769 11.218031,55.1989301 11.2202545,55.1980875 11.2205896,55.1972016 11.2187064,55.1953125 11.2183496,55.1953125 11.2165277,55.1915179 11.2167454,55.185711 11.2123026,55.1830413 11.2089521,55.1834179 11.2041498,55.1873043 11.1920443,55.1927068 11.1823168,55.1953125 11.1810566,55.1953125 11.1730655,55.1986825 11.1727291,55.1989964 11.1723968,55.2001115 11.1704189,55.2307647 11.1713287,55.237025</coordinates></LinearRing></innerBoundaryIs><innerBoundaryIs><LinearRing><coordinates>11.3594002,55.1872786 11.3520081,55.1910194 11.3470393,55.1919338 11.3333553,55.1921273 11.3198291,55.1937404 11.3220654,55.1953125 11.3261654,55.19611 11.3268903,55.1960588 11.3267667,55.1953125 11.3269346,55.1953125 11.3267725,55.19511 11.3266402,55.1949316 11.3267682,55.1948665 11.327134,55.1949402 11.3275628,55.1950474 11.3279476,55.1951653 11.3279086,55.1953125 11.3303432,55.1953125 11.3343781,55.1950334 11.3497095,55.1926484 11.3532515,55.1933538 11.3596123,55.1887537 11.3731867,55.1863914 11.3678834,55.1864134 11.3594002,55.1872786</coordinates></LinearRing></innerBoundaryIs><innerBoundaryIs><LinearRing><coordinates>11.4134309,55.2021656 11.4242342,55.2041245 11.4246649,55.2062427 11.4258229,55.2064356 11.4327962,55.2052659 11.4343998,55.2064968 11.4381126,55.2062883 11.440586,55.2053247 11.4458004,55.204715 11.4488217,55.2035739 11.450711,55.202248 11.450784,55.2021619 11.4488316,55.2013792 11.448348,55.1987818 11.4485528,55.198495 11.4553039,55.1966683 11.4557828,55.1963634 11.4553633,55.1953125 11.4549969,55.1953125 11.4563832,55.1939353 11.4550238,55.192317 11.4591501,55.1892164 11.4669991,55.1901355 11.4659019,55.1889466 11.4606907,55.1873587 11.4374208,55.1855174 11.4041897,55.1900053 11.3839123,55.1883456 11.3870301,55.1889232 11.3922569,55.194856 11.3936439,55.1953125 11.3951863,55.1957659 11.3980263,55.1953125 11.398827,55.1948785 11.4004523,55.1924902 11.4027663,55.194176 11.4082657,55.1935807 11.417437,55.1903154 11.4176259,55.1891894 11.4216442,55.1891685 11.4206026,55.1907231 11.4157119,55.1920893 11.4154902,55.1923736 11.4155557,55.1953125 11.4157575,55.1953125 11.4161205,55.1964865 11.4134309,55.2021656</coordinates></LinearRing></innerBoundaryIs><innerBoundaryIs><LinearRing><coordinates>11.4524883,55.2024072 11.4544365,55.2052161 11.4630584,55.2041032 11.4585894,55.2019294 11.4567918,55.2016054 11.4528192,55.2019888 11.4524883,55.2024072</coordinates></LinearRing></innerBoundaryIs><innerBoundaryIs><LinearRing><coordinates>11.4735003,55.1953125 11.4739438,55.1953125 11.4794039,55.1989769 11.4852118,55.1999261 11.4876997,55.1988226 11.4878556,55.1987441 11.4893686,55.1993988 11.4899195,55.1991509 11.4909527,55.1977677 11.4906002,55.1971807 11.4856789,55.1953125 11.4846996,55.1953125 11.4811344,55.1931875 11.4767649,55.1918747 11.4753906,55.1917496 11.4702007,55.1920995 11.4735003,55.1953125</coordinates></LinearRing></innerBoundaryIs><innerBoundaryIs><LinearRing><coordinates>10.8815926,55.2123556 10.8806549,55.2120951 10.8804414,55.213268 10.8826544,55.2169437 10.8828582,55.2171671 10.8853024,55.2191787 10.8874933,55.2195457 10.8880231,55.2194566 10.8815926,55.2123556</coordinates></LinearRing></innerBoundaryIs><innerBoundaryIs><LinearRing><coordinates>11.1798331,55.1762913 11.1794558,55.1756489 11.1786867,55.174458 11.1781725,55.1693774 11.1805475,55.166427 11.1675227,55.1612474 11.1624262,55.1569256 11.154655,55.1462785 11.1530451,55.1407444 11.1509078,55.1396002 11.1418771,55.1463888 11.1408544,55.1534283 11.1325911,55.1600192 11.1412055,55.1628094 11.1577771,55.1717613 11.1614277,55.1723886 11.1642233,55.1705068 11.1789253,55.1763753 11.1798331,55.1762913</coordinates></LinearRing></innerBoundaryIs><innerBoundaryIs><LinearRing><coordinates>11.7169321,55.1461774 11.7189285,55.147247 11.7205516,55.1470609 11.7232826,55.145853 11.7211792,55.1420953 11.7272486,55.1382898 11.7289931,55.1365522 11.728776,55.1362047 11.723158,55.1313165 11.7179213,55.1233867 11.7174724,55.1230787 11.7153234,55.1233459 11.7130692,55.1245815 11.7134286,55.1314703 11.711265,55.1357181 11.7113202,55.1375061 11.7116612,55.1384935 11.7152853,55.1413635 11.7169321,55.1461774</coordinates></LinearRing></innerBoundaryIs><innerBoundaryIs><LinearRing><coordinates>10.9463058,55.1282588 10.9455038,55.1229788 10.9441524,55.114646 10.9340416,55.0826086 10.9229327,55.0626857 10.9236937,55.0599189 10.9207813,55.0514868 10.9146072,55.0447316 10.9158884,55.0432276 10.9112232,55.0389175 10.9042805,55.0195313 10.9037642,55.0195313 10.8984375,55.0128347 10.8981953,55.0114396 10.8951685,55.0026799 10.8964515,54.999989 10.8925594,54.9916902 10.8887428,54.9876403 10.8721591,54.9796782 10.861708,54.9710816 10.8385068,54.9428831 10.8346432,54.936191 10.8368763,54.9345306 10.8359135,54.9329468 10.8303314,54.9306639 10.8299887,54.9301364 10.8259232,54.9142025 10.8172278,54.9063954 10.8183109,54.8968688 10.8129742,54.8821787 10.7995233,54.8629643 10.7860724,54.84375 10.7779872,54.8310238 10.7777606,54.8305829 10.7759773,54.82008 10.7707556,54.8133484 10.7686387,54.8057363 10.7567255,54.789854 10.7523707,54.7805536 10.750315,54.7708216 10.7456117,54.7642713 10.7464674,54.7625409 10.7421747,54.7568272 10.7366949,54.7436982 10.734534,54.7419978 10.7353745,54.7410659 10.7281264,54.7337117 10.7173514,54.7276785 10.6960217,54.7218925 10.6946704,54.7214061 10.6939898,54.7213475 10.6885949,54.7236081 10.684358,54.723736 10.6808807,54.7282454 10.6756856,54.7311673 10.6670439,54.739611 10.6697872,54.742379 10.6649644,54.7487808 10.6704049,54.7526577 10.6759096,54.75348 10.6760678,54.7564467 10.6709085,54.7666939 10.6603287,54.7787476 10.6602975,54.7923882 10.6618146,54.7961524 10.6577874,54.7975761 10.647598,54.8092437 10.6374092,54.8170866 10.6221226,54.8248388 10.6023203,54.8303078 10.5955946,54.8387316 10.5957245,54.8388624 10.6015944,54.8402898 10.5985689,54.8389755 10.5986689,54.8360397 10.606275,54.8366987 10.6127948,54.8350099 10.622098,54.8352197 10.6330556,54.8302556 10.6368138,54.8303502 10.6370835,54.8305045 10.637161,54.832937 10.6375954,54.8331276 10.6401522,54.8328568 10.6420974,54.8322052 10.6411572,54.8299077 10.641587,54.829565 10.6435993,54.8293027 10.6473311,54.8301811 10.6495034,54.831821 10.6568286,54.84375 10.6572829,54.84375 10.6578425,54.8448761 10.6604351,54.8465389 10.6675279,54.8470278 10.6631958,54.8516477 10.6664276,54.8564687 10.6679897,54.8746616 10.6715631,54.8821592 10.6744542,54.8827528 10.6768636,54.8814169 10.6826981,54.8827927 10.6879512,54.8731539 10.6944805,54.8731205 10.7017446,54.8705034 10.7034864,54.8711956 10.7028629,54.8738126 10.7050549,54.8760735 10.7115182,54.8753083 10.7272665,54.8773216 10.7268749,54.8798794 10.72299,54.8804162 10.7172412,54.8843293 10.7131917,54.8835413 10.7154036,54.8857337 10.7154042,54.8896548 10.7106577,54.8927834 10.7177163,54.8945841 10.7164018,54.8958977 10.7062751,54.8972355 10.7075504,54.9072182 10.7054694,54.90702 10.7027893,54.9044437 10.6982313,54.8971241 10.686024,54.900914 10.6813102,54.8976356 10.6791898,54.8987083 10.6792758,54.9016896 10.6756986,54.9019926 10.6747853,54.9102048 10.6826119,54.9136207 10.6835215,54.921221 10.6941694,54.9295017 10.698742,54.9303147 10.7028726,54.9379047 10.7113962,54.9421647 10.7161705,54.9426264 10.7168256,54.9430736 10.7191879,54.9450136 10.7240319,54.950139 10.7242696,54.9505192 10.7252657,54.955259 10.734206,54.959446 10.7573292,54.9755791 10.7681124,54.9792631 10.7697099,54.9827114 10.7803088,54.9810545 10.7867821,54.9810576 10.7893699,54.9817034 10.7910151,54.982402 10.8097523,54.9951434 10.81139,55.0 10.8126022,55.0024503 10.8135324,55.0032982 10.8177294,55.0050513 10.8247685,55.0108454 10.8272533,55.0195313 10.8273458,55.0195313 10.8273458,55.0202287 10.8322141,55.0249041 10.8376178,55.0288208 10.8464531,55.0335923 10.8468806,55.0339478 10.8489445,55.0369887 10.8491319,55.0376112 10.8480849,55.042309 10.862061,55.0592428 10.8627414,55.0691037 10.8711179,55.0825212 10.8758701,55.1011732 10.8839864,55.1077685 10.8842428,55.1080471 10.888291,55.1148614 10.8956043,55.1214755 10.8984375,55.1227678 10.8984375,55.1224889 10.9003438,55.1230448 10.8990501,55.1253901 10.9022064,55.1312648 10.9005105,55.1346256 10.9014536,55.137408 10.9017044,55.1377314 10.9205185,55.1484562 10.9255098,55.1523828 10.9306077,55.1599761 10.9309042,55.1601442 10.938753,55.1639018 10.9397767,55.1640081 10.9410974,55.1637526 10.9534091,55.1583726 10.9557694,55.1529244 10.9554209,55.1454972 10.949939,55.1378527 10.9463058,55.1282588</coordinates></LinearRing></innerBoundaryIs><innerBoundaryIs><LinearRing><coordinates>11.6162463,55.0809152 11.6163481,55.0812823 11.6188484,55.0834264 11.6344934,55.0826526 11.6370083,55.0821053 11.6476811,55.0795263 11.6518753,55.0795315 11.6559721,55.0770385 11.6675584,55.0751895 11.6699423,55.0735458 11.6590281,55.0733143 11.6513288,55.0750215 11.6440094,55.0783556 11.638893,55.0768522 11.6317678,55.0795195 11.6237938,55.080385 11.6217595,55.0820335 11.6183749,55.080402 11.6178272,55.0804073 11.6162463,55.0809152</coordinates></LinearRing></innerBoundaryIs><innerBoundaryIs><LinearRing><coordinates>11.343261,55.0246522 11.3426456,55.0285176 11.344408,55.030121 11.3452421,55.0312124 11.3562313,55.0366445 11.3637607,55.0393102 11.3642153,55.0394278 11.367491,55.0401483 11.3752511,55.0386251 11.374126,55.0342304 11.357843,55.0298215 11.3563457,55.0293947 11.3483999,55.0250269 11.3472604,55.0232124 11.3466297,55.0229456 11.3442572,55.0231808 11.343261,55.0246522</coordinates></LinearRing></innerBoundaryIs><innerBoundaryIs><LinearRing><coordinates>11.8744783,54.9937423 11.8756393,54.9958183 11.8792021,54.9977812 11.8805238,54.9975837 11.8842446,54.9972906 11.8850679,54.9970853 11.890999,54.9948788 11.8912719,54.9945707 11.8909647,54.9927928 11.8944792,54.9898158 11.8946716,54.984444 11.8972496,54.9825993 11.8981084,54.9803133 11.898068,54.9775207 11.8974657,54.9770463 11.8967664,54.9768987 11.8915542,54.9778143 11.8925341,54.9789965 11.8899961,54.9812351 11.8858007,54.9808362 11.8849992,54.9840538 11.8805707,54.9865857 11.875048,54.9926301 11.8744783,54.9937423</coordinates></LinearRing></innerBoundaryIs><innerBoundaryIs><LinearRing><coordinates>11.8823612,54.9788781 11.8784044,54.9769276 11.8778914,54.9768848 11.8774993,54.9778854 11.8798332,54.979126 11.8815469,54.9790508 11.8823612,54.9788781</coordinates></LinearRing></innerBoundaryIs><innerBoundaryIs><LinearRing><coordinates>11.5666418,54.9726946 11.5622861,54.9680985 11.543467,54.9554454 11.5430245,54.9550591 11.5382729,54.9483207 11.5235432,54.9575846 11.5237027,54.9635733 11.5170274,54.9705828 11.5128738,54.9718307 11.5106533,54.9739294 11.4990631,54.97835 11.4979883,54.9794931 11.4979124,54.9833741 11.5019971,54.9867835 11.5059105,54.988523 11.5096446,54.9898096 11.5172839,54.9919642 11.5261014,54.9890569 11.526825,54.9888461 11.5427496,54.9896049 11.5522732,54.9867765 11.5568233,54.9840029 11.5611202,54.979871 11.5665636,54.9737014 11.5666418,54.9726946</coordinates></LinearRing></innerBoundaryIs><innerBoundaryIs><LinearRing><coordinates>11.8201797,54.9710515 11.8202322,54.9720336 11.8246982,54.9708267 11.8249402,54.9705184 11.8236378,54.9702944 11.8206511,54.9708898 11.8201797,54.9710515</coordinates></LinearRing></innerBoundaryIs><innerBoundaryIs><LinearRing><coordinates>11.4509301,54.9643379 11.4566149,54.9622195 11.4619734,54.9567832 11.4635609,54.955935 11.4688007,54.9525762 11.4703884,54.9508628 11.4711887,54.9481348 11.4709516,54.9477069 11.4682744,54.9438781 11.4676563,54.9438192 11.4593751,54.943435 11.4512746,54.9443455 11.4434251,54.9431431 11.4340087,54.9443455 11.4277759,54.9406648 11.4246064,54.9364349 11.4122797,54.9303271 11.4065638,54.922556 11.4023389,54.9205062 11.3950603,54.9265722 11.380033,54.9332782 11.3722485,54.935358 11.3724265,54.9378597 11.3633008,54.9499607 11.3633013,54.9541059 11.3653938,54.9550879 11.3657039,54.9549857 11.3657842,54.9510297 11.3664243,54.950438 11.3703328,54.9492489 11.3761421,54.949807 11.3763864,54.9499596 11.3796515,54.953607 11.3783832,54.9551773 11.3799692,54.9555665 11.3887852,54.9534094 11.3945473,54.953404 11.4004194,54.9489772 11.4026829,54.9482306 11.4066067,54.9479719 11.4094882,54.9486849 11.4106181,54.9495656 11.4116001,54.9532499 11.4116085,54.9534937 11.4100573,54.9611526 11.4079661,54.9629484 11.4079802,54.9636505 11.4103314,54.9677895 11.4115471,54.9684298 11.426491,54.9627875 11.4310592,54.9629056 11.4406393,54.9653946 11.4498796,54.9646025 11.4509301,54.9643379</coordinates></LinearRing></innerBoundaryIs><innerBoundaryIs><LinearRing><coordinates>11.6953926,54.943969 11.6996483,54.9447993 11.7039185,54.9442691 11.7046438,54.9435352 11.7041641,54.9433962 11.7005424,54.9441411 11.6985766,54.9429396 11.6960963,54.9430233 11.6952403,54.9434781 11.6953926,54.943969</coordinates></LinearRing></innerBoundaryIs><innerBoundaryIs><LinearRing><coordinates>11.3489996,54.9187222 11.3530945,54.918653 11.356171,54.9164841 11.3604885,54.9165624 11.3603911,54.9138591 11.3581053,54.9118044 11.3642179,54.9055274 11.3609418,54.9019243 11.360906,54.8974829 11.3629913,54.895491 11.3635087,54.8951857 11.3718526,54.8918735 11.3741099,54.8885055 11.3805948,54.8842185 11.3910131,54.8819458 11.3976209,54.8772525 11.4080158,54.8770822 11.4206581,54.8710389 11.4303567,54.8699489 11.4320604,54.8681732 11.4318236,54.8678205 11.4279087,54.8662295 11.4274274,54.8658847 11.4258335,54.8636922 11.4275306,54.8625522 11.4304386,54.8616931 11.4329484,54.8614661 11.4338074,54.861836 11.4350457,54.8636832 11.4482734,54.8652049 11.4625645,54.8629484 11.4640272,54.862519 11.4659857,54.8614722 11.4697849,54.8579849 11.469785,54.8576967 11.4650412,54.8528192 11.466836,54.8492794 11.4668258,54.8485487 11.4641621,54.845207 11.4641563,54.8447952 11.4650052,54.84375 11.4650849,54.84375 11.4686033,54.8393768 11.4754441,54.8408226 11.4865174,54.8379557 11.4924223,54.839186 11.48712,54.836219 11.4938464,54.8375554 11.4903914,54.8351676 11.4953511,54.832104 11.5040019,54.8309627 11.5110306,54.8330671 11.5401926,54.8284186 11.5524175,54.8292028 11.5662572,54.8237375 11.5756731,54.8258203 11.589285,54.8264031 11.5902278,54.8262305 11.5978357,54.8233871 11.6001675,54.8196442 11.6015625,54.8191963 11.605255,54.8161371 11.6148123,54.8124946 11.61792,54.8117288 11.619189,54.8120362 11.619222,54.8123522 11.6064312,54.81876 11.6018145,54.8228511 11.6015625,54.8228236 11.5989577,54.8255306 11.5938628,54.8266242 11.5915329,54.8304147 11.5838817,54.8331614 11.5780849,54.8330532 11.5757453,54.8337907 11.5751745,54.8341039 11.5699537,54.8397859 11.5625,54.84375 11.5618542,54.84375 11.5614949,54.8464409 11.5633454,54.851401 11.5636065,54.8515548 11.5749547,54.8524472 11.5762721,54.8545526 11.5824419,54.8574579 11.5934725,54.8539431 11.600826,54.8502049 11.6015625,54.8501673 11.6090552,54.848843 11.6172806,54.8491945 11.6174504,54.8473423 11.6110389,54.8478192 11.6183193,54.8443956 11.6213315,54.8469861 11.6195192,54.849611 11.6295973,54.8528701 11.6350555,54.8568966 11.6515886,54.8586382 11.6513853,54.8645564 11.6422977,54.8703969 11.6422952,54.8740011 11.6484082,54.8876837 11.6436321,54.8935401 11.6352627,54.8999228 11.6361775,54.903896 11.6425577,54.9018435 11.6513284,54.9027447 11.6602324,54.9003716 11.6661758,54.8965291 11.6724008,54.896166 11.6762623,54.8910537 11.6919668,54.8822693 11.7064918,54.875867 11.717074,54.8726999 11.7434759,54.8745214 11.7473868,54.8712111 11.7402325,54.8651531 11.7367162,54.859336 11.7416567,54.855298 11.7444077,54.8458229 11.7468363,54.84375 11.7472028,54.84375 11.7481039,54.84329 11.7502422,54.8393362 11.7508146,54.839066 11.7585129,54.8390958 11.7598547,54.8387187 11.7652713,54.8359283 11.7635143,54.8327924 11.7641288,54.8322073 11.7649729,54.8319236 11.7718462,54.8307865 11.7752748,54.8325306 11.7766355,54.8325722 11.781967,54.8312548 11.7947739,54.8333381 11.7897516,54.8316007 11.7868592,54.8246272 11.7802815,54.8190689 11.780898,54.8100429 11.7827972,54.8071198 11.7834283,54.8064055 11.7976452,54.7992761 11.8010191,54.794095 11.8069803,54.7943497 11.811022,54.7911444 11.8140358,54.7915004 11.82199,54.7897698 11.8339893,54.7803555 11.8514775,54.7738897 11.8568139,54.7685456 11.8568993,54.7611886 11.8618726,54.7605073 11.858291,54.7594876 11.8572236,54.7579473 11.8618175,54.757435 11.8579772,54.7562824 11.8654599,54.7490488 11.8666607,54.7379864 11.8658816,54.7356234 11.8528777,54.731685 11.8468436,54.7273499 11.8446722,54.7263594 11.8338742,54.7260649 11.8333127,54.7261761 11.8248007,54.731409 11.8241593,54.7316567 11.8147147,54.7334108 11.8201028,54.7286994 11.8163791,54.7264642 11.8159573,54.7225626 11.8228712,54.7202346 11.8233395,54.7191498 11.8097188,54.7154917 11.8055719,54.7129884 11.8055564,54.7128117 11.8146243,54.7080281 11.8166407,54.7041728 11.8279783,54.6995267 11.8319488,54.6979994 11.8461621,54.6945122 11.8526123,54.695972 11.8530097,54.695842 11.8581469,54.692766 11.8587585,54.6920477 11.8586311,54.6894826 11.8614957,54.6871976 11.8614994,54.6869298 11.8585461,54.6852639 11.8542066,54.6837295 11.8447068,54.6833808 11.8378804,54.6819359 11.852019,54.6750673 11.8520395,54.6747578 11.8407274,54.6713382 11.8403544,54.6683189 11.8407599,54.6679687 11.8412204,54.6679687 11.8446583,54.6659743 11.8357338,54.6652504 11.8205528,54.6588132 11.8289959,54.6558763 11.8325206,54.6538326 11.8335106,54.651414 11.8260859,54.6496276 11.8183393,54.65079 11.8184466,54.6475936 11.8158652,54.6465476 11.8128029,54.6482909 11.8096668,54.6481572 11.8044604,54.6443893 11.8076419,54.6431872 11.8078371,54.6424632 11.8069096,54.6424528 11.7995681,54.6428604 11.7845315,54.6486781 11.769138,54.6492352 11.7546333,54.6516696 11.7487339,54.6506402 11.7357569,54.651376 11.7282012,54.6539437 11.7331345,54.6569341 11.7334154,54.6588047 11.7256325,54.6651762 11.7260185,54.6633321 11.7222753,54.6637684 11.7210127,54.6621397 11.7228547,54.6591132 11.721547,54.6573582 11.723704,54.6558172 11.7182577,54.6528414 11.7129166,54.6521362 11.7075279,54.653782 11.7012362,54.6615062 11.6879553,54.6637129 11.6700017,54.6618303 11.6663955,54.6667262 11.6599981,54.6627234 11.6624614,54.6593753 11.6594996,54.6576635 11.6561912,54.6595124 11.649244,54.6578196 11.6442513,54.6610593 11.6314394,54.6628006 11.6282362,54.6623241 11.6266108,54.659464 11.625648,54.6591798 11.6183338,54.6585525 11.608493,54.6590464 11.6067373,54.661108 11.6015625,54.6623884 11.591399,54.664548 11.5898368,54.6644307 11.5859524,54.6635586 11.5831887,54.6622316 11.58915,54.6593652 11.5899161,54.6582648 11.589343,54.6580729 11.579318,54.6565765 11.5781188,54.6565861 11.5608087,54.6588047 11.5615174,54.6554199 11.5692081,54.6521525 11.5586489,54.6526521 11.5509682,54.6511986 11.5494521,54.6491503 11.5507056,54.6462516 11.5420558,54.6397825 11.530979,54.6378649 11.5228471,54.6383955 11.5205961,54.6356924 11.5168355,54.6348031 11.5127373,54.636397 11.4977655,54.6349362 11.4970697,54.6346653 11.4623104,54.6115925 11.4617234,54.6110862 11.4623241,54.6091771 11.4718213,54.6060889 11.4819558,54.6010499 11.4891475,54.6011024 11.4922227,54.5981053 11.5018635,54.5991824 11.5118886,54.5944957 11.5128021,54.5943729 11.5230501,54.5958225 11.5275365,54.5990537 11.5277655,54.5966887 11.5248733,54.5950713 11.5118212,54.5935475 11.5107535,54.5935429 11.502039,54.5943741 11.5003221,54.5946279 11.4836125,54.5992889 11.4721732,54.6048177 11.4450581,54.6140959 11.4437377,54.6146563 11.4363021,54.6194978 11.3967025,54.6372089 11.3827817,54.641964 11.3659853,54.6459821 11.3544452,54.6506447 11.3508269,54.6504548 11.3504205,54.6506186 11.348561,54.6536793 11.3479702,54.6541014 11.3444637,54.654373 11.3395131,54.6598285 11.3285089,54.663388 11.3210809,54.6679687 11.3208911,54.6679687 11.3156623,54.6712297 11.2986788,54.6845111 11.2757368,54.6943008 11.2661554,54.7003347 11.2515922,54.7059323 11.25,54.7059152 11.248282,54.7057892 11.2368313,54.708921 11.2270019,54.7082295 11.200888,54.7178715 11.1847631,54.7204885 11.153828,54.7290441 11.1297858,54.7333043 11.1195416,54.7366825 11.1188595,54.7368245 11.0932181,54.7407952 11.0675766,54.7447659 11.0348134,54.7526338 11.0066099,54.7618341 10.999566,54.7656821 10.9916466,54.7763895 10.9803694,54.7884097 10.9682301,54.7978404 10.9624165,54.8053536 10.9709454,54.7980839 10.9742184,54.7982174 10.9741514,54.7963241 10.9778308,54.7942851 10.9829651,54.7984564 10.9932472,54.7969069 10.9965672,54.7973604 11.0095642,54.8026674 11.0125886,54.8077404 11.0097774,54.8120738 10.9962662,54.8157964 10.9844356,54.821352 11.0000408,54.8201118 11.0130578,54.8150147 11.0153526,54.8150016 11.0154346,54.8171269 11.0179065,54.8176665 11.0261496,54.8142892 11.0299122,54.8107218 11.0397732,54.811518 11.0455797,54.7988117 11.0684952,54.7989877 11.0795811,54.8050961 11.0791872,54.8070137 11.0720313,54.8107116 11.0719095,54.8123879 11.0663049,54.8140593 11.0667996,54.8190345 11.0692939,54.8218997 11.0722744,54.8219552 11.0733792,54.8179275 11.0799536,54.8160963 11.083824,54.8114814 11.0905089,54.8116966 11.0915495,54.8118947 11.0937173,54.8126906 11.0941241,54.8131756 11.0960073,54.8185067 11.0993863,54.8216906 11.1124671,54.8250507 11.1101583,54.8268718 11.1101238,54.8308885 11.1128722,54.8314408 11.1166548,54.8304034 11.1264874,54.8316314 11.1250371,54.8335449 11.1246403,54.833684 11.1155992,54.8318452 11.1025584,54.8346239 11.0966325,54.8339 11.0944448,54.8309397 11.0854281,54.8290559 11.0854182,54.8302007 11.089313,54.8310972 11.0879248,54.8346407 11.0834697,54.8356881 11.0780514,54.834318 11.0764816,54.8352981 11.0798875,54.8391954 11.0801129,54.8403292 11.0792824,54.84375 11.0790612,54.84375 11.0782152,54.8474284 11.0776138,54.847773 11.0685881,54.8480089 11.0669404,54.8561434 11.0619484,54.8571486 11.0590463,54.8603857 11.0552819,54.8619025 11.0605295,54.8687375 11.0533137,54.8691078 11.0496178,54.868669 11.0473415,54.8670624 11.0445735,54.8674589 11.0438519,54.8715705 11.045696,54.874372 11.0428636,54.8758729 11.0378122,54.8742253 11.0357298,54.8701361 11.0308878,54.8699179 11.0273021,54.8717751 11.0300372,54.8740371 11.027737,54.8758475 11.0323827,54.8775713 11.0299116,54.8815808 11.0266784,54.8813012 11.0240684,54.8767703 11.0176316,54.8796924 11.019249,54.883248 11.0157026,54.8876349 11.0157541,54.8908761 11.0278025,54.913879 11.0349663,54.9183584 11.0506994,54.9230421 11.0659413,54.9318326 11.0708125,54.9386684 11.0792934,54.9415425 11.0821064,54.9422534 11.0843089,54.9424475 11.0858927,54.9422131 11.0895823,54.9401407 11.098307,54.9416139 11.1048653,54.9405406 11.1150692,54.9369158 11.1197828,54.9321181 11.1193956,54.9384826 11.1103748,54.9438424 11.1105371,54.9462889 11.1142417,54.9485989 11.1150109,54.948788 11.1215919,54.9476053 11.1225315,54.9473354 11.1282367,54.944696 11.1303321,54.9457858 11.1309406,54.9517322 11.1349649,54.9518105 11.1398098,54.9495888 11.1435589,54.9493424 11.1574835,54.9562931 11.1585236,54.9565755 11.1666014,54.955195 11.1742681,54.9595129 11.1820298,54.9609079 11.1942121,54.9600296 11.222106,54.95867 11.25,54.9573103 11.2624366,54.9569486 11.2712802,54.9530324 11.283168,54.9502842 11.2842282,54.9486665 11.2895044,54.9472364 11.2923715,54.9458705 11.3001521,54.9415845 11.3114336,54.9320141 11.3124644,54.9309756 11.3144292,54.9254714 11.3147053,54.9252449 11.3168728,54.9244236 11.3191868,54.9239141 11.3267396,54.9246356 11.3435384,54.9219084 11.3489996,54.9187222</coordinates></LinearRing></innerBoundaryIs><innerBoundaryIs><LinearRing><coordinates>11.4997218,54.914371 11.5054259,54.9131939 11.5058151,54.9122068 11.5016295,54.9097342 11.4948751,54.9115251 11.4904717,54.9103163 11.4813172,54.9051553 11.4713864,54.9110823 11.4732152,54.9133815 11.4821826,54.9121819 11.4934852,54.9136415 11.4997218,54.914371</coordinates></LinearRing></innerBoundaryIs><innerBoundaryIs><LinearRing><coordinates>11.641481,54.9101269 11.6455882,54.9091246 11.6477751,54.9077508 11.6473151,54.9062968 11.6464128,54.9062397 11.6445119,54.908456 11.6391466,54.9087625 11.633821,54.9067957 11.6303304,54.9029489 11.6298811,54.9034535 11.6301939,54.9056112 11.6347191,54.9096997 11.6361861,54.9101562 11.641481,54.9101269</coordinates></LinearRing></innerBoundaryIs><innerBoundaryIs><LinearRing><coordinates>11.4909123,54.9023438 11.492365,54.9023438 11.4969217,54.9002285 11.4972699,54.899897 11.4989595,54.896745 11.5028446,54.8944203 11.5190572,54.8900272 11.5195895,54.8897343 11.519569,54.8861922 11.5190862,54.885927 11.5165917,54.8857872 11.5072755,54.888598 11.4967862,54.8859648 11.4837872,54.8855017 11.4829001,54.8837484 11.4811391,54.8841094 11.4795798,54.8849469 11.476199,54.8899264 11.4753948,54.8968846 11.480284,54.8969105 11.4842191,54.8992766 11.4882154,54.898981 11.4890525,54.8991838 11.4898349,54.9000623 11.4909123,54.9023438</coordinates></LinearRing></innerBoundaryIs><innerBoundaryIs><LinearRing><coordinates>11.4533191,54.883213 11.4529026,54.8819178 11.4522686,54.8814816 11.4442782,54.8812717 11.4440666,54.8815325 11.4465826,54.882771 11.4503833,54.8837677 11.4523515,54.8836004 11.4533191,54.883213</coordinates></LinearRing></innerBoundaryIs><innerBoundaryIs><LinearRing><coordinates>11.8620069,54.7311801 11.8653028,54.7314044 11.8633322,54.729207 11.8620551,54.7290999 11.8616118,54.7294534 11.8620069,54.7311801</coordinates></LinearRing></innerBoundaryIs><innerBoundaryIs><LinearRing><coordinates>11.8655198,54.7250505 11.8673022,54.721534 11.8666555,54.7211658 11.8643095,54.7212806 11.8564918,54.7239192 11.8540664,54.725347 11.8560407,54.7263134 11.8655198,54.7250505</coordinates></LinearRing></innerBoundaryIs><innerBoundaryIs><LinearRing><coordinates>11.8271021,54.7173638 11.8271019,54.7181391 11.8280851,54.7190926 11.8295034,54.7186582 11.8298615,54.7183415 11.8294801,54.7168473 11.8274375,54.7169371 11.8271021,54.7173638</coordinates></LinearRing></innerBoundaryIs><innerBoundaryIs><LinearRing><coordinates>11.8332446,54.7169071 11.8347287,54.7160656 11.8349262,54.7147514 11.8344063,54.714361 11.8324913,54.7146333 11.8309565,54.715535 11.8305786,54.7163298 11.8319916,54.7171664 11.8332446,54.7169071</coordinates></LinearRing></innerBoundaryIs><innerBoundaryIs><LinearRing><coordinates>11.6015625,54.643694 11.5905323,54.6479754 11.6015625,54.6459264 11.6015625,54.643694</coordinates></LinearRing></innerBoundaryIs><innerBoundaryIs><LinearRing><coordinates>11.6562688,54.6497641 11.655054,54.6497101 11.6544406,54.6507236 11.6591287,54.655727 11.6586422,54.6517068 11.6569471,54.6501983 11.6562688,54.6497641</coordinates></LinearRing></innerBoundaryIs><innerBoundaryIs><LinearRing><coordinates>11.579917,54.6499541 11.5763251,54.6501485 11.5735106,54.6519426 11.5726683,54.6524541 11.5731499,54.652661 11.574923,54.6524051 11.5792686,54.6510555 11.579917,54.6499541</coordinates></LinearRing></innerBoundaryIs><innerBoundaryIs><LinearRing><coordinates>11.6015625,54.6548548 11.6019827,54.6544961 11.6015625,54.6534597 11.5994082,54.6521204 11.5959744,54.6540867 11.6015625,54.6548548</coordinates></LinearRing></innerBoundaryIs><innerBoundaryIs><LinearRing><coordinates>11.5107147,54.625316 11.5125362,54.6251096 11.5131241,54.6248611 11.5130875,54.6226441 11.5129286,54.6225188 11.5103766,54.6218448 11.508642,54.6217951 11.5034024,54.6235563 11.5107147,54.625316</coordinates></LinearRing></innerBoundaryIs><innerBoundaryIs><LinearRing><coordinates>10.9587702,54.8144258 10.962756,54.8078176 10.961991,54.8072239 10.9611251,54.8072704 10.9600132,54.807878 10.9561507,54.8143454 10.95595,54.8149613 10.9538836,54.8318912 10.9613715,54.8370535 10.9676012,54.8369195 10.9732825,54.8352125 10.974282,54.8347738 10.9840878,54.8290573 10.9726688,54.8317838 10.967656,54.834518 10.9640524,54.8346806 10.9635103,54.8342286 10.9630631,54.831369 10.9633631,54.8310068 10.9707063,54.8262751 10.9678018,54.8254083 10.9626703,54.8263088 10.9608314,54.8255076 10.9577047,54.8232274 10.958409,54.8188974 10.9587702,54.8144258</coordinates></LinearRing></innerBoundaryIs><innerBoundaryIs><LinearRing><coordinates>11.013696,54.8388671 11.013696,54.84375 11.0136878,54.84375 11.0143014,54.8479818 11.0154794,54.851438 11.0168308,54.8522429 11.0176454,54.8523284 11.0196011,54.8518356 11.0230896,54.8486857 11.0214359,54.84375 11.021412,54.84375 11.0216691,54.8427362 11.0259845,54.8419563 11.0195389,54.8324519 11.0203301,54.8284549 11.0161781,54.8309516 11.013696,54.8388671</coordinates></LinearRing></innerBoundaryIs><innerBoundaryIs><LinearRing><coordinates>11.0493524,54.848785 11.0493729,54.8496273 11.0532234,54.8526307 11.0535948,54.853188 11.0511066,54.8570904 11.0527681,54.8588445 11.0593754,54.8529038 11.0595883,54.8520126 11.0594147,54.8511999 11.0551435,54.8481557 11.0545245,54.8479007 11.049908,54.8479208 11.0493524,54.848785</coordinates></LinearRing></innerBoundaryIs><innerBoundaryIs><LinearRing><coordinates>11.0325598,54.8441395 11.0357248,54.8456892 11.0376534,54.8451293 11.0374161,54.84375 11.0368441,54.84375 11.0342003,54.8432816 11.0325735,54.84375 11.0325598,54.8441395</coordinates></LinearRing></innerBoundaryIs><innerBoundaryIs><LinearRing><coordinates>11.054809,54.8376988 11.0543442,54.8380345 11.0540395,54.8405088 11.054879,54.8414264 11.0574141,54.8423918 11.0581568,54.8422943 11.0607638,54.841417 11.0623047,54.8399595 11.0603306,54.8389217 11.0571682,54.837301 11.0561466,54.8373842 11.054809,54.8376988</coordinates></LinearRing></innerBoundaryIs><innerBoundaryIs><LinearRing><coordinates>11.0892708,54.8279327 11.0925821,54.8273748 11.0920041,54.8261923 11.0911663,54.8259578 11.0868235,54.8252367 11.0855852,54.8255965 11.0892708,54.8279327</coordinates></LinearRing></innerBoundaryIs><innerBoundaryIs><LinearRing><coordinates>11.052049,54.9315012 11.0424798,54.9247437 11.0415097,54.9248105 11.0419923,54.9264286 11.0461788,54.9303405 11.0501356,54.9319849 11.0514162,54.9317861 11.052049,54.9315012</coordinates></LinearRing></innerBoundaryIs><innerBoundaryIs><LinearRing><coordinates>11.3544652,54.9576374 11.3498058,54.9647042 11.3497546,54.9677734 11.3533897,54.9681206 11.3583221,54.9682548 11.3642216,54.9655035 11.3681074,54.9609631 11.3685139,54.960151 11.3665624,54.9559468 11.3617877,54.9581345 11.3567913,54.956477 11.3549747,54.9570733 11.3544652,54.9576374</coordinates></LinearRing></innerBoundaryIs><innerBoundaryIs><LinearRing><coordinates>11.3181626,54.967136 11.3180749,54.9666806 11.313876,54.9635723 11.3095459,54.9618438 11.3086029,54.9618421 11.3052256,54.9627984 11.3048304,54.9632691 11.3023746,54.9695581 11.3025237,54.970488 11.3031828,54.9711152 11.3088909,54.9724029 11.3096826,54.9723117 11.3172519,54.9689353 11.3177063,54.968176 11.3181626,54.967136</coordinates></LinearRing></innerBoundaryIs><innerBoundaryIs><LinearRing><coordinates>11.2946635,54.9695158 11.2938133,54.9692293 11.2909101,54.969372 11.2904975,54.9696563 11.2896633,54.9719783 11.2918872,54.9734933 11.2933006,54.9738237 11.2981352,54.9722856 11.2946635,54.9695158</coordinates></LinearRing></innerBoundaryIs><innerBoundaryIs><LinearRing><coordinates>10.4536092,54.8380547 10.4383928,54.8312559 10.437748,54.8250757 10.4368683,54.8238012 10.4320971,54.8191288 10.425106,54.8158482 10.4203097,54.8158184 10.420135,54.8160175 10.4094927,54.8207873 10.4027929,54.8264492 10.4005584,54.8275094 10.3745532,54.8365341 10.3616898,54.84375 10.3614088,54.84375 10.3614538,54.8438934 10.3561503,54.8461533 10.3494158,54.8528593 10.3402978,54.858174 10.3195666,54.8768426 10.3050431,54.8833343 10.2879508,54.8884183 10.2586632,54.9125158 10.246726,54.9184468 10.2459753,54.9190181 10.244275,54.9214752 10.2446522,54.9291664 10.2397974,54.9408656 10.211906,54.9576916 10.2092471,54.9598609 10.2039062,54.9663785 10.2037973,54.9666579 10.205253,54.9717867 10.2157167,54.9689431 10.2205636,54.9687225 10.2209433,54.9684232 10.222965,54.9615883 10.2300642,54.9556103 10.2345793,54.9520956 10.2438231,54.9489597 10.2503479,54.9442341 10.2624633,54.9428504 10.2623652,54.9409055 10.2732373,54.9412183 10.2846897,54.9391236 10.2956204,54.9312685 10.3079396,54.9256823 10.3121693,54.9211655 10.3245552,54.9151982 10.3256456,54.9114803 10.336904,54.8999476 10.342768,54.8969849 10.357012,54.8966914 10.3641438,54.8947105 10.3721412,54.8841089 10.3802121,54.8842843 10.3847601,54.8868144 10.3895717,54.8927348 10.3991014,54.8955518 10.4058847,54.9007235 10.4070396,54.9047805 10.4020284,54.9085826 10.3979692,54.9101562 10.3924665,54.9103432 10.3898408,54.9122427 10.3891685,54.9144212 10.3950638,54.9143414 10.4130799,54.9024959 10.4133086,54.9022141 10.4111328,54.8985277 10.406859,54.8985077 10.4062234,54.8980166 10.4060431,54.8962435 10.4067124,54.8943499 10.4070469,54.8941165 10.4100465,54.8940467 10.414434,54.8915104 10.4153064,54.889886 10.413834,54.8883404 10.4171098,54.8851914 10.4171484,54.8810606 10.4198689,54.8768063 10.4200689,54.8765838 10.4298784,54.8724318 10.4366992,54.8660514 10.4378291,54.865491 10.4485523,54.8625638 10.4508541,54.8628134 10.4558347,54.866232 10.4519058,54.8709275 10.4569594,54.8704427 10.4576038,54.8681256 10.4609439,54.8684669 10.459348,54.8725585 10.4605021,54.8752421 10.4696851,54.8715484 10.4795939,54.864566 10.4802576,54.8643149 10.4831975,54.8639905 10.4869391,54.8657745 10.4855601,54.8677533 10.4791431,54.8702731 10.4761673,54.8748018 10.4758785,54.8749781 10.4708096,54.8762085 10.4659457,54.8826357 10.4608511,54.8861345 10.4496294,54.890093 10.4507073,54.8923101 10.4607232,54.89254 10.4610959,54.8924199 10.4588193,54.890861 10.4603621,54.8882205 10.4715524,54.8865542 10.4728413,54.8845525 10.4825826,54.8802899 10.4991767,54.8696986 10.5063279,54.8676353 10.5203443,54.8578681 10.524035,54.8496165 10.5207958,54.8475003 10.5203716,54.8438348 10.5202414,54.84375 10.5150462,54.84375 10.4745404,54.8414882 10.4544112,54.8382498 10.4536092,54.8380547</coordinates></LinearRing></innerBoundaryIs><innerBoundaryIs><LinearRing><coordinates>9.9925017,54.855478 9.9920794,54.8546581 9.9889817,54.8525583 9.9884616,54.8523966 9.9822936,54.8540308 9.9616767,54.8524683 9.9602414,54.8524756 9.9514915,54.8527662 9.9334015,54.855239 9.9326053,54.8554096 9.9219557,54.8585674 9.911254,54.8638098 9.9044412,54.8649257 9.8902897,54.864754 9.8689799,54.8762596 9.8687596,54.8785359 9.8813452,54.8846076 9.8840075,54.8890666 9.8982517,54.8966101 9.9000496,54.8948702 9.9079471,54.8921916 9.9147971,54.8848565 9.92802,54.8827741 9.9335154,54.8790684 9.9463671,54.8766444 9.9518918,54.8741332 9.9537067,54.8685176 9.954006,54.8682848 9.9575247,54.8674005 9.9695522,54.8669651 9.9824483,54.8577824 9.9925017,54.855478</coordinates></LinearRing></innerBoundaryIs><innerBoundaryIs><LinearRing><coordinates>9.84375,54.8903459 9.8320524,54.888759 9.8308671,54.8888952 9.823527,54.8922307 9.8093117,54.8937482 9.8000776,54.897022 9.7987084,54.8973585 9.793165,54.8976961 9.79258,54.8979754 9.7929089,54.901125 9.7840306,54.9059026 9.7850627,54.9109015 9.7809315,54.9156233 9.7706013,54.9180794 9.7698376,54.9184403 9.7690229,54.9194101 9.7699081,54.926862 9.7636344,54.932869 9.7646989,54.9373626 9.7634124,54.9401557 9.7654209,54.9416475 9.7698312,54.9407786 9.7724848,54.9415863 9.7653974,54.9426949 9.7615342,54.9459804 9.7607951,54.9650821 9.758911,54.9718245 9.7535908,54.9782869 9.7602047,54.981564 9.7629323,54.9781266 9.7747223,54.9700444 9.786851,54.9695575 9.7907251,54.9684414 9.8131864,54.9493223 9.8199034,54.941866 9.8290355,54.9385511 9.8286823,54.9348754 9.8250355,54.9340708 9.825053,54.9330965 9.8345724,54.9335433 9.8372372,54.9314049 9.838154,54.9313744 9.8398287,54.9321057 9.8409137,54.934812 9.8424379,54.9357792 9.84375,54.9358259 9.84375,54.9361048 9.8638625,54.9409091 9.875006,54.9424282 9.8837146,54.9454238 9.883778,54.9457982 9.8805764,54.9470586 9.8760802,54.9460721 9.8725947,54.9436717 9.8557531,54.9414886 9.8469815,54.9428313 9.84375,54.9444754 9.84375,54.9447544 9.8385665,54.9465469 9.8382601,54.9468542 9.8370177,54.9492559 9.837189,54.9494745 9.84375,54.9506139 9.8502051,54.9527935 9.855942,54.9526185 9.8563714,54.9533663 9.8561583,54.9538174 9.8542284,54.9544193 9.8471633,54.9537549 9.84375,54.9545201 9.84375,54.9547991 9.8371707,54.9546986 9.8346556,54.9555736 9.833625,54.95732 9.8338104,54.9580528 9.8371012,54.9601334 9.8386986,54.9641978 9.84375,54.9656808 9.84375,54.9659597 9.845348,54.9661829 9.8467038,54.9662201 9.8498694,54.9647434 9.8549956,54.9660497 9.8531812,54.9688462 9.858762,54.9697175 9.85964,54.970754 9.8511239,54.9702578 9.8481328,54.9683861 9.8471513,54.9684848 9.84375,54.969308 9.84375,54.969587 9.8407948,54.9700469 9.8402439,54.9705364 9.8416018,54.9733258 9.8381364,54.9728558 9.8232542,54.9792063 9.8223013,54.9794081 9.7945933,54.9817883 9.7936692,54.9819189 9.782552,54.9849724 9.7814103,54.9887702 9.7861733,54.9919955 9.7945404,54.9948866 9.7786403,54.9934697 9.7762712,54.9957408 9.776455,54.9989979 9.7776396,55.0002369 9.7943501,55.0043982 9.7963128,55.0059828 9.7960829,55.0082613 9.7923846,55.0104916 9.791633,55.0106817 9.7859563,55.0112948 9.7661423,55.0108134 9.7369854,55.0077834 9.7243996,55.0091444 9.7180886,55.0072839 9.7040451,55.0066963 9.699205,55.006779 9.6934766,55.0076895 9.6928931,55.0078996 9.6923255,55.0096852 9.6918168,55.0099716 9.6768428,55.0151771 9.67039,55.0195313 9.6704032,55.0195313 9.6680312,55.0215656 9.6672947,55.0218374 9.6607599,55.0223469 9.6593019,55.0260872 9.661464,55.0287215 9.6627861,55.0291504 9.6706924,55.0309187 9.6816649,55.0312799 9.6897125,55.0336179 9.6963514,55.0376238 9.7054276,55.0369931 9.7030681,55.0329121 9.7050834,55.0317099 9.7162499,55.0318547 9.7107621,55.0367485 9.7083663,55.0368677 9.7075717,55.0388052 9.6988426,55.0387921 9.700111,55.0404348 9.7077239,55.042941 9.7072181,55.0435638 9.706148,55.0439974 9.6977589,55.0438011 9.6971951,55.0436517 9.6949946,55.041487 9.6866736,55.0382361 9.6759532,55.0386199 9.6755369,55.0384818 9.6759158,55.0370752 9.6784377,55.036026 9.6833431,55.0360137 9.6859173,55.0370821 9.6882389,55.0360887 9.6874053,55.035199 9.6840819,55.0348904 9.6789246,55.0348771 9.6621803,55.038733 9.6610925,55.0388721 9.6522399,55.0383012 9.6441892,55.0393553 9.6436667,55.0395308 9.639293,55.0431082 9.6402144,55.0520273 9.6512076,55.0538799 9.6670342,55.065365 9.6946815,55.0743638 9.6999565,55.0771068 9.7130085,55.079169 9.7216378,55.0789691 9.7438176,55.0836716 9.7524508,55.0837053 9.7603501,55.0820884 9.7713969,55.079791 9.7728034,55.0794113 9.7992866,55.069505 9.8130019,55.0657094 9.8158011,55.0646718 9.8198345,55.0627011 9.8308444,55.0538793 9.8430196,55.0482701 9.84375,55.0482701 9.84375,55.047991 9.852777,55.045297 9.861268,55.0370492 9.8711491,55.0322139 9.8790134,55.0264384 9.9007205,55.0195313 9.9023438,55.0195313 9.9092668,55.0184875 9.9170558,55.0193881 9.916871,55.0195313 9.9183238,55.0195313 9.9402874,55.0160582 9.9578295,55.0102136 9.96501,55.0063694 9.9663748,55.0053209 9.9686441,55.0018715 9.978426,54.9940348 9.9816993,54.9935191 9.9841774,54.9950212 9.986001,54.9942433 9.9842242,54.9920439 9.9850658,54.9912661 9.9862347,54.9915879 9.9892029,54.987919 9.9944673,54.9857634 10.0005367,54.9811754 10.0142692,54.9625499 10.0254563,54.9516309 10.0274674,54.9468691 10.0414634,54.9336723 10.0455539,54.9327806 10.0442796,54.9270447 10.0443786,54.9206765 10.045585,54.9165728 10.0493268,54.9090195 10.0566983,54.8980196 10.0639724,54.8958323 10.0664299,54.8930455 10.0712945,54.8790131 10.0711793,54.8775289 10.0708334,54.8769459 10.066995,54.8744037 10.0624214,54.8734025 10.0314875,54.8749928 10.0164756,54.8710645 10.0080041,54.8671317 9.9989787,54.8596545 9.9932472,54.8650742 9.9886348,54.8729166 9.9828871,54.8774902 9.9639823,54.8858546 9.954428,54.888345 9.9486187,54.8926414 9.9190224,54.9003167 9.9126287,54.9047098 9.9117512,54.9050056 9.8986645,54.9078954 9.8933851,54.9081269 9.8856697,54.9059464 9.8840008,54.9049513 9.8819689,54.9004303 9.881424,54.8998832 9.8792995,54.8992239 9.8768485,54.899262 9.8795557,54.9007136 9.8765666,54.9016422 9.8439927,54.8903753 9.84375,54.8903459</coordinates></LinearRing></innerBoundaryIs><innerBoundaryIs><LinearRing><coordinates>9.8291301,54.9724869 9.8300338,54.9729689 9.8319575,54.9725499 9.83245,54.9721864 9.8340528,54.9702893 9.8333693,54.9701715 9.8295695,54.9716442 9.8291301,54.9724869</coordinates></LinearRing></innerBoundaryIs><innerBoundaryIs><LinearRing><coordinates>10.1248776,55.049947 10.1263592,55.0526382 10.1268022,55.0529835 10.131779,55.0529855 10.1363106,55.0548708 10.1327304,55.0571346 10.143467,55.0645159 10.1449794,55.0631659 10.1404731,55.0609257 10.1383291,55.0573394 10.137991,55.0560876 10.138656,55.0536625 10.1399662,55.0523269 10.1455385,55.050648 10.1479011,55.0501481 10.1534899,55.049737 10.1580201,55.0499527 10.1732035,55.0473965 10.1738871,55.0472099 10.1764255,55.045928 10.1787298,55.0425491 10.1785092,55.0421791 10.1730508,55.0417294 10.1771526,55.0403562 10.1712973,55.0362288 10.17058,55.0360196 10.1483533,55.0322675 10.1451499,55.0322374 10.1422997,55.0326817 10.138377,55.0345075 10.1377015,55.0348948 10.1327831,55.0398043 10.1269706,55.042412 10.1266853,55.0426928 10.1252942,55.0483663 10.1248776,55.049947</coordinates></LinearRing></innerBoundaryIs><innerBoundaryIs><LinearRing><coordinates>10.2401146,55.0630029 10.2361053,55.0660061 10.2356951,55.071196 10.2467268,55.0683306 10.2582943,55.0627676 10.2606136,55.0580928 10.2622339,55.0569977 10.2661285,55.0539423 10.2558602,55.055553 10.2401146,55.0630029</coordinates></LinearRing></innerBoundaryIs><innerBoundaryIs><LinearRing><coordinates>10.3275135,55.0407366 10.3329535,55.0406736 10.3348937,55.0397819 10.3349806,55.0394858 10.3276054,55.0370208 10.3266259,55.0369061 10.3239864,55.0371239 10.3219419,55.0383188 10.3235523,55.0400769 10.3275135,55.0407366</coordinates></LinearRing></innerBoundaryIs><innerBoundaryIs><LinearRing><coordinates>10.2559013,55.036096 10.266319,55.0307697 10.2670449,55.0302181 10.2713724,55.0255755 10.2834466,55.0195313 10.284898,55.0195313 10.293727,55.0187479 10.297159,55.0194116 10.2970041,55.0195313 10.2989411,55.0195313 10.3057526,55.0176594 10.3122891,55.0131469 10.3169442,55.0119183 10.3176292,55.0118353 10.3324486,55.0164415 10.336112,55.0164608 10.340535,55.009905 10.3397802,55.0050896 10.3292063,55.0044641 10.3234262,55.0073043 10.3103199,55.0096875 10.3095822,55.0099436 10.3035414,55.0147879 10.2928023,55.0183867 10.265848,55.0173672 10.2529377,55.0195313 10.252283,55.0195313 10.2377477,55.0303056 10.2400492,55.0302824 10.2424721,55.03227 10.2389174,55.036321 10.2396837,55.0380588 10.2398643,55.0382593 10.2516092,55.0395786 10.2536495,55.039398 10.2559013,55.036096</coordinates></LinearRing></innerBoundaryIs><innerBoundaryIs><LinearRing><coordinates>10.5641778,55.0251107 10.5703293,55.02628 10.5731792,55.0280348 10.5730712,55.0305343 10.5788056,55.0321952 10.5837675,55.0355145 10.5899827,55.0375791 10.5964862,55.0377259 10.6059417,55.0459387 10.6245739,55.0525814 10.6226544,55.0523936 10.6204071,55.0541639 10.6205943,55.0552636 10.6213902,55.0553441 10.625042,55.0545661 10.6307071,55.0550532 10.6369065,55.0534012 10.6378016,55.051158 10.6341708,55.0487446 10.6397933,55.0473837 10.6437106,55.0447311 10.6434808,55.0405838 10.6385709,55.0370249 10.644787,55.0350004 10.6496201,55.0350543 10.6574101,55.0333253 10.6570404,55.0285894 10.6599061,55.0253372 10.6597646,55.0246902 10.6572272,55.0218648 10.6567599,55.0215948 10.6501039,55.0195313 10.6495351,55.0195313 10.6484416,55.0182714 10.639047,55.0048693 10.6383463,54.9981863 10.6364092,54.9959542 10.6359752,54.9954731 10.6317369,54.9937283 10.6260763,54.9930596 10.6239166,54.9905359 10.6264052,54.9853445 10.6322038,54.9815092 10.645169,54.9807775 10.6548868,54.9781762 10.6667848,54.9844987 10.6679896,54.9897629 10.6714513,54.9945348 10.6783849,54.9955829 10.6836261,54.9981318 10.6927626,54.996912 10.6935058,54.993789 10.6907355,54.9917666 10.6905622,54.9885904 10.6868761,54.9864666 10.6896213,54.978652 10.6896545,54.9783908 10.688772,54.9736347 10.6869915,54.9720937 10.6847023,54.9740587 10.6706868,54.9739751 10.6531821,54.9718395 10.6439121,54.9640362 10.6330893,54.9615926 10.628996,54.9555362 10.623544,54.9531693 10.6204019,54.9481035 10.6125278,54.9489784 10.6025782,54.9533745 10.5875653,54.9553047 10.5770487,54.955371 10.5760759,54.9533927 10.5798,54.9517297 10.5783705,54.9498125 10.5798568,54.9486159 10.5701708,54.9485846 10.5678718,54.946822 10.5553319,54.9427018 10.5547951,54.9426878 10.5537596,54.9440826 10.5537723,54.9448571 10.5551705,54.9475898 10.5586705,54.9488269 10.561694,54.9485821 10.5666412,54.9519674 10.5635387,54.9515613 10.5628846,54.952527 10.5568506,54.9533714 10.5539216,54.9517245 10.549968,54.9518183 10.5477974,54.9544148 10.5506573,54.9580972 10.5511065,54.9607996 10.5499339,54.9624701 10.546875,54.9640065 10.546875,54.9642857 10.5296288,54.9721988 10.52564,54.9758948 10.5249285,54.976912 10.524235,54.9836046 10.5255157,54.9897639 10.5235817,54.9925892 10.5285975,54.9950982 10.5336896,54.9948637 10.5351055,54.9964038 10.524242,54.9965757 10.5183119,54.9985105 10.5140024,55.0046037 10.5141723,55.0075055 10.5175781,55.0092076 10.5296661,55.0078853 10.5326653,55.0084919 10.5402759,55.0152261 10.5418357,55.0161567 10.5451725,55.0162414 10.5452586,55.0168906 10.546875,55.0172991 10.5581548,55.0211991 10.5641778,55.0251107</coordinates></LinearRing></innerBoundaryIs><innerBoundaryIs><LinearRing><coordinates>10.7004251,55.0550404 10.702189,55.0543476 10.7073996,55.0529985 10.7085253,55.0522873 10.7109236,55.0487502 10.7110697,55.044484 10.7156863,55.0378129 10.7159323,55.0298964 10.709125,55.0306154 10.7009904,55.0340894 10.684418,55.0296061 10.6681476,55.0297498 10.6684939,55.0337216 10.670966,55.0367838 10.6911649,55.037697 10.6998436,55.0396302 10.700164,55.0411857 10.6658781,55.0414059 10.653281,55.0378532 10.6526291,55.0378228 10.6507446,55.038448 10.6499608,55.039292 10.6504667,55.0420198 10.6467454,55.0485593 10.6513776,55.0512307 10.6553148,55.0518678 10.6534792,55.0540566 10.6560897,55.0521297 10.6712337,55.0499737 10.692745,55.054215 10.7004251,55.0550404</coordinates></LinearRing></innerBoundaryIs><innerBoundaryIs><LinearRing><coordinates>10.6670874,54.9577738 10.6650608,54.9584187 10.6650823,54.9587048 10.6662292,54.960757 10.6683708,54.9613198 10.6794488,54.9584819 10.685312,54.9600329 10.6961085,54.9578123 10.7017765,54.9558598 10.7018541,54.9497641 10.7013649,54.9492788 10.6987082,54.9492797 10.6950489,54.9503808 10.6907713,54.9490472 10.685376,54.9545723 10.6796402,54.9540789 10.6783565,54.9572634 10.6670874,54.9577738</coordinates></LinearRing></innerBoundaryIs><innerBoundaryIs><LinearRing><coordinates>10.5878444,54.9480224 10.5879757,54.9474391 10.5862061,54.9472228 10.5808367,54.9494069 10.5818831,54.9510567 10.5821317,54.9512116 10.5867695,54.9486147 10.5878444,54.9480224</coordinates></LinearRing></innerBoundaryIs><innerBoundaryIs><LinearRing><coordinates>10.4844126,54.9584957 10.4834127,54.9584923 10.4808627,54.9592831 10.4667301,54.9677618 10.4707155,54.9677256 10.4715002,54.9657809 10.4779931,54.9645143 10.4768316,54.9667416 10.49081,54.9657403 10.4909924,54.9670351 10.493872,54.9671561 10.4946386,54.9680591 10.495314,54.9684755 10.4964387,54.9676555 10.4969997,54.9669724 10.4971036,54.9653875 10.4907324,54.9617581 10.4900405,54.9610983 10.4900343,54.9591705 10.4844126,54.9584957</coordinates></LinearRing></innerBoundaryIs><innerBoundaryIs><LinearRing><coordinates>10.4217244,54.9624027 10.4204547,54.962525 10.4124373,54.9657876 10.4075549,54.9692827 10.3974683,54.9729737 10.3903517,54.977106 10.385771,54.9776043 10.3809574,54.9766469 10.3745396,54.9733392 10.3734045,54.971224 10.3726369,54.970993 10.3696408,54.9707417 10.3654265,54.9718152 10.3614568,54.9768269 10.3623182,54.9780194 10.3658375,54.9791857 10.3671575,54.9792929 10.3741053,54.9780393 10.3752604,54.9782389 10.3776568,54.9795243 10.3800418,54.9815716 10.3846756,54.9824603 10.3855723,54.982389 10.3860356,54.9822518 10.3856515,54.9791111 10.3860577,54.9788216 10.3892837,54.9781671 10.4025104,54.9769135 10.4083889,54.9784367 10.4120222,54.9749255 10.4138914,54.9744794 10.4148339,54.9744081 10.4232455,54.9749355 10.4248461,54.9759488 10.4256696,54.9770805 10.4237176,54.9815142 10.4254318,54.9814459 10.4380823,54.9743 10.440726,54.9708143 10.4271255,54.962658 10.4217244,54.9624027</coordinates></LinearRing></innerBoundaryIs><innerBoundaryIs><LinearRing><coordinates>10.4932206,54.9721285 10.4987891,54.9762222 10.500582,54.9753129 10.4990582,54.9734163 10.5002351,54.9713928 10.4976609,54.9696171 10.4968411,54.9696829 10.4932206,54.9721285</coordinates></LinearRing></innerBoundaryIs><innerBoundaryIs><LinearRing><coordinates>10.5127261,54.9628273 10.5157061,54.9646589 10.5162303,54.962168 10.5157998,54.9616553 10.5145659,54.9615257 10.5127207,54.9624356 10.5127261,54.9628273</coordinates></LinearRing></innerBoundaryIs><innerBoundaryIs><LinearRing><coordinates>10.5264106,54.9624913 10.5224102,54.959859 10.5204591,54.9594125 10.5185465,54.959572 10.5185751,54.9603298 10.5251288,54.962633 10.5264106,54.9624913</coordinates></LinearRing></innerBoundaryIs><innerBoundaryIs><LinearRing><coordinates>10.4235659,54.9827858 10.4227418,54.9824719 10.421531,54.9828279 10.4200273,54.9834605 10.4200444,54.9836339 10.4217145,54.9847176 10.4235446,54.9831684 10.4235659,54.9827858</coordinates></LinearRing></innerBoundaryIs><innerBoundaryIs><LinearRing><coordinates>10.4563375,54.9992281 10.4534912,55.0020438 10.4533789,55.0062708 10.4598075,55.0103499 10.4633626,55.0154113 10.4675467,55.010774 10.4735953,55.0098979 10.4769425,55.0080974 10.4812597,55.0080914 10.4880794,55.0039557 10.4899306,55.0023007 10.4896135,55.0020539 10.4836038,55.0039222 10.4752967,55.003831 10.4674937,54.9990789 10.4563375,54.9992281</coordinates></LinearRing></innerBoundaryIs><innerBoundaryIs><LinearRing><coordinates>10.4951863,54.9331685 10.4955919,54.9346915 10.5006355,54.9396322 10.5024954,54.935096 10.5075784,54.9331443 10.5106767,54.9303452 10.5207108,54.9256761 10.5112121,54.9274257 10.4984998,54.9267677 10.4971122,54.9298182 10.4951863,54.9331685</coordinates></LinearRing></innerBoundaryIs><innerBoundaryIs><LinearRing><coordinates>10.5919204,54.9218349 10.588683,54.9209704 10.5878199,54.9210711 10.5892572,54.9229574 10.5923616,54.9244583 10.5919204,54.9218349</coordinates></LinearRing></innerBoundaryIs><innerBoundaryIs><LinearRing><coordinates>10.4860818,54.923075 10.4839793,54.9230192 10.4854664,54.9193549 10.4890667,54.9183102 10.4907224,54.9149683 10.4904361,54.9147474 10.4789555,54.9162656 10.4747685,54.9175608 10.4748042,54.9181306 10.4769846,54.9217808 10.4793615,54.9234926 10.4820334,54.9244179 10.4846739,54.9238015 10.4860818,54.923075</coordinates></LinearRing></innerBoundaryIs><innerBoundaryIs><LinearRing><coordinates>10.611867,54.9191099 10.6164519,54.9187804 10.6184089,54.9178168 10.6214443,54.9169462 10.6227407,54.9152244 10.6200311,54.9112602 10.6200444,54.9078661 10.6248178,54.903639 10.6302025,54.9037396 10.6255282,54.9022878 10.6254721,54.8980516 10.6218591,54.8946999 10.6111214,54.8895819 10.6079155,54.8908854 10.6060483,54.8904098 10.6020081,54.8960336 10.597257,54.8994426 10.5994149,54.9020042 10.5929348,54.9058132 10.5915396,54.9077718 10.5898002,54.9095159 10.5896147,54.9114187 10.5898004,54.9122651 10.5919915,54.9144052 10.6067661,54.9181808 10.611867,54.9191099</coordinates></LinearRing></innerBoundaryIs><innerBoundaryIs><LinearRing><coordinates>10.5021517,54.8872839 10.5080425,54.8869631 10.5092514,54.8848774 10.5062737,54.8839725 10.4957337,54.8873637 10.4870706,54.8881139 10.4788951,54.8899164 10.4779649,54.8904564 10.4799038,54.8908854 10.4919015,54.8900249 10.5021517,54.8872839</coordinates></LinearRing></innerBoundaryIs><innerBoundaryIs><LinearRing><coordinates>10.4713016,54.8917785 10.4636954,54.8925421 10.4635741,54.8928564 10.4694746,54.8934811 10.4712994,54.8931593 10.4713016,54.8917785</coordinates></LinearRing></innerBoundaryIs><innerBoundaryIs><LinearRing><coordinates>10.5827628,54.9000421 10.5843657,54.8985927 10.5844855,54.8981419 10.5824376,54.8951802 10.5768445,54.8956887 10.5714374,54.8976101 10.5706615,54.8982639 10.5710469,54.9001586 10.5758424,54.9021066 10.5764539,54.9020309 10.5827628,54.9000421</coordinates></LinearRing></innerBoundaryIs><innerBoundaryIs><LinearRing><coordinates>10.4265016,54.8995323 10.4286835,54.8967701 10.4287064,54.896481 10.4270507,54.8957933 10.4250329,54.8959639 10.4202915,54.8979274 10.4201586,54.8980187 10.4210382,54.8985403 10.4237843,54.9001588 10.4259382,54.8997277 10.4265016,54.8995323</coordinates></LinearRing></innerBoundaryIs><innerBoundaryIs><LinearRing><coordinates>10.546875,54.9012277 10.546875,54.9015065 10.5428078,54.902649 10.5372258,54.9072788 10.5371681,54.9074589 10.540696,54.9078315 10.546875,54.9076451 10.5471236,54.907747 10.5477699,54.9053473 10.5476846,54.9047247 10.5453635,54.9043365 10.5476913,54.9012057 10.546875,54.9012277</coordinates></LinearRing></innerBoundaryIs><innerBoundaryIs><LinearRing><coordinates>10.4988116,54.9114571 10.4968619,54.9108704 10.4960238,54.9107391 10.4940273,54.9128181 10.4982523,54.9125373 10.4988116,54.9114571</coordinates></LinearRing></innerBoundaryIs><innerBoundaryIs><LinearRing><coordinates>10.4691863,54.914534 10.4651521,54.9156048 10.4678938,54.9176882 10.4675606,54.9160727 10.4696065,54.9146436 10.4691863,54.914534</coordinates></LinearRing></innerBoundaryIs><innerBoundaryIs><LinearRing><coordinates>10.4376469,54.8791633 10.4377843,54.878691 10.4366021,54.8784953 10.4296144,54.8821264 10.4376469,54.8791633</coordinates></LinearRing></innerBoundaryIs><innerBoundaryIs><LinearRing><coordinates>10.5287358,54.8504221 10.5320818,54.850419 10.5360194,54.8484032 10.5381958,54.8469079 10.535696,54.8464303 10.5333929,54.8463075 10.5328836,54.8465061 10.5287358,54.8504221</coordinates></LinearRing></innerBoundaryIs><innerBoundaryIs><LinearRing><coordinates>10.5841135,54.8502293 10.5870351,54.8494222 10.5928272,54.8438818 10.5928783,54.84375 10.5947558,54.8435059 10.5975115,54.84375 10.5978324,54.841416 10.596886,54.8412796 10.5934082,54.8415424 10.5907599,54.84375 10.5899729,54.84375 10.5895209,54.8459542 10.5837197,54.8500919 10.5841135,54.8502293</coordinates></LinearRing></innerBoundaryIs><innerBoundaryIs><LinearRing><coordinates>10.6919856,54.8818885 10.6911027,54.8769587 10.6904151,54.876783 10.6878182,54.8801163 10.6919856,54.8818885</coordinates></LinearRing></innerBoundaryIs><innerBoundaryIs><LinearRing><coordinates>10.7133873,54.8814563 10.7140011,54.8813862 10.7134531,54.8783525 10.7127903,54.8801348 10.7133873,54.8814563</coordinates></LinearRing></innerBoundaryIs><innerBoundaryIs><LinearRing><coordinates>10.7085359,54.8795547 10.7084496,54.8792371 10.7052741,54.8777887 10.7034082,54.8776582 10.7026981,54.8779777 10.701906,54.8790944 10.702461,54.8794221 10.704818,54.8799891 10.7062489,54.8798414 10.7085359,54.8795547</coordinates></LinearRing></innerBoundaryIs><innerBoundaryIs><LinearRing><coordinates>9.5734298,55.1149774 9.5718677,55.1125066 9.5713627,55.1120094 9.5680547,55.1109523 9.5669711,55.1108565 9.5593429,55.1120837 9.555159,55.1115201 9.5543748,55.1119523 9.552621,55.1142643 9.5524828,55.1176631 9.5464699,55.1193687 9.5451558,55.1201673 9.5445288,55.1213053 9.5446482,55.1238527 9.5451574,55.1244375 9.5497277,55.1295797 9.5536994,55.1306098 9.5542398,55.1305087 9.5637295,55.1287277 9.56639,55.1242539 9.5726197,55.1199194 9.5738686,55.1160434 9.5734298,55.1149774</coordinates></LinearRing></innerBoundaryIs><innerBoundaryIs><LinearRing><coordinates>10.0004621,55.1243007 9.9846807,55.1292357 9.9769264,55.1332293 9.9770094,55.1352311 9.9868286,55.1407701 9.9907511,55.1481684 9.9907511,55.152422 9.9821768,55.1677097 9.9848648,55.1797287 9.9869742,55.176234 9.9872648,55.1759353 9.9925606,55.1791108 9.9951463,55.1791813 9.9914401,55.1751075 9.9967052,55.1668043 10.0131094,55.1596645 10.0175509,55.1542503 10.0290728,55.1466503 10.0379083,55.1366746 10.0439292,55.1327449 10.041253,55.1284655 10.0331473,55.1237316 10.0293411,55.1237249 10.0303915,55.1226289 10.030111,55.1223186 10.0290704,55.1218762 10.0246474,55.120051 10.0241553,55.1199487 10.0042588,55.1232769 10.0004621,55.1243007</coordinates></LinearRing></innerBoundaryIs><innerBoundaryIs><LinearRing><coordinates>10.1109124,55.1433911 10.1217873,55.1478674 10.1167907,55.143445 10.1116086,55.1426301 10.1105849,55.1428045 10.1109124,55.1433911</coordinates></LinearRing></innerBoundaryIs><innerBoundaryIs><LinearRing><coordinates>10.098169,55.138332 10.1061891,55.14157 10.1034893,55.1387013 10.0995165,55.1378562 10.0980433,55.1380053 10.098169,55.138332</coordinates></LinearRing></innerBoundaryIs><innerBoundaryIs><LinearRing><coordinates>10.0995497,55.1364965 10.1084282,55.1338454 10.112748,55.1330587 10.1126146,55.1327277 10.1058356,55.1306165 10.0972722,55.1322007 10.0955735,55.1308512 10.0930297,55.1320375 10.089347,55.1308608 10.0688804,55.130927 10.0648208,55.1300951 10.0608054,55.1311171 10.0710539,55.1325041 10.0901318,55.1323968 10.0938416,55.134033 10.0995497,55.1364965</coordinates></LinearRing></innerBoundaryIs><innerBoundaryIs><LinearRing><coordinates>10.1213281,55.1216096 10.1189882,55.1208432 10.1167049,55.1181734 10.115923,55.118046 10.1155219,55.1186379 10.1174551,55.1217887 10.1213281,55.1216096</coordinates></LinearRing></innerBoundaryIs><innerBoundaryIs><LinearRing><coordinates>9.7593451,55.2489882 9.7542586,55.2482553 9.7469018,55.2475528 9.7405081,55.248332 9.729977,55.2531968 9.7257084,55.2577108 9.7286767,55.2609956 9.7322732,55.2618864 9.7270097,55.2645845 9.7266306,55.2700304 9.7360981,55.2730907 9.7534922,55.2740068 9.7578408,55.2713255 9.7591382,55.261283 9.7597919,55.2607485 9.760784,55.258576 9.7679375,55.2571234 9.7627167,55.2508667 9.7593451,55.2489882</coordinates></LinearRing></innerBoundaryIs><innerBoundaryIs><LinearRing><coordinates>9.7754477,55.2677183 9.7756803,55.2690125 9.7727334,55.274043 9.7721699,55.2765592 9.7753208,55.2753063 9.7786282,55.2704681 9.7790778,55.2688012 9.778168,55.2670773 9.7756001,55.2621177 9.7731758,55.2605217 9.7707273,55.2599344 9.7634859,55.2612941 9.7628492,55.2621619 9.76294,55.2627172 9.7653683,55.2647637 9.7657378,55.2649128 9.7688359,55.2641522 9.7712286,55.2663542 9.773072,55.2659223 9.7749825,55.2669743 9.7754477,55.2677183</coordinates></LinearRing></innerBoundaryIs><innerBoundaryIs><LinearRing><coordinates>9.7702614,55.2834798 9.7694848,55.2831821 9.7675976,55.283914 9.7676975,55.2855982 9.7681196,55.285912 9.7716196,55.2853031 9.7702614,55.2834798</coordinates></LinearRing></innerBoundaryIs><innerBoundaryIs><LinearRing><coordinates>9.7180439,55.2878243 9.7166785,55.2877113 9.7101814,55.2896822 9.715499,55.2898539 9.7180516,55.2880694 9.7180439,55.2878243</coordinates></LinearRing></innerBoundaryIs><innerBoundaryIs><LinearRing><coordinates>9.7979079,55.2952917 9.7948865,55.2980375 9.796189,55.306473 9.794781,55.3103632 9.7895222,55.3160245 9.7895257,55.3165247 9.7939537,55.3219883 9.7962359,55.3242224 9.800366,55.3246269 9.8069456,55.3232352 9.8042445,55.3206518 9.8044655,55.3201805 9.8060606,55.3190294 9.8118984,55.3188239 9.8116581,55.3229339 9.80967,55.3238246 9.8101102,55.3240865 9.8182153,55.3262264 9.822993,55.3246953 9.8271285,55.3214126 9.8272892,55.3210853 9.8304164,55.3101377 9.8299133,55.3028296 9.8269602,55.3001289 9.8189313,55.298641 9.8102875,55.298448 9.8088928,55.3002191 9.8088216,55.2986875 9.8041114,55.296307 9.7979079,55.2952917</coordinates></LinearRing></innerBoundaryIs><innerBoundaryIs><LinearRing><coordinates>9.792335,55.3259519 9.7846307,55.3272297 9.7856389,55.3303292 9.7875797,55.332134 9.7889348,55.3326542 9.7914292,55.3315947 9.7885081,55.3313153 9.7878199,55.3280028 9.7934968,55.326263 9.7933114,55.3260527 9.792335,55.3259519</coordinates></LinearRing></innerBoundaryIs><innerBoundaryIs><LinearRing><coordinates>9.7135999,55.3630238 9.717068,55.3611346 9.7209986,55.3575557 9.7213104,55.3560966 9.7207798,55.3556092 9.7094694,55.3533756 9.7048363,55.3512648 9.7038584,55.3510787 9.6993439,55.3509701 9.6873584,55.3564739 9.6875623,55.3568186 9.6952922,55.3620456 9.6959505,55.3623545 9.7012974,55.3644139 9.7059886,55.3647058 9.707509,55.3644679 9.7135999,55.3630238</coordinates></LinearRing></innerBoundaryIs><innerBoundaryIs><LinearRing><coordinates>9.6924613,55.4972904 9.694723,55.493807 9.7036448,55.4866394 9.7152247,55.4848489 9.7149584,55.478339 9.7087851,55.4760339 9.6966538,55.473845 9.6886121,55.4766803 9.6870486,55.4817014 9.675457,55.4912151 9.6771675,55.4981844 9.6779654,55.4993188 9.6791604,55.4997724 9.6838881,55.4985189 9.6924613,55.4972904</coordinates></LinearRing></innerBoundaryIs><innerBoundaryIs><LinearRing><coordinates>9.5061395,54.8586111 9.5079255,54.8590959 9.5117965,54.8564461 9.5093195,54.8562372 9.5072443,54.8576341 9.5061395,54.8586111</coordinates></LinearRing></innerBoundaryIs><innerBoundaryIs><LinearRing><coordinates>9.5044311,54.8570842 9.5050915,54.8562456 9.5039862,54.8558601 9.5011976,54.8562253 9.5005811,54.8568654 9.50146,54.8574105 9.5029076,54.8572547 9.5044311,54.8570842</coordinates></LinearRing></innerBoundaryIs><innerBoundaryIs><LinearRing><coordinates>9.7122476,54.4938073 9.7129081,54.4936906 9.7140753,54.4921875 9.7107133,54.4921875 9.7105271,54.4931942 9.7122476,54.4938073</coordinates></LinearRing></innerBoundaryIs><innerBoundaryIs><LinearRing><coordinates>11.0170658,54.4921875 11.0281703,54.5090638 11.0371872,54.5185512 11.0440503,54.523532 11.0622839,54.5343986 11.0641056,54.5351231 11.0683732,54.5362458 11.0689619,54.5361826 11.072562,54.5327756 11.079807,54.5312786 11.0862256,54.5307717 11.0952832,54.5309027 11.1359206,54.5242003 11.1707789,54.5213816 11.1877675,54.5155917 11.1900085,54.5116742 11.1931632,54.5104361 11.2171372,54.5044938 11.2233809,54.5042632 11.2240133,54.5043864 11.2285739,54.5070121 11.2306941,54.5075116 11.2321895,54.5073442 11.2338135,54.5066828 11.2349941,54.5052582 11.2338159,54.4998798 11.2340596,54.4990621 11.2353053,54.4977976 11.2416435,54.4946084 11.2427434,54.4931402 11.2427958,54.4921875 11.2428252,54.4921875 11.2428807,54.4889795 11.25,54.4746093 11.2527207,54.4713635 11.2681254,54.4638886 11.2706362,54.4594187 11.2762922,54.4560511 11.2763577,54.4516758 11.2795671,54.4459763 11.2874974,54.4378933 11.2965238,54.4329025 11.2967803,54.4325519 11.3017015,54.4198855 11.3059045,54.416027 11.3077492,54.4116619 11.3116567,54.4092854 11.3135188,54.4030811 11.3129835,54.4019041 11.3110216,54.4012793 11.2871358,54.4038101 11.2791388,54.4049218 11.2580069,54.4105688 11.25,54.4115514 11.2443029,54.412026 11.2192655,54.4117438 11.2128752,54.4110594 11.200983,54.4091209 11.197414,54.4074543 11.1996315,54.4063898 11.1980664,54.4060616 11.1943821,54.4080793 11.193489,54.4124525 11.2104226,54.4133009 11.2109938,54.4142087 11.2070661,54.4158322 11.2113299,54.41626 11.2112635,54.4170978 11.204007,54.4176741 11.1959087,54.419856 11.1919653,54.4188197 11.1903617,54.4188354 11.1856875,54.4200999 11.177476,54.419945 11.1734397,54.4194053 11.1728079,54.4189889 11.1684715,54.413758 11.1660045,54.4128774 11.1659096,54.4122252 11.1664332,54.4113463 11.1803306,54.4048221 11.1806252,54.403329 11.177561,54.4015548 11.1770982,54.4014291 11.1586343,54.4010355 11.1364276,54.4030948 11.1204851,54.4025528 11.1190732,54.4027945 11.1077182,54.4070193 11.0950944,54.4092692 11.0972682,54.4184752 11.0950826,54.4223173 11.1016701,54.4292688 11.1017218,54.4323381 11.1011508,54.4355168 11.0963073,54.4385091 11.0968856,54.4434975 11.0947934,54.4452358 11.0865875,54.4443533 11.0850313,54.4456844 11.0871378,54.4477626 11.0787488,54.4494531 11.0761548,54.4489771 11.0758359,54.4457198 11.07416,54.4449753 11.0724595,54.4502209 11.0637459,54.4525598 11.0540196,54.4499205 11.0532836,54.4459599 11.0511351,54.4448148 11.0479289,54.4472506 11.044764,54.4474704 11.0329865,54.445317 11.0304921,54.4426244 11.0249394,54.4443675 11.0221787,54.4436265 11.0218341,54.4380749 11.0283169,54.4357551 11.0327916,54.4362177 11.0383419,54.4311121 11.0458621,54.4291868 11.0432442,54.4283493 11.0090153,54.4412965 11.0056535,54.4447736 11.0042685,54.449917 11.0073293,54.4584157 11.0093942,54.4761285 11.0118492,54.4805788 11.0104941,54.4821736 11.0161031,54.4921875 11.0170658,54.4921875</coordinates></LinearRing></innerBoundaryIs><innerBoundaryIs><LinearRing><coordinates>11.0910749,54.4372993 11.0886093,54.4355969 11.081158,54.4381438 11.0826631,54.4385238 11.0875192,54.43843 11.0910749,54.4372993</coordinates></LinearRing></innerBoundaryIs><innerBoundaryIs><LinearRing><coordinates>10.1385303,54.3673241 10.1450413,54.3678199 10.1455451,54.3679832 10.1469053,54.3684123 10.1475267,54.3682427 10.1482393,54.3664467 10.1478449,54.3662106 10.1436936,54.3662241 10.1385303,54.3673241</coordinates></LinearRing></innerBoundaryIs><innerBoundaryIs><LinearRing><coordinates>11.5114735,54.040089 11.5114666,54.0544728 11.5133686,54.0586556 11.5230491,54.0695046 11.5240778,54.0684927 11.5185369,54.0629193 11.5165066,54.0581355 11.5153377,54.0541852 11.5153344,54.0534867 11.5175498,54.0486991 11.5159411,54.04694 11.5150145,54.0383955 11.5145509,54.0381114 11.5134093,54.0380785 11.5122226,54.0385292 11.5114735,54.040089</coordinates></LinearRing></innerBoundaryIs><innerBoundaryIs><LinearRing><coordinates>11.4889709,54.0281287 11.494101,54.03125 11.4956521,54.031692 11.4985046,54.030569 11.4990476,54.0298979 11.4988275,54.0294954 11.495768,54.0277388 11.4959064,54.0243641 11.4865094,54.0246825 11.4889709,54.0281287</coordinates></LinearRing></innerBoundaryIs><innerBoundaryIs><LinearRing><coordinates>10.9104508,53.908793 10.9122267,53.9083982 10.9149966,53.908127 10.9147503,53.90763 10.9108965,53.9072092 10.9097813,53.9076921 10.9104508,53.908793</coordinates></LinearRing></innerBoundaryIs><innerBoundaryIs><LinearRing><coordinates>11.4274805,53.9431432 11.4284999,53.9423999 11.4281926,53.9390342 11.4269285,53.9386657 11.4231581,53.9421186 11.4274805,53.9431432</coordinates></LinearRing></innerBoundaryIs><innerBoundaryIs><LinearRing><coordinates>11.4665538,53.9641113 11.4664187,53.9648437 11.4663461,53.9648437 11.4675366,53.9672697 11.4692593,53.9678298 11.4697908,53.9664925 11.4677492,53.9649926 11.4677695,53.9648437 11.4678364,53.9648437 11.4668239,53.9640415 11.4665538,53.9641113</coordinates></LinearRing></innerBoundaryIs><innerBoundaryIs><LinearRing><coordinates>11.7011899,55.1530752 11.7006722,55.1528158 11.6994296,55.152899 11.696999,55.1544077 11.6975235,55.1557267 11.7020707,55.1549557 11.7011899,55.1530752</coordinates></LinearRing></innerBoundaryIs><innerBoundaryIs><LinearRing><coordinates>11.6909713,55.1713262 11.6874554,55.1726111 11.6871051,55.1730356 11.6857497,55.1756864 11.690262,55.1779006 11.6878119,55.179975 11.6939327,55.1891301 11.7003357,55.1927853 11.7008371,55.1934994 11.7008959,55.1953125 11.7008213,55.1953125 11.7003678,55.2010452 11.7006981,55.2014019 11.7059926,55.2022109 11.7066221,55.2021449 11.7127292,55.2000422 11.7157613,55.1976426 11.716543,55.1974636 11.7298485,55.1954545 11.72967,55.1953125 11.7310855,55.1953125 11.7320106,55.1940093 11.7305949,55.190364 11.7223938,55.184563 11.7221769,55.1842979 11.7212182,55.1784718 11.7183729,55.1775616 11.7203212,55.1731861 11.7180578,55.1718664 11.7165633,55.1713579 11.7158641,55.1713721 11.7110822,55.1733515 11.70548,55.1740375 11.6990697,55.1736494 11.6952114,55.1713055 11.6909713,55.1713262</coordinates></LinearRing></innerBoundaryIs><innerBoundaryIs><LinearRing><coordinates>11.6758246,55.1887888 11.6763333,55.1906933 11.6822602,55.192571 11.6871548,55.1919317 11.6862392,55.1907442 11.6865342,55.1906219 11.6899741,55.1906943 11.6809436,55.1877129 11.6758246,55.1887888</coordinates></LinearRing></innerBoundaryIs><innerBoundaryIs><LinearRing><coordinates>11.7150832,55.1993633 11.7155219,55.2008157 11.7175804,55.2008612 11.7186645,55.2005066 11.718841,55.1984472 11.7154157,55.1989995 11.7150832,55.1993633</coordinates></LinearRing></innerBoundaryIs><innerBoundaryIs><LinearRing><coordinates>10.1728222,55.6459972 10.1832829,55.6430402 10.1868368,55.6429077 10.1895987,55.6422431 10.1917759,55.6378405 10.1898907,55.6358033 10.1835768,55.6333159 10.1806875,55.6294771 10.1694134,55.6351402 10.1628029,55.6413304 10.1618143,55.646275 10.1718581,55.6461365 10.1728222,55.6459972</coordinates></LinearRing></innerBoundaryIs><innerBoundaryIs><LinearRing><coordinates>10.3101594,55.741322 10.2963882,55.7454221 10.2826555,55.7480174 10.2690178,55.7472785 10.2583822,55.7479748 10.2482551,55.7466223 10.2409788,55.747883 10.2389185,55.7490422 10.2385163,55.7506568 10.2414296,55.7561113 10.2417504,55.756587 10.2483786,55.7606791 10.2674288,55.7592415 10.2720048,55.7596707 10.2718905,55.7614517 10.2728821,55.7589626 10.2775346,55.7591772 10.2912039,55.7622473 10.3011149,55.7625077 10.2992249,55.7654442 10.2968355,55.7660486 10.2966264,55.7663159 10.2974423,55.7705833 10.2978632,55.771413 10.305392,55.777505 10.3038812,55.7816612 10.3107367,55.790362 10.3120353,55.7910783 10.3128515,55.7908993 10.3236774,55.7802675 10.3283814,55.7686805 10.3220038,55.7454379 10.3101594,55.741322</coordinates></LinearRing></innerBoundaryIs><innerBoundaryIs><LinearRing><coordinates>10.546875,55.7709264 10.546875,55.7714843 10.5390348,55.7782708 10.5393811,55.7810336 10.5306073,55.7893147 10.5278598,55.795042 10.5276161,55.7956703 10.5276703,55.7963825 10.5301697,55.7970411 10.5299116,55.8042231 10.5256379,55.8215483 10.5289254,55.8505651 10.5308734,55.8529078 10.5316063,55.8533326 10.5445628,55.8594238 10.546875,55.8616071 10.5481514,55.8631142 10.5493644,55.8634607 10.574445,55.8644456 10.5832284,55.8674006 10.5932413,55.8797441 10.5957704,55.8869354 10.5956132,55.8952723 10.5972533,55.8984375 10.6015216,55.9058474 10.6015214,55.9063529 10.5986454,55.9144585 10.5938087,55.9207596 10.591024,55.9241251 10.5829529,55.9287775 10.5657864,55.9358156 10.5575515,55.9381444 10.5564144,55.93827 10.5545636,55.938364 10.5515522,55.93689 10.546875,55.9377789 10.546875,55.9375 10.535143,55.9361022 10.5281955,55.9422585 10.5215313,55.9606655 10.5199717,55.9750022 10.5218422,55.9780983 10.5252074,55.9813318 10.546875,55.9952565 10.5489348,55.9964741 10.5569913,56.0001966 10.5621498,56.0018841 10.5627739,56.0016772 10.5629622,55.996296 10.5632951,55.9867789 10.5654542,55.9772102 10.5687985,55.9713726 10.5709314,55.9617043 10.5711216,55.9612896 10.5778213,55.9498512 10.5867701,55.9403191 10.5943803,55.9343323 10.6082785,55.9278532 10.6097172,55.9273177 10.6198574,55.9243321 10.6326258,55.9229484 10.6525474,55.9156033 10.6521235,55.9143944 10.6471902,55.9159594 10.6424187,55.9151487 10.6392993,55.9170744 10.6393538,55.9156293 10.6351203,55.9135129 10.6347744,55.9168154 10.6304531,55.9190305 10.6255336,55.9168878 10.6288844,55.9135333 10.6267633,55.9118882 10.6243128,55.9118766 10.621428,55.9137576 10.6110395,55.9108928 10.6097476,55.9074934 10.6155431,55.8993928 10.615594,55.8984375 10.615702,55.8984375 10.6157166,55.8955475 10.6186628,55.8910524 10.6188836,55.8909124 10.6298326,55.8894827 10.6253541,55.8879445 10.6247197,55.8871084 10.624921,55.8864301 10.6319848,55.8807414 10.6330423,55.8777121 10.6338468,55.8772119 10.6373398,55.8764606 10.6415038,55.8771338 10.645501,55.8740336 10.6516467,55.8774966 10.6585733,55.8775587 10.6672962,55.8816274 10.6728476,55.8833534 10.6766529,55.8834614 10.6781698,55.8824497 10.6774327,55.8730609 10.6793482,55.8706315 10.6744765,55.8658175 10.6694283,55.8649431 10.6578814,55.8589799 10.6447762,55.8450752 10.644477,55.8446521 10.6434097,55.8389137 10.6380769,55.832866 10.6378229,55.832321 10.6373569,55.8236142 10.6351604,55.8210185 10.6390548,55.8171265 10.6430922,55.8162739 10.6396961,55.8134224 10.6433094,55.8098572 10.6441237,55.8002849 10.6344454,55.7833663 10.6254941,55.7769204 10.6215771,55.7660689 10.6208878,55.7649031 10.6191508,55.7643374 10.6173173,55.7642897 10.6026158,55.7665452 10.6020122,55.7666 10.5977041,55.7662585 10.5832356,55.7703164 10.5511003,55.7690607 10.55015,55.769273 10.546875,55.7709264</coordinates></LinearRing></innerBoundaryIs><innerBoundaryIs><LinearRing><coordinates>10.0919964,55.8313289 10.0926307,55.8310736 10.0997864,55.8270653 10.1011118,55.8254164 10.1011118,55.8249735 10.1003587,55.8235044 10.0997864,55.823036 10.093999,55.819519 10.0905286,55.8183125 10.0831164,55.8172727 10.0727921,55.8172901 10.0700836,55.8179353 10.0691339,55.8192694 10.0738236,55.8191756 10.0763931,55.8178535 10.0833044,55.8189961 10.0802137,55.8205776 10.0702848,55.8208705 10.0642143,55.8227047 10.0634702,55.8237613 10.0582562,55.8303629 10.0586888,55.8310215 10.0619233,55.8326368 10.0749505,55.8343313 10.0909365,55.8292936 10.0922631,55.8294036 10.0922281,55.8296542 10.0826551,55.8338259 10.0857656,55.8335907 10.0919964,55.8313289</coordinates></LinearRing></innerBoundaryIs><innerBoundaryIs><LinearRing><coordinates>10.2430124,55.8794752 10.2430714,55.8786325 10.2418993,55.8782005 10.2376497,55.8778585 10.2347195,55.8783489 10.234454,55.878499 10.2340409,55.8800926 10.2343802,55.8805224 10.2369637,55.8793017 10.241767,55.8796422 10.240276,55.8822963 10.2409049,55.882229 10.2430124,55.8794752</coordinates></LinearRing></innerBoundaryIs><innerBoundaryIs><LinearRing><coordinates>10.2808698,55.8999885 10.2799658,55.8998653 10.2784401,55.9004689 10.2778782,55.9031553 10.2841989,55.907366 10.2874058,55.9078894 10.2830601,55.9049944 10.2808698,55.8999885</coordinates></LinearRing></innerBoundaryIs><innerBoundaryIs><LinearRing><coordinates>10.4200679,55.9596165 10.4270095,55.957794 10.4380748,55.9566779 10.4437851,55.9561297 10.4445211,55.9559885 10.4588258,55.952242 10.4589508,55.9520659 10.4528639,55.949339 10.4556595,55.9477711 10.4495131,55.9476579 10.4487011,55.9474388 10.4385335,55.9430952 10.4374957,55.9431241 10.4270352,55.945085 10.4145184,55.9504467 10.409512,55.9532917 10.4060059,55.9563758 10.4040201,55.959388 10.4044859,55.9597611 10.4099813,55.9606879 10.4116551,55.960587 10.4200679,55.9596165</coordinates></LinearRing></innerBoundaryIs><innerBoundaryIs><LinearRing><coordinates>10.7470564,55.947684 10.752148,55.948073 10.7658414,55.9469903 10.768101,55.9449689 10.7681233,55.944001 10.7675225,55.9432797 10.7651525,55.9424201 10.7620919,55.942311 10.7529855,55.9436671 10.7470564,55.947684</coordinates></LinearRing></innerBoundaryIs><innerBoundaryIs><LinearRing><coordinates>10.6674658,55.933699 10.6692262,55.9343433 10.6723891,55.934593 10.6760648,55.9329687 10.6761813,55.9317867 10.6739866,55.9306647 10.6760559,55.9285933 10.6698439,55.931092 10.6675107,55.9309765 10.6670457,55.9328848 10.6674658,55.933699</coordinates></LinearRing></innerBoundaryIs><innerBoundaryIs><LinearRing><coordinates>10.783637,55.9336528 10.7952079,55.9337314 10.7879679,55.9331043 10.7848783,55.9332312 10.783637,55.9336528</coordinates></LinearRing></innerBoundaryIs><innerBoundaryIs><LinearRing><coordinates>10.6921905,55.927314 10.7000185,55.9282428 10.7009645,55.9280756 10.6954854,55.9262846 10.6934248,55.9259665 10.6914865,55.9260938 10.6921905,55.927314</coordinates></LinearRing></innerBoundaryIs><innerBoundaryIs><LinearRing><coordinates>10.6756854,55.925792 10.6792722,55.9213206 10.6783226,55.9206166 10.6783243,55.9153273 10.6823759,55.9091799 10.6848512,55.9061298 10.6892724,55.9042292 10.6897906,55.8984375 10.6894805,55.8984375 10.6889499,55.8973562 10.6880304,55.8973562 10.6875,55.8984375 10.6873008,55.8984375 10.6873933,55.9016323 10.6810324,55.907801 10.6806316,55.9080997 10.6771483,55.9091818 10.6769654,55.9094754 10.6792024,55.9105732 10.6761051,55.9169687 10.6731662,55.9163769 10.6720583,55.9192817 10.6756854,55.925792</coordinates></LinearRing></innerBoundaryIs><innerBoundaryIs><LinearRing><coordinates>11.0825239,55.9057524 11.0783178,55.9129364 11.0783139,55.9134711 11.0807228,55.9191318 11.0815336,55.9192379 11.084002,55.9177232 11.0882819,55.9162465 11.1054887,55.9127916 11.1071872,55.9125353 11.1173788,55.9119287 11.117699,55.9072129 11.1185941,55.9061112 11.1227787,55.9035588 11.1394519,55.8984375 11.1405699,55.8984375 11.1441959,55.8975644 11.1468765,55.8960783 11.1533982,55.8913184 11.1647911,55.8868542 11.1729406,55.8798534 11.1887679,55.8744189 11.1904373,55.8716797 11.1981517,55.8675584 11.2147928,55.8636416 11.216253,55.8572618 11.2157933,55.8567085 11.215059,55.8566172 11.2007231,55.8623931 11.2002192,55.862518 11.1927993,55.8641949 11.1816812,55.8650435 11.1750968,55.8681513 11.1638571,55.8683753 11.1631213,55.8684916 11.153167,55.8710124 11.1526449,55.8711956 11.1433839,55.8752903 11.1430804,55.8754612 11.1395547,55.8790318 11.1357085,55.8788871 11.1331887,55.8803215 11.1186242,55.893186 11.1172506,55.8959631 11.1169903,55.8961741 11.1120812,55.8975719 11.10548,55.8976825 11.1039282,55.8984375 11.1035985,55.8984375 11.1022577,55.8992702 11.0969208,55.8999105 11.0919549,55.9032651 11.0870802,55.9028627 11.0837274,55.9047225 11.0825239,55.9057524</coordinates></LinearRing></innerBoundaryIs><innerBoundaryIs><LinearRing><coordinates>10.668467,55.8863003 10.6686133,55.8857753 10.6675889,55.8837171 10.6667504,55.8836364 10.6645447,55.8848203 10.6643401,55.8852541 10.6659088,55.8870285 10.6664835,55.8869466 10.668467,55.8863003</coordinates></LinearRing></innerBoundaryIs><innerBoundaryIs><LinearRing><coordinates>10.6547363,55.8837767 10.6501189,55.8843879 10.6481231,55.8855898 10.6476793,55.886463 10.651728,55.8869283 10.6548316,55.8865395 10.6547363,55.8837767</coordinates></LinearRing></innerBoundaryIs><innerBoundaryIs><LinearRing><coordinates>10.6432604,55.892364 10.6457934,55.8903188 10.6452776,55.8893619 10.642875,55.8887465 10.6418374,55.8888127 10.6357123,55.8902648 10.6343502,55.8909212 10.6331236,55.8921217 10.6328208,55.8944573 10.636359,55.89503 10.6378746,55.8947043 10.6432604,55.892364</coordinates></LinearRing></innerBoundaryIs><innerBoundaryIs><LinearRing><coordinates>10.6310496,55.8954071 10.6288468,55.896798 10.6287024,55.8971755 10.6300616,55.8984375 10.6320422,55.8984375 10.6323996,55.8979516 10.6314731,55.8956673 10.6310496,55.8954071</coordinates></LinearRing></innerBoundaryIs><innerBoundaryIs><LinearRing><coordinates>10.6414881,55.8984375 10.6411155,55.8988374 10.6429336,55.9009217 10.6461023,55.9003477 10.6479264,55.9014916 10.6514674,55.90055 10.6487858,55.9016269 10.6490567,55.9040464 10.6526923,55.9056919 10.6531903,55.9056919 10.6578623,55.9041113 10.6578196,55.9038838 10.655441,55.9004489 10.6514474,55.8984375 10.6483824,55.8984375 10.646125,55.8959287 10.6419454,55.8984375 10.6414881,55.8984375</coordinates></LinearRing></innerBoundaryIs><innerBoundaryIs><LinearRing><coordinates>10.616176,55.9019355 10.6157236,55.9023395 10.6161242,55.9031261 10.6184396,55.9037684 10.6246383,55.9027658 10.6191179,55.9011042 10.616176,55.9019355</coordinates></LinearRing></innerBoundaryIs><innerBoundaryIs><LinearRing><coordinates>10.6161407,55.9058536 10.6155717,55.9085382 10.6194308,55.9075373 10.618389,55.9058505 10.6168023,55.9055001 10.6161407,55.9058536</coordinates></LinearRing></innerBoundaryIs><innerBoundaryIs><LinearRing><coordinates>10.6422418,55.9103345 10.6417067,55.9101824 10.6396486,55.9122343 10.6394748,55.913871 10.6398531,55.9141285 10.6443415,55.9111701 10.6422418,55.9103345</coordinates></LinearRing></innerBoundaryIs><innerBoundaryIs><LinearRing><coordinates>11.2967393,55.7686588 11.2911803,55.7704225 11.2900096,55.7751802 11.2793318,55.7855265 11.2777925,55.7889475 11.2813562,55.7958974 11.2859133,55.7963976 11.2863153,55.7962785 11.2879592,55.7944328 11.2943656,55.7923095 11.2956895,55.7909288 11.2953476,55.7880619 11.2951087,55.7876493 11.2909168,55.7847486 11.3035564,55.7770056 11.3044368,55.7762421 11.303109,55.7686713 11.3069648,55.7645694 11.2979968,55.7664973 11.2967393,55.7686588</coordinates></LinearRing></innerBoundaryIs><innerBoundaryIs><LinearRing><coordinates>10.0522314,55.8472681 10.045567,55.8435035 10.0386649,55.8429343 10.037497,55.8430732 10.0364151,55.8438185 10.036423,55.8502837 10.0373874,55.8516707 10.0417095,55.8536347 10.0461022,55.8612213 10.0554711,55.8652869 10.0589234,55.8691697 10.07544,55.8682446 10.0798194,55.8681424 10.0874506,55.8664376 10.0980809,55.8664366 10.1103143,55.8649482 10.1187758,55.8630023 10.1190534,55.8628604 10.1192967,55.8605593 10.1178302,55.8597502 10.1164268,55.8597018 10.107986,55.861436 10.1048359,55.8613811 10.1024497,55.8607517 10.1029251,55.8596792 10.0963324,55.8582084 10.0936967,55.857138 10.084114,55.8525707 10.0802268,55.8489174 10.0786223,55.8485034 10.0675925,55.8487138 10.0546452,55.8477921 10.0522314,55.8472681</coordinates></LinearRing></innerBoundaryIs><innerBoundaryIs><LinearRing><coordinates>10.0087287,55.8657995 10.0070667,55.8654414 9.9980636,55.865024 9.9950155,55.8653396 9.9943492,55.8660707 9.99532,55.8696924 9.9975404,55.8705735 9.9996551,55.8704818 10.0124605,55.8693509 10.012589,55.8688768 10.0087287,55.8657995</coordinates></LinearRing></innerBoundaryIs><innerBoundaryIs><LinearRing><coordinates>10.6572875,59.9097589 10.6581137,59.9099183 10.6600513,59.9098523 10.6611211,59.9094671 10.659606,59.9074692 10.6591986,59.9071351 10.6576118,59.9069253 10.6562179,59.9080373 10.6572875,59.9097589</coordinates></LinearRing></innerBoundaryIs><innerBoundaryIs><LinearRing><coordinates>10.7233315,59.8962082 10.7235301,59.896419 10.7316796,59.8989233 10.7356128,59.8985788 10.7320985,59.8952801 10.7404571,59.8967367 10.7423888,59.896062 10.7425985,59.8953521 10.7423561,59.894962 10.735617,59.8920693 10.7325741,59.8913571 10.7271192,59.8909212 10.7282732,59.892753 10.7255434,59.8935837 10.723312,59.8949955 10.7233315,59.8962082</coordinates></LinearRing></innerBoundaryIs><innerBoundaryIs><LinearRing><coordinates>10.7465177,59.8907371 10.7465502,59.8901091 10.7450627,59.8893696 10.7435015,59.8888992 10.7377132,59.8875412 10.7328274,59.8875272 10.7326972,59.8881328 10.7368166,59.8894511 10.7399611,59.8902822 10.7457314,59.8909467 10.7465177,59.8907371</coordinates></LinearRing></innerBoundaryIs><innerBoundaryIs><LinearRing><coordinates>10.7195692,59.889119 10.721495,59.888887 10.7170929,59.8866987 10.7105379,59.8885154 10.7040015,59.8863456 10.7043577,59.8893318 10.7118222,59.8925302 10.7162915,59.8937207 10.7211651,59.8919843 10.7213579,59.8918138 10.7188832,59.8909894 10.7188154,59.8908178 10.7195692,59.889119</coordinates></LinearRing></innerBoundaryIs><innerBoundaryIs><LinearRing><coordinates>10.6975749,59.8863757 10.6957654,59.8861583 10.6932009,59.889344 10.6911561,59.8879915 10.690079,59.8894264 10.6918426,59.8911107 10.6969666,59.8923256 10.6963309,59.8909578 10.6975749,59.8863757</coordinates></LinearRing></innerBoundaryIs><innerBoundaryIs><LinearRing><coordinates>10.7268912,59.8859597 10.7241864,59.8838001 10.7239195,59.8825725 10.7234941,59.8824217 10.718491,59.8825405 10.7162395,59.8809963 10.717393,59.8803626 10.7236151,59.8816375 10.7242308,59.8815389 10.7252415,59.8802731 10.7218068,59.8790978 10.7169272,59.8788621 10.7161314,59.8785176 10.7143067,59.8792287 10.7140574,59.8793665 10.7146474,59.8829789 10.7111325,59.8807456 10.7138861,59.8846225 10.7143136,59.8847612 10.7169437,59.8836704 10.7263064,59.8861316 10.7268912,59.8859597</coordinates></LinearRing></innerBoundaryIs><innerBoundaryIs><LinearRing><coordinates>10.6189713,59.875003 10.6220734,59.8762044 10.6228102,59.873174 10.6219987,59.8730808 10.6190304,59.8747212 10.6189713,59.875003</coordinates></LinearRing></innerBoundaryIs><innerBoundaryIs><LinearRing><coordinates>10.7225652,59.8745064 10.7250555,59.8741431 10.7247183,59.8723663 10.7267202,59.8709356 10.7280116,59.8696012 10.7278736,59.8694485 10.7211076,59.8676831 10.7188644,59.8677878 10.7177476,59.8680034 10.7180644,59.8704718 10.7135478,59.8703386 10.7127963,59.8713856 10.7129571,59.8719471 10.7210979,59.8747009 10.7225652,59.8745064</coordinates></LinearRing></innerBoundaryIs><innerBoundaryIs><LinearRing><coordinates>10.5852662,59.8690135 10.5852731,59.8660423 10.5919576,59.8673514 10.5927957,59.8665279 10.5835024,59.8628268 10.5816129,59.8604248 10.5714178,59.8593122 10.5688856,59.8575699 10.5648764,59.857784 10.564081,59.8586251 10.5695405,59.8611528 10.5636703,59.8620545 10.5639178,59.863229 10.5598192,59.8636549 10.5575391,59.8656867 10.5550156,59.8692817 10.558867,59.8734692 10.5591573,59.8737121 10.5742843,59.8765703 10.5857503,59.8723043 10.586538,59.8772281 10.5810738,59.8773806 10.5785022,59.8782657 10.578529,59.8786365 10.5854212,59.8808811 10.587323,59.8804361 10.5877144,59.8782775 10.5976313,59.8774371 10.5986888,59.876783 10.598913,59.8761394 10.5970776,59.8733059 10.5865902,59.8705122 10.5860755,59.870119 10.5852662,59.8690135</coordinates></LinearRing></innerBoundaryIs><innerBoundaryIs><LinearRing><coordinates>10.5561571,59.8639028 10.5561577,59.8635168 10.5545787,59.8611445 10.5482568,59.8596348 10.546875,59.8588169 10.546875,59.8582588 10.5465977,59.8582588 10.5459172,59.8575614 10.546875,59.8568639 10.5493619,59.8559281 10.5492827,59.8556151 10.546875,59.8546315 10.5460432,59.8546315 10.5380865,59.8516181 10.546875,59.8532366 10.5531704,59.8550432 10.5592113,59.8553532 10.5503677,59.8515979 10.5494092,59.8513149 10.546875,59.8512834 10.5400145,59.8498365 10.5398511,59.8489767 10.528266,59.8471404 10.5272164,59.8472458 10.5274757,59.8478296 10.5363795,59.850439 10.5333701,59.8519325 10.5271337,59.8524247 10.5264821,59.8528519 10.5282449,59.8541054 10.5254571,59.8548141 10.5271188,59.8560811 10.526005,59.8574777 10.5264722,59.8578584 10.5437592,59.8627656 10.546875,59.8660713 10.546875,59.8663504 10.5539168,59.8663462 10.5561571,59.8639028</coordinates></LinearRing></innerBoundaryIs><innerBoundaryIs><LinearRing><coordinates>10.5826964,59.8569533 10.5859005,59.8547577 10.5915709,59.8559521 10.5936893,59.854731 10.5870079,59.8504663 10.5860775,59.8500702 10.5784868,59.8481967 10.5776349,59.8483592 10.5779461,59.8512228 10.5838863,59.8538382 10.5798192,59.8559933 10.5826964,59.8569533</coordinates></LinearRing></innerBoundaryIs><innerBoundaryIs><LinearRing><coordinates>10.554453,59.8491145 10.5552586,59.8508682 10.5579478,59.8515168 10.5553668,59.8493161 10.554453,59.8491145</coordinates></LinearRing></innerBoundaryIs><innerBoundaryIs><LinearRing><coordinates>10.5220619,59.8492211 10.5203303,59.849188 10.5175068,59.850592 10.5201257,59.8517491 10.5238116,59.8500206 10.5220619,59.8492211</coordinates></LinearRing></innerBoundaryIs><innerBoundaryIs><LinearRing><coordinates>10.5547612,59.875873 10.5534042,59.8769233 10.546875,59.8766741 10.5452771,59.8771398 10.546875,59.878069 10.546875,59.8783482 10.5586522,59.8827527 10.5616304,59.8823649 10.5649769,59.8793334 10.5649015,59.87897 10.5646532,59.8781533 10.5557743,59.8760148 10.5547612,59.875873</coordinates></LinearRing></innerBoundaryIs><innerBoundaryIs><LinearRing><coordinates>10.5363982,59.8443576 10.5373921,59.8447177 10.53903,59.8449531 10.5403025,59.8452117 10.5414129,59.8451275 10.5418704,59.8449157 10.5412852,59.8445026 10.5395513,59.8440136 10.5374966,59.8438154 10.5363785,59.8439757 10.5363982,59.8443576</coordinates></LinearRing></innerBoundaryIs><innerBoundaryIs><LinearRing><coordinates>10.5356951,59.8382046 10.5386266,59.8398088 10.5387651,59.8400182 10.5393198,59.8402971 10.5397356,59.840367 10.5413324,59.840959 10.5416622,59.840555 10.5415062,59.840148 10.5408012,59.8397547 10.5399607,59.8394758 10.5375658,59.8382868 10.5371916,59.8379575 10.5366677,59.8376971 10.5361696,59.8376435 10.5358545,59.837833 10.5356951,59.8382046</coordinates></LinearRing></innerBoundaryIs><innerBoundaryIs><LinearRing><coordinates>10.4999723,59.8277357 10.5181366,59.8322515 10.5182316,59.8307996 10.5148445,59.8287961 10.5138263,59.8283478 10.5027915,59.8252635 10.5011671,59.8250871 10.4976336,59.8258028 10.4999723,59.8277357</coordinates></LinearRing></innerBoundaryIs><innerBoundaryIs><LinearRing><coordinates>10.6086837,59.8195369 10.6092774,59.8196928 10.6098299,59.8197927 10.6106766,59.8200777 10.6117247,59.8200012 10.6122555,59.8198471 10.6121765,59.8195965 10.6116111,59.8193095 10.6108295,59.8190494 10.6099966,59.8187826 10.6092929,59.8185869 10.6086723,59.8184133 10.6079912,59.8182147 10.6071881,59.8179384 10.6063725,59.8176606 10.605547,59.8173698 10.6047571,59.8171535 10.6038814,59.8170083 10.6029553,59.8169926 10.6024339,59.8171279 10.6023962,59.8173742 10.6026375,59.8176529 10.6029052,59.8178926 10.6032398,59.8180515 10.6037042,59.8181649 10.6042466,59.8182952 10.6048069,59.8184223 10.6053599,59.8185626 10.6059128,59.8186951 10.6065058,59.8188602 10.6072013,59.8190666 10.6079875,59.8193306 10.6086837,59.8195369</coordinates></LinearRing></innerBoundaryIs><innerBoundaryIs><LinearRing><coordinates>10.6160984,59.8161803 10.6108462,59.8159724 10.6079608,59.8142163 10.6063902,59.8145432 10.6058635,59.8150861 10.6109374,59.8172721 10.6160984,59.8161803</coordinates></LinearRing></innerBoundaryIs><innerBoundaryIs><LinearRing><coordinates>10.5607092,59.7531508 10.5637478,59.7603869 10.5641454,59.7602814 10.5671201,59.7564144 10.5671201,59.7558633 10.5646489,59.7529637 10.5660481,59.7504723 10.5643042,59.749185 10.5627747,59.749072 10.5605834,59.7501667 10.5607092,59.7531508</coordinates></LinearRing></innerBoundaryIs><innerBoundaryIs><LinearRing><coordinates>10.5189101,59.7430512 10.5218446,59.7448061 10.5224863,59.7445689 10.5231416,59.7436215 10.5221958,59.7427036 10.5209259,59.7423518 10.5187579,59.7426066 10.5189101,59.7430512</coordinates></LinearRing></innerBoundaryIs><innerBoundaryIs><LinearRing><coordinates>10.5654995,59.7371904 10.5688605,59.7365636 10.5665621,59.7315762 10.5666513,59.7295976 10.5662847,59.729508 10.5635451,59.7349361 10.5654995,59.7371904</coordinates></LinearRing></innerBoundaryIs><innerBoundaryIs><LinearRing><coordinates>10.5719472,59.7315847 10.5736004,59.7315847 10.576021,59.7302309 10.5776107,59.7243012 10.575881,59.7224407 10.5746634,59.7221934 10.5718023,59.724573 10.5707166,59.7307012 10.5719472,59.7315847</coordinates></LinearRing></innerBoundaryIs><innerBoundaryIs><LinearRing><coordinates>10.5488935,59.7141951 10.5489327,59.7169616 10.5494874,59.7176338 10.5520267,59.7193975 10.5613152,59.7212992 10.5630645,59.7211978 10.5667338,59.7204077 10.569676,59.7184269 10.5697994,59.7182735 10.5674047,59.715255 10.5672051,59.7149823 10.562378,59.7139217 10.5632586,59.7097815 10.5613483,59.704935 10.5620945,59.7037448 10.5629742,59.7031639 10.5724853,59.7014216 10.5773576,59.6982189 10.5830574,59.6967992 10.5842634,59.6962209 10.5870097,59.69278 10.5924352,59.6910799 10.5926251,59.6873826 10.600583,59.6756864 10.5990759,59.6742224 10.596805,59.6742527 10.5870628,59.6763782 10.57648,59.6794517 10.5677406,59.6830049 10.5667713,59.6837564 10.559056,59.6954519 10.559103,59.6982923 10.5552585,59.6982682 10.5541731,59.6992971 10.5536222,59.7002614 10.5519798,59.7057363 10.5524864,59.706556 10.5533012,59.707285 10.5536975,59.7073514 10.5582314,59.7069134 10.5536448,59.7097815 10.5544426,59.7150204 10.5500677,59.7133133 10.5491759,59.7137725 10.5488935,59.7141951</coordinates></LinearRing></innerBoundaryIs><innerBoundaryIs><LinearRing><coordinates>10.5902183,59.7031569 10.5929286,59.7024693 10.5914187,59.7002692 10.5905904,59.7001324 10.5891064,59.7023488 10.5902183,59.7031569</coordinates></LinearRing></innerBoundaryIs><innerBoundaryIs><LinearRing><coordinates>10.603708,59.6791321 10.6055073,59.6797208 10.609075,59.6783746 10.6072195,59.6764338 10.6072299,59.6759437 10.6092947,59.6743896 10.6096009,59.6736586 10.6094089,59.6722245 10.6084929,59.6716084 10.6074789,59.6715308 10.6043298,59.6730833 10.6057037,59.6773371 10.603708,59.6791321</coordinates></LinearRing></innerBoundaryIs><innerBoundaryIs><LinearRing><coordinates>10.5946569,59.6725941 10.5827101,59.6739089 10.586216,59.6758403 10.5919396,59.6739742 10.5946569,59.6725941</coordinates></LinearRing></innerBoundaryIs><innerBoundaryIs><LinearRing><coordinates>10.5338448,59.6872655 10.5251741,59.6899056 10.5195282,59.6962527 10.5212516,59.6975446 10.5247787,59.69603 10.5252858,59.6932909 10.5271631,59.691031 10.5341713,59.6901073 10.5341414,59.6874619 10.5338448,59.6872655</coordinates></LinearRing></innerBoundaryIs><innerBoundaryIs><LinearRing><coordinates>10.5301486,59.6987824 10.5283113,59.702107 10.5300916,59.7101254 10.5335586,59.7096409 10.5382276,59.7057842 10.5402083,59.700228 10.537818,59.6995697 10.54347,59.6942486 10.5420645,59.6934148 10.5405242,59.693529 10.5301486,59.6987824</coordinates></LinearRing></innerBoundaryIs><innerBoundaryIs><LinearRing><coordinates>10.5424337,59.6903179 10.5427707,59.6904835 10.546875,59.6894531 10.546875,59.6891741 10.5484604,59.6876616 10.546875,59.6875 10.5465995,59.6875 10.542123,59.6896604 10.5424337,59.6903179</coordinates></LinearRing></innerBoundaryIs><innerBoundaryIs><LinearRing><coordinates>10.5380859,59.5190576 10.5326616,59.515767 10.5318635,59.5157481 10.5318812,59.5181876 10.5321819,59.5186183 10.5352877,59.5204937 10.5380859,59.5190576</coordinates></LinearRing></innerBoundaryIs><innerBoundaryIs><LinearRing><coordinates>10.6777411,59.5171219 10.6743861,59.5136499 10.6728563,59.5101759 10.6706938,59.5100986 10.6700273,59.5127269 10.6704463,59.5132904 10.6728556,59.513537 10.6734515,59.5155317 10.6741542,59.5159918 10.6774679,59.5172656 10.6777411,59.5171219</coordinates></LinearRing></innerBoundaryIs><innerBoundaryIs><LinearRing><coordinates>10.6478573,59.5114772 10.6414139,59.5084722 10.6398466,59.5085521 10.6359814,59.5103739 10.6352763,59.5110911 10.6332036,59.51438 10.6360526,59.5159335 10.6489375,59.5129399 10.6478573,59.5114772</coordinates></LinearRing></innerBoundaryIs><innerBoundaryIs><LinearRing><coordinates>10.6294405,59.5057504 10.6287971,59.5053738 10.6279098,59.5053552 10.6265082,59.5068992 10.6273913,59.5098538 10.6290755,59.5081586 10.6294405,59.5057504</coordinates></LinearRing></innerBoundaryIs><innerBoundaryIs><LinearRing><coordinates>10.5621145,59.5149194 10.5609591,59.5135077 10.5562617,59.5118341 10.5545934,59.5118567 10.5541421,59.5128669 10.5562567,59.5165746 10.5569407,59.5168341 10.5616062,59.5157132 10.5621145,59.5149194</coordinates></LinearRing></innerBoundaryIs><innerBoundaryIs><LinearRing><coordinates>10.3570513,59.5131953 10.3564106,59.5128479 10.3527631,59.5135961 10.3457809,59.5171275 10.3403733,59.5208628 10.3377341,59.5233371 10.3375055,59.5238966 10.337884,59.5272456 10.3473973,59.5248187 10.3521196,59.5227352 10.3537371,59.5215781 10.3569664,59.5182018 10.3567396,59.5150169 10.3570513,59.5131953</coordinates></LinearRing></innerBoundaryIs><innerBoundaryIs><LinearRing><coordinates>10.3299204,59.5134294 10.3295552,59.5133607 10.3270448,59.5159971 10.3265113,59.5172276 10.3278745,59.5181243 10.328374,59.5177776 10.3299204,59.5134294</coordinates></LinearRing></innerBoundaryIs><innerBoundaryIs><LinearRing><coordinates>10.3246984,59.5151783 10.3244581,59.5150568 10.321694,59.5160933 10.3204854,59.5193928 10.310021,59.5292726 10.3068171,59.5352114 10.315384,59.531359 10.3178324,59.5274249 10.3241415,59.523856 10.3237979,59.5177683 10.3246984,59.5151783</coordinates></LinearRing></innerBoundaryIs><innerBoundaryIs><LinearRing><coordinates>10.3278461,59.5241296 10.3274401,59.5260506 10.3297832,59.5273848 10.3347313,59.5244243 10.3362164,59.5199474 10.3352692,59.5196563 10.328106,59.5238186 10.3278461,59.5241296</coordinates></LinearRing></innerBoundaryIs><innerBoundaryIs><LinearRing><coordinates>10.3147001,59.7171874 10.3141459,59.7169147 10.3106694,59.7180254 10.3105758,59.7183537 10.3130246,59.7199084 10.3134198,59.7198565 10.3147001,59.7171874</coordinates></LinearRing></innerBoundaryIs><innerBoundaryIs><LinearRing><coordinates>10.238443,59.7325667 10.2382035,59.7324218 10.2333652,59.7324218 10.2302516,59.7323495 10.2285269,59.7329046 10.2158327,59.7384326 10.2160722,59.7386258 10.2232575,59.7382396 10.2319762,59.7399535 10.2334132,59.7399777 10.2382993,59.7393982 10.2387784,59.7386982 10.2386347,59.7370809 10.2336047,59.7341357 10.238443,59.7325667</coordinates></LinearRing></innerBoundaryIs><innerBoundaryIs><LinearRing><coordinates>10.3669803,59.4984654 10.3623182,59.5030987 10.3705838,59.5015136 10.3815854,59.4965254 10.3971022,59.4871618 10.3960944,59.4862504 10.3995885,59.4842824 10.4008044,59.4838825 10.4008467,59.4831759 10.3996379,59.4813706 10.3990664,59.4812369 10.3813695,59.4915622 10.3669803,59.4984654</coordinates></LinearRing></innerBoundaryIs><innerBoundaryIs><LinearRing><coordinates>10.4954863,59.4849989 10.4994659,59.4897811 10.5028982,59.487624 10.4991031,59.481769 10.4965032,59.4810848 10.4956824,59.4841669 10.4954863,59.4849989</coordinates></LinearRing></innerBoundaryIs><innerBoundaryIs><LinearRing><coordinates>10.4876883,59.4420025 10.4865181,59.4436857 10.4867094,59.4441541 10.4925731,59.4451205 10.4941545,59.444737 10.4956568,59.4408762 10.4991796,59.4400122 10.4945621,59.4383733 10.4932438,59.4384775 10.4876883,59.4420025</coordinates></LinearRing></innerBoundaryIs><innerBoundaryIs><LinearRing><coordinates>10.5817322,59.4366 10.5830128,59.4348701 10.5796165,59.4340358 10.5774997,59.4339945 10.5767351,59.4343795 10.5770614,59.4360619 10.5817322,59.4366</coordinates></LinearRing></innerBoundaryIs><innerBoundaryIs><LinearRing><coordinates>10.6318022,59.4000396 10.6368939,59.3989114 10.6369636,59.3937891 10.6311297,59.400141 10.6318022,59.4000396</coordinates></LinearRing></innerBoundaryIs><innerBoundaryIs><LinearRing><coordinates>10.5193774,59.3757102 10.5131826,59.3770419 10.5131336,59.37735 10.518346,59.3849601 10.5153573,59.3905498 10.5161099,59.3919852 10.5170304,59.3922803 10.5200313,59.391699 10.5215477,59.3859987 10.5340956,59.3873063 10.5345137,59.3870238 10.5374829,59.3863931 10.5390651,59.3843586 10.5401843,59.372398 10.5401831,59.3716971 10.5356839,59.3660713 10.5211428,59.3727154 10.5193774,59.3757102</coordinates></LinearRing></innerBoundaryIs><innerBoundaryIs><LinearRing><coordinates>10.6488125,59.3365573 10.6548575,59.3319525 10.6551977,59.3290662 10.654165,59.3290997 10.6522905,59.329706 10.6476939,59.3346914 10.6488125,59.3365573</coordinates></LinearRing></innerBoundaryIs><innerBoundaryIs><LinearRing><coordinates>10.6442662,59.3285934 10.6489464,59.3287674 10.6509717,59.3253978 10.6511757,59.3250164 10.6584219,59.322788 10.6597809,59.3203917 10.6594229,59.3192533 10.6579598,59.3189187 10.6408027,59.3196958 10.6408041,59.3231781 10.6446834,59.3250619 10.640281,59.3254637 10.6442662,59.3285934</coordinates></LinearRing></innerBoundaryIs><innerBoundaryIs><LinearRing><coordinates>10.665773,59.2972564 10.6588249,59.2998487 10.6578373,59.3014178 10.6655198,59.3075057 10.6699004,59.3068234 10.6705791,59.3065428 10.6736294,59.3043003 10.673979,59.3039349 10.6755896,59.2994761 10.6738297,59.2984726 10.6732414,59.2982817 10.6666032,59.298333 10.6669393,59.2945604 10.6618332,59.292064 10.6626701,59.2958999 10.665773,59.2972564</coordinates></LinearRing></innerBoundaryIs><innerBoundaryIs><LinearRing><coordinates>10.6803668,59.2920293 10.6806368,59.2880526 10.679089,59.2874666 10.6770099,59.287311 10.6755517,59.2880394 10.6736059,59.291445 10.6745619,59.2918057 10.6798573,59.2921036 10.6803668,59.2920293</coordinates></LinearRing></innerBoundaryIs><innerBoundaryIs><LinearRing><coordinates>10.6741261,59.2770982 10.6774039,59.2836192 10.677619,59.2837611 10.6825823,59.2837272 10.683708,59.283302 10.6833283,59.2828158 10.6801848,59.2810856 10.6769031,59.2771114 10.6758564,59.2766654 10.6741633,59.2766736 10.6741261,59.2770982</coordinates></LinearRing></innerBoundaryIs><innerBoundaryIs><LinearRing><coordinates>10.7014982,59.2519026 10.7048938,59.2515765 10.7069066,59.25007 10.7025274,59.2468088 10.7003705,59.2399383 10.7012587,59.2389447 10.7031477,59.2386721 10.7036675,59.2382812 10.7067997,59.2350653 10.7038085,59.2310895 10.7048151,59.2289628 10.6966807,59.2229162 10.6985006,59.2207015 10.702522,59.2199624 10.708407,59.2165292 10.7089669,59.2148483 10.7062433,59.2125838 10.6973981,59.2149121 10.6954684,59.2180426 10.6873503,59.2208346 10.6873342,59.2247488 10.6833113,59.2283781 10.6857638,59.2382812 10.6855347,59.2382812 10.6873432,59.2444916 10.7014341,59.2480742 10.6992105,59.2513591 10.7014982,59.2519026</coordinates></LinearRing></innerBoundaryIs><innerBoundaryIs><LinearRing><coordinates>10.7362915,59.2253016 10.7414681,59.2277935 10.7396034,59.2293406 10.7407755,59.2309973 10.7498229,59.2286429 10.7419441,59.2237148 10.7382051,59.2219896 10.7353584,59.2226254 10.7362915,59.2253016</coordinates></LinearRing></innerBoundaryIs><innerBoundaryIs><LinearRing><coordinates>10.7607123,59.2256531 10.7630819,59.2299367 10.7678186,59.2256048 10.7695068,59.2241635 10.7744147,59.222911 10.7819157,59.2155354 10.7828203,59.2144032 10.7832721,59.2129031 10.78285,59.212149 10.779531,59.2104706 10.7854962,59.2114207 10.7946461,59.2093278 10.7939188,59.2070541 10.7902328,59.2069958 10.7869695,59.1998338 10.7838261,59.1976815 10.7818584,59.1980082 10.780534,59.1950868 10.7778645,59.1936413 10.7764515,59.1936435 10.7717977,59.1965492 10.7715718,59.1969172 10.7741323,59.1987793 10.7739289,59.1989251 10.7712091,59.1983489 10.7681926,59.2001034 10.7684594,59.2022762 10.7662612,59.2018157 10.7634277,59.2033354 10.7657276,59.2110806 10.7568718,59.2123891 10.7581455,59.2142429 10.7530502,59.2183548 10.7585388,59.223034 10.7631158,59.2247643 10.7607123,59.2256531</coordinates></LinearRing></innerBoundaryIs><innerBoundaryIs><LinearRing><coordinates>10.5693403,59.1929357 10.5691096,59.1926951 10.5666857,59.1924322 10.5662616,59.1914237 10.5622886,59.1943187 10.5621601,59.1946182 10.5662395,59.1994708 10.5695314,59.193904 10.5693403,59.1929357</coordinates></LinearRing></innerBoundaryIs><innerBoundaryIs><LinearRing><coordinates>10.7626034,59.1924959 10.7638428,59.1929405 10.7653335,59.1925727 10.7663631,59.191366 10.7621982,59.1913799 10.761782,59.1917866 10.7626034,59.1924959</coordinates></LinearRing></innerBoundaryIs><innerBoundaryIs><LinearRing><coordinates>10.5510905,59.1900331 10.5492767,59.1882911 10.546875,59.188337 10.546875,59.1930803 10.5443065,59.1971354 10.5442986,59.1979792 10.5450525,59.1997648 10.546875,59.1997766 10.546875,59.1992187 10.5492123,59.1971205 10.5510885,59.1905651 10.5510905,59.1900331</coordinates></LinearRing></innerBoundaryIs><innerBoundaryIs><LinearRing><coordinates>10.5288614,59.1886721 10.5304964,59.1857289 10.5309994,59.1833993 10.5305012,59.1812278 10.5300107,59.1806879 10.5272487,59.1801112 10.5282561,59.1765428 10.5278263,59.176212 10.5248464,59.1781088 10.5277652,59.1811285 10.5256592,59.1867585 10.52306,59.1881974 10.524492,59.1895925 10.5259926,59.1906402 10.5271518,59.1901793 10.5288614,59.1886721</coordinates></LinearRing></innerBoundaryIs><innerBoundaryIs><LinearRing><coordinates>10.5745919,59.1874439 10.5746438,59.1881438 10.5774779,59.1908677 10.579819,59.1894397 10.5779043,59.1870074 10.5769981,59.1867847 10.574823,59.1869913 10.5745919,59.1874439</coordinates></LinearRing></innerBoundaryIs><innerBoundaryIs><LinearRing><coordinates>10.8047175,59.1877697 10.8068457,59.1889389 10.808127,59.1888933 10.8091596,59.1884547 10.8098953,59.1860476 10.8084589,59.1857018 10.8069711,59.1856185 10.8060101,59.185842 10.8047256,59.1872483 10.8047175,59.1877697</coordinates></LinearRing></innerBoundaryIs><innerBoundaryIs><LinearRing><coordinates>10.7232612,59.1853778 10.7240669,59.1855375 10.7252603,59.1855189 10.7256944,59.1854445 10.7258496,59.1823401 10.7243013,59.181097 10.7232985,59.181217 10.7222582,59.1835924 10.7232612,59.1853778</coordinates></LinearRing></innerBoundaryIs><innerBoundaryIs><LinearRing><coordinates>10.5448912,59.1764762 10.5444124,59.1737143 10.5411541,59.1751173 10.5395102,59.178027 10.5341645,59.1783988 10.5325288,59.1823714 10.5327492,59.1826239 10.5360076,59.1819859 10.5371557,59.1828963 10.5373873,59.1830618 10.5384593,59.1819909 10.5448912,59.1764762</coordinates></LinearRing></innerBoundaryIs><innerBoundaryIs><LinearRing><coordinates>10.5948966,59.1780866 10.5953301,59.1755791 10.5937854,59.1742477 10.5927699,59.1741834 10.5925558,59.1752897 10.5948966,59.1780866</coordinates></LinearRing></innerBoundaryIs><innerBoundaryIs><LinearRing><coordinates>10.7163214,59.1704187 10.7165658,59.1699301 10.7159507,59.168188 10.7151376,59.167805 10.7128708,59.1678391 10.7117553,59.1680458 10.7094691,59.1694964 10.7092419,59.1697942 10.7076243,59.1737698 10.7107166,59.1761013 10.7163214,59.1704187</coordinates></LinearRing></innerBoundaryIs><innerBoundaryIs><LinearRing><coordinates>10.81705,59.1755697 10.8174446,59.1737787 10.8151544,59.1733264 10.8139429,59.1741592 10.8144106,59.1745355 10.81705,59.1755697</coordinates></LinearRing></innerBoundaryIs><innerBoundaryIs><LinearRing><coordinates>10.8053252,59.1731282 10.8066053,59.1713175 10.8061311,59.1694394 10.8033891,59.1675462 10.8026291,59.1673563 10.7997311,59.1691272 10.7992466,59.1726919 10.8016573,59.1743395 10.8049855,59.1733713 10.8053252,59.1731282</coordinates></LinearRing></innerBoundaryIs><innerBoundaryIs><LinearRing><coordinates>10.4981422,59.1635414 10.4916402,59.1644402 10.4883316,59.1695584 10.4907587,59.1712837 10.4912786,59.1711264 10.4979627,59.1681455 10.4983938,59.1636652 10.4981422,59.1635414</coordinates></LinearRing></innerBoundaryIs><innerBoundaryIs><LinearRing><coordinates>10.4892942,59.1654181 10.4884318,59.1637974 10.4881898,59.1636778 10.4868755,59.1640397 10.4869905,59.1671741 10.4873832,59.1670969 10.4892942,59.1654181</coordinates></LinearRing></innerBoundaryIs><innerBoundaryIs><LinearRing><coordinates>10.5375766,59.1731791 10.5401959,59.1717994 10.5408849,59.1705505 10.5400794,59.167558 10.537052,59.1730185 10.5375766,59.1731791</coordinates></LinearRing></innerBoundaryIs><innerBoundaryIs><LinearRing><coordinates>10.5775924,59.173076 10.5782655,59.1675684 10.5767725,59.1686693 10.5775924,59.173076</coordinates></LinearRing></innerBoundaryIs><innerBoundaryIs><LinearRing><coordinates>10.4867328,59.1728675 10.4840806,59.1773134 10.4840935,59.1784408 10.4841898,59.1806037 10.4884812,59.1833611 10.4929292,59.1827441 10.4947265,59.1805016 10.4922611,59.1789486 10.4922622,59.175611 10.4896796,59.1742224 10.4883457,59.1736468 10.4870218,59.1727304 10.4867328,59.1728675</coordinates></LinearRing></innerBoundaryIs><innerBoundaryIs><LinearRing><coordinates>10.477333,59.1746666 10.4772145,59.1740834 10.4759628,59.1733304 10.4747653,59.1731147 10.4742697,59.1741508 10.4744895,59.1756898 10.4756895,59.1761475 10.476396,59.1760244 10.477333,59.1746666</coordinates></LinearRing></innerBoundaryIs><innerBoundaryIs><LinearRing><coordinates>10.4810427,59.1819642 10.4791151,59.1851795 10.4794189,59.1906048 10.4861149,59.1882652 10.4834698,59.1869647 10.4839644,59.1831374 10.4810427,59.1819642</coordinates></LinearRing></innerBoundaryIs><innerBoundaryIs><LinearRing><coordinates>10.5015411,59.1942604 10.5004518,59.1943231 10.4993044,59.19516 10.4992456,59.1959506 10.5013624,59.1996161 10.5045874,59.2025942 10.5081486,59.2037494 10.5103778,59.1984679 10.5117728,59.1977392 10.5155857,59.1972588 10.518997,59.1943713 10.5133126,59.1933304 10.5129406,59.1901613 10.510577,59.1895624 10.5056649,59.1948913 10.5015411,59.1942604</coordinates></LinearRing></innerBoundaryIs><innerBoundaryIs><LinearRing><coordinates>10.4714694,59.1950641 10.466383,59.1962748 10.462517,59.1958376 10.4619684,59.1959275 10.4585242,59.198009 10.458254,59.198458 10.4585449,59.2016147 10.4617902,59.2085297 10.4621477,59.2091882 10.4645011,59.2119741 10.4652475,59.2120945 10.4671425,59.2120363 10.4681692,59.2119021 10.4685345,59.20951 10.4764447,59.2060359 10.476282,59.2010347 10.4726824,59.1963849 10.4719448,59.1951627 10.4714694,59.1950641</coordinates></LinearRing></innerBoundaryIs><innerBoundaryIs><LinearRing><coordinates>10.5302325,59.2122532 10.5293514,59.2126364 10.5269412,59.2162513 10.5273895,59.2214202 10.5284243,59.2220542 10.5319089,59.2211542 10.5365041,59.2213944 10.5376346,59.214263 10.541622,59.2162305 10.5428997,59.218941 10.5442934,59.2195535 10.546875,59.219587 10.546875,59.219308 10.550211,59.2169486 10.555379,59.2169188 10.5622,59.215099 10.5627681,59.2147301 10.5649865,59.2115076 10.5651203,59.2109761 10.5639148,59.209257 10.5678964,59.2089996 10.5688303,59.2086657 10.5715363,59.2067252 10.5757449,59.2026523 10.5782064,59.1966935 10.5777674,59.1960253 10.5760132,59.1956189 10.5756679,59.1957603 10.5736398,59.1977845 10.5732549,59.1978858 10.5713534,59.1971124 10.5683913,59.201869 10.565383,59.2019027 10.5613517,59.2073243 10.5511763,59.2100524 10.546875,59.2103794 10.546875,59.2101004 10.5455178,59.2098938 10.5390064,59.2117459 10.5302325,59.2122532</coordinates></LinearRing></innerBoundaryIs><innerBoundaryIs><LinearRing><coordinates>10.5074002,59.2211097 10.5052055,59.2240775 10.5046347,59.2254843 10.5048683,59.2256981 10.5068074,59.2258933 10.5096852,59.225692 10.5094424,59.2231829 10.5128908,59.2230057 10.5144912,59.2220939 10.5154572,59.2193311 10.5139172,59.2155315 10.5074002,59.2211097</coordinates></LinearRing></innerBoundaryIs><innerBoundaryIs><LinearRing><coordinates>10.5038946,59.2207291 10.5038826,59.2201488 10.5022454,59.2167984 10.5014355,59.2167592 10.5003135,59.2180299 10.500333,59.2188781 10.5021331,59.2218806 10.5027424,59.2217178 10.5038946,59.2207291</coordinates></LinearRing></innerBoundaryIs><innerBoundaryIs><LinearRing><coordinates>10.4777076,59.2189615 10.477897,59.2179129 10.4773458,59.2171859 10.4765295,59.2170875 10.4740998,59.2176951 10.4737401,59.2182097 10.4753526,59.2196521 10.4766473,59.2195605 10.4777076,59.2189615</coordinates></LinearRing></innerBoundaryIs><innerBoundaryIs><LinearRing><coordinates>10.4925175,59.2211984 10.4884012,59.2227134 10.4873281,59.2245436 10.4898545,59.2266271 10.4923418,59.2258679 10.491106,59.224876 10.4936668,59.2234772 10.4924515,59.2216045 10.4925175,59.2211984</coordinates></LinearRing></innerBoundaryIs><innerBoundaryIs><LinearRing><coordinates>10.51591,59.2237818 10.5131547,59.2242019 10.5120521,59.2260457 10.51591,59.2237818</coordinates></LinearRing></innerBoundaryIs><innerBoundaryIs><LinearRing><coordinates>10.5198992,59.2237095 10.5213336,59.2232791 10.5220906,59.2214119 10.5220637,59.2187446 10.5219465,59.2162884 10.5192641,59.2186192 10.5190445,59.2237952 10.5198992,59.2237095</coordinates></LinearRing></innerBoundaryIs><innerBoundaryIs><LinearRing><coordinates>10.5777417,59.2023468 10.5782712,59.2025902 10.5823398,59.2018543 10.5830342,59.2011553 10.583634,59.1986341 10.5813794,59.1984473 10.5797631,59.1990414 10.5777417,59.2023468</coordinates></LinearRing></innerBoundaryIs><innerBoundaryIs><LinearRing><coordinates>10.7570513,59.2013081 10.7572802,59.1982338 10.7553335,59.1982614 10.7552037,59.2017719 10.7570513,59.2013081</coordinates></LinearRing></innerBoundaryIs><innerBoundaryIs><LinearRing><coordinates>10.5565588,59.196991 10.5561689,59.1967287 10.552686,59.1985751 10.5530247,59.2010655 10.5537219,59.2012113 10.5556896,59.1992362 10.5565588,59.196991</coordinates></LinearRing></innerBoundaryIs><innerBoundaryIs><LinearRing><coordinates>10.4965888,59.1979671 10.493571,59.1957322 10.4928679,59.1955919 10.4911377,59.195823 10.4878795,59.1989195 10.4878795,59.1995223 10.492734,59.2074955 10.494662,59.2116874 10.5023006,59.2064085 10.4965888,59.1979671</coordinates></LinearRing></innerBoundaryIs><innerBoundaryIs><LinearRing><coordinates>10.4860106,59.2066195 10.4821037,59.2015492 10.481608,59.2014533 10.4808291,59.2028313 10.4819016,59.2048813 10.4843646,59.2073742 10.4852757,59.2072018 10.4860106,59.2066195</coordinates></LinearRing></innerBoundaryIs><innerBoundaryIs><LinearRing><coordinates>10.5380723,59.1981515 10.5416811,59.1945176 10.5412726,59.1944128 10.5381556,59.1961296 10.5380723,59.1981515</coordinates></LinearRing></innerBoundaryIs><innerBoundaryIs><LinearRing><coordinates>10.7501667,59.2225457 10.750508,59.2222505 10.7496312,59.2210081 10.7423394,59.220952 10.7457978,59.2238092 10.7466325,59.2237117 10.7501667,59.2225457</coordinates></LinearRing></innerBoundaryIs><innerBoundaryIs><LinearRing><coordinates>10.5116149,59.2367953 10.5106266,59.2316349 10.5060102,59.2347921 10.5057809,59.2352039 10.5067275,59.2382812 10.5085706,59.2384486 10.5088975,59.2382812 10.5116149,59.2367953</coordinates></LinearRing></innerBoundaryIs><innerBoundaryIs><LinearRing><coordinates>10.4906468,59.2382812 10.4885234,59.240707 10.4884132,59.2437252 10.4898068,59.2440702 10.4903528,59.244076 10.4922345,59.243499 10.4911926,59.2382812 10.4906468,59.2382812</coordinates></LinearRing></innerBoundaryIs><innerBoundaryIs><LinearRing><coordinates>10.476315,59.2408065 10.4745094,59.2411662 10.4718841,59.2433898 10.4716742,59.24387 10.4739935,59.2469397 10.4745396,59.246857 10.4775239,59.2450573 10.4769027,59.2409354 10.476315,59.2408065</coordinates></LinearRing></innerBoundaryIs><innerBoundaryIs><LinearRing><coordinates>10.4977728,59.2504807 10.5105183,59.2471848 10.5068961,59.2436546 10.4986548,59.2453145 10.4977728,59.2504807</coordinates></LinearRing></innerBoundaryIs><innerBoundaryIs><LinearRing><coordinates>10.5186169,59.2437888 10.5208772,59.2432688 10.5203253,59.2425013 10.5141248,59.2414036 10.512502,59.2415066 10.5125718,59.2427062 10.5177664,59.2438908 10.5186169,59.2437888</coordinates></LinearRing></innerBoundaryIs><innerBoundaryIs><LinearRing><coordinates>10.4081593,59.1639293 10.4128491,59.1639147 10.4151014,59.1608855 10.4265217,59.1593353 10.4301387,59.1569375 10.4304457,59.153295 10.436832,59.1575338 10.4352511,59.1587895 10.4441074,59.1581585 10.4450645,59.1578761 10.4458984,59.156342 10.4463582,59.1532782 10.4450147,59.1486551 10.4463816,59.1458001 10.4337631,59.1467789 10.431483,59.1454194 10.4242985,59.1457117 10.4245052,59.1488642 10.4220124,59.1492716 10.4160639,59.1435612 10.4181545,59.1412637 10.4151844,59.1376739 10.4174507,59.1363559 10.4151604,59.1315933 10.4181201,59.1315548 10.4216543,59.1297008 10.4244977,59.1311119 10.4273967,59.1306093 10.4289438,59.1344641 10.4333665,59.1338104 10.4366214,59.1312315 10.4353697,59.1254092 10.4314814,59.1248285 10.4235129,59.1199268 10.4229922,59.1153286 10.4187365,59.1159772 10.4166114,59.0964127 10.4070388,59.0972989 10.4110218,59.0910769 10.4152864,59.0900096 10.4198505,59.0864449 10.4246572,59.0775926 10.4257524,59.0707229 10.4255357,59.0701109 10.4203869,59.0635267 10.4199445,59.063095 10.4177517,59.0625 10.4166666,59.0625 10.4151114,59.0630301 10.413954,59.0626394 10.413954,59.0625 10.4134864,59.0625 10.4108861,59.0610101 10.4099873,59.0601419 10.4056491,59.0531852 10.4020581,59.0589716 10.3982042,59.0606923 10.3962142,59.0600528 10.3962053,59.0625 10.3965929,59.0625 10.3966027,59.0631949 10.3939812,59.0644041 10.3913488,59.0687594 10.3933945,59.0693305 10.3933519,59.0718441 10.3911104,59.0765719 10.3981016,59.0799204 10.3976181,59.0880204 10.395106,59.0908364 10.3985612,59.0933656 10.394388,59.0963743 10.3883588,59.0963968 10.3878427,59.1030879 10.3875271,59.103195 10.3836128,59.1030468 10.3848282,59.0975354 10.3819489,59.0969746 10.3814448,59.0969616 10.3790569,59.1026189 10.3788292,59.1032414 10.3801841,59.1061058 10.3788229,59.1093194 10.3807215,59.1098593 10.3793526,59.1111918 10.3821558,59.1133564 10.3813447,59.1176352 10.383431,59.1220779 10.3788214,59.1367238 10.3805459,59.1402436 10.3872216,59.1418821 10.3788486,59.1421781 10.3812754,59.1471033 10.3768697,59.1468962 10.3748688,59.1573904 10.378665,59.1605651 10.386054,59.1600068 10.387114,59.165682 10.3898997,59.1679409 10.3931012,59.1687338 10.3955954,59.1675949 10.397662,59.1663136 10.4030153,59.1678938 10.4055705,59.1675072 10.4081593,59.1639293</coordinates></LinearRing></innerBoundaryIs><innerBoundaryIs><LinearRing><coordinates>10.8104346,59.1621432 10.8110238,59.1620634 10.8162875,59.1611235 10.81375,59.1575511 10.8134604,59.1574022 10.8096883,59.1562569 10.8063908,59.1573427 10.8041384,59.1568518 10.8040729,59.1583124 10.8070949,59.1591324 10.8059694,59.1609834 10.8104346,59.1621432</coordinates></LinearRing></innerBoundaryIs><innerBoundaryIs><LinearRing><coordinates>10.4859941,59.1516075 10.4856288,59.1513031 10.4828422,59.1532638 10.4829063,59.1541935 10.4835858,59.1547719 10.4861569,59.1552649 10.4812419,59.1571341 10.4810178,59.157636 10.4818329,59.160471 10.4826277,59.1607986 10.4868381,59.1601303 10.4893814,59.1580621 10.4893625,59.1529825 10.4859941,59.1516075</coordinates></LinearRing></innerBoundaryIs><innerBoundaryIs><LinearRing><coordinates>10.470332,59.1510453 10.47193,59.1492445 10.4713538,59.1484659 10.4704486,59.1483098 10.4655337,59.1503038 10.4670184,59.1515319 10.4682338,59.1514375 10.470332,59.1510453</coordinates></LinearRing></innerBoundaryIs><innerBoundaryIs><LinearRing><coordinates>10.8943872,59.1499432 10.8955549,59.1495621 10.8957247,59.1466239 10.8984375,59.1464843 10.898711,59.1465296 10.8998646,59.1447098 10.8997256,59.1445441 10.8984375,59.1448103 10.8984375,59.1450891 10.8926215,59.146453 10.8917409,59.1471816 10.8914369,59.1480789 10.8935533,59.1500844 10.8943872,59.1499432</coordinates></LinearRing></innerBoundaryIs><innerBoundaryIs><LinearRing><coordinates>10.4977397,59.1466345 10.5004281,59.1435999 10.4999098,59.1418796 10.4940385,59.1431183 10.4935364,59.14353 10.4937466,59.1462826 10.4944611,59.1468961 10.4974349,59.1468656 10.4977397,59.1466345</coordinates></LinearRing></innerBoundaryIs><innerBoundaryIs><LinearRing><coordinates>10.8916558,59.1422991 10.8940727,59.141049 10.894855,59.1403199 10.8935863,59.1399394 10.8905557,59.139894 10.8889235,59.1404552 10.8889349,59.1413151 10.8900282,59.1422991 10.8916558,59.1422991</coordinates></LinearRing></innerBoundaryIs><innerBoundaryIs><LinearRing><coordinates>10.4687082,59.133538 10.4684107,59.133464 10.4650149,59.1348873 10.4650162,59.1373945 10.4685173,59.1425898 10.4690228,59.1424375 10.4724272,59.1387407 10.4687082,59.133538</coordinates></LinearRing></innerBoundaryIs><innerBoundaryIs><LinearRing><coordinates>10.9136668,59.1360554 10.9189279,59.1359015 10.9216301,59.1341159 10.9214015,59.1336838 10.9209263,59.133128 10.9137765,59.1335326 10.9136668,59.1360554</coordinates></LinearRing></innerBoundaryIs><innerBoundaryIs><LinearRing><coordinates>10.9490842,59.1493163 10.9519274,59.148861 10.9506809,59.1476552 10.9567105,59.1470075 10.9573392,59.1466174 10.9575273,59.1459208 10.9564272,59.1376565 10.9569739,59.1374164 10.9515365,59.1305521 10.9513034,59.1299065 10.944362,59.1300532 10.9399101,59.1309237 10.9381152,59.1352912 10.9490842,59.1493163</coordinates></LinearRing></innerBoundaryIs><innerBoundaryIs><LinearRing><coordinates>10.9837576,59.1499652 10.9847631,59.1518435 10.9854387,59.152114 10.9892081,59.1517246 10.9899282,59.1514611 10.9906209,59.1469079 10.9905699,59.1466728 10.9850779,59.1447262 10.9836565,59.1450986 10.9837576,59.1499652</coordinates></LinearRing></innerBoundaryIs><innerBoundaryIs><LinearRing><coordinates>10.980189,59.1496149 10.9796302,59.1493837 10.9782302,59.1495752 10.9782054,59.1541353 10.9799187,59.1555744 10.9805024,59.1511139 10.980189,59.1496149</coordinates></LinearRing></innerBoundaryIs><innerBoundaryIs><LinearRing><coordinates>11.0024582,59.153043 11.0051879,59.1548542 11.0089107,59.1560646 11.0095243,59.1558542 11.00951,59.1545455 11.0091128,59.1541792 11.0041409,59.1513715 11.0021321,59.1524628 11.0024582,59.153043</coordinates></LinearRing></innerBoundaryIs><innerBoundaryIs><LinearRing><coordinates>10.9792027,59.140493 10.9796473,59.1406522 10.9828848,59.1399612 10.9834344,59.1396193 10.9840438,59.1381416 10.9835349,59.1378568 10.9821078,59.1379803 10.9792027,59.140493</coordinates></LinearRing></innerBoundaryIs><innerBoundaryIs><LinearRing><coordinates>10.4453377,59.1274272 10.4449667,59.1273782 10.4392879,59.130401 10.4384882,59.132549 10.4433444,59.1349236 10.4443941,59.1401907 10.4478909,59.1419181 10.4497693,59.1416789 10.4507737,59.1411062 10.451874,59.1350152 10.4480416,59.1286143 10.4453377,59.1274272</coordinates></LinearRing></innerBoundaryIs><innerBoundaryIs><LinearRing><coordinates>10.9281662,59.1276134 10.9281892,59.1254208 10.9276243,59.1248689 10.9236022,59.1216871 10.9216446,59.1209812 10.9198716,59.1209176 10.9191601,59.121483 10.9223269,59.1243913 10.9180027,59.1255397 10.9183439,59.1263784 10.9272377,59.1277577 10.9281662,59.1276134</coordinates></LinearRing></innerBoundaryIs><innerBoundaryIs><LinearRing><coordinates>10.9356961,59.1294008 10.9425905,59.126635 10.9433995,59.1250911 10.9433219,59.1222544 10.9491636,59.1239184 10.9493978,59.123612 10.9482692,59.1202893 10.9464191,59.1176322 10.9461139,59.1173549 10.9426627,59.1167184 10.9420996,59.1166775 10.9375498,59.1141618 10.9360858,59.1113228 10.9337991,59.1111223 10.9346026,59.1142536 10.9390565,59.1172086 10.9370914,59.1187603 10.9379361,59.1225746 10.9346117,59.1195868 10.9301732,59.1187376 10.9279335,59.1208686 10.9280771,59.1210949 10.9356961,59.1294008</coordinates></LinearRing></innerBoundaryIs><innerBoundaryIs><LinearRing><coordinates>10.957283,59.125038 10.9610543,59.1237457 10.9612544,59.1234843 10.9600296,59.1220737 10.9589905,59.120566 10.9501553,59.120139 10.9547173,59.1226465 10.956795,59.1220357 10.9573816,59.1242703 10.957283,59.125038</coordinates></LinearRing></innerBoundaryIs><innerBoundaryIs><LinearRing><coordinates>11.017292,59.1221845 11.0177261,59.1220442 11.0187364,59.1206357 11.0174199,59.1167967 11.0143032,59.1157011 11.0147585,59.1142622 11.0130426,59.1130472 11.0123039,59.113003 11.0124745,59.1184815 11.0152018,59.1203076 11.017292,59.1221845</coordinates></LinearRing></innerBoundaryIs><innerBoundaryIs><LinearRing><coordinates>11.1301368,59.1188039 11.1308379,59.1186298 11.1360716,59.1202182 11.1370482,59.1200871 11.1458045,59.1171318 11.1385711,59.1128718 11.1403795,59.1064093 11.1322724,59.1002644 11.1321007,59.0990909 11.1341943,59.0981405 11.1349076,59.0982043 11.1392151,59.1000874 11.1400667,59.1000198 11.1406986,59.0995047 11.1403152,59.0975505 11.1395961,59.0967892 11.1365658,59.0952662 11.1360236,59.0951819 11.1330221,59.0970306 11.1267458,59.0977705 11.1259319,59.1031353 11.1212291,59.1041073 11.1178703,59.1063232 11.117447,59.112565 11.1182092,59.113412 11.1287178,59.1203187 11.1301368,59.1188039</coordinates></LinearRing></innerBoundaryIs><innerBoundaryIs><LinearRing><coordinates>10.9998385,59.0620515 11.000434,59.0625 11.0006804,59.0650436 11.0003703,59.0655416 10.9968237,59.0659295 10.9921023,59.070452 10.9948481,59.0723371 10.9905474,59.0740602 10.9864042,59.0810738 10.9963661,59.0859078 11.0052741,59.0885751 11.0013537,59.0895478 11.0014659,59.0935369 11.0028127,59.0944637 11.0034288,59.094613 11.0049433,59.0942717 11.0102553,59.0893329 11.0196939,59.092272 11.0293574,59.0926177 11.0325474,59.095982 11.039272,59.094197 11.0394337,59.0939537 11.0386543,59.0929059 11.04307,59.0907547 11.0431623,59.0901424 11.0431389,59.0869046 11.043016,59.0865809 11.0382406,59.0820312 11.0393035,59.0775542 11.0451518,59.0746498 11.0511481,59.0769112 11.0575176,59.0769076 11.0641127,59.0744221 11.0717247,59.0746521 11.0743473,59.0723661 11.0786169,59.0719507 11.0765154,59.0744975 11.0650719,59.0778013 11.0470665,59.0791363 11.0509523,59.0807827 11.0513474,59.0860657 11.048996,59.0865269 11.0487657,59.0868309 11.0494899,59.0879261 11.0523587,59.0900199 11.0595868,59.0914927 11.0600799,59.09139 11.0606447,59.0900236 11.0602754,59.089592 11.0568377,59.0880752 11.0670965,59.0838326 11.0681951,59.0820735 11.0723135,59.0848451 11.0822229,59.0821475 11.0812953,59.0844188 11.0814735,59.0848902 11.0830017,59.0853298 11.0847331,59.0850796 11.0876374,59.0834728 11.0867645,59.0823092 11.090916,59.0790842 11.0885546,59.0777258 11.0900552,59.0757602 11.087615,59.0659084 11.0874269,59.0655801 11.0828993,59.0625 11.0825891,59.0625 11.0799748,59.0604213 11.0799317,59.0598598 11.0824846,59.0595539 11.0827872,59.0592917 11.0851413,59.055673 11.0851501,59.0553752 11.082808,59.0520222 11.0786114,59.0507404 11.0764009,59.0484389 11.075456,59.048183 11.0708762,59.0499038 11.0662293,59.0487643 11.059297,59.0493916 11.044898,59.0434607 11.0432931,59.045445 11.0385884,59.0453869 11.0372124,59.0423038 11.0408598,59.0416268 11.0532088,59.0446094 11.0559229,59.046694 11.0603104,59.0465149 11.0625249,59.0433784 11.0571073,59.0391796 11.06201,59.0353039 11.0590608,59.0340576 11.0560082,59.028185 11.0526105,59.0285034 11.049705,59.0251408 11.0385627,59.0248233 11.0306879,59.0185546 11.0247718,59.0159255 11.0196825,59.0184408 11.0153039,59.0172312 11.0113211,59.0202723 11.0112171,59.0216835 11.0166186,59.0226552 11.0176706,59.0245146 11.0164456,59.0255002 11.0079412,59.0257835 11.0133957,59.0288132 11.0131363,59.0318551 11.0076038,59.0321139 11.0071054,59.0287588 11.001877,59.0276899 10.9980257,59.0286804 10.9927064,59.0275588 10.9883655,59.0307749 10.9881002,59.0506192 11.0035183,59.0583658 10.9983474,59.0593175 10.997348,59.0602759 10.99619,59.062488 10.9998385,59.0620515</coordinates></LinearRing></innerBoundaryIs><innerBoundaryIs><LinearRing><coordinates>10.99619,59.062488 10.9960896,59.0625 10.9961838,59.0625 10.99619,59.062488</coordinates></LinearRing></innerBoundaryIs><innerBoundaryIs><LinearRing><coordinates>10.9927815,59.0637549 10.9928385,59.0625 10.9929435,59.0625 10.9918056,59.0600843 10.9967237,59.0576171 10.9943146,59.0563803 10.9910305,59.0561212 10.9903359,59.0562491 10.9846807,59.0595254 10.9792885,59.0578055 10.9757245,59.0595701 10.979538,59.0615404 10.9794427,59.0625 10.9798177,59.0625 10.9793938,59.0666245 10.9878678,59.0702397 10.9894263,59.065906 10.9927815,59.0637549</coordinates></LinearRing></innerBoundaryIs><innerBoundaryIs><LinearRing><coordinates>10.9621474,59.0520372 10.9683521,59.0464398 10.965548,59.0431772 10.9662433,59.0390998 10.9650812,59.037925 10.9602251,59.0380971 10.9559575,59.0360867 10.9510818,59.037158 10.9492892,59.0353664 10.9501601,59.0336257 10.9498975,59.0333323 10.9457324,59.0305655 10.9446769,59.0303655 10.9393061,59.0357269 10.93371,59.0375201 10.9341728,59.0390177 10.9380916,59.0394893 10.9383693,59.0424922 10.936654,59.0433562 10.932303,59.042685 10.92989,59.0464104 10.9348568,59.0481232 10.9344805,59.048434 10.9248452,59.0490885 10.9145848,59.055409 10.9230632,59.0572978 10.9238359,59.0579003 10.9238051,59.0604157 10.9259793,59.0625 10.9299186,59.0662595 10.9299912,59.0699404 10.9346987,59.0766383 10.9343323,59.0777819 10.9336261,59.0779765 10.9213852,59.0645406 10.9121898,59.0638326 10.9114583,59.0625 10.9113982,59.0625 10.9108127,59.0601825 10.9060045,59.0589225 10.9044365,59.0588927 10.9030476,59.0592761 10.9018195,59.0617983 10.9022177,59.0625 10.9043443,59.0648179 10.89898,59.0625 10.8984375,59.0625 10.8908994,59.0646518 10.8861002,59.0708121 10.8907295,59.0760236 10.8901795,59.0761462 10.8844857,59.0742989 10.8789752,59.0709705 10.8788077,59.0682607 10.8748233,59.0674514 10.8715479,59.0672137 10.8666099,59.0694239 10.8657469,59.07003 10.8656404,59.0712678 10.866327,59.0721867 10.8692975,59.0717102 10.868825,59.0736365 10.8695478,59.0741661 10.8708127,59.0742518 10.8716828,59.0740333 10.8737373,59.0707188 10.8745685,59.0704175 10.8764865,59.0706509 10.8778729,59.0719405 10.87555,59.0754176 10.8704144,59.0765104 10.8692524,59.0766741 10.8676749,59.0754039 10.8635873,59.0763206 10.8628606,59.0760008 10.8646823,59.0740834 10.8644433,59.0737851 10.8579167,59.0696009 10.8504581,59.0711672 10.8516023,59.0751222 10.8482835,59.0737293 10.8445237,59.0749199 10.8468527,59.0788445 10.843766,59.0803345 10.8425047,59.0833265 10.8453172,59.0847127 10.8443872,59.0861874 10.8415626,59.0856276 10.8422322,59.0888743 10.8395062,59.0895003 10.8435317,59.095228 10.8379991,59.0904508 10.8362629,59.0903085 10.8353139,59.0906596 10.8345172,59.0913894 10.8358536,59.093129 10.8317629,59.092939 10.8288769,59.0968632 10.8288682,59.0972217 10.8325846,59.1008304 10.8291268,59.1009634 10.8291568,59.1011562 10.8299227,59.1018372 10.8354181,59.1048077 10.8364598,59.1050364 10.8435848,59.1045153 10.8438869,59.1047668 10.8406072,59.1068261 10.841024,59.1087269 10.8483438,59.1111594 10.8517011,59.1138842 10.8511615,59.115702 10.8490489,59.1159244 10.8445556,59.1125631 10.8419564,59.1128242 10.8450729,59.1187367 10.8505144,59.1200634 10.8553104,59.1193113 10.8583482,59.1206752 10.8561598,59.1227459 10.8519374,59.1213756 10.8512909,59.1215392 10.8509732,59.1220257 10.8510096,59.1243618 10.8554699,59.1254452 10.8552064,59.1270241 10.8608292,59.1270272 10.8607074,59.1245739 10.8612883,59.1242163 10.8626523,59.1239963 10.8681538,59.1238462 10.8671259,59.1224209 10.871913,59.1216288 10.872933,59.1210877 10.876159,59.11803 10.8766031,59.1172714 10.87576,59.1113963 10.8774974,59.1074576 10.880524,59.1078236 10.8789449,59.1125708 10.8837192,59.1130522 10.8841363,59.1155958 10.8807331,59.116617 10.8801728,59.1180698 10.8858041,59.1167973 10.8861643,59.1164989 10.8843761,59.1136801 10.8846071,59.1133524 10.8872284,59.1130565 10.8886398,59.1131519 10.8902738,59.1135253 10.8963304,59.1185046 10.8984375,59.1185826 10.8993591,59.1185653 10.9042031,59.1153435 10.9054611,59.1199979 10.9089757,59.1210076 10.91301,59.117848 10.9138894,59.1137906 10.9200016,59.1134659 10.9204348,59.1130656 10.9199005,59.0991888 10.9227808,59.099501 10.9281718,59.1036652 10.9334379,59.1042444 10.935164,59.1029725 10.9410865,59.1055266 10.9484012,59.102542 10.9480613,59.0993024 10.9382168,59.0872273 10.9323515,59.0840811 10.9345818,59.0788233 10.936134,59.0780147 10.9374294,59.0779719 10.9365526,59.0798681 10.940761,59.0849932 10.9415019,59.0852727 10.9446799,59.0863699 10.9461036,59.0867302 10.9467624,59.0867507 10.9511874,59.0848721 10.9618247,59.0859668 10.9670497,59.0900443 10.9703273,59.09007 10.9700013,59.0796411 10.9657969,59.0785015 10.9629824,59.0757405 10.9589781,59.0769989 10.9581012,59.0743682 10.9544466,59.0736575 10.9557422,59.0717422 10.9599477,59.0708507 10.9602431,59.0705655 10.9612283,59.067885 10.960829,59.0625 10.9605414,59.0625 10.9608707,59.0613505 10.9579229,59.060243 10.9579299,59.0597152 10.9590535,59.0568966 10.9621474,59.0520372</coordinates></LinearRing></innerBoundaryIs><innerBoundaryIs><LinearRing><coordinates>10.9810423,59.0552171 10.9825805,59.0552351 10.9834269,59.0548382 10.9846885,59.0505877 10.9838731,59.0501955 10.9814872,59.0500215 10.9810942,59.0504525 10.9810423,59.0552171</coordinates></LinearRing></innerBoundaryIs><innerBoundaryIs><LinearRing><coordinates>10.2316325,59.0352752 10.2269239,59.032154 10.2260439,59.0321805 10.2261146,59.0347331 10.2268375,59.0353254 10.2307894,59.0368026 10.2313132,59.036449 10.2319403,59.0355893 10.2316325,59.0352752</coordinates></LinearRing></innerBoundaryIs><innerBoundaryIs><LinearRing><coordinates>10.2331718,59.0389467 10.2335007,59.0391217 10.2351058,59.0386972 10.2356925,59.0380996 10.2347161,59.0363992 10.2343147,59.0361371 10.2326078,59.037358 10.2331718,59.0389467</coordinates></LinearRing></innerBoundaryIs><innerBoundaryIs><LinearRing><coordinates>10.8857929,59.0389233 10.8830658,59.0394897 10.8826076,59.0439329 10.8714741,59.0450248 10.8712513,59.0453953 10.8715389,59.0488667 10.8726227,59.0507723 10.8757296,59.0523984 10.8759601,59.0527589 10.8757274,59.0564857 10.8767391,59.0569448 10.8793669,59.0568506 10.8815265,59.0566151 10.8817458,59.0564589 10.8835872,59.0534279 10.8879925,59.0526825 10.8918999,59.0495704 10.8961161,59.0439358 10.8914536,59.0416915 10.8917375,59.0392512 10.8908334,59.039005 10.8867409,59.0373468 10.8840717,59.0375659 10.8857929,59.0389233</coordinates></LinearRing></innerBoundaryIs><innerBoundaryIs><LinearRing><coordinates>10.2969863,59.0430933 10.2959533,59.0430501 10.294282,59.0462244 10.2942843,59.0472974 10.2960945,59.0494272 10.2964833,59.0493538 10.2978591,59.0481292 10.298262,59.0439407 10.2969863,59.0430933</coordinates></LinearRing></innerBoundaryIs><innerBoundaryIs><LinearRing><coordinates>10.442052,59.055113 10.4437655,59.0558789 10.4500569,59.0542109 10.4505681,59.0534378 10.4520301,59.0510226 10.4515684,59.050107 10.4485971,59.0495712 10.4470611,59.0494213 10.4422522,59.0522228 10.442052,59.055113</coordinates></LinearRing></innerBoundaryIs><innerBoundaryIs><LinearRing><coordinates>10.5120302,59.0579571 10.514365,59.0599796 10.5149049,59.0598865 10.5158864,59.0543684 10.5152423,59.0541137 10.5112473,59.0552527 10.5120302,59.0579571</coordinates></LinearRing></innerBoundaryIs><innerBoundaryIs><LinearRing><coordinates>10.4377052,59.0586745 10.4358931,59.0576155 10.4347597,59.0576603 10.4333022,59.058632 10.4339044,59.0605952 10.4372771,59.0596381 10.4377052,59.0586745</coordinates></LinearRing></innerBoundaryIs><innerBoundaryIs><LinearRing><coordinates>10.5213758,59.0625 10.5177073,59.0656909 10.5176957,59.0659862 10.5200059,59.0681672 10.5193219,59.0716865 10.5227327,59.0743899 10.5269314,59.071299 10.5289713,59.0640345 10.5289713,59.0625 10.5290538,59.0625 10.5262573,59.0595921 10.5256758,59.0594623 10.5234311,59.0597467 10.5220335,59.0625 10.5213758,59.0625</coordinates></LinearRing></innerBoundaryIs><innerBoundaryIs><LinearRing><coordinates>10.4506918,59.0640103 10.4452266,59.0640103 10.4399956,59.0625 10.4384052,59.0622559 10.4368343,59.0626211 10.4324634,59.0640603 10.4316473,59.0644747 10.4297029,59.066614 10.4290434,59.0808293 10.4248198,59.0850244 10.4285433,59.0859684 10.4232003,59.0889018 10.4206043,59.1003675 10.4236099,59.1054062 10.4210215,59.1091439 10.422924,59.1115739 10.4261749,59.1064934 10.4284638,59.10592 10.4285409,59.110586 10.4260288,59.113116 10.4279193,59.1160817 10.4279191,59.1166281 10.4258424,59.1187261 10.4272246,59.1198021 10.428776,59.1199051 10.4311966,59.1195745 10.4325014,59.1125613 10.4352129,59.1111923 10.435872,59.1076548 10.4361225,59.1069505 10.4355586,59.1057914 10.4347383,59.1057237 10.4321815,59.1073346 10.4326533,59.1002696 10.4290876,59.0998712 10.429284,59.0991338 10.4317201,59.0960431 10.4308655,59.0941982 10.4345206,59.0935893 10.4346299,59.090397 10.4381672,59.0888917 10.4380192,59.0881407 10.4373258,59.0875582 10.4336349,59.0878677 10.4330195,59.0877219 10.4315199,59.0863991 10.4345992,59.0858583 10.4374077,59.0798029 10.4402539,59.0798631 10.4400187,59.082725 10.4421023,59.084017 10.4405994,59.0844887 10.4412229,59.0897784 10.4435273,59.0919359 10.441443,59.0960321 10.4422369,59.0977468 10.4449676,59.0975604 10.4502414,59.0939896 10.4485557,59.0914477 10.4513888,59.0897042 10.4518744,59.0821694 10.45454,59.0797811 10.452073,59.0772645 10.4541581,59.0690144 10.450618,59.0665987 10.4506918,59.0640103</coordinates></LinearRing></innerBoundaryIs><innerBoundaryIs><LinearRing><coordinates>10.4455605,59.1184175 10.4471067,59.1221187 10.447547,59.1222715 10.4487318,59.1220959 10.453986,59.1179304 10.4545867,59.1167027 10.4545828,59.1140016 10.4527807,59.1123157 10.4467309,59.1141073 10.4455605,59.1184175</coordinates></LinearRing></innerBoundaryIs><innerBoundaryIs><LinearRing><coordinates>10.4594266,59.1190319 10.4591357,59.1196012 10.4623497,59.1226197 10.464262,59.1239709 10.4680281,59.1230602 10.4677206,59.1184438 10.4707813,59.1152223 10.4707857,59.114669 10.4680362,59.1125509 10.4625599,59.1143245 10.4594266,59.1190319</coordinates></LinearRing></innerBoundaryIs><innerBoundaryIs><LinearRing><coordinates>10.7393758,59.1171848 10.7381867,59.1181901 10.7381957,59.1184846 10.739746,59.1191406 10.7402886,59.1191406 10.7443331,59.1172837 10.7435189,59.1167868 10.7406998,59.116827 10.7393758,59.1171848</coordinates></LinearRing></innerBoundaryIs><innerBoundaryIs><LinearRing><coordinates>10.7592773,59.1146469 10.7721546,59.1106364 10.7741971,59.1100724 10.774128,59.1072856 10.773331,59.1063468 10.7701494,59.1068041 10.7657899,59.1080081 10.7607749,59.110576 10.7585182,59.1094843 10.7558182,59.1136559 10.7592773,59.1146469</coordinates></LinearRing></innerBoundaryIs><innerBoundaryIs><LinearRing><coordinates>10.8272185,59.1074523 10.8273997,59.1089283 10.8336585,59.1094849 10.8319675,59.1074922 10.8308843,59.1072479 10.8280647,59.1072845 10.8272185,59.1074523</coordinates></LinearRing></innerBoundaryIs><innerBoundaryIs><LinearRing><coordinates>10.4863051,59.1041679 10.4905875,59.1048481 10.4920312,59.1043777 10.4925545,59.1036502 10.4925605,59.0972819 10.4898663,59.0939081 10.4894891,59.0938345 10.4869996,59.0944468 10.4849367,59.1011486 10.483106,59.0987943 10.4794265,59.0983382 10.474279,59.1023173 10.4737738,59.1032282 10.4748487,59.105829 10.476402,59.1075172 10.478233,59.1080495 10.480213,59.1087145 10.4839832,59.1075258 10.4863051,59.1041679</coordinates></LinearRing></innerBoundaryIs><innerBoundaryIs><LinearRing><coordinates>10.4950286,59.1063302 10.4969904,59.1060067 10.4974242,59.1057868 10.4984668,59.1034203 10.4952902,59.1039358 10.4950577,59.1051158 10.4950286,59.1063302</coordinates></LinearRing></innerBoundaryIs><innerBoundaryIs><LinearRing><coordinates>10.7722439,59.1014007 10.7728401,59.1017359 10.7831559,59.1027039 10.7849574,59.1002353 10.7824759,59.0966671 10.783643,59.0915925 10.7802232,59.0930525 10.775882,59.0961215 10.7722439,59.1014007</coordinates></LinearRing></innerBoundaryIs><innerBoundaryIs><LinearRing><coordinates>10.452915,59.106811 10.4526792,59.0999126 10.4524201,59.0996037 10.4441466,59.0994112 10.4438003,59.0995283 10.4444098,59.1072189 10.4449863,59.1076438 10.4468379,59.1080095 10.4523433,59.1071007 10.452915,59.106811</coordinates></LinearRing></innerBoundaryIs><innerBoundaryIs><LinearRing><coordinates>10.4629436,59.0689517 10.4634836,59.0724183 10.4588809,59.079053 10.4584693,59.0867892 10.4587378,59.0868362 10.4630969,59.0843585 10.46796,59.0849781 10.4684166,59.0848033 10.47149,59.0814523 10.4735078,59.0720679 10.4695187,59.0678304 10.469135,59.0678504 10.4629436,59.0689517</coordinates></LinearRing></innerBoundaryIs><innerBoundaryIs><LinearRing><coordinates>10.8795071,59.0660383 10.8818167,59.0678397 10.8845975,59.067413 10.8853689,59.0652018 10.8851612,59.0647845 10.8839215,59.0649118 10.8795071,59.0660383</coordinates></LinearRing></innerBoundaryIs><innerBoundaryIs><LinearRing><coordinates>10.5353007,59.0582798 10.5363044,59.0580109 10.5365053,59.0576272 10.5338165,59.0530194 10.5333359,59.0527318 10.5321497,59.0531346 10.532353,59.0548934 10.5353007,59.0582798</coordinates></LinearRing></innerBoundaryIs><innerBoundaryIs><LinearRing><coordinates>10.5202068,59.0524971 10.520595,59.0524526 10.5218693,59.0498718 10.5217336,59.0490931 10.5202732,59.0475292 10.519699,59.0473741 10.5183421,59.0492022 10.5185773,59.0503703 10.5202068,59.0524971</coordinates></LinearRing></innerBoundaryIs><innerBoundaryIs><LinearRing><coordinates>10.8618979,59.0488842 10.8641347,59.0486854 10.8669914,59.0478812 10.8676201,59.0472888 10.8679187,59.0447344 10.8613615,59.0455554 10.8609951,59.0458699 10.8612056,59.0485256 10.8618979,59.0488842</coordinates></LinearRing></innerBoundaryIs><innerBoundaryIs><LinearRing><coordinates>10.9375566,59.1100724 10.9391841,59.1117465 10.9466712,59.1164268 10.948274,59.1170095 10.9501638,59.1155127 10.9536999,59.1187345 10.9545109,59.1165605 10.9539084,59.1158092 10.9509928,59.1128656 10.9507892,59.1127899 10.9487875,59.1144636 10.944701,59.1130968 10.9465407,59.110952 10.944332,59.1102705 10.9469659,59.1095943 10.9472229,59.109247 10.9470788,59.108186 10.9452834,59.1080509 10.9377331,59.1064909 10.9371618,59.1067508 10.9375566,59.1100724</coordinates></LinearRing></innerBoundaryIs><innerBoundaryIs><LinearRing><coordinates>10.9811174,59.1156995 10.9814672,59.1167949 10.9855504,59.117153 10.9867861,59.1169382 10.9869413,59.1165735 10.9855798,59.1150113 10.9817564,59.115325 10.9811174,59.1156995</coordinates></LinearRing></innerBoundaryIs><innerBoundaryIs><LinearRing><coordinates>10.9842033,59.1143364 10.9857045,59.1135627 10.9861879,59.1117032 10.9854087,59.1111196 10.9840142,59.1110072 10.9816133,59.1119405 10.9815547,59.1126163 10.9829969,59.114476 10.9842033,59.1143364</coordinates></LinearRing></innerBoundaryIs><innerBoundaryIs><LinearRing><coordinates>10.9629215,59.1100996 10.9622421,59.1066545 10.9660589,59.1042441 10.9629416,59.1002817 10.9585396,59.0979174 10.9566061,59.0974947 10.9562981,59.0972592 10.9550594,59.0940933 10.9526381,59.0935289 10.9511634,59.0936323 10.9505513,59.0941494 10.9501179,59.0967394 10.9520242,59.0994775 10.9503233,59.1022193 10.9605139,59.110943 10.9629215,59.1100996</coordinates></LinearRing></innerBoundaryIs><innerBoundaryIs><LinearRing><coordinates>11.0694262,59.1050634 11.0704896,59.1082025 11.071249,59.1083204 11.074537,59.107882 11.0747666,59.1075925 11.0723264,59.104694 11.0714759,59.1044481 11.0696042,59.1046408 11.0694262,59.1050634</coordinates></LinearRing></innerBoundaryIs><innerBoundaryIs><LinearRing><coordinates>11.1038954,59.107989 11.1050195,59.1059335 11.1027896,59.1039507 11.101938,59.1037859 11.1007907,59.1043826 11.0998901,59.1061079 11.1000208,59.1067109 11.1021498,59.1074891 11.1038954,59.107989</coordinates></LinearRing></innerBoundaryIs><innerBoundaryIs><LinearRing><coordinates>11.0812956,59.1048189 11.0786002,59.1038175 11.0779114,59.1038032 11.0791593,59.1061671 11.0824414,59.1074111 11.0819299,59.1053243 11.0812956,59.1048189</coordinates></LinearRing></innerBoundaryIs><innerBoundaryIs><LinearRing><coordinates>11.0393661,59.1002408 11.0432186,59.1020184 11.0440319,59.0993732 11.0432341,59.0980387 11.041894,59.0980871 11.0393661,59.1002408</coordinates></LinearRing></innerBoundaryIs><innerBoundaryIs><LinearRing><coordinates>11.0490566,59.1002274 11.0502152,59.0972075 11.049831,59.0967391 11.0465581,59.0956643 11.0445226,59.0963331 11.0445513,59.0974818 11.0452147,59.0982999 11.0490566,59.1002274</coordinates></LinearRing></innerBoundaryIs><innerBoundaryIs><LinearRing><coordinates>10.9651226,59.0927573 10.9651105,59.0922317 10.962761,59.0901802 10.9606771,59.0900344 10.9596183,59.0903873 10.9582483,59.0916854 10.962182,59.0937769 10.9651226,59.0927573</coordinates></LinearRing></innerBoundaryIs><innerBoundaryIs><LinearRing><coordinates>10.9527466,59.1084399 10.9496045,59.1083976 10.94942,59.1086434 10.9511358,59.1103143 10.9553217,59.1107429 10.9543421,59.1088125 10.9527466,59.1084399</coordinates></LinearRing></innerBoundaryIs><innerBoundaryIs><LinearRing><coordinates>10.9806901,59.0757895 10.9838991,59.0730671 10.9841564,59.0695182 10.9830751,59.0692962 10.9815187,59.0693476 10.977859,59.0714788 10.9759628,59.0754662 10.9778026,59.0762351 10.9806901,59.0757895</coordinates></LinearRing></innerBoundaryIs><innerBoundaryIs><LinearRing><coordinates>11.0425022,59.0829763 11.0469489,59.0846928 11.046519,59.0822988 11.0446931,59.0807456 11.0433232,59.0805933 11.0425833,59.0812991 11.0425022,59.0829763</coordinates></LinearRing></innerBoundaryIs><innerBoundaryIs><LinearRing><coordinates>11.0939018,59.0771203 11.0954365,59.0793999 11.0964876,59.0798857 11.0974913,59.0797544 11.0980279,59.0789828 11.096069,59.0762441 11.0956274,59.0759525 11.0941646,59.076416 11.0939018,59.0771203</coordinates></LinearRing></innerBoundaryIs><innerBoundaryIs><LinearRing><coordinates>11.1511737,59.0625 11.1537775,59.0626744 11.1544139,59.0625 11.1557351,59.0603733 11.1508561,59.0594701 11.1501997,59.0595766 11.1511737,59.0625</coordinates></LinearRing></innerBoundaryIs><innerBoundaryIs><LinearRing><coordinates>11.1046077,59.0506688 11.105039,59.0539777 11.1101638,59.0501332 11.1128234,59.0510461 11.1154613,59.0491837 11.1154333,59.048966 11.1113803,59.0439571 11.1117228,59.0363891 11.1058613,59.0368063 11.1079186,59.0344594 11.1079109,59.0319552 11.1059792,59.029866 11.105229,59.0294811 11.0979801,59.0272493 11.0953012,59.0281119 11.0908015,59.0277327 11.087895,59.0248064 11.0873533,59.0245763 11.0845401,59.024344 11.0781844,59.0255489 11.0783395,59.0293151 11.0840383,59.0315346 11.084322,59.031933 11.0833147,59.0342422 11.0888139,59.0343571 11.0925705,59.0358059 11.0901396,59.0443084 11.0935587,59.0450673 11.096173,59.043956 11.098749,59.0442609 11.1022258,59.0499525 11.1046077,59.0506688</coordinates></LinearRing></innerBoundaryIs><innerBoundaryIs><LinearRing><coordinates>11.112973,59.0410538 11.1133209,59.0445071 11.1157582,59.0452511 11.1207932,59.0427465 11.1207904,59.0423512 11.1182293,59.0389447 11.117335,59.0386415 11.114906,59.0385813 11.1140468,59.0389866 11.112973,59.0410538</coordinates></LinearRing></innerBoundaryIs><innerBoundaryIs><LinearRing><coordinates>11.1102732,59.023966 11.1135895,59.0226198 11.1104524,59.0202076 11.1102086,59.0173076 11.094159,59.0116976 11.0891311,59.011819 11.0840662,59.0082761 11.0867791,59.0053766 11.086785,59.0049593 11.0838736,59.0017215 11.0852174,58.9980189 11.081318,58.9950447 11.0807657,58.9948174 11.0746417,58.9967147 11.0779676,58.9987686 11.0775384,59.0002198 11.0682858,59.000667 11.0684088,59.006404 11.0646973,59.0102936 11.0660967,59.0043145 11.0613418,59.0019836 11.0630347,59.0051939 11.0566118,59.0098702 11.0573199,59.0118082 11.0584311,59.0160466 11.062934,59.0149127 11.0642318,59.0174698 11.0754021,59.0210069 11.0890561,59.0214005 11.1010931,59.0248621 11.1102732,59.023966</coordinates></LinearRing></innerBoundaryIs><innerBoundaryIs><LinearRing><coordinates>11.0527822,59.0001882 11.0524014,58.9988753 11.052664,58.9982331 11.0634305,58.9945359 11.0636483,58.9941458 11.0607879,58.9899893 11.0566323,58.9887104 11.05689,58.9875261 11.0607826,58.9879462 11.059657,58.985899 11.0528491,58.9865618 11.0439547,58.991213 11.0434172,58.9913177 11.0410008,58.9895642 11.0395563,58.9896473 11.0350083,58.9911749 11.0350759,58.9942338 11.0358211,58.9953088 11.0364592,58.995674 11.0405957,58.9957418 11.0433608,58.9970433 11.0399019,58.9985116 11.0424035,58.999872 11.0394515,59.0012363 11.0387855,59.0043061 11.0352243,59.0039937 11.0321372,59.0060335 11.0340222,59.0094773 11.0351577,59.0068135 11.035341,59.0067687 11.0413376,59.0091352 11.0429065,59.0062143 11.0482484,59.0070924 11.0566272,59.0042539 11.0573717,59.0038145 11.0575326,59.0018659 11.0527822,59.0001882</coordinates></LinearRing></innerBoundaryIs><innerBoundaryIs><LinearRing><coordinates>11.1303895,58.99335 11.1310514,58.9920495 11.1289701,58.9891042 11.1275336,58.9887263 11.1272315,58.98892 11.1271114,58.9911264 11.1303895,58.99335</coordinates></LinearRing></innerBoundaryIs><innerBoundaryIs><LinearRing><coordinates>11.1668932,58.9941109 11.1711838,58.9964478 11.1782119,58.9940549 11.1770201,58.9931703 11.175719,58.9931154 11.1718713,58.9935921 11.1668932,58.9941109</coordinates></LinearRing></innerBoundaryIs><innerBoundaryIs><LinearRing><coordinates>11.1432288,58.9917401 11.1428775,58.9914562 11.1403841,58.9900755 11.1388502,58.9900968 11.1380126,58.9912407 11.1384264,58.9915288 11.1423829,58.9932998 11.142903,58.9928398 11.1432288,58.9917401</coordinates></LinearRing></innerBoundaryIs><innerBoundaryIs><LinearRing><coordinates>11.1239101,58.987896 11.1233681,58.9877374 11.1211321,58.9889483 11.123475,58.9900337 11.1238062,58.9899638 11.1239101,58.987896</coordinates></LinearRing></innerBoundaryIs><innerBoundaryIs><LinearRing><coordinates>11.1130689,58.9853785 11.1123166,58.9851449 11.1113018,58.9863014 11.1112849,58.9871268 11.1127682,58.9882071 11.1134948,58.9878975 11.1130689,58.9853785</coordinates></LinearRing></innerBoundaryIs><innerBoundaryIs><LinearRing><coordinates>10.9760205,58.9845576 10.9717668,58.9820023 10.967629,58.9836783 10.9696155,58.985815 10.9702652,58.9857255 10.9760205,58.9845576</coordinates></LinearRing></innerBoundaryIs><innerBoundaryIs><LinearRing><coordinates>11.133357,58.984296 11.1337202,58.9817808 11.1272219,58.9790854 11.126698,58.9804486 11.1295413,58.9815068 11.128231,58.9833823 11.133357,58.984296</coordinates></LinearRing></innerBoundaryIs><innerBoundaryIs><LinearRing><coordinates>10.9598423,58.9750758 10.9586812,58.9742997 10.9505975,58.9751025 10.9494272,58.9767714 10.9537923,58.9770627 10.9449422,58.9788615 10.950019,58.9798225 10.9453557,58.9806927 10.9486396,58.9858764 10.9553494,58.9858624 10.9587116,58.9883902 10.9615144,58.9878517 10.9616091,58.9872679 10.9609512,58.9859503 10.9591124,58.9839284 10.9637018,58.9811074 10.960196,58.9752477 10.9598423,58.9750758</coordinates></LinearRing></innerBoundaryIs><innerBoundaryIs><LinearRing><coordinates>10.1973758,58.9730839 10.1956156,58.9712977 10.1953125,58.9712611 10.1927108,58.9741963 10.1926918,58.9744234 10.1945086,58.9748551 10.1953125,58.9748884 10.1953125,58.9746093 10.1973758,58.9730839</coordinates></LinearRing></innerBoundaryIs><innerBoundaryIs><LinearRing><coordinates>10.15374,58.9708139 10.1516654,58.9694476 10.1561244,58.9672107 10.1562659,58.9650526 10.1541857,58.9648945 10.1524183,58.9662358 10.1525537,58.9649709 10.1502392,58.9651374 10.1448047,58.9685 10.1424657,58.9674364 10.1348348,58.9705338 10.1348644,58.9722561 10.1374086,58.9722753 10.1367967,58.9753048 10.1378587,58.9760301 10.1387484,58.9759362 10.1440541,58.9737184 10.1443965,58.9736741 10.1438496,58.9745589 10.1468937,58.9750534 10.1520503,58.9725834 10.15374,58.9708139</coordinates></LinearRing></innerBoundaryIs><innerBoundaryIs><LinearRing><coordinates>11.0734726,58.9688798 11.0763649,58.9698905 11.0803884,58.9691398 11.0830628,58.9663659 11.0830783,58.9657514 11.0800228,58.9643707 11.0790045,58.9620743 11.0785586,58.9619569 11.0754739,58.9618324 11.0742948,58.9620252 11.0723999,58.9640903 11.0724345,58.9644918 11.0743718,58.9670991 11.0734726,58.9688798</coordinates></LinearRing></innerBoundaryIs><innerBoundaryIs><LinearRing><coordinates>11.1078329,58.9654738 11.1138541,58.9577304 11.114624,58.9526498 11.1200376,58.9488457 11.1197516,58.9471809 11.1190156,58.9454625 11.12275,58.9453797 11.1241869,58.9442548 11.1292219,58.9392802 11.128342,58.9373704 11.1281604,58.9364539 11.1275789,58.9364897 11.122281,58.9378082 11.1179854,58.9408158 11.1126372,58.9415014 11.1104829,58.9432305 11.1122295,58.9465733 11.1072814,58.9474118 11.1079003,58.9516735 11.0996141,58.9568673 11.1006438,58.959558 11.0977349,58.9607335 11.1017129,58.9665496 11.1078329,58.9654738</coordinates></LinearRing></innerBoundaryIs><innerBoundaryIs><LinearRing><coordinates>11.1282258,58.9456868 11.1289291,58.9467453 11.1300261,58.946545 11.1314923,58.9444172 11.1296434,58.9441386 11.1285324,58.9446005 11.1282258,58.9456868</coordinates></LinearRing></innerBoundaryIs><innerBoundaryIs><LinearRing><coordinates>11.1499584,58.9365482 11.1511414,58.9365087 11.1561309,58.9370328 11.1556365,58.9359185 11.1548861,58.9357156 11.1463869,58.9342169 11.1448359,58.9342859 11.1428555,58.9347054 11.1410434,58.936258 11.1426604,58.9374706 11.1499584,58.9365482</coordinates></LinearRing></innerBoundaryIs><innerBoundaryIs><LinearRing><coordinates>11.1336755,58.9324001 11.1327981,58.9322067 11.1269958,58.9337034 11.1265113,58.9340523 11.1268975,58.9353806 11.1278636,58.9358698 11.1327856,58.9350421 11.1336755,58.9324001</coordinates></LinearRing></innerBoundaryIs><innerBoundaryIs><LinearRing><coordinates>11.1557717,58.9330035 11.1559654,58.932757 11.1525108,58.9309663 11.1518884,58.9308449 11.1512508,58.9320765 11.1519135,58.9322892 11.1557717,58.9330035</coordinates></LinearRing></innerBoundaryIs><innerBoundaryIs><LinearRing><coordinates>11.114206,58.9306901 11.1134285,58.9303874 11.111008,58.9305241 11.1058106,58.9342912 11.1112902,58.9336317 11.1144161,58.9310467 11.114206,58.9306901</coordinates></LinearRing></innerBoundaryIs><innerBoundaryIs><LinearRing><coordinates>11.112465,58.9389251 11.1119905,58.9375 11.1104012,58.9366375 11.1047378,58.9380149 11.102384,58.9395986 11.1026043,58.9410071 11.10567,58.9412509 11.1108249,58.9399226 11.112465,58.9389251</coordinates></LinearRing></innerBoundaryIs><innerBoundaryIs><LinearRing><coordinates>9.9365543,58.9368684 9.9347988,58.9369236 9.9323276,58.9381675 9.9319419,58.9388437 9.9336967,58.9406714 9.9382631,58.9381803 9.9365543,58.9368684</coordinates></LinearRing></innerBoundaryIs><innerBoundaryIs><LinearRing><coordinates>9.6372987,58.9372845 9.6367902,58.938701 9.6311923,58.9405076 9.6318353,58.9423459 9.6358258,58.9442075 9.6394089,58.9426264 9.6379938,58.9466203 9.6426179,58.9502978 9.6476327,58.95114 9.646185,58.9480602 9.6491613,58.9482034 9.6503094,58.9473398 9.6503081,58.9469351 9.6461958,58.9451509 9.6514431,58.9458225 9.6530386,58.9441409 9.6478286,58.9402846 9.6372987,58.9372845</coordinates></LinearRing></innerBoundaryIs><innerBoundaryIs><LinearRing><coordinates>9.6560448,58.9532278 9.6600195,58.9537923 9.6600258,58.95186 9.6598324,58.9515458 9.6554875,58.9505149 9.6543341,58.9504277 9.6540616,58.95109 9.6560448,58.9532278</coordinates></LinearRing></innerBoundaryIs><innerBoundaryIs><LinearRing><coordinates>9.8589528,58.955741 9.8630387,58.9568384 9.8639417,58.9566339 9.8652487,58.9554306 9.8645827,58.953315 9.863348,58.9529027 9.8625478,58.952895 9.8589048,58.9554842 9.8589528,58.955741</coordinates></LinearRing></innerBoundaryIs><innerBoundaryIs><LinearRing><coordinates>9.8707103,58.9559389 9.8683161,58.9590642 9.8688912,58.9588923 9.8739347,58.9562569 9.8739494,58.9560339 9.8714067,58.9550565 9.8696126,58.951309 9.8692867,58.9511989 9.8676316,58.9522007 9.8681552,58.9552172 9.8707103,58.9559389</coordinates></LinearRing></innerBoundaryIs><innerBoundaryIs><LinearRing><coordinates>9.8812273,58.9588305 9.8789207,58.9603775 9.8789178,58.9606608 9.8813968,58.9623621 9.8873605,58.9614291 9.8925234,58.9610348 9.8933674,58.9608206 9.894594,58.95876 9.8996562,58.9572473 9.899493,58.9570622 9.8977458,58.9567991 9.8826835,58.9585508 9.8812273,58.9588305</coordinates></LinearRing></innerBoundaryIs><innerBoundaryIs><LinearRing><coordinates>10.8730536,58.9607431 10.8740268,58.9606075 10.8762038,58.9582452 10.8743237,58.9558831 10.8731272,58.955663 10.8714561,58.9560667 10.8694721,58.9593753 10.8730536,58.9607431</coordinates></LinearRing></innerBoundaryIs><innerBoundaryIs><LinearRing><coordinates>11.0960828,58.9590703 11.0992677,58.9551498 11.0992424,58.9540482 11.09503,58.9502457 11.0939459,58.9497885 11.0891441,58.9495966 11.0879687,58.949791 11.0843503,58.9529732 11.0843496,58.9532669 11.0895053,58.9618154 11.0960828,58.9590703</coordinates></LinearRing></innerBoundaryIs><innerBoundaryIs><LinearRing><coordinates>9.897403,58.9468411 9.8941885,58.9469547 9.8928123,58.9476779 9.8929259,58.9493364 9.8942533,58.9499114 9.8992797,58.9474071 9.897403,58.9468411</coordinates></LinearRing></innerBoundaryIs><innerBoundaryIs><LinearRing><coordinates>9.88077969999999,58.9465487 9.8807883,58.9462367 9.8761998,58.9453746 9.8755069,58.9457226 9.8761934,58.9479426 9.8775295,58.9487847 9.8780926,58.9485044 9.88077969999999,58.9465487</coordinates></LinearRing></innerBoundaryIs><innerBoundaryIs><LinearRing><coordinates>10.1543438,58.9766392 10.1543127,58.977047 10.1560831,58.9777048 10.1617354,58.9770663 10.1619294,58.9766552 10.1596409,58.975389 10.1573988,58.9751843 10.1560541,58.9752922 10.1543438,58.9766392</coordinates></LinearRing></innerBoundaryIs><innerBoundaryIs><LinearRing><coordinates>10.2154703,58.9773459 10.2150359,58.977755 10.2167065,58.9788877 10.2177968,58.9786057 10.219949,58.977338 10.2199064,58.9758883 10.2170981,58.976099 10.2154703,58.9773459</coordinates></LinearRing></innerBoundaryIs><innerBoundaryIs><LinearRing><coordinates>10.2192281,58.9789327 10.2206144,58.9802579 10.2186884,58.9814306 10.2194139,58.9821144 10.2204241,58.9824218 10.2220442,58.9824218 10.2255237,58.980648 10.2260005,58.9798756 10.2254927,58.9791408 10.2223082,58.9783579 10.2194018,58.9786021 10.2192281,58.9789327</coordinates></LinearRing></innerBoundaryIs><innerBoundaryIs><LinearRing><coordinates>10.2322876,58.984833 10.2327189,58.9853543 10.2339916,58.9872761 10.2374027,58.985266 10.2377923,58.9845949 10.236039,58.9821602 10.2345213,58.9818866 10.2328805,58.9820553 10.2322876,58.984833</coordinates></LinearRing></innerBoundaryIs><innerBoundaryIs><LinearRing><coordinates>10.2203217,58.9844633 10.2199,58.9826874 10.2193213,58.9825509 10.2153159,58.9831784 10.2147952,58.9835731 10.2174938,58.9853438 10.2191925,58.985 10.2203217,58.9844633</coordinates></LinearRing></innerBoundaryIs><innerBoundaryIs><LinearRing><coordinates>10.2295185,58.9856997 10.2267696,58.9854583 10.2256306,58.9860576 10.2264076,58.9876308 10.228626,58.9885871 10.2301964,58.9884182 10.2309217,58.9877762 10.2302711,58.9862574 10.2295185,58.9856997</coordinates></LinearRing></innerBoundaryIs><innerBoundaryIs><LinearRing><coordinates>10.0542806,58.9855161 10.0501291,58.9859477 10.045781,58.9919626 10.0469508,58.9955568 10.0509622,58.9970326 10.0501677,58.9982175 10.0497051,58.9987102 10.0517427,58.9994901 10.0537878,58.9992599 10.0545897,58.998578 10.0579416,58.9928944 10.0578583,58.9896905 10.0548497,58.9857059 10.0542806,58.9855161</coordinates></LinearRing></innerBoundaryIs><innerBoundaryIs><LinearRing><coordinates>11.0299096,59.0052485 11.0333695,59.0034797 11.0298557,58.99937 11.0283976,58.9989526 11.027329,59.0040956 11.0299096,59.0052485</coordinates></LinearRing></innerBoundaryIs><innerBoundaryIs><LinearRing><coordinates>11.0125321,59.0041389 11.0110996,59.0009571 11.0041536,59.0025074 11.0032444,59.0088851 11.0034759,59.009196 11.0089391,59.0082793 11.0124121,59.012939 11.0149378,59.0137573 11.0187747,59.0103167 11.0188138,59.0098437 11.0165437,59.0085136 11.0162615,59.0080742 11.016885,59.0053278 11.0131868,59.0050685 11.0125321,59.0041389</coordinates></LinearRing></innerBoundaryIs><innerBoundaryIs><LinearRing><coordinates>10.098846,59.003239 10.0983062,59.0034289 10.0943356,59.0070291 10.0909564,59.0082654 10.0893359,59.0077049 10.0886236,59.0087106 10.0858052,59.0079361 10.0851082,59.0081639 10.0842845,59.0100638 10.0914859,59.0167357 10.104382,59.0201302 10.1066819,59.0182636 10.1031204,59.0171537 10.1032166,59.0159013 10.1040238,59.0150996 10.1066389,59.015748 10.1082832,59.0100315 10.1016616,59.0076661 10.1013756,59.0074135 10.1013466,59.0036994 10.098846,59.003239</coordinates></LinearRing></innerBoundaryIs><innerBoundaryIs><LinearRing><coordinates>10.1151854,59.0210072 10.1174362,59.0196161 10.1174653,59.0193752 10.1157562,59.0182601 10.1138449,59.0182198 10.1133233,59.0187087 10.1151854,59.0210072</coordinates></LinearRing></innerBoundaryIs><innerBoundaryIs><LinearRing><coordinates>10.1179975,59.0204854 10.1178677,59.0215036 10.1183745,59.0221785 10.1213526,59.0228235 10.1233103,59.0182663 10.1227263,59.0177854 10.119741,59.0180511 10.1191515,59.0184317 10.1179975,59.0204854</coordinates></LinearRing></innerBoundaryIs><innerBoundaryIs><LinearRing><coordinates>10.1195009,59.014881 10.1238883,59.0110015 10.1204407,59.0092492 10.1184188,59.0090026 10.1154128,59.0093656 10.115483,59.0096323 10.1195009,59.014881</coordinates></LinearRing></innerBoundaryIs><innerBoundaryIs><LinearRing><coordinates>10.1129034,59.0071135 10.1108181,59.0064979 10.1118639,59.0050467 10.1074088,59.0076683 10.1091994,59.009551 10.1097947,59.0093698 10.1129034,59.0071135</coordinates></LinearRing></innerBoundaryIs><innerBoundaryIs><LinearRing><coordinates>11.038094,59.0128047 11.0430349,59.0140347 11.0448292,59.0133718 11.0449584,59.013007 11.0436426,59.0113242 11.0433491,59.0111628 11.0358299,59.0108866 11.0353034,59.011367 11.038094,59.0128047</coordinates></LinearRing></innerBoundaryIs><innerBoundaryIs><LinearRing><coordinates>11.0521237,59.0113133 11.0548731,59.0096362 11.054933,59.0094008 11.052646,59.0088078 11.0492938,59.0088894 11.0491374,59.0092463 11.0515497,59.0115281 11.0521237,59.0113133</coordinates></LinearRing></innerBoundaryIs><innerBoundaryIs><LinearRing><coordinates>11.019941,58.9953272 11.0171084,58.9940183 11.0164675,58.9938889 11.0198646,58.9969224 11.019941,58.9953272</coordinates></LinearRing></innerBoundaryIs><innerBoundaryIs><LinearRing><coordinates>10.9212211,58.9899789 10.9249938,58.9896657 10.9252129,58.9895151 10.926114,58.988294 10.9262131,58.9878361 10.9240927,58.9873023 10.9226778,58.9872317 10.9200273,58.9879093 10.9196131,58.9883811 10.9206513,58.9898365 10.9212211,58.9899789</coordinates></LinearRing></innerBoundaryIs><innerBoundaryIs><LinearRing><coordinates>10.2274812,58.9809217 10.2286221,58.9813352 10.2316753,58.9807087 10.2350693,58.9792356 10.2346874,58.9784088 10.2329642,58.9783742 10.2315112,58.9760422 10.2306848,58.9761028 10.2297441,58.9763674 10.2272366,58.9794759 10.2274812,58.9809217</coordinates></LinearRing></innerBoundaryIs><innerBoundaryIs><LinearRing><coordinates>11.0952198,58.9829683 11.0997651,58.9819947 11.0999438,58.9799467 11.0985407,58.9792953 11.0946656,58.9793893 11.0952198,58.9829683</coordinates></LinearRing></innerBoundaryIs><innerBoundaryIs><LinearRing><coordinates>11.110182,58.9829365 11.1101458,58.9817657 11.107156,58.980653 11.1057671,58.980621 11.1077845,58.9826651 11.110182,58.9829365</coordinates></LinearRing></innerBoundaryIs><innerBoundaryIs><LinearRing><coordinates>11.0630844,58.9874022 11.0623935,58.9876003 11.0629512,58.989506 11.0637671,58.9883918 11.0639338,58.9881446 11.0656052,58.9890387 11.0649453,58.9876163 11.0630844,58.9874022</coordinates></LinearRing></innerBoundaryIs><innerBoundaryIs><LinearRing><coordinates>11.1078944,58.9908766 11.1085948,58.9907401 11.1075251,58.9883249 11.1050872,58.9879282 11.1044312,58.9883487 11.1060084,58.9893059 11.1078944,58.9908766</coordinates></LinearRing></innerBoundaryIs><innerBoundaryIs><LinearRing><coordinates>11.041679,59.0210644 11.0409811,59.0176523 11.0400846,59.0170757 11.0385607,59.016854 11.0363137,59.0188257 11.0403007,59.0231854 11.042575,59.0225348 11.041679,59.0210644</coordinates></LinearRing></innerBoundaryIs><innerBoundaryIs><LinearRing><coordinates>11.081964,59.0394971 11.081368,59.0393738 11.0794756,59.041817 11.0794795,59.042217 11.0804867,59.0436354 11.0807846,59.0437875 11.0839393,59.0443639 11.086555,59.0430291 11.081964,59.0394971</coordinates></LinearRing></innerBoundaryIs><innerBoundaryIs><LinearRing><coordinates>11.0874847,59.1174716 11.0864292,59.1170845 11.0835994,59.1170011 11.0825322,59.1176142 11.0881834,59.1192487 11.0886188,59.1191074 11.0874847,59.1174716</coordinates></LinearRing></innerBoundaryIs><innerBoundaryIs><LinearRing><coordinates>10.9300189,59.1340382 10.9329664,59.1339111 10.9352434,59.1351084 10.9359632,59.1350039 10.9361587,59.1340723 10.9355667,59.1337492 10.9297409,59.1315773 10.9270993,59.1316533 10.9300189,59.1340382</coordinates></LinearRing></innerBoundaryIs><innerBoundaryIs><LinearRing><coordinates>10.8165768,59.1539006 10.817492,59.1543452 10.8188616,59.1541522 10.8208338,59.1534607 10.8203408,59.152539 10.8178802,59.1517227 10.8160048,59.151647 10.8155276,59.1521744 10.8165768,59.1539006</coordinates></LinearRing></innerBoundaryIs><innerBoundaryIs><LinearRing><coordinates>10.4007211,59.0577379 10.3980337,59.0563143 10.3951627,59.0572437 10.3963116,59.0595003 10.3974009,59.0592105 10.4007211,59.0577379</coordinates></LinearRing></innerBoundaryIs><innerBoundaryIs><LinearRing><coordinates>10.3441412,59.109583 10.3508266,59.109327 10.3512985,59.1111102 10.3519583,59.1100336 10.350399,59.1073306 10.3455424,59.1048747 10.3441412,59.109583</coordinates></LinearRing></innerBoundaryIs><innerBoundaryIs><LinearRing><coordinates>10.3582462,59.1161509 10.3542691,59.1182801 10.3512543,59.1167043 10.3493794,59.1178774 10.3493913,59.120935 10.3540415,59.1230268 10.3535345,59.1252708 10.3567166,59.1277902 10.3644137,59.1278172 10.3644572,59.1276153 10.3643035,59.1267896 10.3687888,59.1254663 10.3691388,59.1251369 10.3690639,59.1236993 10.3690202,59.1209095 10.3668854,59.120979 10.3660358,59.1226834 10.3640782,59.1216918 10.367909,59.1162885 10.3674783,59.1152637 10.3646137,59.1158477 10.3649852,59.1129293 10.3621376,59.1091655 10.3578664,59.1122394 10.3582462,59.1161509</coordinates></LinearRing></innerBoundaryIs><innerBoundaryIs><LinearRing><coordinates>10.342785,59.122793 10.3419708,59.1227235 10.3407375,59.1234555 10.3408564,59.1260695 10.3425307,59.1268992 10.34285,59.1263196 10.342785,59.122793</coordinates></LinearRing></innerBoundaryIs><innerBoundaryIs><LinearRing><coordinates>10.3698364,59.1315554 10.3746246,59.1351548 10.3757365,59.1311486 10.371399,59.1297506 10.3705626,59.1277853 10.3700159,59.1277719 10.3695627,59.1310838 10.3698364,59.1315554</coordinates></LinearRing></innerBoundaryIs><innerBoundaryIs><LinearRing><coordinates>10.3559669,59.1393505 10.3541353,59.1487671 10.3532847,59.144901 10.348097,59.1464587 10.3459544,59.1381034 10.3423637,59.1383768 10.3400611,59.1443778 10.3359149,59.1411763 10.3343309,59.1431251 10.3343493,59.1441948 10.3392162,59.1585305 10.3397543,59.1596153 10.3430901,59.1658505 10.3459789,59.1668057 10.3467392,59.1686966 10.3556044,59.1670274 10.3561261,59.1667895 10.3566931,59.1636463 10.3600037,59.1651452 10.3615072,59.1644864 10.3609298,59.1631001 10.3676784,59.1477582 10.3639827,59.1412696 10.3653022,59.1384435 10.359264,59.1350036 10.3559669,59.1393505</coordinates></LinearRing></innerBoundaryIs><innerBoundaryIs><LinearRing><coordinates>10.3683209,59.1417375 10.3663681,59.14296 10.3687961,59.1468132 10.3709267,59.1455513 10.370586,59.1402351 10.368746,59.1390433 10.3668822,59.139164 10.3683209,59.1417375</coordinates></LinearRing></innerBoundaryIs><innerBoundaryIs><LinearRing><coordinates>10.3585433,59.1100507 10.3595175,59.1084882 10.3563685,59.105902 10.3551819,59.1057976 10.3537986,59.1072955 10.3538336,59.1083453 10.3547859,59.1100621 10.3556575,59.1102515 10.3575339,59.1101865 10.3585433,59.1100507</coordinates></LinearRing></innerBoundaryIs><innerBoundaryIs><LinearRing><coordinates>10.3591825,59.1817058 10.359144,59.1756684 10.3564019,59.1737298 10.3556851,59.1736097 10.3526868,59.1745809 10.3494619,59.1782981 10.3494619,59.1785659 10.3557934,59.1853511 10.356678,59.1851546 10.3591825,59.1817058</coordinates></LinearRing></innerBoundaryIs><innerBoundaryIs><LinearRing><coordinates>10.3435915,59.1948982 10.3437986,59.1945565 10.3449121,59.1902921 10.3449022,59.1897126 10.3441482,59.1875281 10.3426399,59.1870738 10.3418419,59.1869777 10.3396317,59.1879585 10.3367018,59.1938258 10.3365426,59.1946259 10.3381133,59.197606 10.3390374,59.1978867 10.3402287,59.1977078 10.3435915,59.1948982</coordinates></LinearRing></innerBoundaryIs><innerBoundaryIs><LinearRing><coordinates>10.3504922,59.2042027 10.3494065,59.1998715 10.3490356,59.1997997 10.344083,59.2045186 10.3442397,59.2047764 10.3479071,59.2050457 10.3501467,59.2047125 10.3504922,59.2042027</coordinates></LinearRing></innerBoundaryIs><innerBoundaryIs><LinearRing><coordinates>10.374211,59.2211055 10.3737868,59.2204068 10.3698521,59.2186521 10.3690853,59.2185678 10.3689479,59.2195636 10.3719786,59.2226924 10.3723613,59.2226102 10.374211,59.2211055</coordinates></LinearRing></innerBoundaryIs><innerBoundaryIs><LinearRing><coordinates>10.2811526,59.0844355 10.2818609,59.0862846 10.2830203,59.0832949 10.2811526,59.0844355</coordinates></LinearRing></innerBoundaryIs><innerBoundaryIs><LinearRing><coordinates>10.2757508,59.1007614 10.2733041,59.1014206 10.2730352,59.1020565 10.2741607,59.1035063 10.2750649,59.1034877 10.2757508,59.1007614</coordinates></LinearRing></innerBoundaryIs><innerBoundaryIs><LinearRing><coordinates>10.2771767,59.1086776 10.277162,59.1054546 10.2760328,59.1051651 10.274999,59.1050978 10.273508,59.1053302 10.2713836,59.1083785 10.271365,59.1086905 10.2742736,59.110833 10.2748702,59.1106544 10.2771767,59.1086776</coordinates></LinearRing></innerBoundaryIs><innerBoundaryIs><LinearRing><coordinates>10.2281702,59.0700432 10.2271492,59.0698357 10.2266347,59.0725286 10.226877,59.0729353 10.228523,59.0748734 10.2304335,59.0754907 10.2309077,59.0751553 10.2281702,59.0700432</coordinates></LinearRing></innerBoundaryIs><innerBoundaryIs><LinearRing><coordinates>10.225399,59.0732524 10.2195665,59.0712999 10.2185987,59.0701967 10.2181526,59.0701854 10.215377,59.0713677 10.2149982,59.0718107 10.218123,59.0754488 10.2216045,59.0756947 10.2219239,59.0771075 10.2245482,59.0784318 10.2265195,59.0782427 10.2270272,59.0780705 10.2277181,59.0762873 10.2269142,59.075484 10.225399,59.0732524</coordinates></LinearRing></innerBoundaryIs><innerBoundaryIs><LinearRing><coordinates>10.2533998,59.0797898 10.2543041,59.0796967 10.2548589,59.076574 10.2544177,59.076019 10.2535653,59.0759931 10.2528518,59.0797522 10.2533998,59.0797898</coordinates></LinearRing></innerBoundaryIs><innerBoundaryIs><LinearRing><coordinates>10.2581455,59.0844321 10.2576586,59.0822119 10.2571619,59.0820349 10.2547584,59.0829647 10.2545424,59.0834546 10.2551703,59.0853983 10.2563314,59.0852516 10.2581455,59.0844321</coordinates></LinearRing></innerBoundaryIs><innerBoundaryIs><LinearRing><coordinates>9.6943861,58.9607393 9.6922553,58.9599843 9.6897972,58.9599777 9.6886438,58.9603289 9.6872419,58.962992 9.6872104,58.9633138 9.691069,58.9643784 9.6928571,58.9642112 9.6944613,58.9633285 9.6943861,58.9607393</coordinates></LinearRing></innerBoundaryIs><innerBoundaryIs><LinearRing><coordinates>9.6794701,58.962607 9.6783353,58.9607869 9.677811,58.9606924 9.6728925,58.9612525 9.6681653,58.9633011 9.6699595,58.9650052 9.6712216,58.9654455 9.6782457,58.9641902 9.6794701,58.962607</coordinates></LinearRing></innerBoundaryIs><innerBoundaryIs><LinearRing><coordinates>9.7040811,58.9649543 9.7023991,58.9665127 9.7024022,58.9670753 9.704217,58.9711995 9.7107683,58.9725707 9.7134566,58.9703636 9.7101218,58.9677674 9.7146817,58.9652622 9.7115647,58.9638181 9.7106127,58.9636087 9.7046617,58.964771 9.7040811,58.9649543</coordinates></LinearRing></innerBoundaryIs><innerBoundaryIs><LinearRing><coordinates>9.7546082,58.9922339 9.7512006,59.0118603 9.7559952,59.0107388 9.7591683,59.0064868 9.7596697,59.0042707 9.7556672,59.0038515 9.7593873,58.9918606 9.757184,58.9903843 9.7546082,58.9922339</coordinates></LinearRing></innerBoundaryIs><innerBoundaryIs><LinearRing><coordinates>9.7844514,59.0155869 9.7860847,59.0165724 9.7964174,59.0127463 9.7962776,59.0105891 9.8004115,59.0071332 9.801441,59.00541 9.8023086,59.0037014 9.8031048,59.00358 9.8050531,59.0054017 9.8061686,59.0053093 9.8067915,59.005109 9.8171399,59.0009865 9.8172334,58.9989041 9.8254586,58.9973431 9.8204716,58.9951727 9.815995,58.9963341 9.8143243,58.9941164 9.8063982,58.9966171 9.8091485,58.9942493 9.8088669,58.9921927 9.8035773,58.9914027 9.7974972,58.9919986 9.7928683,58.9954121 9.7914774,58.9987626 9.7965316,59.0005236 9.7947696,59.0046391 9.791424,59.0043435 9.7855542,59.0084481 9.7844514,59.0155869</coordinates></LinearRing></innerBoundaryIs><innerBoundaryIs><LinearRing><coordinates>9.778553,59.0140322 9.7777051,59.0135188 9.7748049,59.0134788 9.7706403,59.0128552 9.7703609,59.0129772 9.7675054,59.017247 9.7640377,59.0180444 9.7638686,59.0184693 9.7644295,59.0190821 9.7699403,59.020143 9.7605717,59.0265151 9.7587996,59.0270112 9.7547522,59.0237916 9.7517855,59.0241466 9.7540987,59.0279133 9.7481867,59.0291309 9.7478975,59.0324873 9.7407438,59.0349495 9.7408125,59.0366801 9.7384992,59.0376424 9.7392024,59.0387214 9.7419915,59.0402716 9.7457722,59.0401984 9.7535053,59.0374842 9.7542928,59.0370768 9.7575274,59.0331647 9.7654454,59.0308828 9.7682369,59.0309733 9.7758383,59.0281614 9.7795644,59.0253074 9.7799774,59.0249118 9.7784857,59.0182408 9.7755808,59.0168921 9.7784053,59.0153849 9.778553,59.0140322</coordinates></LinearRing></innerBoundaryIs><innerBoundaryIs><LinearRing><coordinates>9.7783046,59.037519 9.7816455,59.0355437 9.7814199,59.0351866 9.7783225,59.0354011 9.7783046,59.037519</coordinates></LinearRing></innerBoundaryIs><innerBoundaryIs><LinearRing><coordinates>9.776226,59.0339425 9.7765727,59.032662 9.7758636,59.0324544 9.7747211,59.0326606 9.7728691,59.0341516 9.7723627,59.0351098 9.7738169,59.0353456 9.7742478,59.0352979 9.776226,59.0339425</coordinates></LinearRing></innerBoundaryIs><innerBoundaryIs><LinearRing><coordinates>9.7862333,59.0339742 9.7884792,59.0338217 9.789041,59.0333353 9.7894951,59.03155 9.7887238,59.0313082 9.7876329,59.031332 9.7861691,59.0321822 9.7856684,59.0328332 9.7862333,59.0339742</coordinates></LinearRing></innerBoundaryIs><innerBoundaryIs><LinearRing><coordinates>9.8468276,59.0075353 9.8466948,59.0079368 9.846837,59.0083112 9.8470888,59.0087172 9.8473749,59.0091361 9.847591,59.0095947 9.8478569,59.0098556 9.8482645,59.0097469 9.8485836,59.0094643 9.8488365,59.0089132 9.8490304,59.0081794 9.8489197,59.0073469 9.8484201,59.0068223 9.8477675,59.0067707 9.8471797,59.0070872 9.8468276,59.0075353</coordinates></LinearRing></innerBoundaryIs><innerBoundaryIs><LinearRing><coordinates>9.7794094,58.9966319 9.7779403,58.996222 9.7785772,58.9932224 9.7770925,58.9921944 9.7763401,58.9922811 9.7728823,58.9959899 9.7704691,59.003104 9.7701991,59.0069355 9.77109,59.0081351 9.7729665,59.0076149 9.777994,59.0023586 9.7794094,58.9966319</coordinates></LinearRing></innerBoundaryIs><innerBoundaryIs><LinearRing><coordinates>9.7912935,59.0455514 9.7902164,59.0442204 9.7895293,59.0441231 9.7868561,59.0450927 9.7866108,59.0457375 9.7885025,59.0485317 9.7889808,59.0481833 9.7912935,59.0455514</coordinates></LinearRing></innerBoundaryIs><innerBoundaryIs><LinearRing><coordinates>9.794023,59.0516953 9.7953484,59.0506411 9.7947812,59.0495237 9.7888165,59.0495306 9.7844173,59.0515707 9.783619,59.0521961 9.7822493,59.0538349 9.7835139,59.0568268 9.783962,59.0570909 9.7851563,59.0574777 9.7875297,59.0562218 9.7879885,59.0556639 9.794023,59.0516953</coordinates></LinearRing></innerBoundaryIs><innerBoundaryIs><LinearRing><coordinates>9.7921338,59.0570201 9.7916907,59.0605375 9.7933106,59.0604445 9.7953594,59.0560977 9.7950243,59.05593 9.7936347,59.0559309 9.7921338,59.0570201</coordinates></LinearRing></innerBoundaryIs><innerBoundaryIs><LinearRing><coordinates>9.7576336,59.0463958 9.7582042,59.0462067 9.7587472,59.0459232 9.7592222,59.0456107 9.7597762,59.0453413 9.7602843,59.0451432 9.7605439,59.0448797 9.7604063,59.0445042 9.7598453,59.0442311 9.7590634,59.0442851 9.7582854,59.0446289 9.7578071,59.0449599 9.7574722,59.0451477 9.7571419,59.0452659 9.7568702,59.045471 9.7566462,59.0458074 9.7564021,59.0461535 9.7562135,59.0464735 9.7565289,59.0466303 9.7570759,59.0465378 9.7576336,59.0463958</coordinates></LinearRing></innerBoundaryIs><innerBoundaryIs><LinearRing><coordinates>9.7154655,59.1050297 9.7155663,59.1043241 9.7145937,59.1013989 9.7142634,59.1013438 9.7109007,59.1023994 9.7119786,59.1061352 9.7123874,59.1063743 9.7135899,59.1062151 9.7154655,59.1050297</coordinates></LinearRing></innerBoundaryIs><innerBoundaryIs><LinearRing><coordinates>11.126895,58.9286985 11.1280884,58.9284604 11.1290708,58.9281145 11.1294734,58.9274226 11.1291029,58.9266633 11.1281685,58.9267679 11.1229596,58.9278401 11.1252491,58.9288959 11.126895,58.9286985</coordinates></LinearRing></innerBoundaryIs><innerBoundaryIs><LinearRing><coordinates>11.0944029,58.9255257 11.0917981,58.9259498 11.09117,58.9280394 11.0936261,58.9276996 11.0944029,58.9255257</coordinates></LinearRing></innerBoundaryIs><innerBoundaryIs><LinearRing><coordinates>11.1397407,58.924594 11.1398408,58.9236352 11.1388217,58.923071 11.1358411,58.923247 11.1352683,58.923645 11.1358979,58.9256988 11.1397407,58.924594</coordinates></LinearRing></innerBoundaryIs><innerBoundaryIs><LinearRing><coordinates>9.6898803,58.9227777 9.68795,58.9235483 9.6915578,58.9258991 9.6925904,58.9256563 9.692961,58.9252191 9.6898803,58.9227777</coordinates></LinearRing></innerBoundaryIs><innerBoundaryIs><LinearRing><coordinates>9.6949359,58.9206204 9.694549,58.9202617 9.6906276,58.9190099 9.6887562,58.9189678 9.6880319,58.9198627 9.6927392,58.9225996 9.6940178,58.9230778 9.6949359,58.9206204</coordinates></LinearRing></innerBoundaryIs><innerBoundaryIs><LinearRing><coordinates>9.6283622,58.9195076 9.6221939,58.9161363 9.6132919,58.9135805 9.6129447,58.9145101 9.61728,58.9156535 9.6263618,58.9211224 9.6291964,58.9208686 9.6306983,58.9240757 9.6334329,58.9231673 9.6333954,58.9227796 9.6317778,58.9210612 9.6283622,58.9195076</coordinates></LinearRing></innerBoundaryIs><innerBoundaryIs><LinearRing><coordinates>11.1039206,58.9174107 11.1090465,58.917387 11.1067396,58.9158598 11.1051151,58.9159145 11.1034122,58.9171658 11.1039206,58.9174107</coordinates></LinearRing></innerBoundaryIs><innerBoundaryIs><LinearRing><coordinates>11.091836,58.9130654 11.0893981,58.9132051 11.0893261,58.9145082 11.0892137,58.9151076 11.0922824,58.9166139 11.0925177,58.9132529 11.091836,58.9130654</coordinates></LinearRing></innerBoundaryIs><innerBoundaryIs><LinearRing><coordinates>11.021831,58.9113657 11.0217041,58.9097697 11.0218009,58.9075114 11.021076,58.9073524 11.0154858,58.9119782 11.0152314,58.9141654 11.0159339,58.9143677 11.020243,58.912797 11.021831,58.9113657</coordinates></LinearRing></innerBoundaryIs><innerBoundaryIs><LinearRing><coordinates>11.0152647,58.9077874 11.0203139,58.9040637 11.0196331,58.9018112 11.0228353,58.8988214 11.0159349,58.8962556 11.0116873,58.8920888 11.0123941,58.8918575 11.0229526,58.8943092 11.0258911,58.8969396 11.0335099,58.8995007 11.0345318,58.8994946 11.0423576,58.8979253 11.043348,58.897597 11.0488678,58.8947042 11.0509979,58.8961821 11.0552018,58.8941233 11.0555686,58.8938311 11.05595,58.8918461 11.0531309,58.8922307 11.0480766,58.8912746 11.0475811,58.8907139 11.046893,58.8896228 11.0507272,58.8867188 11.0505661,58.8867188 11.0506787,58.8865466 11.042707,58.885324 11.04243,58.8851882 11.0421072,58.8833578 11.0426143,58.8821485 11.0466309,58.8789432 11.0522072,58.8774296 11.0622569,58.8706731 11.0611047,58.8683881 11.0540934,58.8669395 11.0535963,58.8645225 11.0469745,58.8615185 11.045592,58.8615092 11.0403461,58.8643008 11.0390167,58.8645699 11.0329992,58.8641428 11.026165,58.8655285 11.0256099,58.8670397 11.0308676,58.8678035 11.0323393,58.8701628 11.0158747,58.8729814 11.0087115,58.8754607 11.0066077,58.8784351 11.0069597,58.8834533 11.0061463,58.8841854 11.0046089,58.8844532 11.0040627,58.884335 11.0014004,58.8823301 10.9982489,58.8823802 10.9975599,58.8825352 10.9993212,58.8861887 10.9943197,58.8838727 10.98838,58.8836938 10.9822963,58.8867188 10.9805228,58.8867188 10.980051,58.8882718 10.9836103,58.8891469 10.9838831,58.8906686 10.9875755,58.8898202 10.9890857,58.8906 10.9817852,58.8921827 10.9827467,58.8946609 10.9909018,58.8934668 10.994247,58.8953516 10.9989626,58.8960763 10.9980946,58.897783 10.9932587,58.8971661 10.9878139,58.8996495 10.9850034,58.9050683 10.9817112,58.906971 10.9847724,58.9091955 10.9903857,58.9085774 10.9865841,58.9128096 10.9865547,58.9130456 10.9892815,58.9146847 10.9900627,58.914834 10.9951046,58.9130045 10.9960833,58.9126521 10.9991238,58.9137504 11.0024173,58.9111497 11.0012077,58.910284 11.0054183,58.9081845 11.0152647,58.9077874</coordinates></LinearRing></innerBoundaryIs><innerBoundaryIs><LinearRing><coordinates>11.1219273,58.8995851 11.1258478,58.8986167 11.1195772,58.8981879 11.1148037,58.8991519 11.1144884,58.8989317 11.114971,58.8977755 11.1194198,58.8963906 11.1196743,58.8955256 11.1186556,58.894841 11.114737,58.8951412 11.1075141,58.8978115 11.1101934,58.8996443 11.1139413,58.8993464 11.1169906,58.902369 11.1219273,58.8995851</coordinates></LinearRing></innerBoundaryIs><innerBoundaryIs><LinearRing><coordinates>11.1432548,58.8942229 11.1475185,58.8933382 11.1505954,58.891124 11.1620922,58.8886544 11.1650658,58.8867188 11.1658247,58.8846436 11.1672143,58.8842109 11.1677675,58.8843343 11.1685494,58.8850842 11.1671596,58.8864489 11.1662946,58.8867188 11.1666431,58.8887602 11.1624665,58.8906641 11.1611297,58.8930053 11.1675938,58.8947868 11.1689841,58.8950096 11.1715804,58.8944064 11.176953,58.8946099 11.1782646,58.8942407 11.1800606,58.8933575 11.180285,58.8931179 11.1771572,58.8913773 11.1840137,58.8874815 11.1841156,58.8867188 11.1844178,58.8867188 11.1873596,58.88376 11.1891102,58.8801324 11.18911,58.8793472 11.1884568,58.8782891 11.1854891,58.8777246 11.1909477,58.8755418 11.191222,58.8752441 11.1912014,58.8716788 11.1906226,58.8694092 11.1902575,58.8688347 11.1872398,58.8696032 11.1867784,58.8693002 11.187367,58.8669525 11.1831632,58.8650506 11.1810718,58.8647301 11.1755264,58.8661391 11.1731477,58.867101 11.1713386,58.869525 11.161727,58.8692671 11.1556357,58.8679605 11.146865,58.8721712 11.1409459,58.8702025 11.1426326,58.8679119 11.1404783,58.8658797 11.1354403,58.8667361 11.1326994,58.8645449 11.1234204,58.8639765 11.1223857,58.8641303 11.1187001,58.8687207 11.1184613,58.8691767 11.119204,58.8708609 11.116531,58.8717862 11.1151605,58.8770219 11.1159731,58.8777835 11.1203777,58.8788379 11.1223665,58.8789333 11.1261293,58.8774316 11.1318893,58.878593 11.1364119,58.8762081 11.1441677,58.8750159 11.144435,58.8751789 11.1404165,58.8790296 11.1426573,58.8826725 11.1371129,58.8867188 11.1365927,58.8867188 11.1361974,58.8871561 11.1381089,58.8889588 11.1327106,58.8909451 11.1321994,58.8905133 11.1344194,58.8874018 11.1344326,58.8867188 11.134425,58.8867188 11.133432,58.8850828 11.1370722,58.8847876 11.1374261,58.8836178 11.1369888,58.8832052 11.1295666,58.880913 11.124387,58.8821913 11.128062,58.8828996 11.122812,58.8845894 11.1223826,58.8848884 11.1215237,58.8867188 11.1209317,58.8867188 11.1198285,58.8902529 11.1211196,58.8908755 11.124922,58.8905528 11.1292572,58.8927069 11.1432548,58.8942229</coordinates></LinearRing></innerBoundaryIs><innerBoundaryIs><LinearRing><coordinates>11.0717574,58.8636677 11.068664,58.8619055 11.067367,58.8620634 11.0673202,58.8624792 11.0693161,58.8650395 11.0720218,58.8640078 11.0717574,58.8636677</coordinates></LinearRing></innerBoundaryIs><innerBoundaryIs><LinearRing><coordinates>11.0736448,58.8639489 11.0779498,58.8620455 11.0756553,58.8585879 11.0742733,58.8584884 11.0723288,58.8608911 11.0722092,58.8619157 11.0736448,58.8639489</coordinates></LinearRing></innerBoundaryIs><innerBoundaryIs><LinearRing><coordinates>11.1611384,58.8623137 11.1628608,58.8630298 11.1652592,58.8626747 11.1704332,58.8600112 11.1692291,58.8595422 11.1667984,58.8594908 11.1658691,58.8597326 11.1611384,58.8623137</coordinates></LinearRing></innerBoundaryIs><innerBoundaryIs><LinearRing><coordinates>11.0157061,58.8573493 11.0130888,58.8572741 11.0116235,58.8580381 11.0114655,58.8590977 11.0138083,58.8619313 11.0171496,58.8582726 11.0157061,58.8573493</coordinates></LinearRing></innerBoundaryIs><innerBoundaryIs><LinearRing><coordinates>10.9991757,58.8571149 10.9995517,58.8544849 10.9980024,58.8541743 10.9982731,58.8522013 10.9950978,58.8510687 10.998561,58.8498011 10.9991881,58.8468935 10.9965864,58.8463176 10.996192,58.8487256 10.9933209,58.849179 10.9909471,58.8465892 10.9870495,58.8453445 10.9863414,58.8456681 10.9851924,58.8458815 10.9841321,58.8465145 10.9850461,58.8508546 10.9853309,58.8511575 10.9889686,58.852437 10.9891198,58.8525687 10.9894145,58.8547018 10.9900529,58.8551172 10.9955182,58.8553385 10.9968575,58.8573455 10.9985306,58.8573381 10.9991757,58.8571149</coordinates></LinearRing></innerBoundaryIs><innerBoundaryIs><LinearRing><coordinates>11.0700091,58.8583444 11.0720274,58.8579149 11.0725274,58.8570437 11.0700521,58.8550087 11.0678973,58.8559614 11.0679128,58.8572907 11.0700091,58.8583444</coordinates></LinearRing></innerBoundaryIs><innerBoundaryIs><LinearRing><coordinates>11.0500149,58.8553487 11.0497119,58.8549238 11.0489774,58.854358 11.0464283,58.8535943 11.0434691,58.8535161 11.0409772,58.8549232 11.0431916,58.8554087 11.0464348,58.8543677 11.0482883,58.8560891 11.0492125,58.8559256 11.0500149,58.8553487</coordinates></LinearRing></innerBoundaryIs><innerBoundaryIs><LinearRing><coordinates>11.0356628,58.853635 11.0333036,58.8520257 11.0317606,58.8517087 11.0295058,58.8517005 11.0287555,58.8520896 11.0287657,58.853078 11.0291004,58.8533545 11.0347874,58.8547298 11.0354079,58.8545122 11.0356628,58.853635</coordinates></LinearRing></innerBoundaryIs><innerBoundaryIs><LinearRing><coordinates>11.1365252,58.8523571 11.1370691,58.8522369 11.1352052,58.8501 11.1344718,58.8497208 11.1336504,58.8513811 11.1346104,58.8519036 11.1365252,58.8523571</coordinates></LinearRing></innerBoundaryIs><innerBoundaryIs><LinearRing><coordinates>11.0574206,58.8472722 11.0566301,58.8450983 11.0542713,58.8436559 11.05343,58.8434463 11.0485066,58.8435121 11.0482758,58.843067 11.0469691,58.8395925 11.0447595,58.8387476 11.0466676,58.8466637 11.0545616,58.8510529 11.0574123,58.8480633 11.0574206,58.8472722</coordinates></LinearRing></innerBoundaryIs><innerBoundaryIs><LinearRing><coordinates>9.5449476,58.8331749 9.544529,58.8332949 9.5583332,58.8413206 9.5653276,58.8439736 9.5659499,58.8444039 9.5698897,58.8505316 9.5745997,58.8513948 9.5734577,58.8543123 9.5691959,58.8567106 9.570176,58.8580762 9.5895782,58.8639754 9.5886819,58.866169 9.5927497,58.8668097 9.5931314,58.8673257 9.5913726,58.8690093 9.5938894,58.8695517 9.5972757,58.872174 9.5994415,58.8759969 9.6022732,58.8785194 9.6072061,58.8809986 9.6120628,58.8867188 9.6120752,58.8867188 9.6128411,58.8889385 9.6158555,58.8867188 9.6158257,58.8867188 9.6168439,58.8852049 9.6105878,58.8765914 9.6130701,58.873185 9.6107407,58.8723962 9.6094319,58.8681653 9.6096218,58.8678305 9.6035552,58.8675369 9.5992605,58.8622925 9.5906177,58.8571084 9.5861883,58.8522595 9.5706044,58.8424869 9.5503808,58.8341317 9.5449476,58.8331749</coordinates></LinearRing></innerBoundaryIs><innerBoundaryIs><LinearRing><coordinates>9.5216937,58.8328294 9.5214884,58.8326274 9.5157907,58.834214 9.5177149,58.8370203 9.5208226,58.8352293 9.5216937,58.8328294</coordinates></LinearRing></innerBoundaryIs><innerBoundaryIs><LinearRing><coordinates>10.9869478,58.8350489 10.9884849,58.8358123 10.9921072,58.8370785 10.9933928,58.836867 10.9990087,58.8369199 10.999163,58.8351119 10.9993751,58.8335907 10.9988503,58.832665 10.995733,58.8309987 10.9944454,58.8305076 10.9915187,58.8304708 10.9902333,58.830707 10.9865961,58.8322051 10.9863673,58.8324565 10.9861968,58.8334385 10.9869478,58.8350489</coordinates></LinearRing></innerBoundaryIs><innerBoundaryIs><LinearRing><coordinates>11.0803174,58.8353062 11.0799803,58.8331676 11.0795971,58.8310281 11.0793576,58.8307669 11.0740505,58.8298225 11.0734274,58.829276 11.0717291,58.8250558 11.0702738,58.8263776 11.0692075,58.8262841 11.0673265,58.824941 11.0652723,58.8233094 11.0587029,58.8233501 11.0600759,58.8288357 11.0613751,58.8302175 11.0644013,58.832235 11.0783778,58.8384224 11.0803174,58.8353062</coordinates></LinearRing></innerBoundaryIs><innerBoundaryIs><LinearRing><coordinates>11.1307561,58.8316737 11.1326419,58.8333988 11.1347166,58.8315535 11.1345316,58.8309681 11.1321368,58.8305604 11.1310782,58.8310443 11.1307561,58.8316737</coordinates></LinearRing></innerBoundaryIs><innerBoundaryIs><LinearRing><coordinates>11.2152098,58.8275635 11.2127072,58.8259466 11.2108082,58.8263412 11.2086536,58.8302611 11.2095853,58.8312234 11.2108943,58.8315914 11.2133673,58.8316284 11.2137147,58.8313915 11.2135015,58.8285669 11.2170192,58.8314312 11.222826,58.8335105 11.2281559,58.8313946 11.224772,58.8301296 11.2271729,58.8288462 11.2263917,58.8270837 11.2341928,58.8224864 11.2343541,58.8199248 11.2327359,58.8176702 11.2260262,58.813603 11.2260154,58.813055 11.229158,58.8115379 11.2332999,58.8108724 11.2249459,58.8070381 11.224422,58.8070936 11.2233909,58.8078418 11.2239139,58.8106868 11.2200497,58.8110375 11.2180192,58.8127576 11.2118602,58.8117905 11.20992,58.8146843 11.2050387,58.8154566 11.2044868,58.8157194 11.2000633,58.8193136 11.1974735,58.8224165 11.198197,58.8233449 11.2039247,58.8252902 11.2116003,58.8246363 11.2167134,58.8264168 11.2152098,58.8275635</coordinates></LinearRing></innerBoundaryIs><innerBoundaryIs><LinearRing><coordinates>11.2351344,58.8109298 11.2355237,58.8117576 11.2386461,58.8130865 11.2411454,58.8127173 11.2413911,58.8122751 11.2406133,58.8105924 11.2395287,58.8103498 11.236694,58.8104376 11.2351344,58.8109298</coordinates></LinearRing></innerBoundaryIs><innerBoundaryIs><LinearRing><coordinates>11.1989276,58.8069534 11.1994413,58.8023669 11.1922838,58.8027188 11.1919914,58.8025544 11.1895868,58.7969505 11.1831402,58.795422 11.1817902,58.7922899 11.1814216,58.7920917 11.1785862,58.7920064 11.1764501,58.792448 11.1719986,58.7949458 11.1684515,58.7944812 11.1661026,58.7986536 11.1629157,58.7995256 11.1632223,58.8024023 11.1660225,58.8048748 11.1700613,58.805921 11.1736757,58.8110527 11.1827431,58.8140326 11.1836889,58.8188647 11.1872714,58.8190416 11.1895128,58.8173475 11.1901006,58.8172978 11.1941384,58.818821 11.1962914,58.81659 11.2002594,58.8155115 11.2037001,58.8083076 11.1989276,58.8069534</coordinates></LinearRing></innerBoundaryIs><innerBoundaryIs><LinearRing><coordinates>11.2000856,58.798443 11.2016199,58.8003098 11.2073518,58.7982842 11.2047766,58.7962304 11.2037292,58.7960485 11.2004445,58.7978154 11.2000856,58.798443</coordinates></LinearRing></innerBoundaryIs><innerBoundaryIs><LinearRing><coordinates>11.1645803,58.7896553 11.1604304,58.7906715 11.1584085,58.7898 11.1641345,58.7878408 11.1594932,58.7871164 11.1584618,58.7850773 11.1526173,58.7864786 11.1547405,58.7823498 11.1540138,58.7813596 11.1532032,58.7811259 11.1503785,58.7814255 11.1492207,58.7849292 11.1487212,58.7854934 11.1454937,58.7874902 11.1444172,58.7877672 11.142013,58.7864805 11.1410038,58.784326 11.1409785,58.7837468 11.1452193,58.7827297 11.1502357,58.7789881 11.1462789,58.7767556 11.1492562,58.7737373 11.1539876,58.77276 11.1524287,58.7699426 11.1594878,58.7717416 11.1636333,58.7702438 11.160603,58.7674636 11.1584043,58.7623467 11.1589916,58.7619597 11.1630409,58.7619184 11.163643,58.7624202 11.1645578,58.76768 11.1650068,58.7678247 11.1671165,58.7672513 11.172327,58.7685426 11.1730773,58.7682896 11.1737403,58.7664436 11.1770551,58.7633851 11.1745009,58.7595294 11.1763287,58.7578198 11.1743078,58.7568833 11.1627345,58.7602775 11.1568471,58.7583423 11.157914,58.7611413 11.1497426,58.7630481 11.1464489,58.7624148 11.1465698,58.7655886 11.1422026,58.7687882 11.1395779,58.76805 11.1400365,58.7651618 11.1346942,58.766111 11.1311895,58.7648842 11.1310117,58.7702274 11.1347409,58.7713218 11.1335781,58.7781323 11.1382411,58.7763386 11.1415792,58.7771068 11.1361274,58.7796375 11.1385905,58.7850646 11.1351264,58.7877043 11.1353147,58.7880814 11.143038,58.796121 11.149175,58.7925863 11.1498917,58.7924495 11.1549021,58.7931449 11.1576284,58.794816 11.1585938,58.7946622 11.1653709,58.7909439 11.1645803,58.7896553</coordinates></LinearRing></innerBoundaryIs><innerBoundaryIs><LinearRing><coordinates>11.1764338,58.7874367 11.1782534,58.7883323 11.1801387,58.7881671 11.1816829,58.7867143 11.1813973,58.7862771 11.1787533,58.7852733 11.1774793,58.7852941 11.1764724,58.7867419 11.1764338,58.7874367</coordinates></LinearRing></innerBoundaryIs><innerBoundaryIs><LinearRing><coordinates>11.1669301,58.7841699 11.167313,58.7840437 11.1692466,58.7852499 11.1712375,58.7848818 11.1719022,58.7802517 11.1622363,58.7818851 11.1624399,58.7858062 11.1632016,58.7861325 11.1650552,58.785917 11.1669301,58.7841699</coordinates></LinearRing></innerBoundaryIs><innerBoundaryIs><LinearRing><coordinates>11.1571903,58.7792664 11.1626495,58.7777621 11.1628894,58.7771403 11.1626017,58.7762998 11.1616759,58.7755842 11.1590412,58.7747409 11.1572177,58.774703 11.1562471,58.775225 11.1571903,58.7792664</coordinates></LinearRing></innerBoundaryIs><innerBoundaryIs><LinearRing><coordinates>11.1751031,58.7770967 11.1777561,58.7764312 11.1800317,58.7737083 11.1800572,58.7707555 11.1720917,58.7734901 11.1729972,58.7758147 11.1751031,58.7770967</coordinates></LinearRing></innerBoundaryIs><innerBoundaryIs><LinearRing><coordinates>11.1701359,58.7730864 11.1697015,58.7716107 11.1644374,58.7730854 11.1640269,58.7755945 11.1647971,58.7754464 11.1701359,58.7730864</coordinates></LinearRing></innerBoundaryIs><innerBoundaryIs><LinearRing><coordinates>11.193271,58.7681038 11.1934177,58.7670757 11.1917186,58.7623574 11.1919665,58.7619295 11.1973453,58.7625569 11.1942768,58.7600228 11.1977555,58.7594178 11.1987789,58.7575809 11.1803004,58.7631413 11.1815125,58.7669833 11.1896493,58.7681576 11.19125,58.7699873 11.193271,58.7681038</coordinates></LinearRing></innerBoundaryIs><innerBoundaryIs><LinearRing><coordinates>11.126983,58.774031 11.1276414,58.7732552 11.127291,58.7716354 11.123403,58.7734092 11.1229808,58.7740148 11.1241097,58.7746015 11.1252654,58.7745447 11.126983,58.774031</coordinates></LinearRing></innerBoundaryIs><innerBoundaryIs><LinearRing><coordinates>10.9851632,58.776581 10.9812537,58.7780137 10.9839133,58.778392 10.9851849,58.7781518 10.9876471,58.7771444 10.9864664,58.7766637 10.9851632,58.776581</coordinates></LinearRing></innerBoundaryIs><innerBoundaryIs><LinearRing><coordinates>11.1249207,58.7786061 11.1250432,58.778982 11.1272225,58.7802404 11.1283342,58.7779154 11.1266485,58.7766985 11.1256684,58.7768567 11.1249207,58.7786061</coordinates></LinearRing></innerBoundaryIs><innerBoundaryIs><LinearRing><coordinates>11.1180627,58.7812161 11.1175426,58.7809412 11.1153677,58.7827687 11.114977,58.7833374 11.1160486,58.783885 11.1167212,58.7836763 11.1180627,58.7812161</coordinates></LinearRing></innerBoundaryIs><innerBoundaryIs><LinearRing><coordinates>11.1219478,58.7955902 11.1177428,58.7917835 11.1164835,58.791398 11.1161808,58.7920091 11.118565,58.7946208 11.1166211,58.7986288 11.1172469,58.7988665 11.1203299,58.7983938 11.1217119,58.7958533 11.1219478,58.7955902</coordinates></LinearRing></innerBoundaryIs><innerBoundaryIs><LinearRing><coordinates>11.1473329,58.799172 11.1392778,58.802284 11.1385914,58.8029543 11.137758,58.8065383 11.1390553,58.8069686 11.1469684,58.8046536 11.1493809,58.7991755 11.152427,58.8000706 11.1531808,58.8000627 11.1546392,58.7992995 11.1546772,58.7986259 11.154169,58.7982115 11.1483972,58.7970175 11.1476403,58.7974379 11.1473329,58.799172</coordinates></LinearRing></innerBoundaryIs><innerBoundaryIs><LinearRing><coordinates>11.1512026,58.8082863 11.1583052,58.8071892 11.1594403,58.8063498 11.159829,58.8059183 11.1596596,58.8025221 11.1572769,58.8016394 11.1559299,58.8016071 11.1552588,58.8019824 11.1512026,58.8082863</coordinates></LinearRing></innerBoundaryIs><innerBoundaryIs><LinearRing><coordinates>11.1492499,58.7944494 11.148851,58.7955337 11.1498506,58.7960933 11.1512511,58.7958949 11.154644,58.7947919 11.1544241,58.7940604 11.1531062,58.7937222 11.1499054,58.7940332 11.1492499,58.7944494</coordinates></LinearRing></innerBoundaryIs><innerBoundaryIs><LinearRing><coordinates>11.1567674,58.8092138 11.1552078,58.811002 11.1578807,58.8115553 11.1595609,58.8091733 11.1567674,58.8092138</coordinates></LinearRing></innerBoundaryIs><innerBoundaryIs><LinearRing><coordinates>11.1609437,58.8122503 11.1655521,58.8114814 11.1663899,58.8106917 11.1652443,58.8096313 11.1627924,58.8099563 11.1609437,58.8122503</coordinates></LinearRing></innerBoundaryIs><innerBoundaryIs><LinearRing><coordinates>11.174841,58.8142185 11.1736178,58.8165044 11.1771321,58.8165507 11.1783801,58.8156838 11.174841,58.8142185</coordinates></LinearRing></innerBoundaryIs><innerBoundaryIs><LinearRing><coordinates>9.4550158,58.8182532 9.4531288,58.8192466 9.4579737,58.8215132 9.460736,58.8209549 9.4619823,58.8194118 9.4618813,58.8190559 9.4576445,58.8181456 9.4550158,58.8182532</coordinates></LinearRing></innerBoundaryIs><innerBoundaryIs><LinearRing><coordinates>11.0447206,58.8323884 11.0432915,58.8299376 11.0446166,58.8270553 11.044399,58.8267723 11.0374447,58.8250631 11.0360497,58.824913 11.0354466,58.8251742 11.0361193,58.8282495 11.0380368,58.8318675 11.0415591,58.835271 11.045185,58.8341557 11.0447206,58.8323884</coordinates></LinearRing></innerBoundaryIs><innerBoundaryIs><LinearRing><coordinates>9.5008155,58.8301203 9.4988627,58.827381 9.4923089,58.8269351 9.4921875,58.8270088 9.4921875,58.8278459 9.4934402,58.8289163 9.4921875,58.829241 9.4851511,58.8324618 9.4857817,58.8339318 9.4860739,58.8342146 9.4899309,58.8351691 9.4921875,58.8348213 9.5006042,58.8341171 9.5022225,58.833654 9.5030035,58.8332852 9.5033298,58.8304647 9.5008155,58.8301203</coordinates></LinearRing></innerBoundaryIs><innerBoundaryIs><LinearRing><coordinates>9.4759504,58.838571 9.4771556,58.8390487 9.4827305,58.8380919 9.4832729,58.8375729 9.4827222,58.8354059 9.4810098,58.8350056 9.4759504,58.838571</coordinates></LinearRing></innerBoundaryIs><innerBoundaryIs><LinearRing><coordinates>9.5061837,58.8407201 9.5080904,58.8417583 9.5086447,58.8415954 9.5083984,58.8407357 9.5136846,58.8387491 9.5075139,58.8387415 9.5058534,58.8393636 9.5061837,58.8407201</coordinates></LinearRing></innerBoundaryIs><innerBoundaryIs><LinearRing><coordinates>9.4860054,58.839626 9.4796046,58.839529 9.4752897,58.8427438 9.4579641,58.8460743 9.4527115,58.8506151 9.4485149,58.8517199 9.447908,58.8552072 9.4434611,58.8573248 9.4396675,58.857558 9.4393823,58.8552294 9.4344962,58.8563138 9.4341443,58.8565514 9.4337313,58.857504 9.4349999,58.8597347 9.4458928,58.861877 9.4626404,58.862655 9.4786947,58.8623139 9.4809401,58.8610092 9.4821246,58.861159 9.4827282,58.861352 9.4769258,58.8661143 9.4798642,58.8671902 9.4795492,58.8674252 9.4768178,58.8682941 9.4693248,58.8683347 9.4675199,58.8670264 9.4498914,58.8675932 9.4350628,58.8625823 9.4330654,58.8630691 9.4412559,58.8653712 9.4379779,58.8672071 9.4402192,58.8695412 9.438549,58.874325 9.4415191,58.8782773 9.4407856,58.881393 9.4491137,58.8807148 9.4516249,58.8835804 9.4553853,58.8838671 9.4591523,58.8836113 9.4688036,58.8811088 9.4800161,58.8748875 9.4795107,58.872718 9.4855664,58.8737915 9.4897296,58.8730175 9.4859133,58.8688356 9.4921875,58.8691406 9.4991785,58.870755 9.5016173,58.869175 9.5057666,58.8702161 9.5094596,58.8758876 9.5081365,58.8768055 9.5106899,58.8785163 9.5113112,58.8785182 9.5135469,58.8761925 9.5127712,58.8743933 9.5226111,58.8741343 9.5228812,58.8731762 9.518537,58.8722016 9.5235667,58.8713359 9.5245032,58.8706234 9.5260665,58.8692574 9.5260628,58.8659335 9.5246053,58.8649986 9.5219767,58.8641278 9.5154402,58.864257 9.5183984,58.86088 9.5351961,58.8648872 9.544955,58.8656076 9.5565414,58.8707333 9.5593369,58.8695127 9.5593601,58.8693368 9.551638,58.8667397 9.5567425,58.8628097 9.5485609,58.8616775 9.5443683,58.8632619 9.5351014,58.8595254 9.5402557,58.8574957 9.5402007,58.8560522 9.5287586,58.8534446 9.529574,58.8525577 9.5364329,58.8526011 9.5369309,58.8513392 9.5331749,58.8504394 9.5398018,58.8504132 9.5414805,58.8484666 9.5350755,58.8475983 9.5332432,58.8460029 9.5230654,58.8463221 9.5173728,58.8440295 9.5214313,58.842108 9.5261691,58.8440601 9.5301067,58.8441764 9.5312848,58.8416572 9.5302696,58.839578 9.5278428,58.8380169 9.5263187,58.8375196 9.5248452,58.8373981 9.5199285,58.8381994 9.5157835,58.841634 9.507831,58.8422337 9.5094544,58.8434265 9.5005254,58.8455191 9.5033537,58.8487781 9.5023981,58.8513933 9.5114065,58.852284 9.5103409,58.8536167 9.4982924,58.853675 9.4979085,58.8525192 9.4921875,58.8523995 9.4892309,58.8523995 9.4812138,58.8526632 9.4768351,58.8542908 9.4714192,58.8523408 9.471428,58.851099 9.4788573,58.8464462 9.4879684,58.844525 9.4874351,58.8430566 9.4908171,58.8411198 9.4860054,58.839626</coordinates></LinearRing></innerBoundaryIs><innerBoundaryIs><LinearRing><coordinates>9.3310843,58.8479599 9.3290014,58.8477227 9.3255878,58.8484193 9.3238688,58.8496836 9.3180907,58.8556423 9.3187808,58.8562989 9.3193808,58.8560879 9.3228052,58.8550045 9.3313093,58.8480695 9.3310843,58.8479599</coordinates></LinearRing></innerBoundaryIs><innerBoundaryIs><LinearRing><coordinates>9.3138694,58.8560847 9.3125108,58.8560808 9.3114104,58.8562049 9.3106548,58.8563399 9.3099941,58.8564743 9.3093611,58.8566213 9.3089604,58.8569179 9.3087646,58.8574241 9.3091633,58.8577305 9.3101186,58.8576289 9.3110809,58.8574924 9.3120915,58.8573573 9.3128964,58.8572125 9.3135175,58.8570853 9.3140693,58.8569511 9.3145534,58.8568089 9.3148299,58.8565791 9.3146815,58.8562748 9.3138694,58.8560847</coordinates></LinearRing></innerBoundaryIs><innerBoundaryIs><LinearRing><coordinates>9.3873904,58.8582664 9.3750865,58.8599358 9.3805726,58.8618675 9.38150439999999,58.8618304 9.3904225,58.8616368 9.3914495,58.8595324 9.3883334,58.8586124 9.3963708,58.8593028 9.4130411,58.8580899 9.3837388,58.8527085 9.3744822,58.8521938 9.3662134,58.8535355 9.3728082,58.8592013 9.3873904,58.8582664</coordinates></LinearRing></innerBoundaryIs><innerBoundaryIs><LinearRing><coordinates>9.3994719,58.8615278 9.4005339,58.8621652 9.4053319,58.8621567 9.4097104,58.8609056 9.4103137,58.8599129 9.4094802,58.859516 9.4008152,58.8600448 9.3994719,58.8615278</coordinates></LinearRing></innerBoundaryIs><innerBoundaryIs><LinearRing><coordinates>9.4391741,58.8829209 9.4383816,58.8828593 9.4364756,58.8835388 9.4346688,58.8867188 9.4338638,58.8867188 9.4337707,58.8877432 9.4343745,58.8877923 9.4366297,58.8874201 9.4365638,58.8867188 9.436819,58.8867188 9.4396842,58.8834804 9.4391741,58.8829209</coordinates></LinearRing></innerBoundaryIs><innerBoundaryIs><LinearRing><coordinates>9.5461901,58.8563271 9.5458558,58.8576016 9.5468481,58.8582884 9.5476676,58.8581874 9.5538455,58.856725 9.549692,58.8560936 9.5468206,58.8561478 9.5461901,58.8563271</coordinates></LinearRing></innerBoundaryIs><innerBoundaryIs><LinearRing><coordinates>9.4960787,58.8482705 9.4956955,58.8480361 9.4934433,58.8493005 9.4921875,58.8490514 9.4872146,58.848826 9.4815094,58.850978 9.4889508,58.8507497 9.4921875,58.8507254 9.49479,58.8508353 9.496754,58.8497678 9.4960787,58.8482705</coordinates></LinearRing></innerBoundaryIs><innerBoundaryIs><LinearRing><coordinates>10.9649405,58.8905425 10.9700038,58.8891799 10.9687278,58.8874154 10.973158,58.8867188 10.9712214,58.8818308 10.9684588,58.8812 10.9657092,58.882508 10.9634819,58.8867188 10.9616215,58.8867188 10.9621758,58.8898998 10.9649405,58.8905425</coordinates></LinearRing></innerBoundaryIs><innerBoundaryIs><LinearRing><coordinates>9.6463519,58.8905289 9.6424804,58.8931471 9.6422392,58.8952059 9.63818,58.8960984 9.6385802,58.903145 9.638844,58.9036618 9.6398602,58.9039832 9.650561,58.9027386 9.6524481,58.9041595 9.6543453,58.906059 9.6596063,58.9063599 9.6663986,58.9089148 9.6670057,58.9086046 9.6674104,58.90671 9.6671867,58.9064031 9.6651309,58.9058383 9.6607395,58.9049253 9.6588871,58.9056727 9.6578525,58.9023402 9.6486279,58.89741 9.653891,58.8970432 9.6561921,58.8943819 9.6488945,58.8930114 9.6482497,58.8927439 9.6471502,58.890424 9.6463519,58.8905289</coordinates></LinearRing></innerBoundaryIs><innerBoundaryIs><LinearRing><coordinates>9.5916688,58.9007838 9.5910577,58.9003576 9.5890963,58.8978348 9.5890785,58.8977507 9.5932209,58.8965899 9.5930558,58.896118 9.5921549,58.895116 9.5888921,58.8947006 9.589101,58.8945384 9.5974365,58.8921623 9.5972311,58.8918575 9.592042,58.8903999 9.5881085,58.8897145 9.5868306,58.8897619 9.5844032,58.8909856 9.5750428,58.8910793 9.5745919,58.8911818 9.5735675,58.8930821 9.5729759,58.8933893 9.568505,58.8943557 9.5679823,58.8966783 9.568468,58.8971521 9.5725232,58.8980532 9.5742126,58.9003661 9.5754421,58.9006271 9.5850493,58.9002674 9.5921968,58.9049661 9.5966131,58.9060003 9.5965117,58.9075073 9.5973122,58.9106814 9.5978841,58.9109004 9.6063648,58.9124169 9.6083725,58.9120504 9.6087704,58.9117622 9.6047395,58.9075012 9.5968072,58.9040011 9.5953565,58.9014136 9.5916688,58.9007838</coordinates></LinearRing></innerBoundaryIs><innerBoundaryIs><LinearRing><coordinates>9.5782288,58.9034491 9.5754817,58.9036481 9.5750058,58.903885 9.576502,58.9064815 9.577123,58.9070609 9.5790559,58.9070671 9.5805988,58.9052336 9.5782288,58.9034491</coordinates></LinearRing></innerBoundaryIs><innerBoundaryIs><LinearRing><coordinates>10.9823968,58.8833867 10.9844594,58.8842428 10.9935653,58.8827626 10.9955047,58.8816463 10.995109,58.8805642 10.993627,58.8800309 10.9861867,58.8802229 10.9824831,58.883054 10.9823968,58.8833867</coordinates></LinearRing></innerBoundaryIs><innerBoundaryIs><LinearRing><coordinates>10.9834197,58.8779463 10.9810566,58.8784422 10.9805278,58.8806539 10.9842224,58.879684 10.9834197,58.8779463</coordinates></LinearRing></innerBoundaryIs><innerBoundaryIs><LinearRing><coordinates>10.998449,58.877642 10.9988197,58.8772346 10.9993604,58.8755716 10.9989215,58.8750379 10.9974203,58.875146 10.9951088,58.8767819 10.9947423,58.8771976 10.9956772,58.8780891 10.998449,58.877642</coordinates></LinearRing></innerBoundaryIs><innerBoundaryIs><LinearRing><coordinates>10.9920177,58.8732631 10.9908102,58.8698965 10.9899576,58.8691707 10.9826118,58.869541 10.9813256,58.8707393 10.9861268,58.8767145 10.9885994,58.8775719 10.990833,58.876564 10.9920177,58.8732631</coordinates></LinearRing></innerBoundaryIs><innerBoundaryIs><LinearRing><coordinates>10.9994997,58.8701653 11.0025222,58.8701725 11.0042593,58.8698581 11.0052683,58.8665639 11.0039876,58.8633916 11.0036954,58.8631577 10.999274,58.8625916 10.9993346,58.8603094 10.9944792,58.857426 10.9941761,58.8575531 10.992973,58.8615663 10.9944537,58.8629133 10.9925649,58.8644865 11.0000298,58.8645761 11.0006568,58.86503 11.000285,58.8675804 10.9978296,58.8701632 10.9994997,58.8701653</coordinates></LinearRing></innerBoundaryIs><innerBoundaryIs><LinearRing><coordinates>10.9890558,58.8612741 10.989422,58.8609192 10.9889246,58.859773 10.9883918,58.8594247 10.9824632,58.8603296 10.9819916,58.8607578 10.9814062,58.8628711 10.9836062,58.8641655 10.986649,58.8626468 10.9890558,58.8612741</coordinates></LinearRing></innerBoundaryIs><innerBoundaryIs><LinearRing><coordinates>10.9900416,58.8674045 10.989134,58.866459 10.9851176,58.8676679 10.9849371,58.8681074 10.987981,58.8684777 10.9891303,58.8681931 10.9900416,58.8674045</coordinates></LinearRing></innerBoundaryIs><innerBoundaryIs><LinearRing><coordinates>10.9751878,58.8510568 10.97623,58.8494539 10.9710296,58.8508106 10.9751878,58.8510568</coordinates></LinearRing></innerBoundaryIs><innerBoundaryIs><LinearRing><coordinates>10.9724833,58.845089 10.9743084,58.8472697 10.9749993,58.8474638 10.9765707,58.847333 10.9773535,58.8470435 10.9771765,58.8452752 10.9771121,58.8449996 10.9742845,58.8439772 10.9724143,58.8443838 10.9724833,58.845089</coordinates></LinearRing></innerBoundaryIs><innerBoundaryIs><LinearRing><coordinates>11.0136929,58.8461512 11.0141712,58.8468823 11.017054,58.8479919 11.0167826,58.8429588 11.0157754,58.8431314 11.0135834,58.8450303 11.0136929,58.8461512</coordinates></LinearRing></innerBoundaryIs><innerBoundaryIs><LinearRing><coordinates>11.0267491,58.849194 11.0287513,58.8504496 11.0417696,58.8518236 11.0434203,58.8516715 11.0443959,58.8513321 11.0448703,58.849785 11.040633,58.8486238 11.038256,58.846598 11.0347949,58.8447214 11.0330216,58.8448349 11.031195,58.8464561 11.029035,58.8463686 11.0266656,58.8482543 11.0267491,58.849194</coordinates></LinearRing></innerBoundaryIs><innerBoundaryIs><LinearRing><coordinates>11.0158705,58.8508435 11.0158776,58.8498389 11.0149722,58.8494596 11.0126405,58.8496528 11.0121381,58.8499689 11.0130156,58.8516726 11.0134699,58.8518806 11.015304,58.8514509 11.0158705,58.8508435</coordinates></LinearRing></innerBoundaryIs><innerBoundaryIs><LinearRing><coordinates>11.0282078,58.8452801 11.0284858,58.8449512 11.0276434,58.8431092 11.0238885,58.8443393 11.0235327,58.8447279 11.023086,58.8457472 11.0243757,58.8466088 11.0253958,58.8463038 11.0282078,58.8452801</coordinates></LinearRing></innerBoundaryIs><innerBoundaryIs><LinearRing><coordinates>11.0139833,58.8430316 11.0137326,58.8425304 11.0124019,58.8413244 11.011183,58.8410137 11.009379,58.8411893 11.0092492,58.8417702 11.010464,58.8435826 11.0111161,58.8437726 11.0135784,58.8434689 11.0139833,58.8430316</coordinates></LinearRing></innerBoundaryIs><innerBoundaryIs><LinearRing><coordinates>11.0639318,58.8766872 11.0629658,58.8764634 11.0597891,58.8771297 11.0589983,58.8775893 11.0580482,58.8789918 11.0603218,58.8800721 11.06323,58.8791389 11.0635914,58.8787827 11.0639318,58.8766872</coordinates></LinearRing></innerBoundaryIs><innerBoundaryIs><LinearRing><coordinates>11.1179467,58.8854465 11.1179456,58.8851475 11.1165966,58.8847024 11.1134604,58.8863002 11.1134604,58.8867188 11.1133713,58.8867188 11.1138572,58.8872581 11.1148293,58.8875 11.1160173,58.8870722 11.1166857,58.8867188 11.1179467,58.8854465</coordinates></LinearRing></innerBoundaryIs><innerBoundaryIs><LinearRing><coordinates>11.1121773,58.8899651 11.1122043,58.8882592 11.1108181,58.8875734 11.1096206,58.8876986 11.108795,58.8886753 11.110118,58.8906856 11.1120394,58.890251 11.1121773,58.8899651</coordinates></LinearRing></innerBoundaryIs><innerBoundaryIs><LinearRing><coordinates>9.6371903,58.9134887 9.634973,58.9135427 9.6350191,58.9142864 9.6354572,58.9147156 9.6396087,58.9164004 9.6403368,58.9161603 9.6401603,58.9152325 9.6384774,58.9139515 9.6371903,58.9134887</coordinates></LinearRing></innerBoundaryIs><innerBoundaryIs><LinearRing><coordinates>11.0058798,58.9157985 11.0087894,58.9154009 11.009602,58.9150131 11.0100777,58.9142237 11.0095052,58.9118274 11.0083137,58.9116318 11.0051988,58.913923 11.0053951,58.915566 11.0058798,58.9157985</coordinates></LinearRing></innerBoundaryIs><innerBoundaryIs><LinearRing><coordinates>11.0080645,58.9111328 11.0103812,58.9112837 11.0112602,58.9111485 11.01153,58.9085741 11.0111213,58.9083054 11.0080645,58.9100167 11.0080645,58.9111328</coordinates></LinearRing></innerBoundaryIs><innerBoundaryIs><LinearRing><coordinates>9.5457165,58.9180362 9.5355105,58.9186701 9.5344878,58.9228559 9.5295542,58.9238598 9.5294499,58.9267578 9.5382781,58.9249156 9.5449966,58.9220104 9.5486062,58.9187337 9.5457165,58.9180362</coordinates></LinearRing></innerBoundaryIs><innerBoundaryIs><LinearRing><coordinates>9.5437808,58.9252889 9.5443007,58.9280134 9.5489132,58.9251372 9.5483413,58.9233716 9.5463051,58.923389 9.5437808,58.9252889</coordinates></LinearRing></innerBoundaryIs><innerBoundaryIs><LinearRing><coordinates>9.5518612,58.9259666 9.5531013,58.9263685 9.5560617,58.9259986 9.562705,58.9241133 9.574156,58.9236414 9.5765117,58.9193757 9.5604159,58.9192636 9.5549361,58.9215182 9.5545253,58.9232481 9.5518084,58.9244163 9.5518612,58.9259666</coordinates></LinearRing></innerBoundaryIs><innerBoundaryIs><LinearRing><coordinates>9.6362187,58.9258096 9.6377114,58.9263231 9.6389118,58.9261326 9.6398851,58.9248198 9.6370937,58.923528 9.6360346,58.9234235 9.6351044,58.9245383 9.6362187,58.9258096</coordinates></LinearRing></innerBoundaryIs><innerBoundaryIs><LinearRing><coordinates>9.6101187,58.9210858 9.6156098,58.9236752 9.6183847,58.9217277 9.6135265,58.918973 9.612524,58.9188066 9.610046,58.918925 9.6096063,58.9204432 9.6101187,58.9210858</coordinates></LinearRing></innerBoundaryIs><innerBoundaryIs><LinearRing><coordinates>9.3227443,58.8629229 9.3232431,58.8624724 9.32335,58.8603208 9.3226029,58.8600373 9.3214139,58.8599478 9.3144398,58.8618215 9.3135756,58.8622212 9.3090858,58.8657836 9.3094456,58.8672274 9.3097631,58.8674403 9.3116025,58.8681018 9.315376,58.8674412 9.316328,58.8670969 9.3172072,58.8642493 9.3227443,58.8629229</coordinates></LinearRing></innerBoundaryIs><innerBoundaryIs><LinearRing><coordinates>11.1024365,58.755267 11.1107773,58.7517384 11.1094273,58.7493339 11.1083663,58.7493396 11.1020185,58.7540395 11.1024365,58.755267</coordinates></LinearRing></innerBoundaryIs><innerBoundaryIs><LinearRing><coordinates>11.1479264,58.7527024 11.1484394,58.7534823 11.1537142,58.7532527 11.1556051,58.7514348 11.1530368,58.7514244 11.1482542,58.7525629 11.1479264,58.7527024</coordinates></LinearRing></innerBoundaryIs><innerBoundaryIs><LinearRing><coordinates>11.1435601,58.748139 11.1433618,58.746689 11.1426591,58.7464494 11.1410877,58.7469532 11.1404711,58.7493283 11.1406071,58.7494419 11.1435601,58.748139</coordinates></LinearRing></innerBoundaryIs><innerBoundaryIs><LinearRing><coordinates>11.1176358,58.7449269 11.1159852,58.7434906 11.1152765,58.7434047 11.1126949,58.7440065 11.1127197,58.7442958 11.1155047,58.7489734 11.1164191,58.7487545 11.1176358,58.7449269</coordinates></LinearRing></innerBoundaryIs><innerBoundaryIs><LinearRing><coordinates>11.1459213,58.7434855 11.1466197,58.7426215 11.1460089,58.7423089 11.1406093,58.7431074 11.1393281,58.744884 11.1459213,58.7434855</coordinates></LinearRing></innerBoundaryIs><innerBoundaryIs><LinearRing><coordinates>11.1342238,58.7422448 11.1374522,58.7403831 11.1354041,58.7392534 11.1347007,58.739184 11.1296068,58.7414938 11.1331378,58.744508 11.1337351,58.7443072 11.1342238,58.7422448</coordinates></LinearRing></innerBoundaryIs><innerBoundaryIs><LinearRing><coordinates>9.3205085,58.740678 9.3206131,58.7403612 9.3197783,58.7394086 9.3189179,58.7392578 9.3156163,58.7393028 9.3128012,58.7406059 9.3178808,58.7413607 9.3192782,58.7412267 9.3205085,58.740678</coordinates></LinearRing></innerBoundaryIs><innerBoundaryIs><LinearRing><coordinates>9.1312177,58.7240514 9.1394488,58.7236307 9.1335865,58.7216662 9.1309814,58.721911 9.1312177,58.7240514</coordinates></LinearRing></innerBoundaryIs><innerBoundaryIs><LinearRing><coordinates>11.1391973,58.7384878 11.1410639,58.7358177 11.1454446,58.7307943 11.1450849,58.7302632 11.1388534,58.7289013 11.1371053,58.7347407 11.1335756,58.7356358 11.1298748,58.7343217 11.1259222,58.7353584 11.1254098,58.7363015 11.1261348,58.7371523 11.1347523,58.7388693 11.1391973,58.7384878</coordinates></LinearRing></innerBoundaryIs><innerBoundaryIs><LinearRing><coordinates>11.1468889,58.7357742 11.1481986,58.7374725 11.1542859,58.7366056 11.1492506,58.7349851 11.1474127,58.7350744 11.1468889,58.7357742</coordinates></LinearRing></innerBoundaryIs><innerBoundaryIs><LinearRing><coordinates>9.3127756,58.7321056 9.3139493,58.7311648 9.3089399,58.730279 9.3116503,58.7295734 9.3115289,58.7278314 9.3058224,58.7281607 9.3048902,58.7280459 9.2992696,58.725916 9.2918301,58.7255015 9.2896864,58.7257478 9.2865791,58.7266772 9.2857534,58.7293009 9.2814621,58.7307327 9.2808326,58.7307527 9.2817497,58.7280298 9.2812407,58.727897 9.2802608,58.7283227 9.2787207,58.7303513 9.2799706,58.7329257 9.2803019,58.7332053 9.2869735,58.7357846 9.3047372,58.7363575 9.3067106,58.7366782 9.3150479,58.7377861 9.318343,58.7373415 9.3192579,58.736465 9.3200761,58.7356232 9.3200821,58.7353965 9.3085359,58.7321126 9.3127756,58.7321056</coordinates></LinearRing></innerBoundaryIs><innerBoundaryIs><LinearRing><coordinates>11.1474059,58.7251474 11.1499422,58.7252876 11.1475774,58.7198939 11.1453331,58.718383 11.1445074,58.7185977 11.132754,58.723645 11.1423995,58.7268842 11.1474059,58.7251474</coordinates></LinearRing></innerBoundaryIs><innerBoundaryIs><LinearRing><coordinates>9.2547838,58.7169011 9.2602882,58.7161775 9.2604824,58.7154839 9.260239,58.715215 9.2548412,58.7137924 9.2513618,58.7109375 9.2476738,58.7104841 9.2459862,58.7109375 9.2448457,58.7137333 9.2511322,58.7152563 9.2456346,58.7162116 9.2504342,58.7176636 9.2506648,58.724503 9.2559958,58.7271388 9.2588227,58.7270026 9.2628232,58.7306222 9.2649887,58.7304056 9.2752987,58.7300345 9.2775573,58.728802 9.2711937,58.7267947 9.2714266,58.7238463 9.2672163,58.7228969 9.2676055,58.7190459 9.2624342,58.7194633 9.2597786,58.7212548 9.2587287,58.7180383 9.2547838,58.7169011</coordinates></LinearRing></innerBoundaryIs><innerBoundaryIs><LinearRing><coordinates>9.2367142,58.7073234 9.243749,58.7101578 9.2444978,58.7067662 9.2419788,58.7064611 9.2404917,58.7054209 9.2397892,58.7055222 9.2367142,58.7073234</coordinates></LinearRing></innerBoundaryIs><innerBoundaryIs><LinearRing><coordinates>11.2133346,58.7011003 11.2145038,58.6982226 11.2118008,58.6964836 11.2070839,58.6971673 11.2071044,58.7002472 11.2058975,58.7026052 11.2133346,58.7011003</coordinates></LinearRing></innerBoundaryIs><innerBoundaryIs><LinearRing><coordinates>11.1907536,58.6946377 11.1888788,58.6936883 11.1837538,58.6924818 11.1819261,58.6929256 11.1821208,58.6939183 11.1825004,58.6941921 11.1901819,58.6960471 11.1908323,58.6964172 11.1912465,58.6991678 11.1916198,58.699334 11.1927201,58.6990182 11.1936357,58.6979935 11.1914854,58.6955264 11.1907536,58.6946377</coordinates></LinearRing></innerBoundaryIs><innerBoundaryIs><LinearRing><coordinates>11.1991858,58.692816 11.2003371,58.6922851 11.1992373,58.691817 11.1938626,58.6907868 11.1898183,58.6909456 11.1897606,58.6912348 11.1952333,58.6952852 11.1991858,58.692816</coordinates></LinearRing></innerBoundaryIs><innerBoundaryIs><LinearRing><coordinates>11.2127574,58.6935199 11.2157773,58.6932029 11.2172163,58.6890966 11.2138779,58.6898962 11.2123537,58.6932878 11.2127574,58.6935199</coordinates></LinearRing></innerBoundaryIs><innerBoundaryIs><LinearRing><coordinates>11.205036,58.6861904 11.203602,58.6854554 11.2006831,58.6856408 11.1995713,58.6860439 11.1975229,58.6884542 11.1919901,58.6880625 11.191801,58.6883789 11.1923856,58.6894559 11.198441,58.6894531 11.2001785,58.6903979 11.2030301,58.6895078 11.205036,58.6861904</coordinates></LinearRing></innerBoundaryIs><innerBoundaryIs><LinearRing><coordinates>11.1946085,58.6856551 11.1948683,58.6850988 11.1952251,58.6834363 11.1941453,58.6830652 11.1930259,58.6830846 11.1869556,58.685307 11.1898381,58.6851023 11.1903383,58.6872478 11.194118,58.6866115 11.1946085,58.6856551</coordinates></LinearRing></innerBoundaryIs><innerBoundaryIs><LinearRing><coordinates>11.2035875,58.6923269 11.2086062,58.6929193 11.2090724,58.6927453 11.2112519,58.6901277 11.2110174,58.6898667 11.2090188,58.6900169 11.2035875,58.6923269</coordinates></LinearRing></innerBoundaryIs><innerBoundaryIs><LinearRing><coordinates>9.2199796,58.6983336 9.2193447,58.69655 9.2188479,58.694839 9.2183372,58.6945827 9.216562,58.6945326 9.2051275,58.6959122 9.2026916,58.6963584 9.199468,58.697896 9.1994807,58.698197 9.2136509,58.7005413 9.2194906,58.6987458 9.2199796,58.6983336</coordinates></LinearRing></innerBoundaryIs><innerBoundaryIs><LinearRing><coordinates>9.183079,58.6958039 9.1812269,58.6947206 9.1791908,58.6943955 9.1764895,58.6945809 9.1764483,58.6949576 9.1806871,58.6965364 9.1821622,58.6962478 9.183079,58.6958039</coordinates></LinearRing></innerBoundaryIs><innerBoundaryIs><LinearRing><coordinates>11.2039926,58.6997343 11.2045046,58.6995177 11.2031285,58.6978102 11.2020564,58.6974705 11.1995803,58.6976053 11.1990916,58.6981053 11.2030066,58.6998395 11.2039926,58.6997343</coordinates></LinearRing></innerBoundaryIs><innerBoundaryIs><LinearRing><coordinates>11.2000967,58.6778631 11.2033954,58.6798766 11.2029814,58.6817286 11.2037425,58.6820062 11.2059649,58.6821693 11.206686,58.6820282 11.2068568,58.6811393 11.2070231,58.6805701 11.2161883,58.6780862 11.2143604,58.6768053 11.217159,58.6757534 11.2182184,58.6693187 11.2204056,58.6682888 11.2206017,58.6679344 11.2172366,58.6675827 11.2172946,58.6650466 11.2150424,58.6652511 11.2145069,58.6665502 11.2018861,58.6624355 11.2004404,58.6677135 11.2028127,58.673385 11.2000967,58.6778631</coordinates></LinearRing></innerBoundaryIs><innerBoundaryIs><LinearRing><coordinates>11.2204283,58.6742358 11.2183309,58.6814258 11.2248443,58.674466 11.2230237,58.6731634 11.2224545,58.6730595 11.2206774,58.6739153 11.2204283,58.6742358</coordinates></LinearRing></innerBoundaryIs><innerBoundaryIs><LinearRing><coordinates>11.2250888,58.6784821 11.2255507,58.6792955 11.2278289,58.6800458 11.2326719,58.6804355 11.2369908,58.6803654 11.2387807,58.6796914 11.238776,58.6793915 11.2334437,58.6773597 11.2358598,58.6745158 11.2351007,58.6742125 11.2307332,58.6757762 11.2281159,58.6745822 11.2285453,58.6773819 11.2250888,58.6784821</coordinates></LinearRing></innerBoundaryIs><innerBoundaryIs><LinearRing><coordinates>11.2484602,58.6749995 11.25,58.6760603 11.25,58.6763391 11.2509675,58.6769406 11.2532454,58.6773003 11.2540421,58.6768574 11.2541351,58.6761715 11.2536815,58.6756608 11.25,58.6746652 11.25,58.6743861 11.2486866,58.674703 11.2484602,58.6749995</coordinates></LinearRing></innerBoundaryIs><innerBoundaryIs><LinearRing><coordinates>11.2550516,58.6715271 11.2586066,58.6704494 11.2574373,58.6690022 11.2551982,58.669746 11.2545397,58.6716226 11.2550516,58.6715271</coordinates></LinearRing></innerBoundaryIs><innerBoundaryIs><LinearRing><coordinates>11.2453734,58.6684896 11.25,58.6685266 11.25,58.6671315 11.2497329,58.6671315 11.2494657,58.6669921 11.2497329,58.6668527 11.25,58.6668527 11.25,58.6662946 11.2530175,58.6653298 11.2506452,58.6633955 11.2531247,58.6587818 11.25,58.6579241 11.25,58.6584821 11.2412502,58.6642748 11.2449861,58.6563514 11.2372105,58.6563323 11.2371134,58.6528724 11.2345995,58.6503928 11.2360321,58.6483808 11.2357736,58.6479474 11.2311471,58.6441177 11.2304968,58.6438373 11.2276897,58.6436568 11.2249581,58.6449867 11.2157789,58.6516228 11.2091037,58.6518892 11.2092212,58.6522809 11.2161825,58.660991 11.2226067,58.6639479 11.2277935,58.6645705 11.2312096,58.6667551 11.235388,58.6664447 11.2367162,58.6703857 11.2412896,58.6709219 11.2421027,58.6703668 11.2453734,58.6684896</coordinates></LinearRing></innerBoundaryIs><innerBoundaryIs><LinearRing><coordinates>11.2569292,58.6567357 11.2605352,58.6558532 11.261008,58.6555119 11.2599791,58.6541008 11.2551134,58.6566643 11.2569292,58.6567357</coordinates></LinearRing></innerBoundaryIs><innerBoundaryIs><LinearRing><coordinates>11.25,58.6509486 11.2552763,58.6499162 11.2561076,58.6493872 11.2561119,58.6487998 11.2552536,58.6483895 11.250069,58.6488376 11.25,58.6487164 11.2491317,58.6505101 11.25,58.6509486</coordinates></LinearRing></innerBoundaryIs><innerBoundaryIs><LinearRing><coordinates>11.2612667,58.6489956 11.2617511,58.6501455 11.2672969,58.6494544 11.2665266,58.6480215 11.2646353,58.6480885 11.2618515,58.6487231 11.2612667,58.6489956</coordinates></LinearRing></innerBoundaryIs><innerBoundaryIs><LinearRing><coordinates>11.2552081,58.6447132 11.2538137,58.644677 11.2533278,58.6452854 11.2552514,58.6481051 11.2583488,58.6455982 11.2552081,58.6447132</coordinates></LinearRing></innerBoundaryIs><innerBoundaryIs><LinearRing><coordinates>11.2348883,58.6391708 11.2341461,58.6390078 11.2339931,58.6406736 11.2364283,58.6418406 11.2391098,58.6451523 11.2405585,58.6426708 11.2348883,58.6391708</coordinates></LinearRing></innerBoundaryIs><innerBoundaryIs><LinearRing><coordinates>11.2487977,58.6411055 11.2506638,58.6408385 11.25363,58.6408021 11.2545789,58.6405762 11.2552913,58.6395918 11.2511553,58.6367161 11.2548314,58.6314456 11.2533612,58.6273617 11.2546864,58.6256818 11.25,58.6233259 11.2473146,58.6208102 11.2458435,58.6223536 11.2476426,58.6241168 11.2446913,58.6244692 11.241544,58.6234127 11.2378199,58.6242847 11.2415498,58.6288522 11.2369006,58.628702 11.2281448,58.6339838 11.2324169,58.6375558 11.233166,58.6347557 11.2396878,58.633449 11.2442703,58.6379685 11.2437375,58.6395494 11.2416595,58.6391608 11.2403787,58.640474 11.2487977,58.6411055</coordinates></LinearRing></innerBoundaryIs><innerBoundaryIs><LinearRing><coordinates>11.228743,58.620629 11.2306423,58.6188077 11.2254306,58.6133857 11.2301595,58.6124802 11.2306907,58.6099153 11.2253692,58.6100817 11.2216547,58.6119025 11.2203248,58.6156458 11.2279187,58.6205695 11.2220402,58.6202285 11.2148694,58.6160928 11.2128212,58.6175975 11.2134908,58.618467 11.2196862,58.6213207 11.2215613,58.6217889 11.2251832,58.6225445 11.2277255,58.6214905 11.228743,58.620629</coordinates></LinearRing></innerBoundaryIs><innerBoundaryIs><LinearRing><coordinates>11.2394454,58.6172841 11.2396318,58.6176178 11.2431254,58.6188335 11.2438021,58.6187778 11.2446972,58.6159796 11.2428381,58.6146008 11.241178,58.6145352 11.2404183,58.614821 11.2394454,58.6172841</coordinates></LinearRing></innerBoundaryIs><innerBoundaryIs><LinearRing><coordinates>11.2738206,58.6131291 11.2760143,58.6108994 11.2771797,58.6069562 11.2761046,58.6064115 11.272173,58.6068639 11.2708373,58.6075613 11.2707829,58.6105424 11.2683333,58.6108644 11.26689,58.6101109 11.2666388,58.609634 11.2679613,58.60607 11.2712402,58.6047854 11.2703675,58.6037464 11.2668164,58.603314 11.2646346,58.6030263 11.2636719,58.6031253 11.2601336,58.6045628 11.263882,58.6050771 11.2631707,58.6097856 11.2700359,58.6141475 11.2738206,58.6131291</coordinates></LinearRing></innerBoundaryIs><innerBoundaryIs><LinearRing><coordinates>11.2566937,58.6031988 11.2665175,58.5976735 11.2665244,58.597385 11.2586232,58.593515 11.2526795,58.5933777 11.25,58.59375 11.25,58.5940289 11.2467445,58.5947225 11.2446229,58.5971857 11.2369446,58.6001056 11.2389621,58.6027414 11.2459917,58.6027077 11.249719,58.604081 11.25,58.6040736 11.2566937,58.6031988</coordinates></LinearRing></innerBoundaryIs><innerBoundaryIs><LinearRing><coordinates>11.2383993,58.5978974 11.2443461,58.5946722 11.241762,58.5888513 11.2296969,58.5975167 11.2296969,58.5994699 11.2307829,58.5999252 11.2331721,58.5996783 11.2383993,58.5978974</coordinates></LinearRing></innerBoundaryIs><innerBoundaryIs><LinearRing><coordinates>11.2466731,58.5911554 11.247429,58.5913723 11.2495642,58.5908639 11.25,58.5906808 11.25,58.5904017 11.2519211,58.5878118 11.2531065,58.587485 11.2546575,58.5874276 11.2564325,58.5889837 11.2593085,58.5873477 11.2639114,58.5872973 11.2679853,58.585886 11.2708373,58.5846817 11.2761235,58.5808783 11.2703335,58.5816457 11.2671084,58.5840642 11.261582,58.5833374 11.2580262,58.5856435 11.2558701,58.5845731 11.2550315,58.5847144 11.2509382,58.5869679 11.25,58.5870535 11.25,58.5867745 11.2486641,58.5867745 11.2449297,58.5894192 11.2466731,58.5911554</coordinates></LinearRing></innerBoundaryIs><innerBoundaryIs><LinearRing><coordinates>11.2647676,58.5811325 11.2666196,58.5755435 11.2680631,58.5754848 11.2693928,58.5783637 11.2758654,58.5758991 11.2716188,58.5732443 11.270648,58.5725263 11.2684675,58.5744702 11.2661221,58.5729613 11.2634968,58.5729604 11.2608777,58.5766975 11.2578324,58.5752854 11.2539258,58.5763021 11.2519289,58.5776753 11.2516618,58.5789113 11.2554275,58.5824604 11.2589164,58.5822335 11.2647676,58.5811325</coordinates></LinearRing></innerBoundaryIs><innerBoundaryIs><LinearRing><coordinates>11.2894918,58.5734981 11.2918403,58.572703 11.2919909,58.5721451 11.2904102,58.5709611 11.2880352,58.5703814 11.286581,58.5704736 11.2858306,58.571336 11.28815,58.5729738 11.2894918,58.5734981</coordinates></LinearRing></innerBoundaryIs><innerBoundaryIs><LinearRing><coordinates>11.2395246,58.5676374 11.2386065,58.565675 11.2377847,58.5653418 11.2366827,58.5653841 11.2342834,58.5674285 11.2307312,58.5646559 11.2275127,58.5637674 11.2248461,58.5635025 11.2227516,58.5647062 11.222465,58.5662838 11.2228897,58.5666757 11.2272218,58.5659549 11.2280632,58.5660642 11.2288471,58.5666846 11.2289776,58.5707572 11.2315551,58.5724732 11.232267,58.574163 11.2391711,58.57067 11.2395246,58.5676374</coordinates></LinearRing></innerBoundaryIs><innerBoundaryIs><LinearRing><coordinates>11.2554047,58.5672346 11.2562017,58.568463 11.2588371,58.5695369 11.259423,58.5693595 11.2611212,58.5672739 11.2608604,58.5668191 11.2588248,58.5657457 11.2560936,58.5659 11.2554047,58.5672346</coordinates></LinearRing></innerBoundaryIs><innerBoundaryIs><LinearRing><coordinates>11.251367,58.5652575 11.2536242,58.5637553 11.2534829,58.5634468 11.25,58.563337 11.2480336,58.5629528 11.2473758,58.5642023 11.2474451,58.5646653 11.25,58.5652902 11.251367,58.5652575</coordinates></LinearRing></innerBoundaryIs><innerBoundaryIs><LinearRing><coordinates>11.2390236,58.5629621 11.2383064,58.5609759 11.2355704,58.5613261 11.2354121,58.5637233 11.2364399,58.5647748 11.2387489,58.5633889 11.2390236,58.5629621</coordinates></LinearRing></innerBoundaryIs><innerBoundaryIs><LinearRing><coordinates>11.2357926,58.5598196 11.2358998,58.5588541 11.2348154,58.558199 11.2333091,58.5580796 11.2315336,58.5587579 11.2314049,58.5600371 11.2331486,58.5614671 11.233936,58.5611848 11.2357926,58.5598196</coordinates></LinearRing></innerBoundaryIs><innerBoundaryIs><LinearRing><coordinates>11.0511692,58.5570589 11.0499836,58.5569179 11.0478013,58.5575171 11.0477275,58.5578732 11.0509657,58.5601763 11.053017,58.5580425 11.0511692,58.5570589</coordinates></LinearRing></innerBoundaryIs><innerBoundaryIs><LinearRing><coordinates>11.1852957,58.5607229 11.1798161,58.5648428 11.1838651,58.5672584 11.1924211,58.5637313 11.1943953,58.5612006 11.1943938,58.5607117 11.1925133,58.5589088 11.1915137,58.5590748 11.1852957,58.5607229</coordinates></LinearRing></innerBoundaryIs><innerBoundaryIs><LinearRing><coordinates>11.1748734,58.5631871 11.1745157,58.5628983 11.1727601,58.5628014 11.1721559,58.5631021 11.173133,58.5646578 11.1745904,58.5653551 11.175284,58.5652635 11.1748734,58.5631871</coordinates></LinearRing></innerBoundaryIs><innerBoundaryIs><LinearRing><coordinates>11.2069268,58.567421 11.2061166,58.5672868 11.2038447,58.568368 11.2080475,58.5706903 11.211904,58.5678735 11.2069268,58.567421</coordinates></LinearRing></innerBoundaryIs><innerBoundaryIs><LinearRing><coordinates>11.2166748,58.5725834 11.2194207,58.5704463 11.2177532,58.5685641 11.216398,58.5684587 11.2154198,58.5701911 11.2166748,58.5725834</coordinates></LinearRing></innerBoundaryIs><innerBoundaryIs><LinearRing><coordinates>11.2170022,58.5754024 11.2193251,58.5765249 11.2197059,58.5764569 11.2215791,58.5723206 11.2210144,58.5720052 11.2193192,58.5723221 11.2170022,58.5754024</coordinates></LinearRing></innerBoundaryIs><innerBoundaryIs><LinearRing><coordinates>11.065344,58.5732468 11.0635653,58.5732245 11.0594867,58.5749273 11.0633224,58.5776926 11.0625153,58.5829465 11.0670772,58.5848901 11.0746659,58.5832411 11.0732549,58.5810667 11.0750697,58.579926 11.0704168,58.5783406 11.0661739,58.573561 11.065344,58.5732468</coordinates></LinearRing></innerBoundaryIs><innerBoundaryIs><LinearRing><coordinates>9.036707,58.5769737 9.0302904,58.5761485 9.0295205,58.5793215 9.0267648,58.5807756 9.0374498,58.5908203 9.0375066,58.5933481 9.0440516,58.5980932 9.0561615,58.5993599 9.0583653,58.6012744 9.0731933,58.6023712 9.0753148,58.6020492 9.0729669,58.6005293 9.0803105,58.6007287 9.0812776,58.6008785 9.0826529,58.6026448 9.0854607,58.6008229 9.0856415,58.6003186 9.0806524,58.5977473 9.0944519,58.6000587 9.0956887,58.5995004 9.0924659,58.5972322 9.0950183,58.5963693 9.0846834,58.5947345 9.0876768,58.5931733 9.0782872,58.5929939 9.0783418,58.5881996 9.0756325,58.5877277 9.0733413,58.5900812 9.0704432,58.5895385 9.0674843,58.5820554 9.0711861,58.58254 9.0718396,58.58132 9.0683234,58.5793231 9.0617703,58.5777214 9.0582246,58.5787053 9.0648001,58.5847842 9.0638045,58.5861845 9.0507143,58.5787729 9.0404274,58.5752285 9.036707,58.5769737</coordinates></LinearRing></innerBoundaryIs><innerBoundaryIs><LinearRing><coordinates>11.1712127,58.604206 11.1710615,58.6049407 11.1740562,58.6074615 11.1759822,58.6050498 11.1756033,58.603381 11.1743127,58.6020039 11.1731101,58.6019831 11.1722389,58.6023993 11.1712127,58.604206</coordinates></LinearRing></innerBoundaryIs><innerBoundaryIs><LinearRing><coordinates>9.044257,58.6026936 9.0430709,58.6028988 9.043099,58.6037853 9.0450468,58.6058348 9.0462933,58.6064746 9.0518633,58.6077302 9.0543967,58.6073555 9.0538405,58.6060963 9.0493342,58.6053056 9.0474406,58.6028239 9.044257,58.6026936</coordinates></LinearRing></innerBoundaryIs><innerBoundaryIs><LinearRing><coordinates>9.0558544,58.6056025 9.0588439,58.6083041 9.0586967,58.6085389 9.0541267,58.6082181 9.0548267,58.6110589 9.0552837,58.6114792 9.0590101,58.6127865 9.0651102,58.6142045 9.0758874,58.6152107 9.0761179,58.6170521 9.0715272,58.6198202 9.0728683,58.6211748 9.0890785,58.6237584 9.0901401,58.621894 9.08533,58.6219813 9.0842291,58.6200058 9.0954775,58.6213728 9.0971781,58.6232992 9.1112612,58.62963 9.1103508,58.6349058 9.1106181,58.6350071 9.1168774,58.6360887 9.1232764,58.6358536 9.1317102,58.6394248 9.1383132,58.6395807 9.1381919,58.6376227 9.1385632,58.6369495 9.140625,58.6372766 9.142682,58.6373993 9.1434875,58.6369123 9.1441485,58.6352814 9.140625,58.6347656 9.1403579,58.6347656 9.1397234,58.6338512 9.140625,58.6336495 9.1448514,58.6337922 9.1453207,58.6333973 9.1458611,58.6319489 9.145596,58.6287094 9.140625,58.6272321 9.1403579,58.6272321 9.1401083,58.6270089 9.1401441,58.6268415 9.1402864,58.6267298 9.140625,58.6266741 9.1415257,58.625257 9.140625,58.625 9.1342021,58.6251965 9.1335114,58.625374 9.1324188,58.6259371 9.1333584,58.6274821 9.1318223,58.6278731 9.1249613,58.6281085 9.1251158,58.6314005 9.1237624,58.6314772 9.1210197,58.6304805 9.120506,58.6296465 9.1272565,58.6256688 9.1120861,58.6204112 9.1136419,58.6194136 9.1245329,58.622856 9.1232132,58.6202207 9.1195402,58.619277 9.1140851,58.6141835 9.1081475,58.6147217 9.1084141,58.6132534 9.0946002,58.6124761 9.0918884,58.6132092 9.0871826,58.6119573 9.0814645,58.6131092 9.0777789,58.6088423 9.0725151,58.6080149 9.0689321,58.6098688 9.0608808,58.6049919 9.0601532,58.6047955 9.0559748,58.6052994 9.0558544,58.6056025</coordinates></LinearRing></innerBoundaryIs><innerBoundaryIs><LinearRing><coordinates>9.149368,58.6398299 9.1509243,58.6397783 9.1517752,58.6396458 9.1525629,58.638203 9.1527702,58.6375633 9.1502039,58.6343296 9.1498184,58.6342535 9.1465945,58.6362563 9.1460645,58.6373436 9.1462855,58.6388733 9.149368,58.6398299</coordinates></LinearRing></innerBoundaryIs><innerBoundaryIs><LinearRing><coordinates>9.1584024,58.6399432 9.1526494,58.6398782 9.161225,58.6432369 9.1640406,58.6405028 9.1635066,58.6386755 9.1627526,58.6384193 9.1616005,58.6384645 9.1584024,58.6399432</coordinates></LinearRing></innerBoundaryIs><innerBoundaryIs><LinearRing><coordinates>9.1658521,58.6435472 9.1673965,58.6455078 9.171374,58.6453431 9.1716419,58.6451869 9.1718686,58.644114 9.1715245,58.6438912 9.1675858,58.6426913 9.1664565,58.6429228 9.1658521,58.6435472</coordinates></LinearRing></innerBoundaryIs><innerBoundaryIs><LinearRing><coordinates>11.2015146,58.6435663 11.2056454,58.6451288 11.206629,58.6450723 11.2076808,58.6442754 11.2072738,58.6422334 11.2062691,58.6414992 11.2040513,58.6413016 11.203216,58.6415333 11.2015237,58.6432813 11.2015146,58.6435663</coordinates></LinearRing></innerBoundaryIs><innerBoundaryIs><LinearRing><coordinates>11.1853777,58.6362023 11.1887238,58.6340885 11.1888947,58.6337875 11.1875517,58.6329153 11.1856091,58.632991 11.1833177,58.6344355 11.1853777,58.6362023</coordinates></LinearRing></innerBoundaryIs><innerBoundaryIs><LinearRing><coordinates>11.2263799,58.628937 11.2259238,58.6308264 11.2311515,58.6301382 11.2316313,58.6299002 11.2289921,58.6265206 11.2283535,58.626304 11.2244458,58.6256257 11.22365,58.6256061 11.2217572,58.6268538 11.2263799,58.628937</coordinates></LinearRing></innerBoundaryIs><innerBoundaryIs><LinearRing><coordinates>11.2121025,58.6253757 11.2127727,58.6248716 11.2121233,58.6229811 11.211369,58.6228065 11.2058684,58.6239717 11.2064734,58.6259384 11.2087687,58.626707 11.2094173,58.6266345 11.2121025,58.6253757</coordinates></LinearRing></innerBoundaryIs><innerBoundaryIs><LinearRing><coordinates>11.187386,58.6184093 11.1898885,58.615871 11.1899486,58.6153868 11.1888003,58.615127 11.1869544,58.6161258 11.187386,58.6184093</coordinates></LinearRing></innerBoundaryIs><innerBoundaryIs><LinearRing><coordinates>11.2036746,58.6127278 11.2028528,58.6123648 11.2008023,58.6123164 11.1986589,58.613417 11.2032582,58.6138185 11.2036746,58.6127278</coordinates></LinearRing></innerBoundaryIs><innerBoundaryIs><LinearRing><coordinates>11.1836373,58.6078368 11.1817013,58.6070358 11.1808485,58.60697 11.178303,58.6077944 11.1785445,58.6098248 11.1757851,58.6122001 11.1781585,58.6135561 11.183616,58.60813 11.1836373,58.6078368</coordinates></LinearRing></innerBoundaryIs><innerBoundaryIs><LinearRing><coordinates>11.1636561,58.6043649 11.1633127,58.6043125 11.1617482,58.6067646 11.1627048,58.6075296 11.1631014,58.6073596 11.1636561,58.6043649</coordinates></LinearRing></innerBoundaryIs><innerBoundaryIs><LinearRing><coordinates>9.1115564,58.6116064 9.1032493,58.6097068 9.1000082,58.6101826 9.097936,58.6115969 9.098062,58.611993 9.1113008,58.612712 9.1121892,58.6125233 9.1115564,58.6116064</coordinates></LinearRing></innerBoundaryIs><innerBoundaryIs><LinearRing><coordinates>11.1921238,58.609156 11.1917356,58.6106176 11.1926171,58.6112097 11.1936804,58.6108282 11.1974204,58.6078227 11.1994822,58.6036504 11.1852934,58.6071237 11.1921238,58.609156</coordinates></LinearRing></innerBoundaryIs><innerBoundaryIs><LinearRing><coordinates>11.2432762,58.6070312 11.2420979,58.6086034 11.2440478,58.6093668 11.25,58.6082588 11.25,58.6079798 11.2543576,58.6088547 11.2571805,58.6074713 11.2524372,58.6059616 11.25,58.6063058 11.25,58.6065847 11.2491639,58.6067966 11.24747,58.6058636 11.2470824,58.6059082 11.2432762,58.6070312</coordinates></LinearRing></innerBoundaryIs><innerBoundaryIs><LinearRing><coordinates>11.2300287,58.6049072 11.2323141,58.6032172 11.2310847,58.6022713 11.2291471,58.6026713 11.2290838,58.6043111 11.2300287,58.6049072</coordinates></LinearRing></innerBoundaryIs><innerBoundaryIs><LinearRing><coordinates>11.0460397,58.5943763 11.04943,58.5974259 11.0547487,58.5948586 11.0549345,58.5943317 11.053838,58.5932879 11.0530287,58.5931112 11.0484198,58.5926914 11.0476497,58.5926667 11.0461288,58.5935949 11.0460397,58.5943763</coordinates></LinearRing></innerBoundaryIs><innerBoundaryIs><LinearRing><coordinates>11.2137715,58.595504 11.2152652,58.5959402 11.2150579,58.5952712 11.21345,58.5941368 11.2127916,58.5938622 11.2092686,58.5931402 11.2087235,58.5934799 11.2095222,58.5947675 11.2107337,58.5952469 11.2137715,58.595504</coordinates></LinearRing></innerBoundaryIs><innerBoundaryIs><LinearRing><coordinates>11.2230752,58.5932786 11.2266634,58.5914676 11.2284859,58.5879796 11.2283028,58.5866934 11.2260327,58.5850303 11.2230546,58.5844759 11.221085,58.586948 11.2207161,58.5870413 11.2191675,58.585924 11.2208592,58.5792149 11.2255998,58.5811777 11.2287946,58.5782353 11.2300127,58.5757848 11.2258549,58.5748807 11.2209051,58.5782222 11.2066154,58.5787686 11.2041839,58.5814563 11.2054425,58.5842747 11.2103729,58.583957 11.2122942,58.580339 11.2166792,58.5795377 11.2168257,58.5832608 11.2132159,58.5877879 11.2148547,58.5888003 11.2160056,58.5888516 11.220973,58.5880604 11.2213037,58.5887229 11.2205547,58.5899506 11.2153221,58.5929317 11.2224209,58.593623 11.2230752,58.5932786</coordinates></LinearRing></innerBoundaryIs><innerBoundaryIs><LinearRing><coordinates>11.2401003,58.5857207 11.2433763,58.5852789 11.2441189,58.5846946 11.2443134,58.5832806 11.2427781,58.5824919 11.2401375,58.5824819 11.2396255,58.582606 11.2377799,58.5839781 11.2384024,58.5845978 11.2401003,58.5857207</coordinates></LinearRing></innerBoundaryIs><innerBoundaryIs><LinearRing><coordinates>11.2259914,58.5828382 11.2261444,58.5831203 11.2288502,58.5832189 11.2306818,58.5815783 11.2259914,58.5828382</coordinates></LinearRing></innerBoundaryIs><innerBoundaryIs><LinearRing><coordinates>11.2413579,58.5795801 11.2430027,58.5804183 11.2454326,58.5796891 11.2456579,58.5792553 11.2449542,58.5771232 11.2434644,58.5770417 11.2417403,58.5789016 11.2413579,58.5795801</coordinates></LinearRing></innerBoundaryIs><innerBoundaryIs><LinearRing><coordinates>11.25,58.5758928 11.2525105,58.5758752 11.2550075,58.5728058 11.255235,58.5721436 11.2546567,58.5710115 11.2538913,58.5709846 11.25,58.5719866 11.2489314,58.5754743 11.25,58.5758928</coordinates></LinearRing></innerBoundaryIs><innerBoundaryIs><LinearRing><coordinates>11.2079992,58.5743465 11.2072459,58.5738935 11.2062076,58.5738785 11.2026101,58.5747758 11.2025368,58.5752797 11.2059571,58.5772517 11.2080097,58.5756205 11.2079992,58.5743465</coordinates></LinearRing></innerBoundaryIs><innerBoundaryIs><LinearRing><coordinates>11.0769449,58.576153 11.0748409,58.5751739 11.0728534,58.5756341 11.0728245,58.5763757 11.0752527,58.5785509 11.0766646,58.5782111 11.0776377,58.5768918 11.0769449,58.576153</coordinates></LinearRing></innerBoundaryIs><innerBoundaryIs><LinearRing><coordinates>11.1882917,58.5837718 11.186143,58.5833181 11.1849988,58.5832204 11.1790775,58.5844074 11.1782932,58.5886451 11.1793094,58.5890882 11.1821222,58.5883839 11.1868159,58.5870022 11.1874104,58.5865545 11.1884851,58.5840998 11.1882917,58.5837718</coordinates></LinearRing></innerBoundaryIs><innerBoundaryIs><LinearRing><coordinates>11.0613989,58.5846612 11.0578817,58.5846128 11.0587862,58.5905859 11.0591584,58.5907089 11.0625978,58.5898144 11.0651186,58.589623 11.0653352,58.5892444 11.065575,58.5861791 11.0613989,58.5846612</coordinates></LinearRing></innerBoundaryIs><innerBoundaryIs><LinearRing><coordinates>11.1802747,58.5906516 11.1798536,58.59126 11.1813166,58.59198 11.1843323,58.5911649 11.1856325,58.5885516 11.1820343,58.589905 11.1802747,58.5906516</coordinates></LinearRing></innerBoundaryIs><innerBoundaryIs><LinearRing><coordinates>11.1919174,58.5910546 11.1969678,58.5884916 11.1978186,58.5877491 11.1969258,58.5849099 11.1920102,58.5882492 11.191493,58.5891047 11.1919174,58.5910546</coordinates></LinearRing></innerBoundaryIs><innerBoundaryIs><LinearRing><coordinates>11.1992089,58.5925096 11.1965353,58.5925331 11.1930687,58.594152 11.1950321,58.5949732 11.1972064,58.5945841 11.1997216,58.5930227 11.1992089,58.5925096</coordinates></LinearRing></innerBoundaryIs><innerBoundaryIs><LinearRing><coordinates>11.2081769,58.652747 11.2069123,58.6519513 11.2048028,58.6520941 11.2041292,58.6528755 11.2052515,58.6571449 11.2089666,58.6587332 11.2093409,58.6555489 11.2081769,58.652747</coordinates></LinearRing></innerBoundaryIs><innerBoundaryIs><LinearRing><coordinates>11.1831589,58.660524 11.1825956,58.660009 11.1764843,58.6600031 11.176825,58.6625149 11.180755,58.6632826 11.1829638,58.6619678 11.1831589,58.660524</coordinates></LinearRing></innerBoundaryIs><innerBoundaryIs><LinearRing><coordinates>11.1498407,58.6622405 11.1478794,58.6613899 11.1471463,58.6611886 11.1438944,58.661404 11.14344,58.6616617 11.1431772,58.6633058 11.1434435,58.6639529 11.1478024,58.666126 11.1497426,58.665333 11.1482905,58.663958 11.1489295,58.6632046 11.1498407,58.6622405</coordinates></LinearRing></innerBoundaryIs><innerBoundaryIs><LinearRing><coordinates>11.1723748,58.669154 11.1743648,58.6683351 11.1745824,58.667522 11.174021,58.6655962 11.1725932,58.6653702 11.1715953,58.6657062 11.1723748,58.669154</coordinates></LinearRing></innerBoundaryIs><innerBoundaryIs><LinearRing><coordinates>8.9947233,58.5838372 8.9949861,58.5832593 8.9951802,58.5827693 8.995177,58.5824147 8.9949715,58.5821168 8.9946902,58.5818475 8.9942482,58.5816776 8.9936721,58.5817786 8.9932634,58.5824288 8.9930477,58.5837159 8.993587,58.5843713 8.9942774,58.5842019 8.9947233,58.5838372</coordinates></LinearRing></innerBoundaryIs><innerBoundaryIs><LinearRing><coordinates>11.2090001,58.5552223 11.2092581,58.5548673 11.2063571,58.5525715 11.2059296,58.5525199 11.2073762,58.5547858 11.2090001,58.5552223</coordinates></LinearRing></innerBoundaryIs><innerBoundaryIs><LinearRing><coordinates>11.2354141,58.5506027 11.2326097,58.5491467 11.2320544,58.5490555 11.2297351,58.5505421 11.2322485,58.5527842 11.2354141,58.5506027</coordinates></LinearRing></innerBoundaryIs><innerBoundaryIs><LinearRing><coordinates>11.0881513,58.5491176 11.0871691,58.5490541 11.0844259,58.5503818 11.0844196,58.5509067 11.0871334,58.5522016 11.0901792,58.551998 11.0912899,58.5516438 11.0904377,58.550094 11.0881513,58.5491176</coordinates></LinearRing></innerBoundaryIs><innerBoundaryIs><LinearRing><coordinates>11.1696815,58.5520092 11.1728215,58.5540934 11.1741278,58.5530217 11.1708288,58.5503354 11.1700164,58.5503505 11.1696815,58.5520092</coordinates></LinearRing></innerBoundaryIs><innerBoundaryIs><LinearRing><coordinates>11.0858614,58.5480422 11.0889637,58.5473806 11.090463,58.5473787 11.0944403,58.5431871 11.0941809,58.542833 11.0864716,58.541049 11.0888832,58.5465226 11.0849745,58.5452672 11.0840268,58.5453974 11.0823873,58.5464524 11.083994,58.5475138 11.0858614,58.5480422</coordinates></LinearRing></innerBoundaryIs><innerBoundaryIs><LinearRing><coordinates>11.1635649,58.5423725 11.1651514,58.5439692 11.1669216,58.5449535 11.168492,58.5445611 11.1724849,58.5444902 11.1733443,58.5441024 11.1734502,58.543545 11.1729887,58.5431132 11.1651486,58.5410672 11.1640275,58.5411568 11.1635649,58.5423725</coordinates></LinearRing></innerBoundaryIs><innerBoundaryIs><LinearRing><coordinates>11.0768903,58.5383158 11.0753614,58.5383656 11.0750566,58.5386282 11.0750237,58.5406336 11.0770913,58.5417258 11.0783256,58.5422413 11.0807315,58.5408767 11.0768903,58.5383158</coordinates></LinearRing></innerBoundaryIs><innerBoundaryIs><LinearRing><coordinates>11.2399679,58.539892 11.2388856,58.5379618 11.2421287,58.53671 11.2430542,58.5351562 11.2425539,58.5351562 11.2421685,58.5343686 11.2455068,58.532391 11.247453,58.528212 11.2446177,58.5252959 11.2408437,58.5241165 11.238198,58.5269365 11.2353549,58.5257252 11.2294821,58.5268427 11.2293099,58.5325602 11.2268956,58.5320388 11.2266347,58.5318235 11.2269434,58.5303339 11.2263509,58.5302489 11.2242326,58.5316482 11.2242357,58.5322047 11.2265979,58.5351562 11.2270255,58.5351562 11.2283509,58.5366809 11.2292522,58.5367852 11.2291626,58.5351562 11.2292572,58.5351562 11.2303737,58.5344667 11.2308158,58.5343657 11.2329803,58.5351562 11.2334369,58.5351562 11.2340534,58.5401289 11.2357194,58.540693 11.2399679,58.539892</coordinates></LinearRing></innerBoundaryIs><innerBoundaryIs><LinearRing><coordinates>8.9820027,58.5378255 8.9818878,58.5380048 8.9851139,58.5393445 8.9860098,58.5418936 8.9864155,58.5418202 8.9857975,58.5397418 8.9859395,58.5394458 8.9880973,58.5380362 8.9820027,58.5378255</coordinates></LinearRing></innerBoundaryIs><innerBoundaryIs><LinearRing><coordinates>11.0251851,58.5419557 11.0272377,58.5438755 11.0286185,58.544402 11.0340453,58.5430599 11.0346819,58.5414186 11.0334688,58.5405734 11.0303775,58.5405132 11.0254474,58.5415922 11.0251851,58.5419557</coordinates></LinearRing></innerBoundaryIs><innerBoundaryIs><LinearRing><coordinates>8.9926891,58.5429847 8.9913386,58.5431145 8.9889404,58.544735 8.990871,58.5464954 8.9931099,58.5438137 8.9926891,58.5429847</coordinates></LinearRing></innerBoundaryIs><innerBoundaryIs><LinearRing><coordinates>11.2242457,58.5392808 11.2281123,58.5405611 11.229126,58.5403835 11.22967,58.5400232 11.2292672,58.5391337 11.2261524,58.5384004 11.2244194,58.5382915 11.2238371,58.5389769 11.2242457,58.5392808</coordinates></LinearRing></innerBoundaryIs><innerBoundaryIs><LinearRing><coordinates>8.9628896,58.5238822 8.9644631,58.5218614 8.9593111,58.5229632 8.9628896,58.5238822</coordinates></LinearRing></innerBoundaryIs><innerBoundaryIs><LinearRing><coordinates>11.2256557,58.5152699 11.2298824,58.5152968 11.2303106,58.5151829 11.229389,58.5134996 11.2236487,58.5141438 11.2256557,58.5152699</coordinates></LinearRing></innerBoundaryIs><innerBoundaryIs><LinearRing><coordinates>11.2590271,58.5139278 11.2657896,58.509057 11.2664889,58.508936 11.2674366,58.5096899 11.2677717,58.5131916 11.2712228,58.5129359 11.2728438,58.5120904 11.2732449,58.5115871 11.2722687,58.5104395 11.2693611,58.5086592 11.2641932,58.5080498 11.263025,58.5072222 11.2594078,58.5094635 11.2528877,58.5099672 11.2559326,58.5137815 11.2590271,58.5139278</coordinates></LinearRing></innerBoundaryIs><innerBoundaryIs><LinearRing><coordinates>8.9415513,58.5043268 8.9395055,58.5018917 8.9396646,58.4998733 8.935517,58.4984868 8.93694,58.4999332 8.9356256,58.5004301 8.9303188,58.4996817 8.9301437,58.4995774 8.9320726,58.4975433 8.9287075,58.4946537 8.9242167,58.4951075 8.9242645,58.4921075 8.9208066,58.4926629 8.9198703,58.4921958 8.9192677,58.4916461 8.9192715,58.4911174 8.9224995,58.4900397 8.9194384,58.4878188 8.9199361,58.4857976 8.9127516,58.4834543 8.910832,58.4783982 8.9021183,58.47457 8.8968453,58.4705153 8.8962694,58.470237 8.8924593,58.4707989 8.8887872,58.46709 8.8877233,58.4668729 8.8706367,58.4672456 8.8772572,58.4654307 8.8953288,58.4656456 8.8978207,58.4620847 8.8806031,58.4540774 8.8743919,58.4494959 8.8746167,58.4482678 8.8681043,58.4469529 8.8610997,58.4434049 8.8532062,58.4422073 8.8453398,58.4374095 8.8261861,58.4320751 8.82288,58.4325438 8.8230859,58.4347324 8.8381408,58.4439479 8.8394234,58.4458669 8.8377122,58.448117 8.8333868,58.4483103 8.8335556,58.4452062 8.8271919,58.4457798 8.825073,58.4441961 8.8186992,58.4491293 8.8150857,58.4491786 8.8238254,58.4420669 8.8222661,58.4403204 8.8193024,58.4426813 8.8135597,58.4427582 8.8142982,58.4397848 8.8103569,58.4359431 8.8044732,58.4368731 8.8034312,58.4368702 8.797604,58.4358913 8.7965295,58.435889 8.7924407,58.4369363 8.7890625,58.4369419 8.7890625,58.4366629 8.7881438,58.4360867 8.787535,58.4363234 8.786808,58.4370981 8.7844417,58.4460545 8.7857913,58.4553899 8.7829055,58.4543113 8.7808723,58.4548273 8.7795233,58.4580694 8.7805974,58.4594033 8.7890625,58.4609375 8.7890625,58.4606584 8.7939707,58.459686 8.7947723,58.4578983 8.7953813,58.4580312 8.8027505,58.4640123 8.8160576,58.4665039 8.8237135,58.4701952 8.8278236,58.4697427 8.829258,58.4677233 8.8337504,58.4674782 8.8338766,58.4715297 8.8361285,58.4741259 8.8410013,58.4712772 8.8435431,58.4713199 8.842382,58.4734885 8.844065,58.4774123 8.8503588,58.477505 8.8499869,58.4809442 8.8556424,58.4849244 8.860895,58.4851528 8.881954,58.4949316 8.9211338,58.5067129 8.9253234,58.509087 8.9260174,58.5092825 8.9309874,58.509626 8.9338738,58.5064054 8.9346523,58.506465 8.9383869,58.5101469 8.9352387,58.5104682 8.947293,58.5117038 8.948023,58.511606 8.9485315,58.5107146 8.9464384,58.5067129 8.9415513,58.5043268</coordinates></LinearRing></innerBoundaryIs><innerBoundaryIs><LinearRing><coordinates>11.2754737,58.5034389 11.2773135,58.504227 11.2800916,58.5037673 11.2802547,58.503355 11.2794799,58.5018061 11.2786756,58.4990335 11.2779051,58.498915 11.2769043,58.4992223 11.2754737,58.5034389</coordinates></LinearRing></innerBoundaryIs><innerBoundaryIs><LinearRing><coordinates>11.2950206,58.4855922 11.2962272,58.4875648 11.3003232,58.4860846 11.3026167,58.4832186 11.3018889,58.4825814 11.300714,58.4825377 11.2952414,58.4853724 11.2950206,58.4855922</coordinates></LinearRing></innerBoundaryIs><innerBoundaryIs><LinearRing><coordinates>11.2836039,58.4780492 11.2809592,58.4789022 11.2813762,58.4814821 11.2837734,58.4827009 11.2842453,58.4782356 11.2836039,58.4780492</coordinates></LinearRing></innerBoundaryIs><innerBoundaryIs><LinearRing><coordinates>8.9209297,58.4774669 8.9184918,58.4746791 8.9178174,58.474326 8.909788,58.4737895 8.9091179,58.4734128 8.9081882,58.4703571 8.9015989,58.4683014 8.9000241,58.4659922 8.8981552,58.4699878 8.9010528,58.4727852 8.9057761,58.4723895 8.9090508,58.474218 8.9098445,58.4766957 8.9154634,58.4778845 8.9177691,58.4830847 8.9222885,58.4838058 8.9234308,58.4834238 8.9242761,58.4828513 8.9198368,58.478949 8.9209297,58.4774669</coordinates></LinearRing></innerBoundaryIs><innerBoundaryIs><LinearRing><coordinates>11.2974697,58.4770679 11.2972871,58.477989 11.2976257,58.4782254 11.3018876,58.4788753 11.3024586,58.4786561 11.3056968,58.476908 11.3047578,58.4761369 11.2983974,58.4765775 11.2974697,58.4770679</coordinates></LinearRing></innerBoundaryIs><innerBoundaryIs><LinearRing><coordinates>11.2907031,58.4742839 11.2897258,58.4717959 11.2842187,58.4717174 11.2841144,58.4722416 11.2846093,58.4738154 11.2850397,58.4740363 11.2907031,58.4742839</coordinates></LinearRing></innerBoundaryIs><innerBoundaryIs><LinearRing><coordinates>11.2725644,58.4716194 11.2719024,58.4713501 11.2707834,58.4720029 11.2725832,58.4733859 11.2774798,58.47393 11.2773457,58.4729623 11.2725644,58.4716194</coordinates></LinearRing></innerBoundaryIs><innerBoundaryIs><LinearRing><coordinates>11.2908885,58.4683496 11.2867759,58.4655218 11.2852116,58.4638768 11.2853131,58.4632275 11.2876914,58.4611408 11.2886811,58.4595948 11.2882661,58.4585992 11.2847815,58.4557725 11.2792718,58.4577775 11.2787845,58.4590638 11.2811229,58.4598407 11.2847506,58.4584544 11.286375,58.4615802 11.283722,58.4631156 11.2806472,58.4631841 11.2793453,58.4647315 11.2843388,58.4657564 11.2882324,58.4693936 11.2908885,58.4683496</coordinates></LinearRing></innerBoundaryIs><innerBoundaryIs><LinearRing><coordinates>11.2507212,58.4525777 11.2536553,58.4544214 11.255137,58.4534628 11.2547565,58.4525101 11.2533844,58.4517363 11.2508076,58.4519258 11.2507212,58.4525777</coordinates></LinearRing></innerBoundaryIs><innerBoundaryIs><LinearRing><coordinates>11.2859981,58.4531531 11.2908498,58.4514329 11.2895215,58.449246 11.2875148,58.4485976 11.2864058,58.4485551 11.2857041,58.4487988 11.2834342,58.4518809 11.2859981,58.4531531</coordinates></LinearRing></innerBoundaryIs><innerBoundaryIs><LinearRing><coordinates>11.2607868,58.4501837 11.2635052,58.4492009 11.2638032,58.4490094 11.2632961,58.4482872 11.2616888,58.4479966 11.2550089,58.4482945 11.2545466,58.4484112 11.2537215,58.4501959 11.2552094,58.450929 11.2595798,58.4504867 11.2607868,58.4501837</coordinates></LinearRing></innerBoundaryIs><innerBoundaryIs><LinearRing><coordinates>8.8192685,58.4326307 8.8179494,58.4317753 8.8122284,58.4291967 8.8114846,58.4289488 8.8096706,58.4294153 8.8093985,58.4300307 8.8104497,58.4331442 8.8129262,58.4350171 8.8185096,58.4335377 8.8192685,58.4326307</coordinates></LinearRing></innerBoundaryIs><innerBoundaryIs><LinearRing><coordinates>11.2317308,58.5137085 11.2358415,58.5124367 11.23425,58.5106984 11.231486,58.5108988 11.2317308,58.5137085</coordinates></LinearRing></innerBoundaryIs><innerBoundaryIs><LinearRing><coordinates>8.8993531,58.5218291 8.8942745,58.5225425 8.8967694,58.5230652 8.9008222,58.5231051 8.9012817,58.522844 8.8993531,58.5218291</coordinates></LinearRing></innerBoundaryIs><innerBoundaryIs><LinearRing><coordinates>8.7907475,58.4238852 8.7944571,58.4261783 8.8053672,58.4262685 8.8101352,58.4277822 8.8130891,58.4267828 8.8102762,58.4252585 8.811446,58.4226962 8.8108097,58.4223434 8.8073365,58.4234548 8.8071218,58.4221395 8.8061239,58.4217982 8.7959955,58.4229609 8.7934041,58.4222254 8.7907285,58.4234864 8.7907475,58.4238852</coordinates></LinearRing></innerBoundaryIs><innerBoundaryIs><LinearRing><coordinates>11.1809787,58.42421 11.1832383,58.4269089 11.187489,58.4240392 11.1843354,58.4228323 11.1834033,58.4207072 11.1826801,58.4209934 11.1809829,58.4239553 11.1809787,58.42421</coordinates></LinearRing></innerBoundaryIs><innerBoundaryIs><LinearRing><coordinates>8.7693141,58.4160956 8.7693108,58.4158617 8.7650049,58.4122525 8.7645617,58.4121348 8.7624537,58.4149042 8.7641341,58.4163359 8.7653728,58.4171696 8.7693141,58.4160956</coordinates></LinearRing></innerBoundaryIs><innerBoundaryIs><LinearRing><coordinates>8.7890625,58.4132254 8.790392,58.4135044 8.793106,58.412173 8.7942858,58.4111385 8.7926687,58.4103698 8.7890625,58.4121093 8.7885971,58.4127671 8.7890625,58.4132254</coordinates></LinearRing></innerBoundaryIs><innerBoundaryIs><LinearRing><coordinates>8.7199721,58.4046928 8.7282019,58.4055873 8.7283539,58.4053781 8.7220516,58.4032649 8.721149,58.4030306 8.7196054,58.4034179 8.7199721,58.4046928</coordinates></LinearRing></innerBoundaryIs><innerBoundaryIs><LinearRing><coordinates>8.7318922,58.3982805 8.7405585,58.4024085 8.7416602,58.4020929 8.7425988,58.4005634 8.7424802,58.400436 8.7309139,58.3968776 8.730391,58.3971194 8.7318922,58.3982805</coordinates></LinearRing></innerBoundaryIs><innerBoundaryIs><LinearRing><coordinates>8.7836452,58.3981862 8.7825038,58.4000329 8.783118,58.4007295 8.7839112,58.4009277 8.7867022,58.4002966 8.7890625,58.4003906 8.7890625,58.4001116 8.7915347,58.3994522 8.7927289,58.3979471 8.7924811,58.3976516 8.7890625,58.3973213 8.7890625,58.3976004 8.7836452,58.3981862</coordinates></LinearRing></innerBoundaryIs><innerBoundaryIs><LinearRing><coordinates>8.7432854,58.3841747 8.7456588,58.3843811 8.7458631,58.3841668 8.7468706,58.3809844 8.7463971,58.3808835 8.742074,58.382562 8.7432854,58.3841747</coordinates></LinearRing></innerBoundaryIs><innerBoundaryIs><LinearRing><coordinates>11.2470982,58.3818566 11.25,58.3819754 11.25,58.3800222 11.246857,58.3804916 11.2466142,58.3810664 11.2470982,58.3818566</coordinates></LinearRing></innerBoundaryIs><innerBoundaryIs><LinearRing><coordinates>8.7406904,58.3703963 8.7443944,58.3709362 8.7457685,58.3687491 8.7452943,58.3682384 8.7415144,58.36836 8.7404813,58.3701177 8.7406904,58.3703963</coordinates></LinearRing></innerBoundaryIs><innerBoundaryIs><LinearRing><coordinates>8.7396137,58.3679014 8.7417347,58.3677495 8.7417511,58.3660533 8.7414573,58.3658322 8.7359695,58.3651582 8.7372144,58.3692319 8.7388057,58.368209 8.7396137,58.3679014</coordinates></LinearRing></innerBoundaryIs><innerBoundaryIs><LinearRing><coordinates>11.1965761,58.3598233 11.1970537,58.359375 11.1926957,58.3569782 11.2005248,58.35707 11.1998971,58.3546683 11.1974005,58.3538728 11.1967287,58.3538682 11.1921417,58.3543988 11.1924489,58.3559823 11.1887289,58.3572332 11.1933475,58.359375 11.1965761,58.3598233</coordinates></LinearRing></innerBoundaryIs><innerBoundaryIs><LinearRing><coordinates>11.2843934,58.3501081 11.287515,58.3505779 11.2885844,58.349947 11.2883257,58.3485873 11.2879527,58.3480881 11.2853676,58.3472518 11.2831703,58.3477038 11.2829902,58.3489559 11.2833729,58.349676 11.2843934,58.3501081</coordinates></LinearRing></innerBoundaryIs><innerBoundaryIs><LinearRing><coordinates>11.3180972,58.3563596 11.319227,58.3567606 11.3232331,58.3579386 11.3286818,58.3582886 11.3311433,58.3579119 11.3394688,58.3572752 11.3435715,58.3510159 11.3403851,58.3475614 11.3466647,58.346854 11.3493162,58.3485531 11.3510731,58.3459213 11.351054,58.3455359 11.3474025,58.3416808 11.343339,58.3425853 11.3419501,58.3417279 11.341675,58.341451 11.3406492,58.3398793 11.342711,58.3385704 11.3397051,58.3369615 11.338227,58.3299109 11.3377532,58.3294467 11.3295813,58.3274482 11.3280174,58.3240534 11.3272882,58.3234066 11.3230493,58.323096 11.3164814,58.3257025 11.3162897,58.3262029 11.3212425,58.3328713 11.3209165,58.3334664 11.3167754,58.3328319 11.3170056,58.3351845 11.315048,58.3377538 11.3111659,58.3399796 11.311046,58.3411402 11.3163129,58.3484627 11.3147134,58.3492562 11.3085701,58.3486541 11.3069032,58.3500319 11.3180972,58.3563596</coordinates></LinearRing></innerBoundaryIs><innerBoundaryIs><LinearRing><coordinates>11.3772053,58.3245072 11.3778704,58.3244091 11.3841562,58.3239669 11.3847746,58.3235281 11.3847562,58.3223288 11.3799649,58.3205146 11.3773484,58.3219516 11.3751754,58.3227319 11.3750749,58.3231577 11.3772053,58.3245072</coordinates></LinearRing></innerBoundaryIs><innerBoundaryIs><LinearRing><coordinates>11.3231241,58.32037 11.3225533,58.3204699 11.3264517,58.3222798 11.3288531,58.3210837 11.3231241,58.32037</coordinates></LinearRing></innerBoundaryIs><innerBoundaryIs><LinearRing><coordinates>8.6068403,58.3218743 8.6057833,58.3190246 8.6052428,58.3184561 8.6004765,58.3171411 8.5985733,58.3171664 8.5977983,58.317672 8.5977268,58.3200531 8.6042298,58.3228858 8.605405,58.3227063 8.6066334,58.3221508 8.6068403,58.3218743</coordinates></LinearRing></innerBoundaryIs><innerBoundaryIs><LinearRing><coordinates>11.3776981,58.3200275 11.3802469,58.3180174 11.3799676,58.3178329 11.3723794,58.3198299 11.3776981,58.3200275</coordinates></LinearRing></innerBoundaryIs><innerBoundaryIs><LinearRing><coordinates>11.3965586,58.3134129 11.3964192,58.3130927 11.3949455,58.3128725 11.3938421,58.3142236 11.3944739,58.3175635 11.3965586,58.3134129</coordinates></LinearRing></innerBoundaryIs><innerBoundaryIs><LinearRing><coordinates>11.3847727,58.3141425 11.382551,58.3120794 11.3826731,58.3117138 11.3876352,58.3091429 11.3873802,58.3086456 11.3847018,58.3080674 11.3813719,58.3084956 11.3787189,58.3103443 11.3812439,58.3116978 11.3775229,58.3117245 11.3747011,58.3136559 11.374768,58.3140454 11.3804066,58.3150471 11.3840948,58.3143666 11.3847727,58.3141425</coordinates></LinearRing></innerBoundaryIs><innerBoundaryIs><LinearRing><coordinates>11.3680623,58.3083251 11.3740612,58.3077586 11.3728374,58.3043931 11.3769267,58.3040165 11.3805629,58.3052073 11.384963,58.3042198 11.3871124,58.3005894 11.3892118,58.3000028 11.3906904,58.2962838 11.390698,58.2951903 11.3878922,58.290904 11.3827198,58.2906088 11.3817613,58.290899 11.3789674,58.2939187 11.3733441,58.2957155 11.372461,58.2979656 11.3594224,58.3031334 11.3618475,58.3068594 11.3602458,58.3082163 11.3612546,58.3103799 11.361678,58.3105144 11.3667558,58.310693 11.3675997,58.3088078 11.3680623,58.3083251</coordinates></LinearRing></innerBoundaryIs><innerBoundaryIs><LinearRing><coordinates>11.3954333,58.3058292 11.3990403,58.3050904 11.3992831,58.3036335 11.3957939,58.3042011 11.3950095,58.3055646 11.3954333,58.3058292</coordinates></LinearRing></innerBoundaryIs><innerBoundaryIs><LinearRing><coordinates>11.403071,58.2980424 11.4043031,58.3005131 11.4052861,58.3004094 11.4103467,58.3002707 11.4151382,58.2935396 11.4150785,58.2931889 11.4133201,58.293007 11.4040142,58.2945739 11.403071,58.2980424</coordinates></LinearRing></innerBoundaryIs><innerBoundaryIs><LinearRing><coordinates>11.3347048,58.2894313 11.3348906,58.288221 11.3355188,58.2854263 11.3347001,58.2844505 11.3329662,58.2844203 11.3309013,58.2849259 11.3304619,58.2853076 11.3321558,58.2874147 11.3275688,58.2891334 11.3255571,58.2918916 11.3343722,58.2895939 11.3347048,58.2894313</coordinates></LinearRing></innerBoundaryIs><innerBoundaryIs><LinearRing><coordinates>11.3398513,58.2871057 11.3380172,58.2876241 11.3382252,58.287944 11.3426738,58.2879701 11.3446052,58.289465 11.3469003,58.2885367 11.3470087,58.2879614 11.3419632,58.2842866 11.3397146,58.2827135 11.3391184,58.2829654 11.3380278,58.2847635 11.3398513,58.2871057</coordinates></LinearRing></innerBoundaryIs><innerBoundaryIs><LinearRing><coordinates>11.3813449,58.2893798 11.3816475,58.2895933 11.3832625,58.2902055 11.3852572,58.2898544 11.3854645,58.2895576 11.3855644,58.2875767 11.3831387,58.286211 11.3813848,58.2872241 11.3809156,58.2879667 11.3813449,58.2893798</coordinates></LinearRing></innerBoundaryIs><innerBoundaryIs><LinearRing><coordinates>11.3657283,58.2861018 11.3656098,58.2858213 11.3614084,58.2847762 11.3599219,58.2847149 11.3593456,58.2849556 11.358622,58.2870446 11.3598545,58.2877585 11.3617018,58.2873486 11.3657283,58.2861018</coordinates></LinearRing></innerBoundaryIs><innerBoundaryIs><LinearRing><coordinates>11.3508245,58.2842993 11.351808,58.2842594 11.3565542,58.282773 11.3536195,58.2808259 11.3512526,58.2810652 11.3490244,58.283641 11.3508245,58.2842993</coordinates></LinearRing></innerBoundaryIs><innerBoundaryIs><LinearRing><coordinates>8.5569654,58.2906591 8.5494248,58.2862427 8.545197,58.2869759 8.5447477,58.2872117 8.5447357,58.289216 8.54816,58.292056 8.5527416,58.2922281 8.5561261,58.2922021 8.5569086,58.2920434 8.5574265,58.2910726 8.5569654,58.2906591</coordinates></LinearRing></innerBoundaryIs><innerBoundaryIs><LinearRing><coordinates>11.3331552,58.2929461 11.3284996,58.2929496 11.3249212,58.2946389 11.3244154,58.2950712 11.3266218,58.295935 11.3256468,58.2982031 11.3264018,58.2988524 11.3271827,58.298641 11.3314762,58.2986423 11.3336087,58.2935954 11.3331552,58.2929461</coordinates></LinearRing></innerBoundaryIs><innerBoundaryIs><LinearRing><coordinates>8.5954332,58.2952592 8.59262,58.2956309 8.5932803,58.2984329 8.5894302,58.2961359 8.5886738,58.2990609 8.5858248,58.3010243 8.5859317,58.3014448 8.5877469,58.3021417 8.5904701,58.3015639 8.5946805,58.3069642 8.5953574,58.3069177 8.5958349,58.3042732 8.5993164,58.3031039 8.5994256,58.3027476 8.598769,58.3017631 8.5965784,58.295507 8.5954332,58.2952592</coordinates></LinearRing></innerBoundaryIs><innerBoundaryIs><LinearRing><coordinates>8.571559,58.305514 8.5707194,58.3053185 8.5678052,58.3070608 8.5733069,58.3099889 8.5736355,58.306829 8.571559,58.305514</coordinates></LinearRing></innerBoundaryIs><innerBoundaryIs><LinearRing><coordinates>11.3361226,58.2993662 11.3384674,58.2991271 11.3410403,58.2977628 11.3392643,58.2940083 11.3356587,58.294196 11.3353797,58.2946306 11.3338826,58.2975914 11.3347799,58.2989661 11.3361226,58.2993662</coordinates></LinearRing></innerBoundaryIs><innerBoundaryIs><LinearRing><coordinates>8.6053354,58.3259338 8.6099145,58.3224238 8.60938,58.3223108 8.6037203,58.3242512 8.6053354,58.3259338</coordinates></LinearRing></innerBoundaryIs><innerBoundaryIs><LinearRing><coordinates>8.5981218,58.3234156 8.5977097,58.3233964 8.5949074,58.3264819 8.5950902,58.3268849 8.6030712,58.3314008 8.6053129,58.3301908 8.6033509,58.3254764 8.5981218,58.3234156</coordinates></LinearRing></innerBoundaryIs><innerBoundaryIs><LinearRing><coordinates>8.6502175,58.3309428 8.6481178,58.333799 8.6412541,58.3335391 8.6404967,58.3339288 8.6400785,58.3345515 8.6463828,58.3387142 8.6524556,58.338603 8.6516349,58.3417701 8.661751,58.3429687 8.6643623,58.3451335 8.6661922,58.344251 8.6629761,58.3422538 8.6598263,58.3408483 8.659923,58.3383654 8.6567397,58.3375357 8.6602966,58.3355531 8.6600451,58.3351269 8.6578451,58.3334022 8.6529878,58.3321602 8.6538935,58.3303418 8.6536129,58.3301048 8.6522861,58.330223 8.6502175,58.3309428</coordinates></LinearRing></innerBoundaryIs><innerBoundaryIs><LinearRing><coordinates>8.6755273,58.3428407 8.6812376,58.3432074 8.6822259,58.3475821 8.6859508,58.3469973 8.6914254,58.3469461 8.6919296,58.3467669 8.691902,58.345468 8.6855123,58.3446362 8.6817147,58.3410509 8.6745132,58.3379987 8.6744678,58.3376857 8.6754866,58.3373888 8.6822928,58.3387432 8.688737,58.3418775 8.6875541,58.3371274 8.6872174,58.3368114 8.6833907,58.3375514 8.6774653,58.3364338 8.6749105,58.332952 8.6706142,58.3392302 8.6755273,58.3428407</coordinates></LinearRing></innerBoundaryIs><innerBoundaryIs><LinearRing><coordinates>11.247124,58.349034 11.2481863,58.3478504 11.2471859,58.3464611 11.2456673,58.3462321 11.2449628,58.3473758 11.247124,58.349034</coordinates></LinearRing></innerBoundaryIs><innerBoundaryIs><LinearRing><coordinates>11.2663481,58.3481101 11.2709925,58.3484623 11.2711656,58.3458563 11.265504,58.3439977 11.2652082,58.3436993 11.2649128,58.340451 11.2591722,58.3402632 11.2574785,58.3384672 11.2573844,58.3370544 11.2567526,58.3371294 11.2553281,58.3389122 11.2567064,58.3397331 11.2540649,58.3410997 11.2587225,58.3448127 11.254065,58.345197 11.2509992,58.3477402 11.2553234,58.3486938 11.2610248,58.3477423 11.2641103,58.3490092 11.2663481,58.3481101</coordinates></LinearRing></innerBoundaryIs><innerBoundaryIs><LinearRing><coordinates>11.2714951,58.3383802 11.2730891,58.3368796 11.272772,58.3344622 11.2704594,58.3356456 11.2709174,58.3385243 11.2714951,58.3383802</coordinates></LinearRing></innerBoundaryIs><innerBoundaryIs><LinearRing><coordinates>11.2367918,58.3305213 11.2342652,58.3304344 11.2309955,58.3308074 11.2302672,58.3309669 11.2300422,58.3317605 11.2305394,58.3321635 11.2387424,58.3367398 11.2436053,58.3371558 11.238301,58.3307743 11.2367918,58.3305213</coordinates></LinearRing></innerBoundaryIs><innerBoundaryIs><LinearRing><coordinates>11.2205532,58.3347917 11.2205288,58.3323383 11.2157629,58.3298455 11.2126729,58.3300781 11.2082382,58.332733 11.2079716,58.3330289 11.2079364,58.3355356 11.2033411,58.3356459 11.2007871,58.3368468 11.200379,58.3377223 11.20059,58.3388438 11.2013137,58.3396714 11.2018557,58.3398283 11.2043792,58.3400573 11.2073405,58.3399382 11.2080771,58.3397475 11.2093591,58.3373591 11.2139848,58.3397585 11.2171634,58.3400657 11.2208211,58.340427 11.2232273,58.3400965 11.2239873,58.3394434 11.2239181,58.3365467 11.2205532,58.3347917</coordinates></LinearRing></innerBoundaryIs><innerBoundaryIs><LinearRing><coordinates>11.2445546,58.3298964 11.2440996,58.3293993 11.2417911,58.3268104 11.2408713,58.3265783 11.2322711,58.3266077 11.2341774,58.3293709 11.2379662,58.3292212 11.2405632,58.3303823 11.2445546,58.3298964</coordinates></LinearRing></innerBoundaryIs><innerBoundaryIs><LinearRing><coordinates>11.412262,58.2781221 11.4116317,58.2807171 11.4123671,58.2806375 11.4150068,58.2800953 11.4160938,58.2778445 11.4146956,58.2768677 11.4126185,58.2776607 11.412262,58.2781221</coordinates></LinearRing></innerBoundaryIs><innerBoundaryIs><LinearRing><coordinates>11.3371753,58.2738057 11.3412511,58.2731121 11.3397264,58.2721004 11.3363611,58.269926 11.3351978,58.2697473 11.3320262,58.2713377 11.3371753,58.2738057</coordinates></LinearRing></innerBoundaryIs><innerBoundaryIs><LinearRing><coordinates>11.3759152,58.27241 11.3766547,58.2722946 11.3775403,58.2714008 11.3754363,58.2706445 11.3724939,58.2703812 11.3707978,58.2713027 11.3712364,58.2720782 11.3717184,58.2722876 11.3759152,58.27241</coordinates></LinearRing></innerBoundaryIs><innerBoundaryIs><LinearRing><coordinates>11.3526487,58.271623 11.3520056,58.2701237 11.3514797,58.2697161 11.3476942,58.2687224 11.3471652,58.2687047 11.349075,58.2715857 11.3507184,58.2721492 11.3519928,58.271983 11.3526487,58.271623</coordinates></LinearRing></innerBoundaryIs><innerBoundaryIs><LinearRing><coordinates>11.4085737,58.2622766 11.4141622,58.2622224 11.4161972,58.2590827 11.4143873,58.2569327 11.402612,58.2582626 11.3980231,58.2576826 11.3957157,58.2590801 11.4017472,58.2612146 11.4085737,58.2622766</coordinates></LinearRing></innerBoundaryIs><innerBoundaryIs><LinearRing><coordinates>8.5266681,58.2548096 8.5304195,58.2561219 8.5310014,58.2560441 8.5321538,58.255051 8.5343291,58.2536712 8.5347906,58.2532507 8.5330927,58.2519857 8.5266597,58.25441 8.5266681,58.2548096</coordinates></LinearRing></innerBoundaryIs><innerBoundaryIs><LinearRing><coordinates>11.4004281,58.2556982 11.406406,58.2542121 11.4082673,58.252901 11.4064751,58.2521203 11.4043682,58.2521511 11.4018397,58.2530224 11.4008139,58.2536339 11.3997471,58.2553793 11.4004281,58.2556982</coordinates></LinearRing></innerBoundaryIs><innerBoundaryIs><LinearRing><coordinates>11.4434553,58.2531453 11.4462152,58.2526606 11.4410661,58.251084 11.4380651,58.2483191 11.4365921,58.2481894 11.4356213,58.2487285 11.4356014,58.2493716 11.4364402,58.2501626 11.4410599,58.2525311 11.4434553,58.2531453</coordinates></LinearRing></innerBoundaryIs><innerBoundaryIs><LinearRing><coordinates>11.3895454,58.2438411 11.3909144,58.2417141 11.3943698,58.2399113 11.3930238,58.2435699 11.3968734,58.2433972 11.3976916,58.245948 11.4002571,58.2467197 11.4017659,58.2467926 11.4027745,58.2465178 11.4058634,58.2428257 11.3973326,58.2432414 11.4059048,58.2390459 11.4108099,58.2420285 11.4084603,58.2427276 11.4085352,58.2460752 11.4120039,58.2459161 11.4174281,58.2419515 11.4142458,58.236981 11.4152532,58.2343698 11.4111661,58.2331522 11.4054042,58.2285947 11.4022467,58.2284615 11.4022985,58.2281187 11.4034358,58.2267765 11.4012444,58.2249662 11.4003418,58.2249498 11.3789933,58.2328314 11.3787709,58.2331191 11.3796827,58.2351841 11.384414,58.2383921 11.3810267,58.2366816 11.3773288,58.2366719 11.3785973,58.2397685 11.3756202,58.2404751 11.3746448,58.2424095 11.3833832,58.2442828 11.385637,58.2486529 11.3899285,58.2478892 11.3895454,58.2438411</coordinates></LinearRing></innerBoundaryIs><innerBoundaryIs><LinearRing><coordinates>8.3964581,58.2249416 8.393068,58.2258849 8.392646,58.2274901 8.3935961,58.2271988 8.3967046,58.2252132 8.3964581,58.2249416</coordinates></LinearRing></innerBoundaryIs><innerBoundaryIs><LinearRing><coordinates>8.4182864,58.2289706 8.4187039,58.2304968 8.4223312,58.2292218 8.4226099,58.2284514 8.4209555,58.2274843 8.419808,58.2274035 8.4187549,58.2278212 8.4182864,58.2289706</coordinates></LinearRing></innerBoundaryIs><innerBoundaryIs><LinearRing><coordinates>11.3777152,58.2297117 11.380003,58.231149 11.3816932,58.2307341 11.3887203,58.2281554 11.3806957,58.2254981 11.3797857,58.2254739 11.3777272,58.2292728 11.3777152,58.2297117</coordinates></LinearRing></innerBoundaryIs><innerBoundaryIs><LinearRing><coordinates>11.3749368,58.2328819 11.3745857,58.2327173 11.3723964,58.2324775 11.3694243,58.2326018 11.3678075,58.2333348 11.3673563,58.2338628 11.3678832,58.2360215 11.3716435,58.2363009 11.3727655,58.2360874 11.3749368,58.2328819</coordinates></LinearRing></innerBoundaryIs><innerBoundaryIs><LinearRing><coordinates>8.4028121,58.2353081 8.3975056,58.2375264 8.3966635,58.2391036 8.3971853,58.2393773 8.4036098,58.2367167 8.404026,58.2360837 8.4034272,58.2353317 8.4028121,58.2353081</coordinates></LinearRing></innerBoundaryIs><innerBoundaryIs><LinearRing><coordinates>8.4242092,58.2368166 8.4232575,58.237693 8.4234973,58.2382456 8.4246246,58.2385895 8.4279546,58.2378503 8.4283967,58.237043 8.4276949,58.2358967 8.4251806,58.236288 8.4242092,58.2368166</coordinates></LinearRing></innerBoundaryIs><innerBoundaryIs><LinearRing><coordinates>11.3618476,58.2391369 11.3679243,58.2414149 11.3687943,58.2412493 11.3705904,58.2392594 11.3703721,58.2388591 11.367855,58.237766 11.36251,58.2376652 11.3618028,58.2387768 11.3618476,58.2391369</coordinates></LinearRing></innerBoundaryIs><innerBoundaryIs><LinearRing><coordinates>11.368987,58.2445589 11.3678033,58.2428504 11.365674,58.2422894 11.3621984,58.2425004 11.3619616,58.2428737 11.3633673,58.2463681 11.3645155,58.2467148 11.3662585,58.246536 11.368987,58.2445589</coordinates></LinearRing></innerBoundaryIs><innerBoundaryIs><LinearRing><coordinates>8.4520131,58.2442294 8.4498429,58.2433347 8.4494984,58.2433248 8.4489094,58.2443693 8.4497128,58.2450633 8.4516146,58.2462422 8.4522821,58.2454919 8.4520131,58.2442294</coordinates></LinearRing></innerBoundaryIs><innerBoundaryIs><LinearRing><coordinates>11.3767627,58.250405 11.3751804,58.2503777 11.3742396,58.2506378 11.3742067,58.2511107 11.375033,58.252968 11.3752671,58.2532291 11.379527,58.2551306 11.3822488,58.2529945 11.37915,58.2508723 11.3767627,58.250405</coordinates></LinearRing></innerBoundaryIs><innerBoundaryIs><LinearRing><coordinates>8.4863108,58.2486219 8.4896616,58.2465094 8.4888004,58.2463809 8.4860054,58.2469075 8.4827811,58.2490354 8.4850953,58.2520077 8.4878747,58.2517505 8.4889166,58.2513736 8.4894104,58.2507097 8.4863108,58.2486219</coordinates></LinearRing></innerBoundaryIs><innerBoundaryIs><LinearRing><coordinates>8.430952,58.2663294 8.4304132,58.2662328 8.4266253,58.2681274 8.4292089,58.2686769 8.4294908,58.2685376 8.430952,58.2663294</coordinates></LinearRing></innerBoundaryIs><innerBoundaryIs><LinearRing><coordinates>11.4023749,58.2203685 11.4033772,58.2171518 11.4027843,58.2165503 11.4010723,58.2166594 11.3969868,58.2189744 11.4006339,58.2210062 11.4023749,58.2203685</coordinates></LinearRing></innerBoundaryIs><innerBoundaryIs><LinearRing><coordinates>11.3775094,58.2149057 11.3762522,58.2135206 11.3693063,58.2144572 11.3776708,58.2209542 11.3791327,58.2177665 11.3775094,58.2149057</coordinates></LinearRing></innerBoundaryIs><innerBoundaryIs><LinearRing><coordinates>11.3929275,58.215414 11.3933426,58.2144696 11.3894615,58.2133474 11.3882859,58.2133458 11.3926885,58.2157298 11.3929275,58.215414</coordinates></LinearRing></innerBoundaryIs><innerBoundaryIs><LinearRing><coordinates>11.3127557,58.2113462 11.3163748,58.2084237 11.3146923,58.2061625 11.3088315,58.2095903 11.3127557,58.2113462</coordinates></LinearRing></innerBoundaryIs><innerBoundaryIs><LinearRing><coordinates>11.3891981,58.2057244 11.3917423,58.2061425 11.3933851,58.2057992 11.3941756,58.2050312 11.3931924,58.2038444 11.3913474,58.2038012 11.3905555,58.2040404 11.3891981,58.2057244</coordinates></LinearRing></innerBoundaryIs><innerBoundaryIs><LinearRing><coordinates>11.397584,58.2054156 11.3982517,58.2053446 11.4008358,58.2035253 11.400398,58.2023019 11.3965077,58.2049466 11.397584,58.2054156</coordinates></LinearRing></innerBoundaryIs><innerBoundaryIs><LinearRing><coordinates>11.4735138,58.1995496 11.4713821,58.2011673 11.4736816,58.2076954 11.4784611,58.210061 11.4785101,58.212249 11.4825782,58.2161227 11.4869205,58.2162929 11.4892462,58.2181046 11.4860312,58.2198004 11.4819853,58.21891 11.4824358,58.2227476 11.4850867,58.2241926 11.4842994,58.2283992 11.4863878,58.2303147 11.4866974,58.2305449 11.5019643,58.2332724 11.5176533,58.238869 11.5274733,58.236467 11.5288228,58.2364002 11.5322222,58.2377903 11.532992,58.2378821 11.5374296,58.2366557 11.5421472,58.2383658 11.5430413,58.2381561 11.5429871,58.2360308 11.5535513,58.2338105 11.5542628,58.2320727 11.5509858,58.2325253 11.5479506,58.2295249 11.5441459,58.2297322 11.5416243,58.2274904 11.5266736,58.2230532 11.5259784,58.2195286 11.5297682,58.2180634 11.5310262,58.2152545 11.5191777,58.2137376 11.5174057,58.2145929 11.521005,58.2171671 11.5189317,58.2174468 11.5081486,58.2134429 11.510096,58.2105904 11.5074883,58.2087777 11.5139428,58.2099915 11.519187,58.2071881 11.5058995,58.2065883 11.492471,58.2094147 11.481535,58.2089455 11.4809569,58.2087266 11.4822667,58.2073224 11.4879899,58.2067221 11.4879425,58.2037445 11.4849337,58.2045161 11.4820306,58.2018282 11.4858274,58.1983858 11.4862854,58.195442 11.4734358,58.1916394 11.471382,58.194048 11.4735138,58.1995496</coordinates></LinearRing></innerBoundaryIs><innerBoundaryIs><LinearRing><coordinates>11.4333287,58.1988376 11.4334928,58.2009298 11.436751,58.1999609 11.4356281,58.1987785 11.4333287,58.1988376</coordinates></LinearRing></innerBoundaryIs><innerBoundaryIs><LinearRing><coordinates>11.4643179,58.2013297 11.4637647,58.2011858 11.4624217,58.2013019 11.4617308,58.2026008 11.4669065,58.2048625 11.4673051,58.2047575 11.4643179,58.2013297</coordinates></LinearRing></innerBoundaryIs><innerBoundaryIs><LinearRing><coordinates>11.4817798,58.22372 11.4802104,58.221675 11.4791995,58.2215716 11.4788328,58.222526 11.4792885,58.2238733 11.4806306,58.2246954 11.4812294,58.2244912 11.4817798,58.22372</coordinates></LinearRing></innerBoundaryIs><innerBoundaryIs><LinearRing><coordinates>11.4866292,58.2334208 11.485166,58.2321182 11.4808471,58.2321324 11.4805675,58.2325161 11.4841026,58.2341583 11.485569,58.2339799 11.4866292,58.2334208</coordinates></LinearRing></innerBoundaryIs><innerBoundaryIs><LinearRing><coordinates>11.5242918,58.2410023 11.5262923,58.2419357 11.530411,58.2415839 11.5325525,58.2401536 11.5321455,58.2391812 11.5290951,58.238615 11.528051,58.2387099 11.5242918,58.2410023</coordinates></LinearRing></innerBoundaryIs><innerBoundaryIs><LinearRing><coordinates>11.5884786,58.2338454 11.5971072,58.2363579 11.6015625,58.2363281 11.6062896,58.2370909 11.6063395,58.2372673 11.6015625,58.2382812 11.6012315,58.2383809 11.6015625,58.2393972 11.6024494,58.2404743 11.6088037,58.2429082 11.6132609,58.2428592 11.6119908,58.2459501 11.6193099,58.2494436 11.6402839,58.2507811 11.6414922,58.2506775 11.6420392,58.2495067 11.6345863,58.2459859 11.633395,58.2441434 11.6494138,58.247431 11.6580076,58.2448821 11.6601607,58.2431526 11.6645786,58.2454953 11.6696177,58.2417938 11.6757255,58.2417082 11.6768796,58.2397099 11.6830525,58.2498877 11.6789197,58.2520531 11.6766213,58.2602676 11.6802715,58.2667059 11.6847888,58.2668452 11.6909857,58.2701879 11.6796623,58.2744415 11.6774544,58.2813476 11.6814711,58.281849 11.684081,58.2791539 11.6855696,58.2884454 11.6891226,58.2905129 11.6898752,58.2907046 11.6995947,58.2919108 11.7011307,58.2927198 11.7015893,58.2936969 11.7015315,58.2939289 11.6954468,58.2935669 11.6931653,58.2953963 11.6915848,58.2954543 11.685648,58.2941329 11.6852988,58.2944906 11.6857595,58.2958736 11.6888891,58.2972726 11.68747,58.2998605 11.6923358,58.3006911 11.6980636,58.3045127 11.6989068,58.3046559 11.7020249,58.3042986 11.7025133,58.3040323 11.7089657,58.298529 11.7091464,58.2978841 11.7029752,58.2956942 11.7038234,58.2946856 11.7044969,58.2948163 11.7167521,58.2988923 11.7288702,58.3016239 11.735554,58.3020966 11.7405462,58.3021764 11.7521013,58.2990683 11.754783,58.295862 11.7597775,58.2933609 11.7618868,58.2908022 11.763978,58.2874128 11.7671176,58.2779016 11.7676661,58.2744637 11.7660838,58.2692614 11.7657309,58.2685174 11.7608515,58.2647105 11.7605742,58.2639118 11.762561,58.2610517 11.7703247,58.2635318 11.7770061,58.2626427 11.7780547,58.2665637 11.7837214,58.2670606 11.7832292,58.2623795 11.7850013,58.260612 11.7836891,58.257269 11.7907418,58.2554035 11.7971329,58.258007 11.8110383,58.256317 11.8147671,58.2507334 11.8193264,58.249065 11.8261222,58.2437512 11.8318485,58.2422835 11.8317984,58.2393584 11.837027,58.2378917 11.8425184,58.2334048 11.8428668,58.2274631 11.8390765,58.2228287 11.8430221,58.2224129 11.840811,58.2172493 11.8434677,58.214065 11.8386635,58.2142454 11.837454,58.2119333 11.8358517,58.2120667 11.827929,58.2164195 11.8248187,58.2145129 11.8247215,58.2141526 11.8255345,58.211525 11.8266782,58.2111049 11.8338623,58.2107896 11.8364834,58.2091289 11.841554,58.2096872 11.8456078,58.2084342 11.8403234,58.2040921 11.8408859,58.2002563 11.8439019,58.2018996 11.8463132,58.2007446 11.84422,58.195991 11.8417059,58.1945641 11.842662,58.1926336 11.8399041,58.1911439 11.841938,58.1835937 11.8420776,58.1835937 11.8421348,58.1801662 11.8450052,58.174715 11.8498625,58.1692079 11.8451653,58.1616457 11.8488603,58.1563905 11.8458813,58.1559995 11.8433717,58.1575356 11.8407806,58.1572564 11.8348047,58.1466051 11.8291172,58.1423579 11.8324953,58.1408896 11.8335971,58.1386615 11.8240107,58.1260176 11.8240025,58.1243749 11.8276818,58.1219244 11.8221654,58.1198672 11.8199179,58.1242805 11.8167753,58.1258687 11.8071907,58.1252644 11.8065199,58.1229186 11.8037494,58.1256295 11.8028156,58.1307415 11.7980489,58.1330833 11.7950627,58.1334815 11.7840523,58.130722 11.777979,58.1309423 11.7741299,58.1273493 11.7644249,58.1246862 11.7629781,58.1192617 11.7606154,58.1174148 11.7617785,58.1132838 11.7466369,58.1147058 11.742897,58.1131808 11.7430799,58.1159168 11.7362616,58.1159911 11.733639,58.107622 11.7293828,58.1061695 11.7259293,58.0961322 11.7256686,58.0957952 11.7166156,58.0874351 11.7107613,58.0870199 11.7088701,58.0897276 11.7025692,58.0933856 11.7022829,58.0952996 11.6998829,58.096401 11.7033935,58.0999767 11.7067543,58.1005216 11.7062345,58.1027902 11.7001531,58.1032434 11.7025548,58.1047903 11.6970176,58.10615 11.6971517,58.1081542 11.6910331,58.1085095 11.6970311,58.11213 11.6866279,58.1129709 11.6821835,58.1122115 11.6780469,58.1109135 11.6761124,58.1060894 11.6690012,58.1067444 11.6676352,58.1093434 11.6728934,58.1105561 11.6748734,58.1144856 11.6788088,58.1167461 11.6736071,58.1199213 11.6701812,58.1194845 11.6607131,58.1150842 11.6625229,58.1130862 11.6599172,58.111123 11.6502466,58.1073406 11.6477956,58.1042207 11.6398594,58.1018093 11.6400218,58.0995613 11.6350201,58.098891 11.6338751,58.1012464 11.6364794,58.1042213 11.6361893,58.1079741 11.6436069,58.1102241 11.638684,58.1120251 11.6359174,58.1165324 11.6428906,58.1168489 11.6507707,58.1210937 11.6574436,58.1211267 11.6581213,58.1225091 11.6508883,58.1256664 11.6391196,58.1249068 11.6284558,58.1300181 11.6238517,58.1343226 11.6149611,58.130531 11.609042,58.1299962 11.60606,58.1267117 11.6015625,58.126116 11.6011034,58.126146 11.6015625,58.1272321 11.6034502,58.1285226 11.601818,58.1291738 11.6015625,58.1291853 11.5959893,58.1287338 11.5950747,58.128243 11.5900373,58.1240711 11.5895422,58.1228985 11.5904083,58.1223034 11.5914525,58.1222723 11.5994287,58.1235715 11.5986789,58.1199899 11.5952119,58.1174985 11.5830885,58.1148012 11.5838822,58.1173621 11.5904413,58.1186177 11.5910331,58.1196048 11.5879819,58.1216025 11.5813241,58.1204673 11.5779511,58.1156392 11.5710833,58.1102582 11.5704885,58.1063761 11.5677341,58.1048939 11.5648243,58.0977263 11.5610256,58.0950136 11.5584176,58.0871845 11.5556974,58.0855683 11.5516269,58.087256 11.5449163,58.0857532 11.5365229,58.0912592 11.5276505,58.0915552 11.5272841,58.0931755 11.5203161,58.0960923 11.517507,58.0998774 11.5108336,58.1013126 11.5066572,58.105006 11.4949182,58.1091934 11.4936612,58.1119887 11.479785,58.1180764 11.4767172,58.1214896 11.4716963,58.1244075 11.4712389,58.1243335 11.4741137,58.1203728 11.4747523,58.1198806 11.4873039,58.1128616 11.4925582,58.1088383 11.4982466,58.1025236 11.4970549,58.0957481 11.4927747,58.094483 11.4946867,58.0930316 11.4910778,58.0908881 11.4929045,58.0871466 11.4892805,58.0864996 11.4881881,58.0839664 11.4909052,58.078546 11.4901046,58.0727643 11.4877223,58.0710813 11.4796668,58.0691671 11.476034,58.0694062 11.4753371,58.069537 11.465272,58.0742766 11.4753363,58.0769331 11.4726809,58.0777618 11.4753481,58.0788033 11.4756571,58.08138 11.4676682,58.0820702 11.4663777,58.0843149 11.4713534,58.0886503 11.4667602,58.088286 11.4627953,58.0851105 11.4622716,58.0869606 11.4590104,58.0871572 11.4633549,58.0902857 11.4723955,58.0929245 11.4824986,58.0927978 11.4904118,58.0958138 11.4901806,58.0961261 11.4869229,58.097616 11.482672,58.0958837 11.4686331,58.1012667 11.4725024,58.1046426 11.4642072,58.1080631 11.4682018,58.1157051 11.4677621,58.1170542 11.4671661,58.1173052 11.4563953,58.117146 11.4515024,58.1145124 11.4505363,58.1153752 11.4524915,58.1165074 11.4447277,58.11928 11.4413279,58.1222757 11.4368387,58.1230155 11.4337153,58.1217045 11.4321185,58.1232935 11.4264832,58.1214023 11.4254944,58.1215399 11.4247868,58.1218303 11.4228024,58.1246747 11.4222137,58.1285563 11.4237926,58.1302673 11.4184434,58.1324636 11.4226661,58.1357507 11.4197024,58.1367923 11.4193125,58.1388071 11.4170728,58.1393749 11.4149743,58.1388479 11.4138469,58.1382802 11.4132215,58.1346055 11.4092644,58.1343319 11.4098293,58.1426374 11.407499,58.1442229 11.407675,58.1446559 11.4106413,58.1474636 11.4118181,58.1476213 11.4128079,58.1475646 11.4130883,58.1450669 11.4110721,58.1437603 11.4113262,58.1434485 11.4130657,58.1433318 11.4173399,58.1449826 11.418919,58.148573 11.4128838,58.1520247 11.4177033,58.1544909 11.4220995,58.1545376 11.4206538,58.1577106 11.4253604,58.1631507 11.4335566,58.1660203 11.4335465,58.1665128 11.4314501,58.1668206 11.4303772,58.1666946 11.4270284,58.1651266 11.4237177,58.1656044 11.4175379,58.1590753 11.4118404,58.1567223 11.4110729,58.1569778 11.4125078,58.1581439 11.4103804,58.1614788 11.4130564,58.1628278 11.4153577,58.1685551 11.4187624,58.1716386 11.415273,58.1708736 11.4120204,58.1679195 11.4088345,58.1671313 11.4079514,58.1671946 11.4074254,58.1676582 11.4073772,58.1685079 11.4084064,58.1701601 11.4174398,58.1778955 11.4214578,58.1774193 11.4248492,58.1787037 11.432283,58.1781971 11.4356776,58.1790981 11.438555,58.1773257 11.4434792,58.1777819 11.4447095,58.1761435 11.4489554,58.1758592 11.4542691,58.1711628 11.4545181,58.1710104 11.456858,58.1708742 11.4601477,58.1800067 11.4667538,58.1798946 11.4628168,58.1814458 11.4620953,58.1835937 11.4617846,58.1835937 11.4617846,58.1840122 11.4625787,58.1844308 11.4674493,58.1844578 11.4762833,58.1913944 11.4813648,58.1914458 11.4868903,58.1928945 11.4908561,58.19558 11.4944555,58.1955895 11.4955168,58.1968353 11.4931347,58.2001991 11.4953452,58.2020565 11.5064778,58.2014905 11.5086964,58.2026218 11.5177699,58.2029331 11.5175141,58.2010415 11.5243773,58.2001284 11.5318319,58.2036617 11.5316128,58.2013105 11.5273544,58.1990516 11.5275007,58.1988666 11.5302593,58.1972873 11.535726,58.1988815 11.5375084,58.1996982 11.5384874,58.2006484 11.5397894,58.2060693 11.5437238,58.2102576 11.5440818,58.2105532 11.5500466,58.2123384 11.5533295,58.2157298 11.5583224,58.2186365 11.5778774,58.2289236 11.5802497,58.2288529 11.5848418,58.2246146 11.5836788,58.2302907 11.5842794,58.2312304 11.5866553,58.2329319 11.5884786,58.2338454</coordinates></LinearRing></innerBoundaryIs><innerBoundaryIs><LinearRing><coordinates>11.5669916,58.2358102 11.5649203,58.2346377 11.5619776,58.2345932 11.5619196,58.2349854 11.5659276,58.2364392 11.5666054,58.2362173 11.5669916,58.2358102</coordinates></LinearRing></innerBoundaryIs><innerBoundaryIs><LinearRing><coordinates>11.6083035,58.2483191 11.6059502,58.2452484 11.6015625,58.2444196 11.5945683,58.2438689 11.5943013,58.2440302 11.6015625,58.2488838 11.6035621,58.2492599 11.6036094,58.2520992 11.6062409,58.2527601 11.6052628,58.2568212 11.6015625,58.2583705 11.6012315,58.2591279 11.6015625,58.2592076 11.6088905,58.2614233 11.6125975,58.2616518 11.6132947,58.2611567 11.6219326,58.2607727 11.6229891,58.2605011 11.6247392,58.2585663 11.6242768,58.2577966 11.6200597,58.2549278 11.6193633,58.2546736 11.6130944,58.2539856 11.6144967,58.2506773 11.6083035,58.2483191</coordinates></LinearRing></innerBoundaryIs><innerBoundaryIs><LinearRing><coordinates>11.5956556,58.2496271 11.593025,58.2464623 11.5857739,58.2468194 11.5848795,58.247236 11.5841532,58.248961 11.5844539,58.2491531 11.591486,58.2508985 11.5955663,58.2513037 11.6000214,58.2509362 11.5956556,58.2496271</coordinates></LinearRing></innerBoundaryIs><innerBoundaryIs><LinearRing><coordinates>11.5771582,58.2508715 11.5734632,58.2533233 11.5730093,58.2545589 11.575354,58.2561384 11.5852258,58.2560098 11.5816411,58.2515161 11.5778528,58.2508951 11.5771582,58.2508715</coordinates></LinearRing></innerBoundaryIs><innerBoundaryIs><LinearRing><coordinates>11.6463505,58.2543839 11.6495302,58.256749 11.6502974,58.2566617 11.6578866,58.2541538 11.6590256,58.2526447 11.658922,58.2523611 11.6520112,58.2502998 11.6488898,58.2501523 11.6482079,58.2503535 11.6461035,58.2537117 11.6463505,58.2543839</coordinates></LinearRing></innerBoundaryIs><innerBoundaryIs><LinearRing><coordinates>11.6786977,58.2931168 11.6761032,58.2942554 11.6800762,58.2944779 11.681434,58.2939757 11.6815366,58.2933629 11.6786977,58.2931168</coordinates></LinearRing></innerBoundaryIs><innerBoundaryIs><LinearRing><coordinates>11.682986,58.2961984 11.680396,58.2960927 11.6777908,58.2965035 11.6777971,58.2966866 11.6828027,58.2991956 11.6851507,58.2987521 11.682986,58.2961984</coordinates></LinearRing></innerBoundaryIs><innerBoundaryIs><LinearRing><coordinates>11.6876487,58.3029066 11.6864537,58.3028347 11.68481,58.3045272 11.6849046,58.3051718 11.6867583,58.3061453 11.6897588,58.304545 11.6876487,58.3029066</coordinates></LinearRing></innerBoundaryIs><innerBoundaryIs><LinearRing><coordinates>11.7736763,58.3075416 11.7802147,58.3097343 11.785767,58.3085136 11.7831883,58.3048697 11.7826749,58.3046653 11.7770998,58.3044766 11.7736204,58.3028057 11.7726372,58.302808 11.7692513,58.3041927 11.7732981,58.3072526 11.7736763,58.3075416</coordinates></LinearRing></innerBoundaryIs><innerBoundaryIs><LinearRing><coordinates>11.7993497,58.3060364 11.8003927,58.3092132 11.8020867,58.3081971 11.803218,58.3026763 11.8029528,58.3022063 11.8005238,58.304534 11.7993497,58.3060364</coordinates></LinearRing></innerBoundaryIs><innerBoundaryIs><LinearRing><coordinates>11.7151606,58.2995666 11.7141219,58.2991508 11.7113686,58.2992352 11.7111731,58.2994968 11.7125275,58.3047217 11.7151243,58.304296 11.7157027,58.3038889 11.7155693,58.3027627 11.7151606,58.2995666</coordinates></LinearRing></innerBoundaryIs><innerBoundaryIs><LinearRing><coordinates>11.785677,58.2976058 11.788087,58.2952982 11.7913246,58.2950851 11.7914209,58.2947986 11.7892689,58.293255 11.7893857,58.2878084 11.7889147,58.2872463 11.7863332,58.2860523 11.7844045,58.2857445 11.7788438,58.2859375 11.7727202,58.2889262 11.7716742,58.2933871 11.7768508,58.2960221 11.780905,58.2952439 11.7824783,58.2953888 11.7845579,58.2966272 11.785677,58.2976058</coordinates></LinearRing></innerBoundaryIs><innerBoundaryIs><LinearRing><coordinates>11.7907279,58.2716388 11.786231,58.2748916 11.785899,58.2754011 11.7841665,58.280551 11.7861505,58.2812314 11.7945462,58.2809414 11.7996711,58.2782092 11.7999339,58.27781 11.7971501,58.2718929 11.7969747,58.2716501 11.7948951,58.2712635 11.7918231,58.2713856 11.7907279,58.2716388</coordinates></LinearRing></innerBoundaryIs><innerBoundaryIs><LinearRing><coordinates>11.8298014,58.2695649 11.8346508,58.268876 11.8314422,58.2672262 11.829267,58.2671459 11.8289742,58.2673851 11.8298014,58.2695649</coordinates></LinearRing></innerBoundaryIs><innerBoundaryIs><LinearRing><coordinates>11.8513889,58.2460793 11.8457336,58.2500385 11.8498044,58.2538863 11.8540601,58.2518815 11.8556426,58.2490118 11.855925,58.2482533 11.8548295,58.246145 11.8541197,58.2456847 11.852349,58.2456903 11.8513889,58.2460793</coordinates></LinearRing></innerBoundaryIs><innerBoundaryIs><LinearRing><coordinates>11.8584191,58.2320021 11.8550698,58.2337987 11.8563977,58.2354397 11.8510658,58.2394969 11.8521996,58.2412097 11.8570607,58.2429606 11.8586794,58.2400532 11.8650677,58.2377071 11.8634208,58.2357212 11.8655651,58.2313675 11.8628259,58.2292225 11.8618431,58.2291355 11.8576668,58.2304996 11.8584191,58.2320021</coordinates></LinearRing></innerBoundaryIs><innerBoundaryIs><LinearRing><coordinates>11.8604406,58.2255121 11.8663425,58.22442 11.8671265,58.2234719 11.8670748,58.2224292 11.865447,58.2219909 11.8609108,58.2226268 11.8613532,58.220932 11.8589807,58.2207462 11.8584311,58.2209435 11.8563271,58.2244216 11.8585908,58.2251391 11.8602439,58.2232766 11.859906,58.2252479 11.8604406,58.2255121</coordinates></LinearRing></innerBoundaryIs><innerBoundaryIs><LinearRing><coordinates>11.8564707,58.2196574 11.8613671,58.2183352 11.861885,58.2179075 11.8618996,58.2162802 11.8601733,58.2157769 11.859809,58.2160614 11.8564707,58.2196574</coordinates></LinearRing></innerBoundaryIs><innerBoundaryIs><LinearRing><coordinates>11.8824816,58.2160671 11.8820034,58.2166376 11.8830584,58.2178713 11.8840197,58.2182213 11.8894912,58.2174761 11.889919,58.2172 11.8897732,58.2161542 11.8890891,58.2157053 11.887705,58.2155312 11.8832726,58.2158818 11.8824816,58.2160671</coordinates></LinearRing></innerBoundaryIs><innerBoundaryIs><LinearRing><coordinates>11.8869932,58.2074445 11.8887172,58.2084531 11.8919855,58.2075318 11.8921103,58.207233 11.8898128,58.2068026 11.8875647,58.2069196 11.8869932,58.2074445</coordinates></LinearRing></innerBoundaryIs><innerBoundaryIs><LinearRing><coordinates>11.7539788,58.1129041 11.7556351,58.1106344 11.7555481,58.1102972 11.7532711,58.1095201 11.7505178,58.1094315 11.7496113,58.1099091 11.7499942,58.1125354 11.7516083,58.1133426 11.7530522,58.1131654 11.7539788,58.1129041</coordinates></LinearRing></innerBoundaryIs><innerBoundaryIs><LinearRing><coordinates>11.7955776,58.1111367 11.8000849,58.1095833 11.796711,58.1086431 11.7945119,58.1085753 11.7930915,58.1091241 11.7933692,58.1095607 11.7955776,58.1111367</coordinates></LinearRing></innerBoundaryIs><innerBoundaryIs><LinearRing><coordinates>11.7916455,58.1079398 11.792345,58.1077634 11.7972271,58.1059066 11.797455,58.1055886 11.7955451,58.1051095 11.7883435,58.1052147 11.7884669,58.1079094 11.7916455,58.1079398</coordinates></LinearRing></innerBoundaryIs><innerBoundaryIs><LinearRing><coordinates>11.7824306,58.1028616 11.7849545,58.0992171 11.7855885,58.0988688 11.7897803,58.0988011 11.7906239,58.0981627 11.7939686,58.0942867 11.7941108,58.0935965 11.7902216,58.091336 11.7865287,58.0921572 11.7856036,58.0918314 11.7839274,58.0899026 11.7789669,58.0901557 11.7781054,58.0855095 11.7729526,58.0809637 11.7655416,58.0826132 11.7610148,58.0885804 11.7620515,58.0931768 11.7555811,58.0996079 11.7553962,58.1001945 11.7576509,58.1024578 11.7568629,58.1059048 11.7577062,58.10657 11.7607269,58.1076738 11.7633578,58.1070462 11.7680683,58.1072381 11.7776068,58.1051602 11.7824306,58.1028616</coordinates></LinearRing></innerBoundaryIs><innerBoundaryIs><LinearRing><coordinates>11.7551194,58.0963449 11.7562366,58.0943958 11.7567259,58.088116 11.7538508,58.0858021 11.7492549,58.0847896 11.7498294,58.0816177 11.7500427,58.0812404 11.7454855,58.0799294 11.744942,58.0799961 11.7434858,58.0807238 11.7431846,58.0839078 11.7389092,58.0823432 11.7370479,58.0849888 11.7300795,58.0871875 11.7302854,58.0935754 11.7301617,58.0937647 11.7254457,58.0939348 11.7255774,58.0941621 11.7274351,58.0956697 11.7326798,58.0951782 11.7386127,58.0962851 11.7463949,58.1013089 11.7503794,58.1007446 11.7551194,58.0963449</coordinates></LinearRing></innerBoundaryIs><innerBoundaryIs><LinearRing><coordinates>11.706494,58.0776613 11.699317,58.0755577 11.6928517,58.0785599 11.6967251,58.0739363 11.6963264,58.070446 11.7005068,58.068718 11.700754,58.0674312 11.7045245,58.0664089 11.712392,58.0661932 11.7146848,58.0691282 11.719628,58.0696073 11.7280858,58.0747536 11.7330616,58.0747659 11.7322782,58.0707896 11.7367507,58.0723222 11.7365485,58.0669746 11.7460201,58.0702519 11.7563945,58.0721093 11.7567194,58.0663141 11.7547396,58.0626978 11.7605884,58.0669101 11.7628871,58.0663354 11.7697746,58.0595419 11.7725064,58.0597249 11.7724581,58.0610249 11.7774376,58.0612524 11.778259,58.0593621 11.7744613,58.0548276 11.7618181,58.0565848 11.7589418,58.0554039 11.7545397,58.0480009 11.763414,58.0414284 11.7607682,58.039681 11.7571281,58.0406712 11.7566903,58.0355446 11.7598438,58.0343621 11.7638083,58.0362716 11.7656219,58.0353596 11.764828,58.0296841 11.7627136,58.0278438 11.7640525,58.0257359 11.7620592,58.0207021 11.7627602,58.016439 11.757871,58.0078125 11.7571721,58.0078125 11.7557945,58.0058879 11.7513703,58.0041069 11.7428257,58.0019816 11.7426943,57.9984614 11.7423158,57.9980648 11.7382479,57.9957346 11.7321343,57.9938306 11.7322009,57.9928975 11.7242507,57.9905703 11.7235078,57.9905798 11.7187551,57.991616 11.7175595,57.993384 11.7089698,57.9973493 11.7089778,57.9989985 11.7269493,58.0042145 11.7300442,58.0058326 11.7286611,58.0070995 11.7281156,58.0072103 11.7229551,58.0062613 11.7220356,58.0064342 11.7220683,58.0078125 11.7210305,58.0078125 11.7210166,58.0090758 11.7267652,58.0138773 11.7234021,58.020624 11.7152097,58.0237584 11.7090485,58.0207062 11.713472,58.0172001 11.7119973,58.015528 11.7078891,58.0145723 11.708956,58.0091029 11.6963367,58.0105487 11.6949573,58.0101675 11.6948143,58.0097187 11.6978738,58.0078125 11.6995389,58.0078125 11.7041928,58.0067821 11.704253,58.0066009 11.7009645,58.0053771 11.7017509,58.0033921 11.6999223,58.0030775 11.6872848,58.0061678 11.6838208,58.0078125 11.6836638,58.0078125 11.6830323,58.0080636 11.6810324,58.0079519 11.6810324,58.0078125 11.6806771,58.0078125 11.6788991,58.0065531 11.6786388,58.0060945 11.6793098,58.0049567 11.6857841,58.0014216 11.6866496,58.0010135 11.6909431,58.0008578 11.6974009,57.9934959 11.6946295,57.9922472 11.6983863,57.9906901 11.698229,57.987444 11.6921839,57.9881561 11.6942554,57.986593 11.6928622,57.984472 11.6947336,57.9823083 11.6850621,57.9828171 11.6822739,57.9790757 11.6752822,57.9814817 11.6718255,57.9778194 11.6730638,57.9759485 11.6803157,57.9755479 11.6820536,57.9767692 11.6884289,57.9743787 11.6860336,57.9692115 11.6854979,57.9687335 11.6780816,57.9656879 11.6771976,57.9642442 11.6750339,57.9646319 11.6693228,57.9617716 11.6523257,57.9626021 11.6412781,57.9596326 11.6367503,57.9628713 11.6314574,57.9628221 11.6331685,57.9586372 11.6386877,57.9586794 11.639145,57.9580007 11.6389561,57.9577217 11.6338207,57.9573261 11.6266758,57.9588023 11.6277561,57.956107 11.633575,57.9551585 11.6306025,57.9514842 11.6319431,57.9490945 11.6274297,57.9494585 11.6283262,57.9478329 11.6169058,57.941541 11.6137505,57.9374676 11.6104221,57.9367496 11.6067625,57.937421 11.6015625,57.9355468 11.6013004,57.9355468 11.5982879,57.9341917 11.5938832,57.9345067 11.5933099,57.9343464 11.5923433,57.9319679 11.5853785,57.9311492 11.5802835,57.9324307 11.573945,57.9297771 11.5703754,57.9290406 11.566981,57.9291818 11.5655061,57.929585 11.5608979,57.9312819 11.5575306,57.9338923 11.5578707,57.9361758 11.5547527,57.9385678 11.5608454,57.9385986 11.5644687,57.9364918 11.5698388,57.9361966 11.5750241,57.9344891 11.5763901,57.9390516 11.5760829,57.9393533 11.5613474,57.942085 11.5606471,57.9435966 11.5633728,57.9446096 11.563301,57.945841 11.5573058,57.9480385 11.5489401,57.9476978 11.5442762,57.9464337 11.5437299,57.9460684 11.5449398,57.9436553 11.5433073,57.9428687 11.5362185,57.9434417 11.5347267,57.9453034 11.546797,57.9511783 11.5532357,57.9482965 11.5552461,57.9517328 11.5628817,57.9504615 11.5630252,57.9536445 11.5678107,57.954758 11.5770117,57.9604959 11.5792435,57.9601243 11.5790026,57.9610288 11.569405,57.9624842 11.565762,57.9591908 11.5588642,57.9581482 11.5585983,57.9573793 11.5658737,57.9570893 11.5654242,57.9553318 11.5600413,57.9528652 11.5528013,57.9550316 11.5559061,57.9569495 11.5545576,57.9575256 11.5492392,57.956538 11.5399625,57.9586533 11.5371943,57.9571429 11.5325165,57.9570457 11.5266424,57.9592249 11.5289849,57.9605938 11.5272301,57.9623173 11.5323414,57.964413 11.5288439,57.9650295 11.5341275,57.9664676 11.534815,57.9648572 11.5378563,57.9638702 11.5365362,57.9652842 11.5406688,57.9667552 11.5391513,57.9679992 11.5300755,57.9673699 11.529586,57.9686168 11.5463781,57.9731799 11.5384856,57.9737709 11.5377347,57.9718378 11.5296082,57.9701737 11.5271835,57.9720187 11.530529,57.9743115 11.5287882,57.9754463 11.5204788,57.971284 11.5163726,57.9713118 11.5157467,57.9726384 11.5179333,57.9775803 11.5228823,57.9796602 11.5293905,57.97824 11.5322121,57.9797271 11.5367583,57.9797416 11.5380681,57.9785016 11.5365402,57.9780951 11.5388557,57.9774556 11.5433722,57.9790632 11.5416238,57.9817817 11.5391616,57.9825563 11.5393186,57.9856492 11.5412906,57.9858434 11.5363897,57.9884186 11.5411021,57.9899178 11.5450294,57.9883432 11.5439659,57.9914749 11.5468504,57.9937028 11.5405488,57.9931813 11.5405031,57.9960592 11.5366607,57.9979224 11.5350908,58.0004338 11.540078,58.0021266 11.5394872,58.0043817 11.5422487,58.0060482 11.5469946,58.0066243 11.5497097,58.0042328 11.5559781,58.0069196 11.557815,58.0020517 11.5594244,58.0060197 11.5626138,58.0062212 11.5654881,58.0054059 11.5605348,58.0021026 11.5649601,58.0011568 11.5663821,58.0055259 11.5694745,58.0060012 11.5702035,58.005881 11.5775487,58.0017669 11.5776157,57.998991 11.5786355,57.9989461 11.587029,57.9999819 11.5878633,58.0022345 11.5849106,58.0036753 11.5866066,58.0066493 11.585988,58.0073776 11.5850061,58.0076489 11.5836685,58.0078125 11.580465,58.0124996 11.5726202,58.0160114 11.5688363,58.0121437 11.5641441,58.0136631 11.5639975,58.0113071 11.5634378,58.0109493 11.5619822,58.0106778 11.5554074,58.0103577 11.5543373,58.0104939 11.5506618,58.0116045 11.550529,58.0121825 11.5510381,58.0129375 11.5555378,58.0143265 11.5623899,58.0140142 11.5643817,58.0163873 11.571523,58.0167552 11.5754766,58.0192226 11.5825109,58.0202825 11.5826643,58.0204635 11.5755016,58.0233825 11.5680327,58.018936 11.5639023,58.0193752 11.5592422,58.0166596 11.5548646,58.0168997 11.5471321,58.0142105 11.5423868,58.0118741 11.5420552,58.0099326 11.5375216,58.0088185 11.5337218,58.0091916 11.5338237,58.0113983 11.5313786,58.0129048 11.5274509,58.0132452 11.5274477,58.0119361 11.523995,58.0139687 11.5221763,58.0140932 11.5210965,58.0134842 11.5211338,58.0133249 11.5258787,58.0102828 11.5268291,58.0078125 11.5266393,58.0078125 11.527076,58.0064234 11.5264379,58.0056624 11.5210958,58.0047948 11.5191144,58.0047634 11.5179023,58.0048794 11.5156366,58.0078125 11.5152508,58.0078125 11.5131105,58.0150204 11.5110939,58.0143284 11.5120929,58.0078125 11.511969,58.0078125 11.512084,58.0051341 11.5086232,58.0042794 11.5049617,58.0048478 11.5046206,58.0056469 11.5062057,58.0078125 11.5072267,58.0087889 11.5072221,58.0090683 11.5053914,58.0111051 11.5076333,58.0135452 11.5026358,58.0158098 11.504505,58.0166304 11.4986386,58.0181055 11.4916203,58.0173177 11.4889584,58.0160695 11.4887605,58.0157999 11.488663,58.0122944 11.4881064,58.0116682 11.4843574,58.010728 11.4847258,58.0078125 11.4867882,58.0051467 11.4824184,58.0050029 11.4825676,58.0015141 11.4785604,57.9989011 11.4758173,58.0078125 11.4757789,58.0078125 11.4757941,58.0091876 11.4788376,58.0096631 11.4769468,58.0122966 11.48204,58.0164444 11.4806468,58.0181117 11.4825751,58.0210412 11.483006,58.0215046 11.4844666,58.0221823 11.4866563,58.0212957 11.4909964,58.0254817 11.4856122,58.0257611 11.4852874,58.0292023 11.4920063,58.0286883 11.4955472,58.030386 11.503462,58.0287097 11.5092911,58.025593 11.5098552,58.0221635 11.5134903,58.0193892 11.5201823,58.0194323 11.5224015,58.02288 11.5176414,58.025948 11.5204417,58.0295941 11.5085531,58.0305285 11.5092582,58.032801 11.504351,58.0360667 11.50418,58.0412182 11.5066466,58.0438246 11.5142005,58.0456109 11.5141978,58.0458514 11.5043889,58.0464686 11.5033853,58.0472921 11.5042167,58.0494766 11.5045605,58.0498466 11.5120531,58.054111 11.5105469,58.0561383 11.5188292,58.0539225 11.5230339,58.0543088 11.5229586,58.0502688 11.5278996,58.0531113 11.5319856,58.0528105 11.5320694,58.0545254 11.5444283,58.0594745 11.5481435,58.0635484 11.551843,58.0629061 11.556172,58.0649759 11.5582162,58.0638411 11.5676693,58.0628732 11.5648901,58.0541666 11.5662895,58.0493847 11.5774552,58.0562214 11.5792204,58.0568199 11.5812306,58.0559098 11.5850291,58.0569561 11.585847,58.0569587 11.5869888,58.0547816 11.5895348,58.0543329 11.5872029,58.0513979 11.5928926,58.0500816 11.6015625,58.0530134 11.6046948,58.0535272 11.6060092,58.0534056 11.6080812,58.0516737 11.6176362,58.052663 11.6189448,58.0525466 11.6266357,58.0506639 11.628601,58.0520746 11.6258382,58.0611038 11.6318116,58.0605723 11.6367292,58.0614197 11.6403568,58.0603549 11.6427546,58.0575932 11.6472481,58.0596473 11.6478854,58.0596653 11.6603307,58.0588288 11.6643887,58.0565214 11.6661646,58.0563992 11.6668242,58.0564578 11.6650029,58.0581734 11.6704735,58.0575083 11.6717776,58.0589966 11.6754226,58.0594397 11.676964,58.0602551 11.6767998,58.0622534 11.6805336,58.0630016 11.6782621,58.0634307 11.6811016,58.0649328 11.680696,58.0653619 11.6748546,58.0629158 11.6761527,58.0610704 11.6735564,58.0614136 11.6653622,58.0590534 11.65895,58.0609971 11.6576949,58.0634208 11.646587,58.062169 11.6453545,58.0634722 11.6470644,58.0668437 11.6428235,58.0673221 11.6411037,58.0694911 11.6443406,58.0730335 11.6478928,58.0741487 11.6446764,58.0751456 11.6438682,58.0775825 11.654617,58.0819364 11.6579978,58.0799239 11.6692398,58.0819623 11.6796522,58.0802141 11.6832113,58.080599 11.6823514,58.0839186 11.6737719,58.0838327 11.6750364,58.0868735 11.6603324,58.0854759 11.6596597,58.085718 11.6600507,58.0880601 11.6603032,58.0883181 11.668016,58.0934457 11.6744021,58.093697 11.6802585,58.092127 11.6875002,58.0933641 11.6910321,58.0953569 11.6951851,58.0956289 11.6965925,58.0953822 11.7015948,58.0928921 11.7101572,58.0864435 11.7070435,58.0779144 11.706494,58.0776613</coordinates></LinearRing></innerBoundaryIs><innerBoundaryIs><LinearRing><coordinates>11.7177258,58.076022 11.7209517,58.0787169 11.7216461,58.0786375 11.7230012,58.0754898 11.7228165,58.0751715 11.7212849,58.0744029 11.7186855,58.0743886 11.7174649,58.0752559 11.7177258,58.076022</coordinates></LinearRing></innerBoundaryIs><innerBoundaryIs><LinearRing><coordinates>11.7417556,58.0787224 11.7424035,58.0790263 11.7435585,58.0768812 11.7414277,58.074604 11.7405958,58.0744683 11.7398837,58.0745561 11.7395335,58.0759062 11.7417556,58.0787224</coordinates></LinearRing></innerBoundaryIs><innerBoundaryIs><LinearRing><coordinates>11.8007301,58.0769809 11.8033241,58.0764095 11.8068975,58.076236 11.8123133,58.0721427 11.8124892,58.0713586 11.8093405,58.069032 11.8093914,58.064033 11.8071223,58.0616612 11.8013235,58.0593584 11.8030176,58.0569623 11.8008736,58.0557395 11.7980827,58.0581146 11.7905557,58.0600713 11.7905426,58.0626611 11.7924983,58.063611 11.7913259,58.0663069 11.800311,58.0696713 11.7992525,58.071546 11.7949805,58.0723999 11.7961906,58.0748012 11.8007301,58.0769809</coordinates></LinearRing></innerBoundaryIs><innerBoundaryIs><LinearRing><coordinates>11.7895575,58.0587497 11.7897559,58.0568271 11.7879363,58.0554369 11.7857292,58.0554366 11.7837355,58.0567175 11.7832665,58.0592097 11.7864294,58.0602339 11.7870728,58.0598332 11.7895575,58.0587497</coordinates></LinearRing></innerBoundaryIs><innerBoundaryIs><LinearRing><coordinates>11.7139568,58.0725946 11.7103612,58.0703418 11.708975,58.0704509 11.7085632,58.0710171 11.711391,58.0741715 11.71438,58.0750405 11.7144898,58.0730553 11.7139568,58.0725946</coordinates></LinearRing></innerBoundaryIs><innerBoundaryIs><LinearRing><coordinates>11.7070643,58.0722485 11.7057778,58.0698015 11.7054282,58.069014 11.700722,58.0691154 11.7004896,58.0695312 11.7004865,58.0705332 11.7042578,58.0731463 11.7055273,58.0730849 11.7070643,58.0722485</coordinates></LinearRing></innerBoundaryIs><innerBoundaryIs><LinearRing><coordinates>11.7682892,58.0536135 11.7694083,58.0533884 11.7698919,58.052886 11.7686085,58.0520722 11.7679895,58.0511868 11.7709429,58.0500419 11.7701442,58.0485224 11.7723494,58.0472933 11.7673966,58.0430727 11.7646495,58.0444134 11.7655507,58.0470904 11.7600598,58.0497545 11.7595834,58.0507334 11.7596226,58.0523123 11.7644213,58.0520352 11.7659332,58.0525012 11.7682892,58.0536135</coordinates></LinearRing></innerBoundaryIs><innerBoundaryIs><LinearRing><coordinates>11.7737035,58.0465848 11.7755171,58.0486745 11.7765048,58.0516741 11.7831121,58.0494837 11.7833048,58.0492563 11.7828254,58.0467329 11.7788221,58.0448312 11.7760481,58.0448149 11.7752312,58.0450664 11.7737035,58.0465848</coordinates></LinearRing></innerBoundaryIs><innerBoundaryIs><LinearRing><coordinates>11.7926528,58.0204439 11.7928764,58.0211374 11.7971435,58.0223441 11.7971947,58.0224326 11.793256,58.0238198 11.7970093,58.0266227 11.7974873,58.0268142 11.8053222,58.0255111 11.7999402,58.0229291 11.7997993,58.0201725 11.7992895,58.0198185 11.7944576,58.0198251 11.7926528,58.0204439</coordinates></LinearRing></innerBoundaryIs><innerBoundaryIs><LinearRing><coordinates>11.7819442,58.0024056 11.7825572,58.0025899 11.7872837,58.0027635 11.7875057,58.0026025 11.7849103,58.0012234 11.7833489,58.0009757 11.7805079,58.0009862 11.7819442,58.0024056</coordinates></LinearRing></innerBoundaryIs><innerBoundaryIs><LinearRing><coordinates>11.7802253,57.9993025 11.7899261,57.9994462 11.7910428,57.9982588 11.7905349,57.9978926 11.7884197,57.996828 11.785665,57.9966733 11.7846287,57.9968128 11.7802253,57.9993025</coordinates></LinearRing></innerBoundaryIs><innerBoundaryIs><LinearRing><coordinates>11.7776994,57.9857522 11.7779384,57.9856175 11.7825514,57.9856653 11.7843523,57.9825177 11.7725738,57.9844846 11.771203,57.9869292 11.7717458,57.9874806 11.7776994,57.9857522</coordinates></LinearRing></innerBoundaryIs><innerBoundaryIs><LinearRing><coordinates>11.7726278,57.9820976 11.7811992,57.981286 11.7818981,57.9809288 11.781638,57.9804451 11.7763849,57.9795595 11.7770309,57.9781374 11.7731522,57.9762834 11.7614731,57.9756683 11.7620178,57.9779803 11.7675573,57.9789373 11.7614645,57.9787288 11.7606797,57.9809107 11.7633358,57.9820362 11.7701451,57.9823405 11.7726278,57.9820976</coordinates></LinearRing></innerBoundaryIs><innerBoundaryIs><LinearRing><coordinates>11.7014478,57.9762251 11.698427,57.9745002 11.6974005,57.974444 11.6969076,57.9761465 11.6993906,57.9775093 11.7004846,57.9771888 11.7014478,57.9762251</coordinates></LinearRing></innerBoundaryIs><innerBoundaryIs><LinearRing><coordinates>11.7050399,57.9784904 11.7001017,57.9784944 11.6997532,57.9796571 11.7033952,57.980233 11.705839,57.9794255 11.705258,57.978698 11.7050399,57.9784904</coordinates></LinearRing></innerBoundaryIs><innerBoundaryIs><LinearRing><coordinates>11.6870857,57.9646823 11.6905556,57.9637612 11.6900033,57.9624232 11.6893454,57.9622219 11.6855159,57.9627358 11.6850845,57.9630922 11.6865329,57.9643973 11.6870857,57.9646823</coordinates></LinearRing></innerBoundaryIs><innerBoundaryIs><LinearRing><coordinates>11.6649549,57.9582366 11.6668555,57.9576644 11.666858,57.9572316 11.6648099,57.9563441 11.6639785,57.9562482 11.6595653,57.9570379 11.6598531,57.9574041 11.6649549,57.9582366</coordinates></LinearRing></innerBoundaryIs><innerBoundaryIs><LinearRing><coordinates>11.7485671,57.9530684 11.7536792,57.9533015 11.7541925,57.9505711 11.7511805,57.9506512 11.7498615,57.9512519 11.7485671,57.9530684</coordinates></LinearRing></innerBoundaryIs><innerBoundaryIs><LinearRing><coordinates>11.6916168,57.9494478 11.6903979,57.9467375 11.6899416,57.9463881 11.6818329,57.9465945 11.6812772,57.9489636 11.6875869,57.9509665 11.6886548,57.9506944 11.6916168,57.9494478</coordinates></LinearRing></innerBoundaryIs><innerBoundaryIs><LinearRing><coordinates>11.7152328,57.9498887 11.7211626,57.9504278 11.72806,57.9460841 11.731463,57.9466505 11.7362802,57.9459662 11.7384893,57.9450142 11.7404205,57.942643 11.740459,57.9371049 11.7390397,57.9349999 11.7364199,57.9340622 11.732959,57.9340646 11.7228622,57.937345 11.7208362,57.9357469 11.717342,57.9387543 11.7172548,57.9412723 11.7203296,57.9421571 11.7202992,57.9425911 11.7178752,57.9434726 11.717858,57.9471405 11.7152328,57.9498887</coordinates></LinearRing></innerBoundaryIs><innerBoundaryIs><LinearRing><coordinates>11.6692647,57.935186 11.6647353,57.9345741 11.667918,57.9331338 11.667793,57.9328119 11.6639899,57.9309984 11.6626403,57.9308542 11.6600363,57.9317069 11.659976,57.9318923 11.6640087,57.9325232 11.6620823,57.935288 11.6546342,57.9353622 11.6553593,57.9326819 11.6489825,57.9326446 11.6467649,57.9355038 11.6410112,57.9359568 11.6375324,57.9336187 11.6286197,57.9353942 11.6263967,57.9367394 11.6262537,57.9373357 11.6269054,57.9378893 11.6403713,57.9407684 11.6530954,57.9401037 11.6546987,57.9418598 11.6625597,57.9435691 11.666724,57.943508 11.6684055,57.9423167 11.6681929,57.943437 11.6713396,57.9448657 11.6736519,57.9441874 11.6727433,57.942489 11.673476,57.9417264 11.6731573,57.9415619 11.6645424,57.9407746 11.6662478,57.9380946 11.6658233,57.9379466 11.6617351,57.9382001 11.6508373,57.9356223 11.6507134,57.9354233 11.6578809,57.9365885 11.6632792,57.9353311 11.6636111,57.9353055 11.6683884,57.9362472 11.6694489,57.9362659 11.6699367,57.9356042 11.6692647,57.935186</coordinates></LinearRing></innerBoundaryIs><innerBoundaryIs><LinearRing><coordinates>11.7225209,57.9321415 11.7223904,57.9326766 11.7237341,57.9339153 11.7249751,57.9338393 11.7270994,57.9325602 11.724492,57.9308832 11.7236199,57.9310421 11.7225209,57.9321415</coordinates></LinearRing></innerBoundaryIs><innerBoundaryIs><LinearRing><coordinates>11.6610537,57.9303803 11.6560668,57.9275388 11.6532242,57.927301 11.6511031,57.9284271 11.6497982,57.9263194 11.6404265,57.9280427 11.6390302,57.9293245 11.6367512,57.9288003 11.6314425,57.9317278 11.6314822,57.9321464 11.6345024,57.9333522 11.6372585,57.9330972 11.6400476,57.9324485 11.6500229,57.9289963 11.6511594,57.9312353 11.65158,57.9313644 11.6531587,57.9305866 11.6553494,57.9318991 11.6572028,57.9319186 11.6606594,57.9307328 11.6610537,57.9303803</coordinates></LinearRing></innerBoundaryIs><innerBoundaryIs><LinearRing><coordinates>11.7067232,57.928322 11.7149121,57.9267741 11.7224286,57.9246348 11.7238072,57.9221425 11.7230392,57.9215457 11.7180665,57.9206296 11.6933743,57.9196149 11.6942824,57.918171 11.691504,57.9169059 11.6884758,57.9173436 11.6877131,57.9155755 11.6867014,57.9152141 11.6855915,57.9152364 11.679424,57.9162908 11.6769499,57.917944 11.6862782,57.9177312 11.6802839,57.9187145 11.6823779,57.9215662 11.6614255,57.9234515 11.6632102,57.9248343 11.6719872,57.9267964 11.6912851,57.9258573 11.6971861,57.926088 11.703383,57.9273157 11.7067232,57.928322</coordinates></LinearRing></innerBoundaryIs><innerBoundaryIs><LinearRing><coordinates>11.7365727,57.9258425 11.7417011,57.9245574 11.7423053,57.9244657 11.7456201,57.9254447 11.7465318,57.9253267 11.7506884,57.9225571 11.75082,57.9218379 11.7492346,57.920185 11.7471393,57.9189909 11.7451527,57.918178 11.7411814,57.9170686 11.7390547,57.916603 11.7280533,57.9166073 11.7250727,57.9179738 11.7242259,57.918726 11.7237709,57.9203736 11.7242194,57.9212168 11.7257965,57.9224964 11.7298892,57.9216772 11.7309361,57.921873 11.732666,57.9228016 11.7365727,57.9258425</coordinates></LinearRing></innerBoundaryIs><innerBoundaryIs><LinearRing><coordinates>11.7083176,57.9126873 11.7074893,57.9124268 11.7003909,57.9143757 11.7003328,57.9145612 11.7087991,57.9155639 11.7083176,57.9126873</coordinates></LinearRing></innerBoundaryIs><innerBoundaryIs><LinearRing><coordinates>11.6015625,57.9135044 11.5951045,57.9098783 11.5897899,57.9098024 11.5884041,57.9102597 11.5882344,57.9108344 11.5910774,57.9150425 11.5942963,57.9144022 11.595709,57.9141726 11.6015625,57.9146205 11.6024138,57.913923 11.6015625,57.9135044</coordinates></LinearRing></innerBoundaryIs><innerBoundaryIs><LinearRing><coordinates>11.629557,57.9110698 11.6350604,57.9117759 11.6355556,57.9114704 11.6344255,57.9103436 11.6327776,57.9100424 11.6296752,57.9099965 11.6283553,57.9105821 11.629557,57.9110698</coordinates></LinearRing></innerBoundaryIs><innerBoundaryIs><LinearRing><coordinates>11.5021141,57.9166152 11.4991419,57.918874 11.4998091,57.9192492 11.5051436,57.9201412 11.5059727,57.9200025 11.5075525,57.9183865 11.5031929,57.9166967 11.5021141,57.9166152</coordinates></LinearRing></innerBoundaryIs><innerBoundaryIs><LinearRing><coordinates>11.4930264,57.9171917 11.4929318,57.9167728 11.4865617,57.9167941 11.4859926,57.918347 11.4908781,57.9190232 11.4918081,57.9189084 11.4930264,57.9171917</coordinates></LinearRing></innerBoundaryIs><innerBoundaryIs><LinearRing><coordinates>11.5795335,57.921194 11.5791997,57.9217011 11.5808982,57.9236948 11.5812438,57.9239243 11.5888903,57.9252564 11.5895458,57.9251761 11.5908039,57.9246203 11.5909535,57.9242212 11.5895344,57.9221463 11.5891182,57.9218709 11.5843698,57.920081 11.581198,57.9200891 11.5795335,57.921194</coordinates></LinearRing></innerBoundaryIs><innerBoundaryIs><LinearRing><coordinates>11.5059952,57.9236867 11.5010831,57.9247928 11.5061382,57.9263675 11.507232,57.9262692 11.5102497,57.9253927 11.510316,57.9251421 11.5059952,57.9236867</coordinates></LinearRing></innerBoundaryIs><innerBoundaryIs><LinearRing><coordinates>11.5030806,57.9259543 11.5010834,57.9259278 11.4993629,57.9270408 11.4996145,57.9273463 11.5044538,57.9280986 11.5048651,57.9279664 11.5042185,57.9263223 11.5030806,57.9259543</coordinates></LinearRing></innerBoundaryIs><innerBoundaryIs><LinearRing><coordinates>11.5439094,57.9269179 11.5410484,57.9283828 11.5401042,57.9294559 11.5441566,57.9294838 11.5481863,57.9282461 11.5498954,57.9273558 11.5497651,57.9268163 11.5488708,57.9263377 11.5466456,57.9264152 11.5439094,57.9269179</coordinates></LinearRing></innerBoundaryIs><innerBoundaryIs><LinearRing><coordinates>11.6012921,57.9313843 11.6015625,57.9313616 11.6070638,57.9330357 11.6163367,57.9341086 11.6174867,57.9339728 11.6224431,57.9314923 11.623839,57.930487 11.6240917,57.9273158 11.6216053,57.9256178 11.6111867,57.9230419 11.6102676,57.9229016 11.6015625,57.9235491 11.6005927,57.9234924 11.5990474,57.9261416 11.5990952,57.9287183 11.6012921,57.9313843</coordinates></LinearRing></innerBoundaryIs><innerBoundaryIs><LinearRing><coordinates>11.6275467,57.9322476 11.6270211,57.9315114 11.6263897,57.9314116 11.6261259,57.9352556 11.6275467,57.9322476</coordinates></LinearRing></innerBoundaryIs><innerBoundaryIs><LinearRing><coordinates>11.5559939,57.9324681 11.5579001,57.9307818 11.5530204,57.93112 11.5521095,57.9313895 11.5506523,57.9326344 11.5521038,57.9333653 11.5531054,57.9331572 11.5559939,57.9324681</coordinates></LinearRing></innerBoundaryIs><innerBoundaryIs><LinearRing><coordinates>11.5296466,57.9324396 11.52753,57.9316571 11.5190538,57.9325745 11.5141232,57.931663 11.5083991,57.9333059 11.5083408,57.933659 11.5117912,57.9356186 11.5178822,57.9342978 11.5179845,57.9342436 11.5209807,57.9351968 11.528946,57.9332782 11.5296466,57.9324396</coordinates></LinearRing></innerBoundaryIs><innerBoundaryIs><LinearRing><coordinates>11.542132,57.9352407 11.5417747,57.9343519 11.5384361,57.9333339 11.53571,57.933467 11.5352724,57.9346746 11.5392483,57.9355721 11.542132,57.9352407</coordinates></LinearRing></innerBoundaryIs><innerBoundaryIs><LinearRing><coordinates>11.5236216,57.9371855 11.5241086,57.9381601 11.5303181,57.9386246 11.5258877,57.9370996 11.5236216,57.9371855</coordinates></LinearRing></innerBoundaryIs><innerBoundaryIs><LinearRing><coordinates>11.5090162,57.9436662 11.5080512,57.9436471 11.5070463,57.9440371 11.5066746,57.9450672 11.5077296,57.9456182 11.5119998,57.945037 11.5090162,57.9436662</coordinates></LinearRing></innerBoundaryIs><innerBoundaryIs><LinearRing><coordinates>11.5120978,57.9463047 11.5155987,57.9464937 11.5169225,57.9461021 11.5160568,57.9452704 11.5140876,57.9451541 11.5118129,57.9460142 11.5120978,57.9463047</coordinates></LinearRing></innerBoundaryIs><innerBoundaryIs><LinearRing><coordinates>11.5261194,57.9530791 11.5203673,57.9540486 11.5258718,57.954549 11.5263228,57.9534386 11.5261194,57.9530791</coordinates></LinearRing></innerBoundaryIs><innerBoundaryIs><LinearRing><coordinates>11.5178344,57.9567815 11.5144361,57.9571803 11.515186,57.9591476 11.5227998,57.9595683 11.5190862,57.9569032 11.5178344,57.9567815</coordinates></LinearRing></innerBoundaryIs><innerBoundaryIs><LinearRing><coordinates>7.5638207,57.9590207 7.5585654,57.9632312 7.5557534,57.9623646 7.5473951,57.9644006 7.5469826,57.9648023 7.5464503,57.9679915 7.5476813,57.9692841 7.5502198,57.9698724 7.5521787,57.9671745 7.5571641,57.9667361 7.5557321,57.9689244 7.5611869,57.9710369 7.5614693,57.9713522 7.5593981,57.9725844 7.5619103,57.9736217 7.5614415,57.9753177 7.5618324,57.9754757 7.5643831,57.9749737 7.5658321,57.9737111 7.5660543,57.973152 7.5655245,57.9666163 7.5652475,57.9657493 7.571021,57.9593039 7.5638207,57.9590207</coordinates></LinearRing></innerBoundaryIs><innerBoundaryIs><LinearRing><coordinates>7.4994956,57.9609489 7.4983375,57.9606868 7.4931839,57.9615231 7.4890608,57.9640791 7.4999372,57.9637166 7.5006757,57.9635088 7.5006473,57.9616503 7.4994956,57.9609489</coordinates></LinearRing></innerBoundaryIs><innerBoundaryIs><LinearRing><coordinates>7.5243678,57.9651868 7.5246291,57.9657776 7.5290995,57.9691536 7.5307279,57.9696178 7.5332595,57.9692262 7.5341401,57.9681708 7.5333554,57.9655756 7.5304095,57.9634511 7.5250577,57.9633892 7.5248384,57.9635865 7.5243678,57.9651868</coordinates></LinearRing></innerBoundaryIs><innerBoundaryIs><LinearRing><coordinates>7.5011082,57.9663063 7.4997432,57.9658521 7.4988201,57.9656965 7.4926344,57.96571 7.4876332,57.9666868 7.4871957,57.9672652 7.4900763,57.9718071 7.4913085,57.9721878 7.4968681,57.9726834 7.4988785,57.9723341 7.5027593,57.9708096 7.5030357,57.9705973 7.5022177,57.9692596 7.5011082,57.9663063</coordinates></LinearRing></innerBoundaryIs><innerBoundaryIs><LinearRing><coordinates>7.5398386,57.9710073 7.5420448,57.9705204 7.5425481,57.9700238 7.542719,57.9666171 7.5399899,57.9668169 7.5395017,57.9672806 7.5377676,57.970031 7.5398386,57.9710073</coordinates></LinearRing></innerBoundaryIs><innerBoundaryIs><LinearRing><coordinates>7.5534464,57.9733706 7.5500937,57.9734238 7.549673,57.9738423 7.5507739,57.978155 7.5559719,57.9804975 7.5603939,57.9801269 7.5612772,57.9797759 7.5643626,57.9769788 7.5614666,57.9760636 7.5576063,57.9768323 7.556293,57.9752826 7.5534464,57.9733706</coordinates></LinearRing></innerBoundaryIs><innerBoundaryIs><LinearRing><coordinates>7.5816534,57.9807181 7.5757155,57.9816144 7.5687366,57.9844322 7.5674613,57.9872946 7.5678707,57.9875371 7.5756506,57.9882106 7.5765798,57.9880844 7.5867311,57.9848306 7.5872508,57.9846829 7.5943218,57.9869345 7.5984312,57.9859805 7.5988483,57.9856318 7.6006596,57.9818474 7.5931497,57.9807068 7.5949718,57.9775898 7.5908471,57.9769723 7.5898876,57.9791423 7.5916944,57.9813325 7.5848423,57.9815593 7.5881958,57.9780107 7.5862615,57.9777849 7.585343,57.9780356 7.5816534,57.9807181</coordinates></LinearRing></innerBoundaryIs><innerBoundaryIs><LinearRing><coordinates>7.5627171,57.9852797 7.5617399,57.9851965 7.5607079,57.9855667 7.5603302,57.9883631 7.555124,57.9888288 7.5559175,57.9906533 7.5591888,57.9915344 7.5569891,57.9960275 7.5580792,57.9989644 7.5624245,58.0015712 7.5662475,57.9961503 7.566654,57.9956086 7.568101,57.9962929 7.568879,57.9990338 7.5699546,57.9995491 7.5753613,58.0002861 7.5810992,58.000282 7.5828564,57.9996662 7.5833526,57.9993778 7.5818399,57.9973876 7.5847368,57.995916 7.5888011,57.9937741 7.5967624,57.9946624 7.5978707,57.9943985 7.597687,57.9930497 7.6021999,57.9925646 7.6065516,57.9898478 7.5973763,57.9883577 7.5874617,57.9888823 7.5767812,57.9913028 7.5733536,57.990182 7.5685374,57.99353 7.5667095,57.992075 7.5633163,57.9921385 7.5656998,57.9915617 7.5667622,57.9894516 7.5661505,57.9874961 7.5627171,57.9852797</coordinates></LinearRing></innerBoundaryIs><innerBoundaryIs><LinearRing><coordinates>7.5560898,57.9981937 7.5524119,57.998233 7.5505164,57.9988754 7.5505282,57.9991595 7.5528899,58.0013614 7.5409015,58.0037677 7.5489438,58.0045933 7.5516164,58.0029457 7.5520391,58.0028303 7.555954,58.0041234 7.5573213,58.0039948 7.5590715,58.0032482 7.5593246,58.0029253 7.5581958,58.0015347 7.5560898,57.9981937</coordinates></LinearRing></innerBoundaryIs><innerBoundaryIs><LinearRing><coordinates>7.6097474,57.999315 7.609771,58.0006922 7.6151927,58.0022441 7.6161251,58.00214 7.6194018,58.0021634 7.6199111,58.0020607 7.6237897,58.0000381 7.6235265,57.9997233 7.6213164,57.9989377 7.6145427,57.9989607 7.6097474,57.999315</coordinates></LinearRing></innerBoundaryIs><innerBoundaryIs><LinearRing><coordinates>7.6440579,57.9997127 7.649756,58.000843 7.6540172,57.9971368 7.6492465,57.9967169 7.6486861,57.9968488 7.6439015,57.998656 7.64362,57.9990485 7.6440579,57.9997127</coordinates></LinearRing></innerBoundaryIs><innerBoundaryIs><LinearRing><coordinates>7.6577399,58.0005836 7.6614861,58.0000789 7.6650825,57.9973464 7.6610771,57.9953254 7.6574813,57.9957269 7.6562877,57.9964164 7.6562033,57.9969918 7.6577399,58.0005836</coordinates></LinearRing></innerBoundaryIs><innerBoundaryIs><LinearRing><coordinates>11.5001324,58.0000801 11.5016843,57.9999343 11.5025783,57.9992468 11.5006113,57.9975318 11.4988892,57.9961206 11.4978915,57.9962347 11.4976557,57.9976093 11.4994497,57.9998614 11.5001324,58.0000801</coordinates></LinearRing></innerBoundaryIs><innerBoundaryIs><LinearRing><coordinates>11.5219882,58.0009799 11.5254005,58.0007071 11.5239037,57.9996123 11.5218577,57.999552 11.5212402,57.9997988 11.5219882,58.0009799</coordinates></LinearRing></innerBoundaryIs><innerBoundaryIs><LinearRing><coordinates>11.5320549,58.000836 11.5346677,57.9977028 11.5349633,57.9973514 11.5336773,57.9928308 11.5329947,57.9924606 11.5294791,57.9919846 11.5232491,57.9928778 11.5254745,57.9940222 11.5226824,57.9947973 11.523931,57.9956198 11.5219722,57.9964511 11.5259041,57.9974236 11.5224448,57.9980434 11.531682,58.0008819 11.5320549,58.000836</coordinates></LinearRing></innerBoundaryIs><innerBoundaryIs><LinearRing><coordinates>11.5300077,57.9906605 11.5301507,57.9902132 11.5253371,57.9892324 11.5231699,57.9884694 11.5200536,57.9886138 11.5194361,57.9889553 11.5195105,57.9896799 11.5239065,57.9903876 11.5212688,57.991011 11.5150201,57.9894474 11.5164891,57.9936085 11.5200309,57.9926118 11.5219752,57.9926652 11.5225447,57.9913851 11.5300077,57.9906605</coordinates></LinearRing></innerBoundaryIs><innerBoundaryIs><LinearRing><coordinates>11.5331373,57.9892768 11.5342075,57.9888582 11.5350698,57.9858292 11.535929,57.9837286 11.5352978,57.9832996 11.533586,57.9834462 11.5325841,57.9854251 11.5319833,57.9853847 11.5286669,57.984515 11.5290442,57.9825823 11.5278184,57.9824281 11.522096,57.9821728 11.5216556,57.9825892 11.5216655,57.9845353 11.5295805,57.9872112 11.5311322,57.9895101 11.5331373,57.9892768</coordinates></LinearRing></innerBoundaryIs><innerBoundaryIs><LinearRing><coordinates>11.5345017,57.9821217 11.535392,57.981184 11.5342093,57.9805419 11.533456,57.9803056 11.5310013,57.9808853 11.5307589,57.9811664 11.5333155,57.9825307 11.5345017,57.9821217</coordinates></LinearRing></innerBoundaryIs><innerBoundaryIs><LinearRing><coordinates>7.6366487,57.9794847 7.6320602,57.9764494 7.6309942,57.9764329 7.6303424,57.976853 7.6302807,57.9796139 7.6304756,57.9800246 7.6347692,57.9828075 7.6370922,57.9820327 7.6366487,57.9794847</coordinates></LinearRing></innerBoundaryIs><innerBoundaryIs><LinearRing><coordinates>7.6160707,57.9806957 7.6185522,57.9794447 7.6189718,57.9786792 7.6185699,57.9772455 7.6178714,57.9769216 7.6124144,57.9768565 7.6142141,57.9725778 7.6107565,57.969394 7.6115906,57.9679877 7.6111261,57.967508 7.6054022,57.9671535 7.6043113,57.9755431 7.6004511,57.9756089 7.60189,57.9805701 7.6078295,57.9785815 7.6094038,57.9791154 7.6075125,57.9810661 7.6090362,57.9816228 7.6130406,57.9813677 7.6160707,57.9806957</coordinates></LinearRing></innerBoundaryIs><innerBoundaryIs><LinearRing><coordinates>11.5176322,57.9673184 11.5181468,57.9671721 11.5209448,57.9649853 11.5211406,57.9648629 11.5232753,57.9675374 11.5270237,57.9638036 11.5256186,57.9609665 11.5223616,57.9628696 11.5178494,57.9612836 11.5147494,57.9616277 11.5148891,57.9605643 11.5138285,57.9599922 11.5111839,57.9599823 11.5105565,57.9602396 11.5088406,57.962308 11.5089507,57.9629185 11.5133833,57.9652919 11.5135344,57.9669631 11.5148733,57.9676604 11.5176322,57.9673184</coordinates></LinearRing></innerBoundaryIs><innerBoundaryIs><LinearRing><coordinates>7.6024975,57.9828544 7.6013944,57.9841269 7.6014043,57.9845867 7.6060345,57.9889699 7.6070058,57.9887681 7.6075093,57.9883288 7.6065294,57.9862226 7.6125414,57.9854035 7.6132644,57.9842891 7.6127951,57.9834896 7.6123641,57.9832981 7.6068099,57.9840031 7.6045194,57.9827324 7.6024975,57.9828544</coordinates></LinearRing></innerBoundaryIs><innerBoundaryIs><LinearRing><coordinates>7.6183201,57.9881526 7.6145144,57.990368 7.6146092,57.9906929 7.6173666,57.9919842 7.6182174,57.9917976 7.6211888,57.990343 7.6213983,57.9900398 7.6226454,57.9873151 7.6226774,57.9863935 7.6222959,57.9853427 7.6213884,57.9850891 7.6202054,57.9849865 7.6160804,57.9859204 7.6183201,57.9881526</coordinates></LinearRing></innerBoundaryIs><innerBoundaryIs><LinearRing><coordinates>7.6417737,57.9869694 7.6381129,57.991201 7.6385216,57.9920489 7.6393486,57.9925438 7.6409026,57.9922442 7.6468441,57.9900293 7.6471102,57.9898095 7.6467907,57.9862092 7.6459531,57.9860711 7.6424793,57.9864366 7.6417737,57.9869694</coordinates></LinearRing></innerBoundaryIs><innerBoundaryIs><LinearRing><coordinates>11.4406409,57.9964879 11.4398738,57.9967079 11.4390776,57.9980888 11.4410586,57.9982758 11.4459375,57.9965397 11.4406409,57.9964879</coordinates></LinearRing></innerBoundaryIs><innerBoundaryIs><LinearRing><coordinates>11.4989511,58.0014584 11.4975948,58.001837 11.4968044,58.0032269 11.4987189,58.0062863 11.4972988,58.0078125 11.4968305,58.0078125 11.4955437,58.0096883 11.4985116,58.0109586 11.4998066,58.0111234 11.5024923,58.0109837 11.5040233,58.0105037 11.5052511,58.0078125 11.5051578,58.0078125 11.5022171,58.0020484 11.4989511,58.0014584</coordinates></LinearRing></innerBoundaryIs><innerBoundaryIs><LinearRing><coordinates>7.7375186,58.0078125 7.7390397,58.0054059 7.7390372,58.0051785 7.734375,58.0050222 7.734375,58.0044641 7.7304688,58.0047708 7.7287847,58.0061458 7.7286117,58.0078125 7.7285858,58.0078125 7.7300845,58.0106384 7.7298828,58.0108669 7.7217931,58.0137559 7.7216533,58.0172085 7.7222343,58.0172595 7.731752,58.014446 7.7273175,58.0174946 7.7282633,58.020624 7.7232449,58.0231736 7.7247316,58.0248215 7.7252326,58.0249763 7.7277687,58.0241104 7.7303112,58.0256425 7.7312796,58.0247343 7.7314686,58.0245233 7.734375,58.0245535 7.7360975,58.0241349 7.7354583,58.0232403 7.734375,58.0231584 7.7297937,58.0226291 7.7301013,58.020539 7.734375,58.0203683 7.734375,58.0206472 7.7383013,58.0210969 7.7399907,58.0203813 7.7367837,58.01796 7.7362885,58.0177674 7.734375,58.0178571 7.7301142,58.0182191 7.7318317,58.0166565 7.7335896,58.016215 7.734375,58.016183 7.734375,58.0159039 7.736227,58.0159485 7.7400548,58.0128102 7.740073,58.0122801 7.7396101,58.0115647 7.7390184,58.0114578 7.734375,58.0119978 7.734375,58.0111607 7.7341119,58.0111607 7.7332988,58.01064 7.734375,58.0097656 7.734375,58.0094866 7.7376502,58.0084279 7.738059,58.0078125 7.7375186,58.0078125</coordinates></LinearRing></innerBoundaryIs><innerBoundaryIs><LinearRing><coordinates>7.7008055,58.0148299 7.7009829,58.0153779 7.703166,58.0167224 7.703256,58.0137914 7.7008055,58.0148299</coordinates></LinearRing></innerBoundaryIs><innerBoundaryIs><LinearRing><coordinates>7.6890746,58.0201243 7.6921219,58.0216413 7.6888405,58.0213887 7.6816759,58.023984 7.6877756,58.0265833 7.6904051,58.0262634 7.6932116,58.0255924 7.6976076,58.0256562 7.6982574,58.0250965 7.6981618,58.0242795 7.6972705,58.0236539 7.6939653,58.023958 7.6933872,58.0236864 7.6931655,58.0223267 7.6988503,58.0217634 7.7014284,58.020419 7.6937892,58.019484 7.6909161,58.0167309 7.6890746,58.0201243</coordinates></LinearRing></innerBoundaryIs><innerBoundaryIs><LinearRing><coordinates>7.6890165,58.0304838 7.6930398,58.0335098 7.7017692,58.0302835 7.7019652,58.0299674 7.7016916,58.0282979 7.7009505,58.0277225 7.6979938,58.0263818 7.6976866,58.0262569 7.6963766,58.0268985 7.6890165,58.0304838</coordinates></LinearRing></innerBoundaryIs><innerBoundaryIs><LinearRing><coordinates>11.488618,58.0346951 11.4876505,58.035549 11.4875478,58.0358834 11.4895067,58.0374929 11.4934082,58.0419279 11.4980602,58.0398837 11.4983779,58.0396008 11.4993262,58.0353726 11.498857,58.0344119 11.4970961,58.0330089 11.495077,58.032639 11.4927104,58.0342284 11.488618,58.0346951</coordinates></LinearRing></innerBoundaryIs><innerBoundaryIs><LinearRing><coordinates>7.7582484,58.0352305 7.7567093,58.0353267 7.755662,58.0357985 7.7545187,58.0378246 7.7578114,58.039152 7.7595376,58.0374159 7.7595468,58.0365216 7.7582484,58.0352305</coordinates></LinearRing></innerBoundaryIs><innerBoundaryIs><LinearRing><coordinates>7.7273366,58.0380626 7.7257767,58.037497 7.7221189,58.0375677 7.7211643,58.0378357 7.7185142,58.0393358 7.716802,58.0403541 7.7177808,58.040832 7.7270839,58.038317 7.7273366,58.0380626</coordinates></LinearRing></innerBoundaryIs><innerBoundaryIs><LinearRing><coordinates>7.6943932,58.0393606 7.6916898,58.0408593 7.6945686,58.0450412 7.695139,58.0453264 7.6958056,58.0454661 7.6970444,58.0440356 7.6974996,58.0438745 7.7011561,58.0441087 7.7001791,58.0431799 7.6976281,58.0421135 7.6995277,58.0392087 7.6943932,58.0393606</coordinates></LinearRing></innerBoundaryIs><innerBoundaryIs><LinearRing><coordinates>7.7033187,58.0470335 7.7040011,58.0472196 7.7067991,58.0468014 7.7084461,58.0437616 7.7076637,58.0435699 7.7046124,58.0438427 7.704427,58.0443779 7.7033187,58.0470335</coordinates></LinearRing></innerBoundaryIs><innerBoundaryIs><LinearRing><coordinates>7.7157316,58.0454884 7.7175539,58.0478528 7.7184484,58.0483255 7.7191277,58.0482634 7.7207237,58.04717 7.7237406,58.0424021 7.7236921,58.0418674 7.7226524,58.0416064 7.718821,58.0418593 7.7185299,58.0420237 7.7159171,58.0450224 7.7157316,58.0454884</coordinates></LinearRing></innerBoundaryIs><innerBoundaryIs><LinearRing><coordinates>7.7858334,58.0491049 7.786942,58.0490388 7.7906156,58.0489407 7.7909681,58.0486885 7.789166,58.0448865 7.7936496,58.0451595 7.7942845,58.0449684 7.7939186,58.0436625 7.7923161,58.0433226 7.7871258,58.0437837 7.7860224,58.0454987 7.7880232,58.0464057 7.781268,58.0479099 7.7858334,58.0491049</coordinates></LinearRing></innerBoundaryIs><innerBoundaryIs><LinearRing><coordinates>7.7427166,58.0491766 7.747382,58.0509157 7.7484787,58.050561 7.7492965,58.0500106 7.7484565,58.0487053 7.7427166,58.0491766</coordinates></LinearRing></innerBoundaryIs><innerBoundaryIs><LinearRing><coordinates>7.7689707,58.0526134 7.76884,58.0528982 7.7703447,58.0539582 7.7691228,58.0557978 7.7743592,58.0569489 7.7787915,58.0563329 7.7820936,58.0544749 7.7820318,58.054045 7.7781248,58.0531578 7.7781639,58.0520248 7.7848138,58.0526658 7.7880231,58.0515842 7.780645,58.0499365 7.7784491,58.0510191 7.7769148,58.048878 7.7725019,58.0487198 7.7718029,58.0489653 7.7689707,58.0526134</coordinates></LinearRing></innerBoundaryIs><innerBoundaryIs><LinearRing><coordinates>7.7822642,58.0563453 7.7823352,58.0566396 7.7873964,58.0573854 7.792539,58.0571675 7.7927448,58.0567762 7.7914346,58.0549752 7.7876211,58.0539113 7.7868026,58.053961 7.7822642,58.0563453</coordinates></LinearRing></innerBoundaryIs><innerBoundaryIs><LinearRing><coordinates>7.7999758,58.056724 7.7999905,58.0578206 7.8027157,58.0605814 7.8052979,58.0601552 7.8056449,58.0598783 7.8024296,58.0581969 7.8037583,58.0562438 7.8004466,58.0563633 7.7999758,58.056724</coordinates></LinearRing></innerBoundaryIs><innerBoundaryIs><LinearRing><coordinates>7.7698787,58.0581318 7.7654881,58.0575389 7.7643517,58.0575505 7.7592263,58.0579782 7.7584221,58.0583978 7.7581753,58.0588908 7.761445,58.0619717 7.7618834,58.0651518 7.7657809,58.0670469 7.7664914,58.0661016 7.7633988,58.0640519 7.7635973,58.0633568 7.7649755,58.0626382 7.7695688,58.0626146 7.7710781,58.0604 7.770413,58.0584378 7.7698787,58.0581318</coordinates></LinearRing></innerBoundaryIs><innerBoundaryIs><LinearRing><coordinates>7.8017648,58.0672994 7.8033201,58.06698 7.8008395,58.066008 7.8016598,58.0607017 7.7973433,58.0615084 7.7971433,58.0619347 7.7977105,58.0661038 7.8017648,58.0672994</coordinates></LinearRing></innerBoundaryIs><innerBoundaryIs><LinearRing><coordinates>7.9642812,58.0643994 7.9667397,58.064675 7.9620461,58.0672886 7.9617954,58.0679266 7.9626939,58.071645 7.963217,58.0722861 7.9691702,58.0765653 7.9685397,58.0780948 7.9819793,58.080567 7.9825594,58.0804642 7.9871658,58.077421 7.9873949,58.0769346 7.986819,58.0748162 7.9839693,58.0733649 7.9839087,58.0728613 7.9855309,58.0726594 7.9865841,58.0730448 7.9902844,58.0771471 7.9877673,58.0801454 7.9876289,58.0841196 7.9878402,58.0844817 7.9961839,58.0812172 7.9964196,58.0814216 7.9904135,58.0855392 7.993808,58.0923908 7.9978024,58.0928735 8.0008894,58.0923361 8.0066746,58.0906512 8.0116999,58.0877779 8.0185663,58.0890181 8.0215883,58.0876746 8.0201513,58.085313 8.0281935,58.0839916 8.0269989,58.0821108 8.032056,58.079145 8.0292882,58.0791317 8.0278317,58.077751 8.0271636,58.0708842 8.0239648,58.0749021 8.0264666,58.0768692 8.0263987,58.079548 8.020119,58.0774759 8.020309,58.0755596 8.0185282,58.0750375 8.0119745,58.0768518 8.0111337,58.0792458 8.0030077,58.0802 8.0025662,58.0792806 8.00752,58.0771484 8.0083637,58.0728229 8.0108737,58.0725224 8.0128171,58.0746747 8.0142363,58.0744596 8.0123909,58.0729285 8.0138878,58.0715866 8.010986,58.0696872 8.0163491,58.0685017 8.0166825,58.0672936 8.0137714,58.0659679 8.0090466,58.0675067 8.0046757,58.0658113 8.0033962,58.062923 8.0062439,58.0616201 8.0056469,58.0606833 8.0017465,58.0619236 7.99169,58.0602961 7.9867615,58.0633116 7.9837986,58.0605468 7.9840658,58.0586073 7.9797384,58.0575051 7.98118,58.0607562 7.9776648,58.0618151 7.9760529,58.0676132 7.9719219,58.0638871 7.9711432,58.0609858 7.9730583,58.0590125 7.9709599,58.0588396 7.9696856,58.0593172 7.9641391,58.0632249 7.9642812,58.0643994</coordinates></LinearRing></innerBoundaryIs><innerBoundaryIs><LinearRing><coordinates>7.8699356,58.0655769 7.869794,58.0641398 7.869297,58.063379 7.8650217,58.0627512 7.8581051,58.0678412 7.8658804,58.067656 7.8693194,58.0689181 7.8698204,58.0688591 7.8773113,58.0679755 7.8779742,58.065237 7.8699356,58.0655769</coordinates></LinearRing></innerBoundaryIs><innerBoundaryIs><LinearRing><coordinates>7.917623,58.0690902 7.9218991,58.068885 7.9241809,58.0700629 7.9258397,58.069962 7.9342778,58.0689904 7.937205,58.0678695 7.9370259,58.0675097 7.9316573,58.0665954 7.9300786,58.0664784 7.9203935,58.06739 7.9177101,58.0667115 7.9155734,58.0675131 7.917623,58.0690902</coordinates></LinearRing></innerBoundaryIs><innerBoundaryIs><LinearRing><coordinates>7.9423167,58.0708013 7.9438866,58.0715131 7.9467298,58.0705564 7.9469246,58.0701984 7.9458823,58.0682915 7.9445686,58.0682281 7.9431908,58.0690346 7.9423167,58.0708013</coordinates></LinearRing></innerBoundaryIs><innerBoundaryIs><LinearRing><coordinates>8.0201896,58.0940541 8.0215929,58.0939599 8.0230511,58.093725 8.0235384,58.0927616 8.0201908,58.0910209 8.0184062,58.0908746 8.0172468,58.092207 8.0201896,58.0940541</coordinates></LinearRing></innerBoundaryIs><innerBoundaryIs><LinearRing><coordinates>7.9997245,58.0936497 7.9980041,58.0944449 7.9993438,58.0951792 7.9999033,58.0950875 8.0015585,58.0944697 8.0007499,58.0938416 7.9997245,58.0936497</coordinates></LinearRing></innerBoundaryIs><innerBoundaryIs><LinearRing><coordinates>8.0341346,58.0974613 8.0354537,58.0967906 8.0355532,58.0964324 8.0341567,58.0943069 8.0333948,58.0938895 8.0322765,58.0940095 8.0307755,58.095331 8.0341346,58.0974613</coordinates></LinearRing></innerBoundaryIs><innerBoundaryIs><LinearRing><coordinates>8.1032948,58.1015506 8.1010103,58.1028521 8.1010174,58.1049817 8.10467,58.1076354 8.102069,58.1091763 8.1024008,58.1138906 8.1085966,58.1128457 8.1074212,58.1077325 8.1080945,58.1076303 8.1114591,58.1059945 8.1148406,58.1065123 8.1215478,58.1049412 8.1215541,58.0978113 8.1212853,58.0970404 8.1161127,58.089294 8.1155033,58.0879155 8.1123782,58.0882974 8.1114867,58.088695 8.1098464,58.0904864 8.110266,58.0921068 8.1137841,58.0924752 8.1136183,58.0973758 8.1084005,58.0970283 8.1066982,58.0996232 8.1022378,58.0964963 8.1000834,58.0984606 8.1032948,58.1015506</coordinates></LinearRing></innerBoundaryIs><innerBoundaryIs><LinearRing><coordinates>8.0610682,58.1042928 8.0592898,58.104493 8.0565208,58.1081271 8.0541369,58.1139479 8.0543644,58.114359 8.0590682,58.1136938 8.0589718,58.1105835 8.0633118,58.108686 8.0634604,58.1050932 8.0610682,58.1042928</coordinates></LinearRing></innerBoundaryIs><innerBoundaryIs><LinearRing><coordinates>8.0001243,58.108723 7.9998817,58.1080631 7.9957753,58.107936 7.9943861,58.1078577 7.9943767,58.1080331 7.9961616,58.1094058 7.9981683,58.1090224 8.0001243,58.108723</coordinates></LinearRing></innerBoundaryIs><innerBoundaryIs><LinearRing><coordinates>8.00537,58.1139625 8.004299,58.1134061 8.0028632,58.1134219 7.9847302,58.1160719 7.9818891,58.1192131 7.9876921,58.1250091 7.990568,58.1237758 7.9891983,58.1218956 7.989295,58.1217195 7.991061,58.1224097 8.0045927,58.1210489 8.0067151,58.1219389 8.0069563,58.1217616 8.0014317,58.1188166 8.0064293,58.1179897 8.0084871,58.1157571 8.0082761,58.115314 8.0022855,58.1150646 8.0051572,58.1142703 8.00537,58.1139625</coordinates></LinearRing></innerBoundaryIs><innerBoundaryIs><LinearRing><coordinates>8.0835869,58.1193498 8.0859375,58.1194196 8.0859375,58.1191406 8.0930432,58.1174392 8.0953828,58.1161011 8.0957978,58.1140856 8.0953825,58.1134394 8.092891,58.1127771 8.0876089,58.1124728 8.0861977,58.1142133 8.0859375,58.1141183 8.0816061,58.1137999 8.0805238,58.1144282 8.0802192,58.1152805 8.0822002,58.1182687 8.0782613,58.1178977 8.0761617,58.1210294 8.0835869,58.1193498</coordinates></LinearRing></innerBoundaryIs><innerBoundaryIs><LinearRing><coordinates>8.0859375,58.1063058 8.0859375,58.1065847 8.0869834,58.1085005 8.0876764,58.1084563 8.0890508,58.1067708 8.0895385,58.1060215 8.0893582,58.1056026 8.0875402,58.1053025 8.0867316,58.1056002 8.0859375,58.1063058</coordinates></LinearRing></innerBoundaryIs><innerBoundaryIs><LinearRing><coordinates>11.3399798,58.1098374 11.3468289,58.1086223 11.3472061,58.1081291 11.3482192,58.1059715 11.3463199,58.1038746 11.3456784,58.1038107 11.3433089,58.1045023 11.3399798,58.1098374</coordinates></LinearRing></innerBoundaryIs><innerBoundaryIs><LinearRing><coordinates>11.3466058,58.1120245 11.3458585,58.1140924 11.3488218,58.1135212 11.3484303,58.116711 11.3513783,58.1199152 11.3557407,58.1214116 11.3552334,58.1221902 11.346399,58.1226629 11.3496745,58.1246037 11.348527,58.1278439 11.3527226,58.1311662 11.3621486,58.1291595 11.3623917,58.1289527 11.3585656,58.1276249 11.3625876,58.1251745 11.3621469,58.1241878 11.3582373,58.1237893 11.3610607,58.1220694 11.3525624,58.1129051 11.3541402,58.1091293 11.3502132,58.1082962 11.3443596,58.1106462 11.3466058,58.1120245</coordinates></LinearRing></innerBoundaryIs><innerBoundaryIs><LinearRing><coordinates>8.2503331,58.1146564 8.2493325,58.1145889 8.2410309,58.1175013 8.246702,58.117105 8.2498353,58.1169635 8.2507812,58.1164708 8.2510905,58.1158359 8.2503331,58.1146564</coordinates></LinearRing></innerBoundaryIs><innerBoundaryIs><LinearRing><coordinates>8.252261,58.1176167 8.252959,58.1184762 8.2542791,58.1187165 8.2561501,58.1179649 8.2593542,58.1176593 8.2595176,58.1173563 8.2585487,58.1162492 8.2531784,58.1159025 8.25249,58.1161311 8.252261,58.1176167</coordinates></LinearRing></innerBoundaryIs><innerBoundaryIs><LinearRing><coordinates>8.258064,58.1211981 8.2533603,58.1198107 8.2452201,58.1189092 8.2439855,58.1192693 8.2422922,58.120824 8.2422647,58.1211098 8.243839,58.1215883 8.2478772,58.1210073 8.2462699,58.1226636 8.2486389,58.1245571 8.2540919,58.1253057 8.2569284,58.1245384 8.2578877,58.1241304 8.258064,58.1211981</coordinates></LinearRing></innerBoundaryIs><innerBoundaryIs><LinearRing><coordinates>8.2690037,58.1267489 8.2652899,58.1246773 8.2637978,58.1244766 8.2600982,58.1253577 8.2690037,58.1267489</coordinates></LinearRing></innerBoundaryIs><innerBoundaryIs><LinearRing><coordinates>8.2740455,58.1301585 8.2735004,58.130362 8.2737066,58.133054 8.2719119,58.1340891 8.2741576,58.1351703 8.2767066,58.1329824 8.2825279,58.1335357 8.2835748,58.1329724 8.2833453,58.1327162 8.2768481,58.1299942 8.2740455,58.1301585</coordinates></LinearRing></innerBoundaryIs><innerBoundaryIs><LinearRing><coordinates>11.3552048,58.1349549 11.3567749,58.1356272 11.3594036,58.1350808 11.3593466,58.1347013 11.358856,58.1327062 11.3577203,58.1322242 11.3558567,58.1320924 11.3548346,58.1336457 11.3552048,58.1349549</coordinates></LinearRing></innerBoundaryIs><innerBoundaryIs><LinearRing><coordinates>11.3651435,58.1350739 11.3699226,58.1343035 11.3677552,58.1301441 11.3663218,58.1301326 11.3655353,58.1305314 11.3638175,58.1330311 11.3651435,58.1350739</coordinates></LinearRing></innerBoundaryIs><innerBoundaryIs><LinearRing><coordinates>11.3784066,58.1323069 11.3802435,58.132851 11.385704,58.1315215 11.3832335,58.1297914 11.3816121,58.1295633 11.3779249,58.1305459 11.3784066,58.1323069</coordinates></LinearRing></innerBoundaryIs><innerBoundaryIs><LinearRing><coordinates>11.4136828,58.1317832 11.4173074,58.130272 11.4151129,58.1281657 11.4139833,58.1280921 11.4097139,58.1296498 11.4097549,58.1298997 11.4136828,58.1317832</coordinates></LinearRing></innerBoundaryIs><innerBoundaryIs><LinearRing><coordinates>11.4046068,58.1275519 11.3997595,58.1270736 11.3973475,58.1271812 11.3970228,58.1275635 11.3969191,58.1283674 11.3974344,58.1285957 11.4079376,58.1297104 11.4081984,58.1295657 11.4046068,58.1275519</coordinates></LinearRing></innerBoundaryIs><innerBoundaryIs><LinearRing><coordinates>11.4192246,58.1245064 11.4220288,58.1227767 11.4206392,58.1209124 11.4175767,58.1165994 11.4107974,58.1140547 11.4075912,58.1134231 11.406571,58.1136194 11.4032758,58.1148399 11.4049587,58.1213011 11.4054604,58.1216042 11.4115827,58.1208779 11.4121664,58.1209627 11.4132601,58.1218783 11.4192246,58.1245064</coordinates></LinearRing></innerBoundaryIs><innerBoundaryIs><LinearRing><coordinates>11.4490997,58.112442 11.4466209,58.1110199 11.4460531,58.1111215 11.4424155,58.1118255 11.4449849,58.1138669 11.4490997,58.112442</coordinates></LinearRing></innerBoundaryIs><innerBoundaryIs><LinearRing><coordinates>11.4280109,58.1092741 11.4327925,58.1088291 11.4337435,58.107954 11.4335529,58.1074907 11.4272974,58.1052299 11.4223667,58.104701 11.4228013,58.1092447 11.4191819,58.1097291 11.4189163,58.1108052 11.4192147,58.1112585 11.4258848,58.113726 11.4273722,58.1137459 11.4308296,58.1112676 11.4280109,58.1092741</coordinates></LinearRing></innerBoundaryIs><innerBoundaryIs><LinearRing><coordinates>11.4567297,58.1091361 11.4578182,58.1089211 11.4587939,58.1077703 11.4577692,58.1059008 11.4569792,58.1057729 11.454547,58.1058439 11.4548326,58.1084356 11.4567297,58.1091361</coordinates></LinearRing></innerBoundaryIs><innerBoundaryIs><LinearRing><coordinates>11.4423288,58.1058688 11.4424955,58.1055284 11.442026,58.1032305 11.4392734,58.1021864 11.4380496,58.1022497 11.4342769,58.1031337 11.4327486,58.1048694 11.4328423,58.1052864 11.4382697,58.1072114 11.4397845,58.106907 11.4423288,58.1058688</coordinates></LinearRing></innerBoundaryIs><innerBoundaryIs><LinearRing><coordinates>8.1433072,58.0947514 8.1372432,58.0921565 8.1356879,58.0949726 8.138967,58.0964541 8.1385833,58.0969253 8.1365921,58.097437 8.1341772,58.0950413 8.131705,58.0950638 8.1319934,58.0977638 8.1350083,58.1004363 8.1311681,58.1028262 8.13478,58.1033649 8.1377772,58.1040736 8.1463602,58.1000744 8.1433072,58.0947514</coordinates></LinearRing></innerBoundaryIs><innerBoundaryIs><LinearRing><coordinates>11.325399,58.0944501 11.3327121,58.0988349 11.3350461,58.09817 11.3334435,58.0965607 11.3361634,58.0945165 11.3330848,58.0906199 11.3319694,58.0904138 11.3280802,58.0907814 11.3275696,58.0910404 11.3253982,58.0941753 11.325399,58.0944501</coordinates></LinearRing></innerBoundaryIs><innerBoundaryIs><LinearRing><coordinates>11.4360315,58.095313 11.4427934,58.0954605 11.4425232,58.0959907 11.4442874,58.0980541 11.4442101,58.0983948 11.4389954,58.0995886 11.4394763,58.1007484 11.4401762,58.1009862 11.4502538,58.1015625 11.4575304,58.1015331 11.4615223,58.1008658 11.4665265,58.099242 11.4668349,58.0987234 11.4666228,58.0974727 11.4575464,58.0950301 11.4550956,58.0921018 11.4502879,58.0920895 11.4434592,58.0953068 11.4425488,58.0925339 11.438674,58.0919811 11.4374092,58.0924386 11.4360315,58.095313</coordinates></LinearRing></innerBoundaryIs><innerBoundaryIs><LinearRing><coordinates>11.4639111,58.095872 11.4692549,58.0971448 11.474314,58.0954828 11.4718303,58.0934787 11.4681104,58.0952723 11.4656703,58.094914 11.4638336,58.0955414 11.4639111,58.095872</coordinates></LinearRing></innerBoundaryIs><innerBoundaryIs><LinearRing><coordinates>11.4344797,58.0907398 11.4375445,58.0897821 11.4383487,58.0879614 11.4383968,58.0854872 11.4362541,58.0846654 11.4329386,58.084325 11.4319031,58.0844314 11.4292907,58.0855476 11.4275078,58.0834184 11.4266434,58.0830652 11.4250038,58.0830328 11.4227445,58.0837727 11.4225273,58.0841258 11.4274138,58.0899664 11.4277045,58.0901088 11.4312545,58.0909982 11.4344797,58.0907398</coordinates></LinearRing></innerBoundaryIs><innerBoundaryIs><LinearRing><coordinates>11.4423817,58.0859102 11.4439374,58.0826445 11.4388207,58.0809844 11.438127,58.0804908 11.4360209,58.0808448 11.4371675,58.0844061 11.4423817,58.0859102</coordinates></LinearRing></innerBoundaryIs><innerBoundaryIs><LinearRing><coordinates>8.0908589,58.0806572 8.0911012,58.0799298 8.0903609,58.0788815 8.0888035,58.0785412 8.0882102,58.0790522 8.0875797,58.0811716 8.0887804,58.0817887 8.0894351,58.0815728 8.0908589,58.0806572</coordinates></LinearRing></innerBoundaryIs><innerBoundaryIs><LinearRing><coordinates>11.3430728,58.0825238 11.338033,58.0835844 11.339215,58.0870804 11.3417377,58.0861082 11.3430949,58.0828493 11.3430728,58.0825238</coordinates></LinearRing></innerBoundaryIs><innerBoundaryIs><LinearRing><coordinates>8.1042227,58.0845972 8.1017479,58.0845925 8.100854,58.085164 8.1012251,58.0875527 8.1020365,58.0878108 8.1038826,58.087512 8.1048276,58.0868479 8.1049739,58.0857944 8.1042227,58.0845972</coordinates></LinearRing></innerBoundaryIs><innerBoundaryIs><LinearRing><coordinates>8.1165205,58.0876929 8.1192164,58.0897167 8.1211197,58.0889736 8.1211627,58.088168 8.1200302,58.0864341 8.1187255,58.0862405 8.1165137,58.0875385 8.1165205,58.0876929</coordinates></LinearRing></innerBoundaryIs><innerBoundaryIs><LinearRing><coordinates>11.3592097,58.1122876 11.364605,58.1138985 11.3718861,58.1120909 11.3745676,58.1099679 11.3689547,58.1086528 11.3635373,58.1042411 11.3598012,58.1039342 11.359095,58.1032934 11.3537349,58.1055686 11.3592097,58.1122876</coordinates></LinearRing></innerBoundaryIs><innerBoundaryIs><LinearRing><coordinates>11.3781033,58.1190085 11.3782936,58.1187356 11.3734943,58.1165173 11.3725849,58.1163861 11.3711262,58.1166536 11.3699421,58.1198831 11.3706445,58.1202863 11.372287,58.1201851 11.3781033,58.1190085</coordinates></LinearRing></innerBoundaryIs><innerBoundaryIs><LinearRing><coordinates>8.1071922,58.0935677 8.1062223,58.0920484 8.1045259,58.0904058 8.1032021,58.0899637 8.1018635,58.0901358 8.1008836,58.0927923 8.1013092,58.0935773 8.1053907,58.0952328 8.1074618,58.0942358 8.1071922,58.0935677</coordinates></LinearRing></innerBoundaryIs><innerBoundaryIs><LinearRing><coordinates>8.0932767,58.0945956 8.0925316,58.0922132 8.0920056,58.0920799 8.0910383,58.0951726 8.0918791,58.0950824 8.0932767,58.0945956</coordinates></LinearRing></innerBoundaryIs><innerBoundaryIs><LinearRing><coordinates>8.0502492,58.0724354 8.0526212,58.0778745 8.0579414,58.0740711 8.0552146,58.0706685 8.0541247,58.0703697 8.051385,58.0709677 8.0502492,58.0724354</coordinates></LinearRing></innerBoundaryIs><innerBoundaryIs><LinearRing><coordinates>11.4540899,58.0739139 11.454621,58.0737801 11.4581912,58.0717325 11.4601538,58.0732235 11.4643096,58.0732054 11.4651747,58.0730011 11.4722157,58.0701911 11.4735373,58.0690488 11.4731271,58.0682811 11.4688218,58.0661659 11.4786221,58.0643234 11.4860141,58.0616348 11.4862918,58.0614882 11.4878093,58.0593256 11.487712,58.0591269 11.4790087,58.0599056 11.4757992,58.0624506 11.4758486,58.0597456 11.4708687,58.0598868 11.4701099,58.058883 11.468845,58.057285 11.4679666,58.0570368 11.4643791,58.0565493 11.4606704,58.0563976 11.4560537,58.0569243 11.45395,58.0574394 11.4495254,58.0593883 11.4412159,58.059496 11.4406157,58.0598778 11.442353,58.0616666 11.451791,58.0611485 11.4520984,58.061437 11.4540702,58.0637584 11.4540278,58.0641986 11.4486991,58.0642493 11.4477357,58.0628939 11.4444875,58.0626668 11.4439985,58.0651228 11.4400376,58.0661799 11.4406009,58.0672427 11.4463443,58.067028 11.4501591,58.0704447 11.4499193,58.0711454 11.4443119,58.0696011 11.4476151,58.0736881 11.4540899,58.0739139</coordinates></LinearRing></innerBoundaryIs><innerBoundaryIs><LinearRing><coordinates>11.4963042,58.0710099 11.4959379,58.0863134 11.500459,58.092804 11.5005755,58.0958409 11.5011262,58.09656 11.504988,58.0993303 11.5076195,58.0993303 11.5163317,58.0947881 11.5236713,58.0926737 11.5263458,58.0912158 11.525784,58.0897264 11.5340019,58.0877825 11.5412294,58.0841511 11.543763,58.0834407 11.5475689,58.0814033 11.5476731,58.0799812 11.5471591,58.0792359 11.5400985,58.0731424 11.534919,58.0717661 11.5280507,58.0721707 11.5288597,58.0677396 11.5227071,58.0650985 11.5228415,58.0647928 11.5256315,58.0636483 11.532443,58.0644186 11.5303746,58.0680472 11.5329889,58.0695878 11.5365117,58.0700037 11.537701,58.0697981 11.5358829,58.0679697 11.5372738,58.0661085 11.5338897,58.06309 11.5269454,58.0626147 11.5256135,58.0609335 11.5250089,58.0607533 11.5150359,58.0583822 11.5119972,58.0586025 11.511169,58.0587606 11.5071765,58.0621275 11.5066164,58.06229 11.4969959,58.0630378 11.4997637,58.0687792 11.4963042,58.0710099</coordinates></LinearRing></innerBoundaryIs><innerBoundaryIs><LinearRing><coordinates>11.5640602,58.0846651 11.5613883,58.0856844 11.5606343,58.087768 11.5607554,58.0886102 11.5638375,58.0918877 11.5645323,58.0923235 11.5684614,58.0932866 11.5665566,58.0966609 11.5714194,58.1004561 11.5769889,58.0999295 11.5788215,58.1011465 11.579259,58.1032031 11.5809644,58.1037915 11.5826141,58.1036621 11.5859994,58.1036468 11.5866408,58.1033674 11.5877572,58.1014378 11.5858898,58.0989993 11.587139,58.0939879 11.5845675,58.0927298 11.5878164,58.0922133 11.5881172,58.0919392 11.5882744,58.0907713 11.5874854,58.0891435 11.5854467,58.0868835 11.5850155,58.0865755 11.5788403,58.0858434 11.5798362,58.0835423 11.5651416,58.0844036 11.5640602,58.0846651</coordinates></LinearRing></innerBoundaryIs><innerBoundaryIs><LinearRing><coordinates>11.6007072,58.0975764 11.6007072,58.0996891 11.6015625,58.0998884 11.6055166,58.099967 11.6061522,58.0986409 11.6052576,58.0973213 11.6015625,58.0973771 11.6007072,58.0975764</coordinates></LinearRing></innerBoundaryIs><innerBoundaryIs><LinearRing><coordinates>11.6186975,58.099526 11.6198217,58.0992472 11.6209034,58.0974892 11.6206897,58.0969766 11.6147929,58.0933794 11.6188391,58.093612 11.620891,58.0888919 11.6178759,58.0861743 11.6159883,58.0866907 11.6135532,58.082738 11.6044579,58.0833191 11.6072394,58.0860395 11.605085,58.0865955 11.6081939,58.0893795 11.6042958,58.0875039 11.6040219,58.084747 11.6015625,58.0848213 11.5991302,58.085254 11.6015625,58.0884486 11.6038631,58.09 11.6040638,58.0903987 11.6037555,58.094434 11.616954,58.0996838 11.6186975,58.099526</coordinates></LinearRing></innerBoundaryIs><innerBoundaryIs><LinearRing><coordinates>11.6710876,58.101655 11.6770393,58.1017793 11.6785697,58.1015058 11.6828229,58.0997545 11.6831125,58.0994676 11.6784008,58.0986671 11.6744853,58.0985332 11.6732801,58.0987962 11.6710876,58.101655</coordinates></LinearRing></innerBoundaryIs><innerBoundaryIs><LinearRing><coordinates>11.6494162,58.0914454 11.6533777,58.0930885 11.6556684,58.0904862 11.6556612,58.0900093 11.6544094,58.0891292 11.6516832,58.0892347 11.6494162,58.0914454</coordinates></LinearRing></innerBoundaryIs><innerBoundaryIs><LinearRing><coordinates>11.6326236,58.0889006 11.6338444,58.0886528 11.6346467,58.0883127 11.6349365,58.0860165 11.6289436,58.0837328 11.6283081,58.0836902 11.6305642,58.0888895 11.6326236,58.0889006</coordinates></LinearRing></innerBoundaryIs><innerBoundaryIs><LinearRing><coordinates>11.6015625,58.0831472 11.6020511,58.0830302 11.6022664,58.080278 11.6015625,58.0797991 11.5983875,58.0793496 11.5950764,58.0814601 11.598738,58.0834076 11.6004924,58.0832216 11.6015625,58.0831472</coordinates></LinearRing></innerBoundaryIs><innerBoundaryIs><LinearRing><coordinates>11.5629135,58.0819069 11.5660623,58.0792167 11.5662283,58.0785626 11.5650212,58.0778521 11.5597188,58.0778117 11.5595264,58.0780096 11.5578074,58.0824587 11.5587531,58.0826524 11.5624094,58.0822076 11.5629135,58.0819069</coordinates></LinearRing></innerBoundaryIs><innerBoundaryIs><LinearRing><coordinates>11.5745187,58.0780432 11.5770123,58.0779948 11.5783052,58.0771644 11.5782884,58.0768607 11.5759035,58.0739353 11.5742201,58.0732949 11.5733762,58.0732526 11.5723203,58.0745699 11.5699322,58.0745178 11.5725473,58.0717787 11.5661259,58.0677965 11.5653795,58.0678046 11.5609468,58.0687706 11.5580401,58.0704677 11.5576341,58.0709282 11.5570532,58.0740755 11.565508,58.07565 11.5653321,58.0772912 11.5706415,58.0779465 11.5745187,58.0780432</coordinates></LinearRing></innerBoundaryIs><innerBoundaryIs><LinearRing><coordinates>11.6382552,58.0776162 11.6420937,58.0767955 11.636241,58.0747945 11.6358802,58.0750086 11.6382552,58.0776162</coordinates></LinearRing></innerBoundaryIs><innerBoundaryIs><LinearRing><coordinates>11.5507849,58.0698313 11.55006,58.0695786 11.5491353,58.0695229 11.5468624,58.0715628 11.5471241,58.0719177 11.5520597,58.0730577 11.5496736,58.0713191 11.5507849,58.0698313</coordinates></LinearRing></innerBoundaryIs><innerBoundaryIs><LinearRing><coordinates>11.5998501,58.0952448 11.6002891,58.0946563 11.5998923,58.0927236 11.5988483,58.0916833 11.5939409,58.0875872 11.5889629,58.0875447 11.5911134,58.0921608 11.5917327,58.0924104 11.5942918,58.0950269 11.5953749,58.0954306 11.597052,58.0953341 11.5998501,58.0952448</coordinates></LinearRing></innerBoundaryIs><innerBoundaryIs><LinearRing><coordinates>11.5094299,58.0587022 11.5060328,58.0576653 11.5055685,58.057337 11.504132,58.0545605 11.503032,58.0544503 11.4996365,58.056154 11.5023766,58.0566928 11.5061085,58.0611436 11.506474,58.0610774 11.5094299,58.0587022</coordinates></LinearRing></innerBoundaryIs><innerBoundaryIs><LinearRing><coordinates>7.9232064,58.0537401 7.9182751,58.0537809 7.9143534,58.0553402 7.9143155,58.0557439 7.9170806,58.0567049 7.9268279,58.0572571 7.926936,58.0569564 7.924051,58.0542645 7.9232064,58.0537401</coordinates></LinearRing></innerBoundaryIs><innerBoundaryIs><LinearRing><coordinates>7.8673601,58.0527658 7.8663406,58.0528475 7.8646595,58.0533316 7.8653708,58.0547606 7.861464,58.0564497 7.859197,58.0587888 7.8594708,58.0591261 7.863107,58.0597394 7.8714454,58.0575373 7.8771697,58.0574346 7.8793772,58.0569984 7.8826123,58.055184 7.8828852,58.0539194 7.8794467,58.0549212 7.8687146,58.0536348 7.8673601,58.0527658</coordinates></LinearRing></innerBoundaryIs><innerBoundaryIs><LinearRing><coordinates>7.8597884,58.0489393 7.8556499,58.049911 7.8482532,58.0460449 7.8429512,58.0460418 7.8418155,58.0473642 7.833674,58.0488495 7.8337413,58.0526518 7.8304706,58.052072 7.8244296,58.0540146 7.8223764,58.0569723 7.822367,58.0574719 7.8234587,58.0584971 7.8288511,58.0593272 7.8294491,58.0595722 7.8318877,58.0615184 7.8334376,58.0615702 7.837799,58.0616117 7.8383327,58.0614901 7.8423421,58.0582935 7.8457689,58.0583808 7.8512915,58.054287 7.8517284,58.0541514 7.8568584,58.0547879 7.857688,58.0544198 7.8597884,58.0489393</coordinates></LinearRing></innerBoundaryIs><innerBoundaryIs><LinearRing><coordinates>7.828034,58.0479741 7.8260543,58.0471638 7.8224694,58.0459501 7.8187181,58.0460525 7.8121645,58.0511093 7.8091388,58.0513753 7.8091573,58.0540457 7.8127007,58.0552922 7.8203747,58.0541956 7.8251407,58.0529526 7.8254076,58.0526614 7.8228387,58.0514354 7.8196208,58.0493271 7.8273838,58.0496414 7.8282386,58.0483173 7.828034,58.0479741</coordinates></LinearRing></innerBoundaryIs><innerBoundaryIs><LinearRing><coordinates>7.779884,58.058966 7.7790945,58.0586934 7.7769061,58.0591257 7.7765877,58.0595227 7.7772393,58.0636582 7.7797604,58.0625578 7.7799253,58.060117 7.779884,58.058966</coordinates></LinearRing></innerBoundaryIs><innerBoundaryIs><LinearRing><coordinates>7.7901517,58.064925 7.7909688,58.0653123 7.7919317,58.0652291 7.7942801,58.0647907 7.7938859,58.0628099 7.7928452,58.0619729 7.7902654,58.0617759 7.7891558,58.0623016 7.7901517,58.064925</coordinates></LinearRing></innerBoundaryIs><innerBoundaryIs><LinearRing><coordinates>8.0109903,58.0589253 8.0118291,58.0588421 8.0146908,58.0571399 8.0143346,58.0567456 8.0113285,58.0562463 8.0091238,58.0561385 8.0086337,58.0564057 8.0096893,58.0581787 8.0109903,58.0589253</coordinates></LinearRing></innerBoundaryIs><innerBoundaryIs><LinearRing><coordinates>8.0118048,58.0597707 8.015484,58.062288 8.0179278,58.0623239 8.0154682,58.0640146 8.0182322,58.0665818 8.0188391,58.066958 8.022566,58.0655084 8.0262696,58.0654916 8.0264751,58.0651762 8.0263819,58.0645586 8.024545,58.0617179 8.0186616,58.062197 8.0189774,58.0600817 8.0173166,58.0589544 8.0152971,58.0586622 8.0121666,58.0591936 8.0118048,58.0597707</coordinates></LinearRing></innerBoundaryIs><innerBoundaryIs><LinearRing><coordinates>11.4236953,58.0693997 11.4277788,58.0717345 11.4306682,58.0713862 11.4332711,58.0701965 11.4349931,58.0676556 11.4348804,58.0673847 11.433513,58.0661531 11.4249978,58.0660965 11.4238226,58.0665613 11.4236953,58.0693997</coordinates></LinearRing></innerBoundaryIs><innerBoundaryIs><LinearRing><coordinates>8.025443,58.0675771 8.0247577,58.0672764 8.022927,58.0674103 8.0207471,58.0680767 8.0223337,58.069905 8.0230474,58.0701396 8.0266036,58.069441 8.025443,58.0675771</coordinates></LinearRing></innerBoundaryIs><innerBoundaryIs><LinearRing><coordinates>11.4934679,58.0671254 11.4930876,58.0648282 11.4915946,58.0639955 11.4906965,58.0639263 11.4891787,58.0645678 11.4881088,58.0653589 11.4885002,58.0670522 11.4902743,58.0684925 11.4921091,58.0683101 11.4934679,58.0671254</coordinates></LinearRing></innerBoundaryIs><innerBoundaryIs><LinearRing><coordinates>7.8410054,58.0455998 7.8416657,58.0453414 7.8416837,58.0428779 7.8389239,58.04132 7.8382065,58.0411735 7.835317,58.0411263 7.8341029,58.0414354 7.8335254,58.0429835 7.8385987,58.0457956 7.8410054,58.0455998</coordinates></LinearRing></innerBoundaryIs><innerBoundaryIs><LinearRing><coordinates>11.4784015,58.0422201 11.4799503,58.0418171 11.4802355,58.0412954 11.4780416,58.0371755 11.4715389,58.0377452 11.4689147,58.039215 11.4654295,58.0376335 11.4629298,58.0383286 11.468756,58.0406868 11.4745197,58.0408952 11.4754111,58.0411367 11.4784015,58.0422201</coordinates></LinearRing></innerBoundaryIs><innerBoundaryIs><LinearRing><coordinates>7.806102,58.0400449 7.8029222,58.0432204 7.8043308,58.0450273 7.8071839,58.0435978 7.811711,58.0433269 7.8146915,58.0434181 7.8192656,58.044715 7.8217006,58.0441052 7.8218303,58.0437418 7.8167742,58.0429037 7.8165357,58.042641 7.8158214,58.0412648 7.8095455,58.0394119 7.806102,58.0400449</coordinates></LinearRing></innerBoundaryIs><innerBoundaryIs><LinearRing><coordinates>7.7593879,58.039957 7.7523303,58.0408711 7.7518491,58.0415759 7.7523049,58.0430264 7.7527343,58.043219 7.7587659,58.0425382 7.7614794,58.0444258 7.7682058,58.0435345 7.7705109,58.0469778 7.7710912,58.0467691 7.7707175,58.0444715 7.7728549,58.0434902 7.7732133,58.043174 7.7716621,58.0407012 7.7712761,58.040634 7.7655445,58.0427634 7.7608296,58.0404691 7.7593879,58.039957</coordinates></LinearRing></innerBoundaryIs><innerBoundaryIs><LinearRing><coordinates>7.7423567,58.0439345 7.7384109,58.0444225 7.7375286,58.04526 7.7383238,58.0467106 7.7419391,58.0474699 7.7442876,58.0472466 7.7451175,58.0468256 7.7464207,58.0449224 7.7449095,58.0444216 7.7423567,58.0439345</coordinates></LinearRing></innerBoundaryIs><innerBoundaryIs><LinearRing><coordinates>7.7823448,58.0459319 7.7787603,58.0442361 7.776704,58.044161 7.7760711,58.0445703 7.7778919,58.0471836 7.7823448,58.0459319</coordinates></LinearRing></innerBoundaryIs><innerBoundaryIs><LinearRing><coordinates>11.500946,58.0358028 11.5029945,58.0353147 11.5053476,58.0334789 11.5057473,58.0329401 11.5054339,58.0297571 11.4984978,58.0311512 11.4981499,58.0314028 11.4992259,58.0330793 11.500946,58.0358028</coordinates></LinearRing></innerBoundaryIs><innerBoundaryIs><LinearRing><coordinates>11.4824197,58.0298949 11.4846208,58.0252265 11.4841374,58.0247144 11.4826705,58.0245982 11.4800128,58.0258142 11.4801495,58.0286701 11.4824197,58.0298949</coordinates></LinearRing></innerBoundaryIs><innerBoundaryIs><LinearRing><coordinates>7.815605,58.0226711 7.8177087,58.0204926 7.8079631,58.0196497 7.7962586,58.0235388 7.7983367,58.0255678 7.8008004,58.025303 7.805222,58.025331 7.8089145,58.0222136 7.815605,58.0226711</coordinates></LinearRing></innerBoundaryIs><innerBoundaryIs><LinearRing><coordinates>7.7631651,58.0224595 7.7630548,58.0227327 7.7664618,58.0252405 7.7683631,58.0245119 7.7685075,58.0238404 7.7680374,58.0224943 7.7655714,58.0211422 7.7631651,58.0224595</coordinates></LinearRing></innerBoundaryIs><innerBoundaryIs><LinearRing><coordinates>7.7840173,58.0229448 7.7839452,58.0236264 7.7862186,58.0254164 7.7907865,58.0235981 7.7908781,58.0231922 7.7876594,58.02191 7.7852662,58.022105 7.7840173,58.0229448</coordinates></LinearRing></innerBoundaryIs><innerBoundaryIs><LinearRing><coordinates>11.4720309,58.0170444 11.4691067,58.0141271 11.4679528,58.0139725 11.4666353,58.0143113 11.4637378,58.0175987 11.466643,58.0180376 11.4683288,58.0193743 11.4720309,58.0170444</coordinates></LinearRing></innerBoundaryIs><innerBoundaryIs><LinearRing><coordinates>11.4570612,58.0170419 11.4573761,58.0168837 11.4577492,58.0150824 11.4528356,58.0143681 11.4530571,58.0135139 11.443801,58.0121433 11.4469025,58.0172263 11.4482607,58.017911 11.4517301,58.0172224 11.4570612,58.0170419</coordinates></LinearRing></innerBoundaryIs><innerBoundaryIs><LinearRing><coordinates>11.4654704,58.0131754 11.4679019,58.012521 11.4645402,58.0098813 11.4639761,58.0095764 11.45943,58.0092471 11.4600713,58.0123945 11.4654704,58.0131754</coordinates></LinearRing></innerBoundaryIs><innerBoundaryIs><LinearRing><coordinates>7.795945,58.015606 7.7952017,58.016721 7.7962608,58.0172756 7.7967345,58.0169228 7.8008803,58.0147167 7.8006299,58.013133 7.795945,58.015606</coordinates></LinearRing></innerBoundaryIs><innerBoundaryIs><LinearRing><coordinates>7.8030883,58.0154696 7.804449,58.0180286 7.8045123,58.0181719 7.8098952,58.017325 7.8100885,58.0137954 7.8034883,58.015159 7.8030883,58.0154696</coordinates></LinearRing></innerBoundaryIs><innerBoundaryIs><LinearRing><coordinates>11.6205328,58.0584511 11.6198972,58.0542337 11.6193469,58.0539042 11.6175559,58.0539932 11.61386,58.0557667 11.6166182,58.0564206 11.6174026,58.0594937 11.6205328,58.0584511</coordinates></LinearRing></innerBoundaryIs><innerBoundaryIs><LinearRing><coordinates>11.6141782,58.1060832 11.6137176,58.1057523 11.6091264,58.1052988 11.607052,58.1098778 11.6154943,58.1154754 11.621178,58.1165988 11.6220047,58.116459 11.6241595,58.1137033 11.6198959,58.1120902 11.6201628,58.1097533 11.6186054,58.1085783 11.61777,58.1080374 11.6122651,58.1080509 11.6127055,58.106479 11.6141782,58.1060832</coordinates></LinearRing></innerBoundaryIs><innerBoundaryIs><LinearRing><coordinates>11.5947816,58.1097794 11.5970355,58.1117802 11.5975986,58.111972 11.6015625,58.1121652 11.6025497,58.112413 11.6035851,58.1121612 11.6031047,58.1101495 11.6028796,58.1095197 11.6015625,58.109654 11.5976394,58.1088831 11.5947816,58.1097794</coordinates></LinearRing></innerBoundaryIs><innerBoundaryIs><LinearRing><coordinates>11.6015625,58.1157923 11.5996321,58.1156543 11.599497,58.116468 11.6015625,58.1191406 11.6023799,58.1199467 11.6038513,58.1202089 11.6061527,58.1195498 11.6024613,58.1158032 11.6015625,58.1157923</coordinates></LinearRing></innerBoundaryIs><innerBoundaryIs><LinearRing><coordinates>11.6287133,58.109009 11.6334943,58.1108549 11.6338907,58.1107178 11.6317416,58.1068487 11.6311302,58.1066855 11.6286989,58.1069252 11.6284002,58.1084135 11.6287133,58.109009</coordinates></LinearRing></innerBoundaryIs><innerBoundaryIs><LinearRing><coordinates>11.3525294,58.136506 11.3479855,58.1396766 11.3552088,58.1448869 11.3557369,58.1492451 11.3603874,58.1502554 11.358653,58.1530226 11.35931,58.1539742 11.3606508,58.1552126 11.3613241,58.1555769 11.3683081,58.1570944 11.3689653,58.1573776 11.369543,58.1588798 11.3736391,58.1589237 11.3752728,58.1669887 11.3785177,58.1703271 11.3828669,58.1705986 11.3851008,58.1738579 11.3843076,58.17843 11.3876657,58.1795847 11.3875031,58.1820633 11.3929415,58.1815013 11.3910933,58.180701 11.3934743,58.1805956 11.3984141,58.1835937 11.4008586,58.1838378 11.401426,58.1835937 11.4010454,58.1835937 11.406067,58.1811028 11.4064491,58.1807717 11.4066962,58.1791006 11.4040166,58.1753047 11.4035156,58.1748224 11.3980653,58.173179 11.3977,58.1728241 11.3956007,58.1699924 11.3999327,58.1691269 11.3996642,58.168048 11.393663,58.1674469 11.3938206,58.1632959 11.3876607,58.1571559 11.3884031,58.1527843 11.3869313,58.1513782 11.3920377,58.1489939 11.3897893,58.1447415 11.38756,58.1440709 11.3858815,58.1472924 11.3831192,58.1474764 11.3801771,58.1445335 11.3736546,58.1446464 11.3735065,58.1398534 11.3592414,58.1381494 11.3543727,58.1399395 11.3528056,58.1388233 11.3546335,58.1368669 11.3533266,58.1364315 11.3525294,58.136506</coordinates></LinearRing></innerBoundaryIs><innerBoundaryIs><LinearRing><coordinates>8.2709171,58.1392022 8.2685376,58.1382498 8.2671871,58.1381564 8.2655243,58.1384804 8.2647553,58.139764 8.2703654,58.1393964 8.2709171,58.1392022</coordinates></LinearRing></innerBoundaryIs><innerBoundaryIs><LinearRing><coordinates>8.2697484,58.1434915 8.2716346,58.1454448 8.2752692,58.1431057 8.2742078,58.1402268 8.2717165,58.1396701 8.2707214,58.1396687 8.2697479,58.1430581 8.2697484,58.1434915</coordinates></LinearRing></innerBoundaryIs><innerBoundaryIs><LinearRing><coordinates>8.2674605,58.1409063 8.2650448,58.1404961 8.2612292,58.1406598 8.2626284,58.1429585 8.2634327,58.1427134 8.2674605,58.1409063</coordinates></LinearRing></innerBoundaryIs><innerBoundaryIs><LinearRing><coordinates>8.2865059,58.1634687 8.2860287,58.1629992 8.2802147,58.1638933 8.2814853,58.1649936 8.284919,58.1640977 8.2865059,58.1634687</coordinates></LinearRing></innerBoundaryIs><innerBoundaryIs><LinearRing><coordinates>8.3039581,58.1654865 8.3051171,58.1671174 8.301452,58.1681921 8.3013134,58.1686139 8.3036886,58.1694433 8.3074986,58.166918 8.3061506,58.1645818 8.3049046,58.1646138 8.3039581,58.1654865</coordinates></LinearRing></innerBoundaryIs><innerBoundaryIs><LinearRing><coordinates>8.306756,58.1739039 8.3058271,58.1736598 8.3015007,58.174123 8.3006182,58.1760615 8.3034846,58.1762706 8.3067615,58.1758652 8.306756,58.1739039</coordinates></LinearRing></innerBoundaryIs><innerBoundaryIs><LinearRing><coordinates>8.3081803,58.1788901 8.3072274,58.1789733 8.3048747,58.1835937 8.3051347,58.1835937 8.3050705,58.1837518 8.3004442,58.1851572 8.3000121,58.185486 8.2989852,58.1878157 8.2994521,58.1882195 8.3005701,58.1886745 8.3046575,58.1874597 8.3050656,58.1857843 8.3061554,58.1854265 8.308605,58.1857651 8.3092824,58.1871101 8.3062516,58.1879441 8.3052738,58.1901366 8.311239,58.1939224 8.3205808,58.1894081 8.3260556,58.1865969 8.3262258,58.1862814 8.3189005,58.1835937 8.3180319,58.1835937 8.3180319,58.1823381 8.3116081,58.1793143 8.3081803,58.1788901</coordinates></LinearRing></innerBoundaryIs><innerBoundaryIs><LinearRing><coordinates>8.3220314,58.1908789 8.3263268,58.1905285 8.3279378,58.1903554 8.3289257,58.1884791 8.3283408,58.1883587 8.3229212,58.1894741 8.3220314,58.1908789</coordinates></LinearRing></innerBoundaryIs><innerBoundaryIs><LinearRing><coordinates>8.3542137,58.1906422 8.3570775,58.1896108 8.3573518,58.1894861 8.3605003,58.1899412 8.3614627,58.1897237 8.3621649,58.1890006 8.3618098,58.188571 8.3591276,58.187788 8.3539608,58.1879516 8.3564585,58.1893681 8.3542137,58.1906422</coordinates></LinearRing></innerBoundaryIs><innerBoundaryIs><LinearRing><coordinates>11.379687,58.1898266 11.3783704,58.1875356 11.377308,58.1870707 11.3758416,58.1869394 11.3741701,58.1872545 11.373895,58.1877694 11.3734365,58.1894079 11.3767262,58.1909167 11.379687,58.1898266</coordinates></LinearRing></innerBoundaryIs><innerBoundaryIs><LinearRing><coordinates>11.3819164,58.189038 11.384008,58.1912655 11.3848714,58.1914535 11.3876616,58.1912535 11.3901659,58.1908288 11.3903383,58.1906563 11.3901587,58.1895924 11.3879067,58.1883475 11.386541,58.18823 11.3825761,58.1884098 11.3819164,58.189038</coordinates></LinearRing></innerBoundaryIs><innerBoundaryIs><LinearRing><coordinates>11.4242485,58.1903524 11.4285696,58.1878198 11.4251637,58.1865216 11.4232572,58.1865031 11.4195404,58.1873983 11.4201297,58.1884232 11.4242485,58.1903524</coordinates></LinearRing></innerBoundaryIs><innerBoundaryIs><LinearRing><coordinates>11.4136035,58.1835937 11.4120976,58.1835937 11.4093679,58.1835937 11.4091794,58.186509 11.4104832,58.1875044 11.4111524,58.1875174 11.4149402,58.186402 11.4136035,58.1835937</coordinates></LinearRing></innerBoundaryIs><innerBoundaryIs><LinearRing><coordinates>11.4187903,58.1858673 11.4194757,58.1858007 11.419957,58.1835937 11.4194657,58.1835937 11.4202811,58.1821171 11.4168057,58.1806237 11.4157774,58.1806097 11.4143573,58.1812776 11.4142028,58.1835937 11.4187903,58.1858673</coordinates></LinearRing></innerBoundaryIs><innerBoundaryIs><LinearRing><coordinates>8.3546911,58.1859347 8.3541492,58.1845809 8.3531897,58.1842653 8.3504227,58.1844589 8.3501261,58.1847765 8.3496809,58.1859372 8.350364,58.1861984 8.3519361,58.1866966 8.3540766,58.1862772 8.3546911,58.1859347</coordinates></LinearRing></innerBoundaryIs><innerBoundaryIs><LinearRing><coordinates>11.40485,58.1742733 11.4063646,58.1767818 11.4070452,58.1768693 11.4079926,58.1768136 11.4086241,58.1765904 11.408945,58.1733946 11.4082572,58.1728553 11.4062155,58.1727504 11.4048089,58.1739124 11.40485,58.1742733</coordinates></LinearRing></innerBoundaryIs><innerBoundaryIs><LinearRing><coordinates>11.4020352,58.1559674 11.4001091,58.1597939 11.4010819,58.1626451 11.4045823,58.1640661 11.4022022,58.1656405 11.4036725,58.1688915 11.4059588,58.1668561 11.406473,58.1600916 11.4093759,58.1547875 11.4074323,58.1510826 11.4099311,58.1511312 11.4058914,58.1482952 11.4006505,58.1547009 11.4020352,58.1559674</coordinates></LinearRing></innerBoundaryIs><innerBoundaryIs><LinearRing><coordinates>11.4020774,58.1474856 11.4023381,58.1471152 11.4025058,58.1463301 11.4019589,58.1444618 11.4006479,58.1436133 11.3991712,58.1433167 11.3985713,58.1440181 11.3992668,58.1478987 11.4020774,58.1474856</coordinates></LinearRing></innerBoundaryIs><innerBoundaryIs><LinearRing><coordinates>11.3967638,58.1429257 11.3956316,58.1407405 11.3949376,58.1404817 11.3922172,58.1404918 11.3921502,58.1407409 11.394024,58.1439362 11.3967797,58.1445215 11.3972837,58.1443945 11.3967638,58.1429257</coordinates></LinearRing></innerBoundaryIs><innerBoundaryIs><LinearRing><coordinates>11.4061881,58.1396157 11.406653,58.1380522 11.4062029,58.1374561 11.3992379,58.1368794 11.3985525,58.137176 11.3997964,58.138364 11.4055746,58.1399695 11.4061881,58.1396157</coordinates></LinearRing></innerBoundaryIs><innerBoundaryIs><LinearRing><coordinates>11.39186,58.1367282 11.3912694,58.1365294 11.3869148,58.1374335 11.3868147,58.1391819 11.3920547,58.1393498 11.392468,58.1391124 11.39186,58.1367282</coordinates></LinearRing></innerBoundaryIs><innerBoundaryIs><LinearRing><coordinates>11.4948728,58.2034208 11.4949369,58.2041227 11.4987781,58.2059948 11.501169,58.2053213 11.5014964,58.2050118 11.4964007,58.2031682 11.4948728,58.2034208</coordinates></LinearRing></innerBoundaryIs><innerBoundaryIs><LinearRing><coordinates>11.5390012,58.2158639 11.5371414,58.214542 11.5351372,58.2140322 11.5333228,58.2141597 11.5328102,58.2147005 11.5361431,58.217118 11.5387486,58.2162359 11.5390012,58.2158639</coordinates></LinearRing></innerBoundaryIs><innerBoundaryIs><LinearRing><coordinates>11.5506794,58.2200783 11.5395396,58.2185895 11.5403519,58.2226032 11.5448358,58.2235045 11.5459139,58.2234001 11.5493584,58.2234524 11.5521188,58.2222762 11.5506794,58.2200783</coordinates></LinearRing></innerBoundaryIs><innerBoundaryIs><LinearRing><coordinates>8.314342,58.1995056 8.3113641,58.2001129 8.3097156,58.2016048 8.3114606,58.2016624 8.3142025,58.2009479 8.314342,58.1995056</coordinates></LinearRing></innerBoundaryIs><innerBoundaryIs><LinearRing><coordinates>8.3178529,58.2052451 8.3139277,58.2044142 8.3165081,58.2028857 8.310436,58.2038525 8.306949,58.2073951 8.3073574,58.2085769 8.3079824,58.2088283 8.3110486,58.2087713 8.3127551,58.2109175 8.3179959,58.2088464 8.3186255,58.2080127 8.3178529,58.2052451</coordinates></LinearRing></innerBoundaryIs><innerBoundaryIs><LinearRing><coordinates>8.2996448,58.2081876 8.2980663,58.2083038 8.2954572,58.2103953 8.3000996,58.210097 8.301375,58.2087035 8.2996448,58.2081876</coordinates></LinearRing></innerBoundaryIs><innerBoundaryIs><LinearRing><coordinates>8.1802866,58.1267192 8.1797512,58.1261399 8.1790721,58.1258019 8.1786658,58.1256095 8.1784576,58.1254425 8.1781915,58.1253018 8.177758,58.125178 8.1772352,58.1250572 8.1767654,58.1250327 8.176501,58.125145 8.1765279,58.1253697 8.1768399,58.1256803 8.1773744,58.1261193 8.1781104,58.1267207 8.1787091,58.1273654 8.1790839,58.1276433 8.1799538,58.1272742 8.1802866,58.1267192</coordinates></LinearRing></innerBoundaryIs><innerBoundaryIs><LinearRing><coordinates>8.0859375,58.1227678 8.0859345,58.1221275 8.0807734,58.1222008 8.0801873,58.1235857 8.0808283,58.1251466 8.0813038,58.1253037 8.0854729,58.1229503 8.0859375,58.1227678</coordinates></LinearRing></innerBoundaryIs><innerBoundaryIs><LinearRing><coordinates>8.0015678,58.1268322 8.0036401,58.1256937 8.003617,58.125366 8.0020618,58.1251472 7.9968343,58.1273298 8.0009522,58.1270216 8.0015678,58.1268322</coordinates></LinearRing></innerBoundaryIs><innerBoundaryIs><LinearRing><coordinates>8.0461797,58.129904 8.0440121,58.1297925 8.0433067,58.1305094 8.0478029,58.13513 8.0483819,58.134919 8.0514134,58.1309367 8.0461797,58.129904</coordinates></LinearRing></innerBoundaryIs><innerBoundaryIs><LinearRing><coordinates>8.0420184,58.1382277 8.0442235,58.1424326 8.0447198,58.1429667 8.0452048,58.1401439 8.0454901,58.1399167 8.0478725,58.1422575 8.0497983,58.1422647 8.0500824,58.1421545 8.0522418,58.1396079 8.0532457,58.1375617 8.0493242,58.1349484 8.0453842,58.1388541 8.0420184,58.1382277</coordinates></LinearRing></innerBoundaryIs><innerBoundaryIs><LinearRing><coordinates>8.0497881,58.1905111 8.0444287,58.1924152 8.0441488,58.1929394 8.0443687,58.1937863 8.0482155,58.1935251 8.0508636,58.1956987 8.0524265,58.1953084 8.055109,58.1935219 8.0556465,58.1928188 8.0556566,58.1898196 8.0497881,58.1905111</coordinates></LinearRing></innerBoundaryIs><innerBoundaryIs><LinearRing><coordinates>7.9320261,58.0758047 7.9265769,58.07687 7.9288394,58.078962 7.933812,58.0787849 7.9320261,58.0758047</coordinates></LinearRing></innerBoundaryIs><innerBoundaryIs><LinearRing><coordinates>7.2173699,57.9797813 7.2170852,57.978703 7.2159256,57.9777929 7.2148659,57.9777008 7.2081226,57.9782966 7.208994,57.979706 7.2044626,57.9802458 7.2033609,57.9805021 7.2031937,57.9810987 7.2055802,57.9844558 7.213443,57.9822391 7.2173699,57.9797813</coordinates></LinearRing></innerBoundaryIs><innerBoundaryIs><LinearRing><coordinates>7.3404722,57.9876409 7.3385723,57.9887652 7.3375428,57.9899662 7.3371068,57.9932421 7.3293433,57.9950482 7.3271226,57.9971606 7.3245935,57.9961286 7.3236485,57.9961559 7.3231606,57.9966595 7.3233922,57.9975744 7.3279356,58.0001678 7.3252301,58.0024548 7.3321284,58.0022461 7.340152,57.9991769 7.3410352,58.000589 7.3370137,58.002544 7.3378201,58.0037285 7.340939,58.0041528 7.3454449,58.0020112 7.3494567,58.0030848 7.348609,58.0046198 7.3440319,58.0059649 7.3440411,58.0078125 7.3438669,58.0078125 7.3435512,58.0085473 7.3396844,58.0087713 7.3396841,58.0115089 7.3428499,58.0111969 7.3437619,58.0121872 7.3404958,58.0163192 7.3315389,58.0186406 7.3284419,58.0178941 7.3255647,58.0202147 7.3253949,58.0205022 7.3284529,58.0220278 7.3317803,58.0222456 7.3438723,58.019593 7.3519353,58.0208433 7.356725,58.0200524 7.3588513,58.0179882 7.3556449,58.0173934 7.3565769,58.0160863 7.3666743,58.0136398 7.3697954,58.0124621 7.3753738,58.0098451 7.3770233,58.0078125 7.3770492,58.0078125 7.3770031,58.0041853 7.3761625,58.0040597 7.3646249,58.0054084 7.3661335,58.0039352 7.3727934,58.0030022 7.3740768,57.9947807 7.3748651,57.9945363 7.3820266,57.9946986 7.3828125,57.9944196 7.3828125,57.9941406 7.3872144,57.9929801 7.3879399,57.9917715 7.3876702,57.9913563 7.3831733,57.9894212 7.3828125,57.9893972 7.3725235,57.9925708 7.3655998,57.9957355 7.3644168,57.9976079 7.3538665,58.0016282 7.3530747,58.0016453 7.3516108,57.9998646 7.351705,57.9996622 7.3553236,57.9990327 7.355507,57.996506 7.347342,57.9974871 7.348492,57.9945343 7.3410338,57.9928094 7.3489927,57.9909539 7.3506511,57.9891952 7.3506702,57.9887598 7.344959,57.987021 7.3404722,57.9876409</coordinates></LinearRing></innerBoundaryIs><innerBoundaryIs><LinearRing><coordinates>7.0926777,57.9875568 7.0879769,57.9872226 7.0873985,57.9873666 7.0895771,57.9886128 7.0923846,57.9894222 7.0944173,57.9890935 7.0946172,57.9888365 7.0926777,57.9875568</coordinates></LinearRing></innerBoundaryIs><innerBoundaryIs><LinearRing><coordinates>7.2020993,57.9939619 7.2057937,57.9938756 7.208146,57.9958493 7.2108386,57.9938653 7.2108387,57.9933048 7.2079161,57.9911997 7.2085843,57.989206 7.2059402,57.9888647 7.2031441,57.990683 7.2020993,57.9939619</coordinates></LinearRing></innerBoundaryIs><innerBoundaryIs><LinearRing><coordinates>7.1888707,57.9958343 7.187789,57.9967153 7.1873257,58.0033298 7.1920466,58.0057656 7.191099,58.0064942 7.1931469,58.0078125 7.1933476,58.0078125 7.1935011,58.0079586 7.1897238,58.0086246 7.1908041,58.0104537 7.1911299,58.010757 7.1940187,58.0128014 7.1994762,58.0135421 7.201498,58.0133719 7.202548,58.0127842 7.2026948,58.01214 7.200819,58.0090435 7.2034478,58.0079373 7.2033472,58.0078125 7.2036256,58.0078125 7.2031724,58.0059943 7.2005113,58.0053923 7.202448,58.0047669 7.202498,58.0044028 7.2014501,58.0029629 7.1993684,58.0012922 7.1978583,58.001075 7.194701,58.0027598 7.1906714,57.999926 7.1921054,57.9966551 7.1899691,57.9957761 7.1888707,57.9958343</coordinates></LinearRing></innerBoundaryIs><innerBoundaryIs><LinearRing><coordinates>7.1650645,58.0135276 7.1648743,58.0137279 7.1683444,58.0171992 7.1686105,58.0163655 7.1687949,58.0138545 7.1676592,58.0134768 7.1650645,58.0135276</coordinates></LinearRing></innerBoundaryIs><innerBoundaryIs><LinearRing><coordinates>7.3284113,58.0156798 7.328225,58.0173424 7.3317517,58.0165702 7.332581,58.0148249 7.3319634,58.0143716 7.3309906,58.0143893 7.3284113,58.0156798</coordinates></LinearRing></innerBoundaryIs><innerBoundaryIs><LinearRing><coordinates>7.2077745,58.0025594 7.208142,57.9995446 7.211369,57.9991188 7.210904,57.9975209 7.2103062,57.9972513 7.2065398,57.9983845 7.1987413,57.9977711 7.1951239,57.9959825 7.1932209,57.996507 7.1942292,57.9985774 7.2032994,57.9996325 7.2066644,58.0028561 7.2077745,58.0025594</coordinates></LinearRing></innerBoundaryIs><innerBoundaryIs><LinearRing><coordinates>7.3046199,58.0006613 7.3055044,58.0016989 7.3093383,58.0011233 7.3077939,57.99931 7.3067178,57.9995737 7.3046199,58.0006613</coordinates></LinearRing></innerBoundaryIs><innerBoundaryIs><LinearRing><coordinates>7.3866444,58.0114706 7.387917,58.0130866 7.3883957,58.0127347 7.3895227,58.0101391 7.3889281,58.0100805 7.3868696,58.0109498 7.3866444,58.0114706</coordinates></LinearRing></innerBoundaryIs><innerBoundaryIs><LinearRing><coordinates>7.428919,58.0078125 7.4291261,58.0078125 7.4279099,58.0088012 7.4282143,58.0091259 7.4293648,58.0094146 7.4307851,58.0091499 7.4339978,58.0088958 7.4338626,58.0078125 7.4367781,58.0078125 7.4392321,58.0060002 7.4387127,58.004853 7.4381157,58.0048373 7.4286776,58.0076578 7.428919,58.0078125</coordinates></LinearRing></innerBoundaryIs><innerBoundaryIs><LinearRing><coordinates>7.4828078,58.0078125 7.4808806,58.0101184 7.4874644,58.0102974 7.4880561,58.0101814 7.4884605,58.0096039 7.4859656,58.0078125 7.4855043,58.0078125 7.4853847,58.007669 7.4909379,58.0066701 7.4916604,58.0052831 7.4914317,58.0046322 7.4883296,58.0034412 7.4890474,58.0023962 7.4835151,58.0019141 7.4798458,58.0034505 7.4823341,58.0047725 7.4827418,58.0058213 7.4823607,58.0078125 7.4828078,58.0078125</coordinates></LinearRing></innerBoundaryIs><innerBoundaryIs><LinearRing><coordinates>7.4495676,58.0012505 7.448752,58.0009828 7.4475021,58.0008909 7.4439096,58.0027343 7.443683,58.0032194 7.4458658,58.0045375 7.450635,58.0031863 7.4495676,58.0012505</coordinates></LinearRing></innerBoundaryIs><innerBoundaryIs><LinearRing><coordinates>7.4053212,58.0007128 7.4003643,58.0002789 7.3967723,58.0033948 7.3929657,58.0042008 7.3959112,58.006847 7.4003406,58.0025995 7.4053212,58.0007128</coordinates></LinearRing></innerBoundaryIs><innerBoundaryIs><LinearRing><coordinates>7.3862375,58.0046395 7.3872693,58.0021251 7.3867111,58.0017925 7.3852171,58.0018138 7.3828125,58.003069 7.3828125,58.0033482 7.3820506,58.0035483 7.378829,58.0034512 7.3803911,58.0048445 7.3809816,58.0048683 7.3828125,58.0047433 7.3862375,58.0046395</coordinates></LinearRing></innerBoundaryIs><innerBoundaryIs><LinearRing><coordinates>7.4249773,57.998831 7.4251978,57.9976553 7.4242337,57.9966398 7.4235842,57.9965348 7.4211549,57.9967539 7.4191387,57.9978505 7.419012,57.9984477 7.421438,57.9997938 7.4249773,57.998831</coordinates></LinearRing></innerBoundaryIs><innerBoundaryIs><LinearRing><coordinates>7.4894338,57.9974889 7.4958173,57.9967914 7.4921118,57.9886636 7.491634,57.9883072 7.4893299,57.9883084 7.4870034,57.9908988 7.4831228,57.9921699 7.4846041,57.9947336 7.4881746,57.9967408 7.4894338,57.9974889</coordinates></LinearRing></innerBoundaryIs><innerBoundaryIs><LinearRing><coordinates>7.4411561,57.9914948 7.4413576,57.9912177 7.43883,57.9881223 7.4380569,57.9875019 7.4344544,57.9875715 7.4361655,57.9915382 7.4329551,57.993059 7.4334044,57.9955755 7.4361598,57.995367 7.4411561,57.9914948</coordinates></LinearRing></innerBoundaryIs><innerBoundaryIs><LinearRing><coordinates>7.4273282,57.9934897 7.4256341,57.9908986 7.4229592,57.9911022 7.420875,57.9926542 7.4202622,57.9933511 7.4205524,57.9955319 7.4223721,57.9954991 7.4273282,57.9934897</coordinates></LinearRing></innerBoundaryIs><innerBoundaryIs><LinearRing><coordinates>7.4016324,57.9946558 7.3963341,57.9953316 7.3938723,57.9965295 7.394111,57.997417 7.3978456,57.9985578 7.4008831,57.9989111 7.4046986,57.9982055 7.4063299,57.9968032 7.4040689,57.996875 7.4036495,57.9953116 7.4016324,57.9946558</coordinates></LinearRing></innerBoundaryIs><innerBoundaryIs><LinearRing><coordinates>7.2523746,58.0231779 7.2516922,58.0230933 7.2472374,58.0250092 7.2491868,58.026594 7.2515566,58.0260739 7.2527326,58.0237859 7.2523746,58.0231779</coordinates></LinearRing></innerBoundaryIs><innerBoundaryIs><LinearRing><coordinates>7.2162412,58.0239955 7.2105833,58.0240999 7.2095795,58.0249608 7.2092185,58.025616 7.209524,58.0259407 7.2173918,58.028022 7.2193369,58.0297667 7.2179145,58.0306652 7.2276046,58.0301681 7.2294019,58.0316536 7.2318484,58.0307168 7.2392802,58.0253576 7.2284023,58.024658 7.2272658,58.0270236 7.2225096,58.0281739 7.2212718,58.025809 7.2161537,58.0252095 7.2165045,58.0241349 7.2162412,58.0239955</coordinates></LinearRing></innerBoundaryIs><innerBoundaryIs><LinearRing><coordinates>7.1788446,58.0257438 7.171536,58.024942 7.1709204,58.0251535 7.169152,58.0316021 7.1716939,58.0344692 7.1692055,58.0360057 7.1733351,58.0378606 7.177826,58.0379065 7.181022,58.0337183 7.18066,58.0373617 7.1786801,58.0381006 7.1787198,58.0383557 7.1797059,58.0406137 7.1799943,58.0409853 7.1836746,58.0418952 7.1847835,58.0411599 7.1923511,58.0333405 7.1901906,58.028794 7.1875885,58.0279806 7.189065,58.026351 7.1788446,58.0257438</coordinates></LinearRing></innerBoundaryIs><innerBoundaryIs><LinearRing><coordinates>7.1677061,58.0280673 7.1680396,58.02776 7.1685317,58.0252548 7.16833,58.0251333 7.1628302,58.0266834 7.1640717,58.0293396 7.1646689,58.0292475 7.1677061,58.0280673</coordinates></LinearRing></innerBoundaryIs><innerBoundaryIs><LinearRing><coordinates>7.2599462,58.0302252 7.2530291,58.0276364 7.2509505,58.0274699 7.2515625,58.0295575 7.2599462,58.0302252</coordinates></LinearRing></innerBoundaryIs><innerBoundaryIs><LinearRing><coordinates>7.3013175,58.0256825 7.3064854,58.0263715 7.3067615,58.0246834 7.3058888,58.024152 7.3036621,58.0241452 7.3020892,58.0245789 7.3013175,58.0256825</coordinates></LinearRing></innerBoundaryIs><innerBoundaryIs><LinearRing><coordinates>7.3309743,58.0271136 7.3316731,58.0258476 7.3293792,58.0252925 7.3282841,58.0252388 7.3252966,58.0266311 7.3309743,58.0271136</coordinates></LinearRing></innerBoundaryIs><innerBoundaryIs><LinearRing><coordinates>11.6715879,57.9087687 11.6717381,57.9083859 11.6679174,57.9075763 11.6670372,57.906301 11.6659454,57.9061096 11.6610454,57.906321 11.6607364,57.9066337 11.6641731,57.9087611 11.6715879,57.9087687</coordinates></LinearRing></innerBoundaryIs><innerBoundaryIs><LinearRing><coordinates>11.6513251,57.9057989 11.6471496,57.9036638 11.6487472,57.9025043 11.6542279,57.9020388 11.6553127,57.9042695 11.6595894,57.9053797 11.6652806,57.9029874 11.665289,57.902558 11.6636275,57.9018672 11.6596808,57.8996251 11.6633316,57.8973531 11.6631196,57.8969229 11.6576447,57.8937348 11.6605594,57.8915404 11.6530842,57.8911135 11.6533949,57.8864048 11.6469334,57.8824756 11.6458159,57.8853787 11.6419153,57.8860909 11.6377558,57.8889132 11.6368687,57.8922576 11.6332929,57.8932681 11.628342,57.899111 11.6335021,57.903142 11.6283506,57.9034411 11.6284019,57.903813 11.6346544,57.9057654 11.6362344,57.9059165 11.6370457,57.90576 11.6374725,57.9041358 11.6382905,57.9040753 11.6428941,57.9044805 11.643665,57.9046701 11.645196,57.9062837 11.6479054,57.9058554 11.6513251,57.9057989</coordinates></LinearRing></innerBoundaryIs><innerBoundaryIs><LinearRing><coordinates>11.6705214,57.9045271 11.6758477,57.9060522 11.6791191,57.9056202 11.6791793,57.9052075 11.6736863,57.9038897 11.6704804,57.9041219 11.6705214,57.9045271</coordinates></LinearRing></innerBoundaryIs><innerBoundaryIs><LinearRing><coordinates>11.6907129,57.9048111 11.6902854,57.9034736 11.688255,57.902812 11.6856279,57.9029765 11.6856657,57.9036098 11.6900337,57.9049193 11.6907129,57.9048111</coordinates></LinearRing></innerBoundaryIs><innerBoundaryIs><LinearRing><coordinates>11.6796036,57.9029295 11.6783012,57.9018903 11.6739815,57.9010915 11.6729226,57.9010074 11.670821,57.9022883 11.6720917,57.9032882 11.6762919,57.9028937 11.6780778,57.9038248 11.6795661,57.9033964 11.6796036,57.9029295</coordinates></LinearRing></innerBoundaryIs><innerBoundaryIs><LinearRing><coordinates>11.6798927,57.9042165 11.680286,57.9043837 11.6808646,57.9045165 11.6814647,57.9046069 11.6826264,57.9049042 11.6844232,57.9048212 11.6851767,57.9046506 11.6848592,57.9043715 11.6838824,57.9040354 11.6824601,57.9037033 11.681006,57.9036781 11.6800452,57.903953 11.6798927,57.9042165</coordinates></LinearRing></innerBoundaryIs><innerBoundaryIs><LinearRing><coordinates>11.6919897,57.8993077 11.6951318,57.8986268 11.6963793,57.8971556 11.6962682,57.8968858 11.692659,57.8973687 11.6919897,57.8993077</coordinates></LinearRing></innerBoundaryIs><innerBoundaryIs><LinearRing><coordinates>11.6944835,57.8959028 11.6953074,57.895101 11.6952108,57.8933012 11.6967016,57.8904552 11.7020279,57.8891382 11.6985399,57.8865755 11.6977051,57.8863434 11.6899211,57.8864955 11.6878361,57.8853821 11.6885806,57.8887908 11.682428,57.889423 11.6714777,57.885065 11.6697752,57.8845989 11.6681762,57.8848181 11.6667383,57.886093 11.6669551,57.8865811 11.6688187,57.8869373 11.6713594,57.88642 11.6788448,57.8892672 11.6791481,57.8894296 11.6740937,57.8899263 11.6729338,57.8897713 11.6724858,57.8878828 11.6717489,57.8876117 11.6699746,57.8881789 11.6709909,57.8897438 11.6725447,57.8903534 11.6874914,57.8933097 11.6896347,57.8967354 11.6904286,57.8970869 11.6914209,57.8968929 11.6944835,57.8959028</coordinates></LinearRing></innerBoundaryIs><innerBoundaryIs><LinearRing><coordinates>11.7071242,57.8862259 11.7111368,57.8849173 11.7146786,57.8850082 11.7146637,57.8845381 11.7109581,57.8815932 11.7104173,57.8814512 11.7091579,57.8819664 11.6970063,57.8790711 11.6942985,57.8794336 11.6935294,57.8797835 11.6935555,57.8813328 11.7006559,57.8854131 11.7071242,57.8862259</coordinates></LinearRing></innerBoundaryIs><innerBoundaryIs><LinearRing><coordinates>11.6756175,57.8801596 11.6764504,57.879431 11.6759787,57.8788158 11.6732186,57.8779864 11.6722592,57.8778461 11.6720718,57.8793001 11.6657251,57.8783531 11.6655138,57.8785275 11.6677793,57.8803111 11.6692125,57.8802112 11.6756175,57.8801596</coordinates></LinearRing></innerBoundaryIs><innerBoundaryIs><LinearRing><coordinates>11.6593283,57.8749766 11.6590439,57.8742532 11.6578708,57.8739426 11.6521643,57.8750796 11.6540112,57.8779289 11.6557201,57.8786929 11.6580811,57.8783695 11.6583955,57.877997 11.6593283,57.8749766</coordinates></LinearRing></innerBoundaryIs><innerBoundaryIs><LinearRing><coordinates>11.6764913,57.8751918 11.6793673,57.8766741 11.684812,57.876772 11.681029,57.8734668 11.6763259,57.8738365 11.6759737,57.8743851 11.6764913,57.8751918</coordinates></LinearRing></innerBoundaryIs><innerBoundaryIs><LinearRing><coordinates>11.6553777,57.8731725 11.6551315,57.8727964 11.6538535,57.8721681 11.6521415,57.8720893 11.6506201,57.8701556 11.6501164,57.8700128 11.6420655,57.8693835 11.6447254,57.8714923 11.6542717,57.8739241 11.6546742,57.8738554 11.6553777,57.8731725</coordinates></LinearRing></innerBoundaryIs><innerBoundaryIs><LinearRing><coordinates>11.6287318,57.8704818 11.6239773,57.8683984 11.622352,57.8701478 11.6160296,57.8674448 11.6209193,57.8648829 11.6202955,57.8639349 11.612648,57.862763 11.6113955,57.8607379 11.6076283,57.8603514 11.6080409,57.8578345 11.6036937,57.857259 11.6023548,57.8551455 11.6015625,57.8551896 11.5850682,57.8560725 11.5827482,57.8567699 11.5824368,57.8572828 11.5913584,57.8633097 11.5873821,57.8644899 11.5869476,57.8644032 11.5849946,57.8606268 11.581214,57.8597614 11.5793302,57.8571764 11.577044,57.8584563 11.5763267,57.8617291 11.5706038,57.8614608 11.5651398,57.8638877 11.5617172,57.862993 11.5653017,57.8618828 11.5632575,57.8595095 11.5581228,57.8600624 11.5590296,57.8580625 11.5573618,57.8573033 11.5566055,57.8571784 11.5504065,57.8579462 11.5486685,57.8610843 11.5488638,57.8613173 11.5599722,57.8615235 11.5593119,57.8640127 11.5545514,57.8656349 11.5586597,57.868902 11.5589684,57.8690947 11.5631055,57.8672456 11.5649086,57.8682818 11.570617,57.8670148 11.5648112,57.8689666 11.5646425,57.8712744 11.5732816,57.8735383 11.5766535,57.8725897 11.5734105,57.8748779 11.5798742,57.8774966 11.5853153,57.8772255 11.5822374,57.8785464 11.585875,57.8803267 11.5889399,57.879926 11.5950193,57.8813024 11.5958729,57.879232 11.6001728,57.8781554 11.6015625,57.8789062 11.6035484,57.878625 11.6062537,57.8797539 11.6061218,57.8801037 11.6015625,57.8811384 11.5997667,57.8820537 11.600125,57.8838127 11.5964028,57.8866754 11.5957311,57.8867834 11.5894933,57.8846089 11.5862088,57.8868738 11.5859528,57.8867878 11.5853412,57.8819956 11.5757209,57.8820283 11.5744631,57.8821833 11.5681779,57.8838007 11.5609456,57.8875952 11.5565625,57.8873326 11.5562242,57.8877364 11.558885,57.8907207 11.5813437,57.8890419 11.5748821,57.8922302 11.5781693,57.8973025 11.580705,57.8979343 11.5781559,57.8991715 11.5786337,57.899437 11.5841706,57.9006146 11.5900319,57.8997529 11.5980417,57.9011281 11.5985107,57.9020339 11.6015625,57.9020646 11.6017549,57.9021198 11.6050107,57.9005171 11.6080443,57.9018275 11.6100678,57.9009761 11.6131389,57.9017236 11.6130506,57.8992918 11.6160882,57.9009258 11.6238106,57.9007176 11.6265208,57.8964387 11.6324193,57.8918718 11.6342912,57.8865932 11.6371237,57.886187 11.6408736,57.8829401 11.639032,57.8790669 11.6392596,57.8784819 11.6401083,57.877941 11.6429553,57.8778971 11.643447,57.8767384 11.6432558,57.8764063 11.6419185,57.8761708 11.6367275,57.8774257 11.63583,57.8773036 11.6275533,57.874428 11.6264361,57.8732653 11.6298121,57.8720562 11.6287318,57.8704818</coordinates></LinearRing></innerBoundaryIs><innerBoundaryIs><LinearRing><coordinates>11.675947,57.8660265 11.6764383,57.8658001 11.6736887,57.8628622 11.6691501,57.8617111 11.6685628,57.8595364 11.6682779,57.8594162 11.665136,57.8608547 11.6645529,57.8616551 11.6647927,57.8622627 11.6673341,57.8633652 11.675947,57.8660265</coordinates></LinearRing></innerBoundaryIs><innerBoundaryIs><LinearRing><coordinates>11.6498723,57.8561105 11.6491841,57.8560672 11.6498272,57.8591055 11.6529605,57.8604664 11.653055,57.857537 11.6498723,57.8561105</coordinates></LinearRing></innerBoundaryIs><innerBoundaryIs><LinearRing><coordinates>11.642904,57.8528302 11.6377563,57.8507597 11.6258149,57.8527116 11.623669,57.8552109 11.639024,57.8571428 11.6440566,57.8557999 11.642904,57.8528302</coordinates></LinearRing></innerBoundaryIs><innerBoundaryIs><LinearRing><coordinates>11.6207578,57.8507627 11.6203504,57.8503761 11.6179374,57.8503286 11.6166867,57.8507034 11.6152477,57.8522863 11.6200765,57.8520122 11.6207578,57.8507627</coordinates></LinearRing></innerBoundaryIs><innerBoundaryIs><LinearRing><coordinates>11.6269053,57.8504016 11.6272304,57.8496805 11.6270587,57.8492785 11.6221882,57.849442 11.6220134,57.8502789 11.6261137,57.8505517 11.6269053,57.8504016</coordinates></LinearRing></innerBoundaryIs><innerBoundaryIs><LinearRing><coordinates>11.6232198,57.8476951 11.626977,57.8483514 11.627386,57.8457555 11.6319383,57.8470697 11.6347724,57.8465241 11.6339856,57.8436944 11.6305408,57.8415552 11.6265273,57.8432866 11.6218078,57.8429474 11.6164885,57.8443646 11.6163127,57.8444916 11.6176156,57.8456832 11.6222875,57.846402 11.617143,57.8489573 11.6186558,57.8496428 11.6189827,57.8495663 11.6232198,57.8476951</coordinates></LinearRing></innerBoundaryIs><innerBoundaryIs><LinearRing><coordinates>11.5499032,57.8457243 11.5489264,57.845718 11.5456207,57.8483561 11.5522197,57.8498861 11.5530136,57.8475494 11.5499032,57.8457243</coordinates></LinearRing></innerBoundaryIs><innerBoundaryIs><LinearRing><coordinates>11.584046,57.8498361 11.5829602,57.8515342 11.5862412,57.8514606 11.5861712,57.8526822 11.5922631,57.8536355 11.5933933,57.8544256 11.5942293,57.8549743 11.595173,57.8548691 11.598335,57.8531652 11.5988487,57.8527809 11.598164,57.851724 11.5974934,57.8514881 11.5907162,57.8511068 11.5903199,57.8509845 11.5925325,57.84948 11.5923547,57.8493648 11.5889875,57.8483555 11.5829074,57.8477932 11.5823559,57.8481848 11.584046,57.8498361</coordinates></LinearRing></innerBoundaryIs><innerBoundaryIs><LinearRing><coordinates>11.5454258,57.8517565 11.5442734,57.8522089 11.5424166,57.8553886 11.5430138,57.8557813 11.5481842,57.854286 11.5520995,57.8540472 11.552339,57.8538004 11.5470619,57.8514549 11.5454258,57.8517565</coordinates></LinearRing></innerBoundaryIs><innerBoundaryIs><LinearRing><coordinates>11.6103177,57.856173 11.612618,57.8555663 11.6154366,57.8534901 11.6156232,57.8533289 11.6146799,57.8524979 11.6080256,57.8524632 11.6055421,57.8536396 11.6055061,57.8543086 11.6084362,57.8563704 11.6103177,57.856173</coordinates></LinearRing></innerBoundaryIs><innerBoundaryIs><LinearRing><coordinates>11.6275274,57.8608958 11.6306236,57.8579769 11.6245639,57.8561794 11.6231698,57.8561673 11.6191812,57.8567866 11.6275274,57.8608958</coordinates></LinearRing></innerBoundaryIs><innerBoundaryIs><LinearRing><coordinates>11.6299427,57.8611861 11.6301343,57.8614842 11.6318634,57.8618727 11.6318005,57.8608108 11.6321641,57.860799 11.6333725,57.861167 11.6338677,57.8615159 11.6326479,57.8626145 11.6332622,57.8628728 11.635607,57.8633389 11.6392843,57.8630146 11.636799,57.8621722 11.6367003,57.8618288 11.6379015,57.860898 11.6392154,57.8592166 11.6362748,57.8583006 11.6357181,57.8584203 11.6299427,57.8611861</coordinates></LinearRing></innerBoundaryIs><innerBoundaryIs><LinearRing><coordinates>11.6107486,57.8507878 11.6138916,57.8503437 11.6141129,57.8500499 11.6138821,57.8494879 11.6124469,57.8478109 11.6090823,57.8480132 11.6107486,57.8507878</coordinates></LinearRing></innerBoundaryIs><innerBoundaryIs><LinearRing><coordinates>11.6600602,57.856407 11.6622241,57.8577629 11.6636961,57.8573211 11.663817,57.8570294 11.6606994,57.8542382 11.660091,57.8541027 11.6593372,57.8550348 11.6600602,57.856407</coordinates></LinearRing></innerBoundaryIs><innerBoundaryIs><LinearRing><coordinates>11.5535091,57.8739289 11.5582315,57.875088 11.5595936,57.8773243 11.563693,57.8780088 11.5646609,57.8778626 11.5699844,57.8764057 11.5698899,57.8756971 11.5695981,57.8754382 11.5660058,57.8752249 11.5679795,57.8728518 11.5610631,57.8703938 11.5545622,57.8709801 11.557344,57.8696005 11.5513409,57.8676041 11.5535091,57.8739289</coordinates></LinearRing></innerBoundaryIs><innerBoundaryIs><LinearRing><coordinates>11.5651273,57.8849847 11.5651654,57.8839753 11.5646048,57.8838099 11.5624892,57.8837174 11.5594122,57.8843277 11.5588409,57.8846687 11.5591408,57.8857687 11.559357,57.8859113 11.5646977,57.8851414 11.5651273,57.8849847</coordinates></LinearRing></innerBoundaryIs><innerBoundaryIs><LinearRing><coordinates>11.4677708,57.8948776 11.4672164,57.8940891 11.4666826,57.8937947 11.4655132,57.8942199 11.4618862,57.89616 11.4673607,57.8974301 11.4680417,57.8972749 11.4677708,57.8948776</coordinates></LinearRing></innerBoundaryIs><innerBoundaryIs><LinearRing><coordinates>11.4938726,57.9011211 11.4894958,57.9013289 11.4890836,57.9016238 11.4901555,57.9027237 11.4906251,57.9033468 11.4939247,57.9040449 11.4961832,57.9033616 11.4947195,57.9014246 11.4938726,57.9011211</coordinates></LinearRing></innerBoundaryIs><innerBoundaryIs><LinearRing><coordinates>11.5805079,57.9043061 11.5905553,57.9057809 11.5941559,57.9053622 11.5942261,57.9048538 11.5937265,57.9042977 11.5873578,57.9048454 11.5843042,57.9035418 11.5828627,57.9035983 11.5805079,57.9043061</coordinates></LinearRing></innerBoundaryIs><innerBoundaryIs><LinearRing><coordinates>11.6293089,57.9085325 11.6302783,57.9084603 11.6315748,57.907234 11.629247,57.9058952 11.6286345,57.9049683 11.6277905,57.9046441 11.6251827,57.9052256 11.6293089,57.9085325</coordinates></LinearRing></innerBoundaryIs><innerBoundaryIs><LinearRing><coordinates>11.6323781,57.8741302 11.633038,57.8754599 11.6338878,57.875706 11.6362159,57.8753906 11.6375271,57.8748354 11.637534,57.8736761 11.635064,57.8730897 11.6335371,57.8732206 11.6323781,57.8741302</coordinates></LinearRing></innerBoundaryIs><innerBoundaryIs><LinearRing><coordinates>11.6583681,57.8837852 11.6553583,57.8840446 11.654633,57.8845578 11.6547209,57.885231 11.658968,57.886813 11.6604036,57.885681 11.6589814,57.8841747 11.6583681,57.8837852</coordinates></LinearRing></innerBoundaryIs><innerBoundaryIs><LinearRing><coordinates>11.5546061,57.8405253 11.5566974,57.8412741 11.5589448,57.8408386 11.5595388,57.8404676 11.5579073,57.8396662 11.5546156,57.8397909 11.5546061,57.8405253</coordinates></LinearRing></innerBoundaryIs><innerBoundaryIs><LinearRing><coordinates>11.6596469,57.8392293 11.6553841,57.8374667 11.6548342,57.837382 11.6525192,57.8383548 11.6527953,57.8387134 11.6536967,57.8407099 11.6596469,57.8392293</coordinates></LinearRing></innerBoundaryIs><innerBoundaryIs><LinearRing><coordinates>11.626514,57.8372399 11.6263856,57.8361394 11.6255372,57.8353493 11.624521,57.8351552 11.6231393,57.8361197 11.6236006,57.8376704 11.6246253,57.838384 11.6258243,57.8379976 11.626514,57.8372399</coordinates></LinearRing></innerBoundaryIs><innerBoundaryIs><LinearRing><coordinates>11.5889359,57.8342533 11.5873996,57.8334754 11.5833175,57.8350548 11.5798754,57.8341119 11.5791436,57.8352305 11.5809917,57.8370982 11.5874761,57.8353204 11.5889359,57.8342533</coordinates></LinearRing></innerBoundaryIs><innerBoundaryIs><LinearRing><coordinates>11.6511149,57.8320312 11.6518605,57.8320312 11.6559935,57.832834 11.6573555,57.8327765 11.6570998,57.8320312 11.6563311,57.8320312 11.6528004,57.8309526 11.6514829,57.8309489 11.6507235,57.8311465 11.6511149,57.8320312</coordinates></LinearRing></innerBoundaryIs><innerBoundaryIs><LinearRing><coordinates>11.6838785,57.8284714 11.6855671,57.8270051 11.6950541,57.8263038 11.6998596,57.8253071 11.7005889,57.8249047 11.700267,57.8242691 11.6978824,57.8235915 11.6919866,57.8242871 11.6879193,57.8202028 11.6823471,57.8200666 11.681863,57.8198051 11.6812876,57.8162827 11.6775928,57.8165436 11.6776607,57.8196214 11.6807622,57.8215497 11.680564,57.8219777 11.6797028,57.8221476 11.6768281,57.8210146 11.6736768,57.8240207 11.6741204,57.8247849 11.6758899,57.8262875 11.6810836,57.8263646 11.6779025,57.8275387 11.6838785,57.8284714</coordinates></LinearRing></innerBoundaryIs><innerBoundaryIs><LinearRing><coordinates>11.6940646,57.8174155 11.6946265,57.8171426 11.6923853,57.8146992 11.6913369,57.8141387 11.6828883,57.8115392 11.6819593,57.8107594 11.6812834,57.8095713 11.6808985,57.8094271 11.6767271,57.8107179 11.6764252,57.8109869 11.6772414,57.8142219 11.6831672,57.815068 11.6893234,57.8178353 11.6940646,57.8174155</coordinates></LinearRing></innerBoundaryIs><innerBoundaryIs><LinearRing><coordinates>11.6979144,57.8149731 11.7010475,57.8165163 11.7042784,57.813982 11.7043037,57.8138108 11.7025458,57.8132265 11.6992337,57.8131028 11.6978396,57.8145338 11.6979144,57.8149731</coordinates></LinearRing></innerBoundaryIs><innerBoundaryIs><LinearRing><coordinates>11.7056503,57.8141237 11.7069261,57.8144897 11.7131288,57.8134789 11.7088528,57.8122333 11.7057008,57.8133808 11.7056503,57.8141237</coordinates></LinearRing></innerBoundaryIs><innerBoundaryIs><LinearRing><coordinates>11.7132514,57.8127157 11.7170188,57.8133883 11.7191737,57.8131804 11.7206213,57.8129225 11.7252438,57.8111289 11.7248878,57.8093359 11.7206851,57.8087476 11.7189426,57.808894 11.7131748,57.8122482 11.7132514,57.8127157</coordinates></LinearRing></innerBoundaryIs><innerBoundaryIs><LinearRing><coordinates>11.7192248,57.806814 11.717537,57.8052645 11.7130899,57.8095427 11.7135359,57.8097455 11.7143563,57.809666 11.7192248,57.806814</coordinates></LinearRing></innerBoundaryIs><innerBoundaryIs><LinearRing><coordinates>11.7017879,57.8063622 11.6972622,57.8052388 11.6902891,57.8065283 11.6863261,57.8080893 11.6869155,57.8102463 11.6873558,57.8103837 11.6916142,57.8104337 11.693468,57.8077912 11.6942405,57.8077784 11.6992517,57.8107641 11.7046161,57.8107944 11.7095098,57.8089809 11.7120023,57.8055025 11.7092764,57.8063364 11.7067674,57.8056509 11.7052147,57.8068734 11.7034839,57.8049519 11.7017879,57.8063622</coordinates></LinearRing></innerBoundaryIs><innerBoundaryIs><LinearRing><coordinates>11.6764416,57.8046221 11.6766874,57.804225 11.6765254,57.8036124 11.6758806,57.8031808 11.6704766,57.8040467 11.6694251,57.8045737 11.6693987,57.8065472 11.6739351,57.8064529 11.673583,57.8051395 11.6764416,57.8046221</coordinates></LinearRing></innerBoundaryIs><innerBoundaryIs><LinearRing><coordinates>11.7008928,57.8041942 11.7024173,57.8040862 11.704428,57.8023381 11.7045938,57.8022739 11.7064406,57.8032188 11.7105689,57.802179 11.706508,57.801917 11.7040077,57.7977153 11.7036026,57.7975836 11.6988447,57.7987427 11.6953437,57.7984012 11.6952242,57.8003653 11.6962745,57.8015476 11.6994838,57.8023924 11.6982296,57.8034765 11.7008928,57.8041942</coordinates></LinearRing></innerBoundaryIs><innerBoundaryIs><LinearRing><coordinates>11.7334749,57.8004562 11.7337869,57.7995198 11.733505,57.7992541 11.7269524,57.8002694 11.7263678,57.8004378 11.725107,57.8017839 11.7334749,57.8004562</coordinates></LinearRing></innerBoundaryIs><innerBoundaryIs><LinearRing><coordinates>11.724871,57.7968951 11.7244024,57.7967485 11.7150676,57.7965631 11.7108846,57.7954969 11.7107146,57.7949601 11.7104654,57.7938824 11.7070268,57.7938592 11.7092477,57.7980586 11.709854,57.7985166 11.7145724,57.8000967 11.7197957,57.8009973 11.7252613,57.7977161 11.724871,57.7968951</coordinates></LinearRing></innerBoundaryIs><innerBoundaryIs><LinearRing><coordinates>11.7164375,57.7943702 11.7225323,57.7951058 11.7229297,57.7938035 11.7203407,57.7926353 11.7199419,57.7924587 11.7164332,57.7940094 11.7164375,57.7943702</coordinates></LinearRing></innerBoundaryIs><innerBoundaryIs><LinearRing><coordinates>11.6034271,57.7929455 11.6079328,57.7903038 11.6103491,57.7894343 11.610625,57.7892042 11.6094553,57.7878593 11.6119087,57.786749 11.6131012,57.7834315 11.615822,57.7839254 11.6210073,57.7805911 11.6244105,57.7754554 11.6278403,57.7738519 11.6280303,57.7735021 11.6255984,57.7704316 11.6250128,57.7703608 11.6187841,57.7711561 11.6201612,57.7702651 11.6174784,57.7700961 11.6150714,57.7715936 11.611097,57.7716637 11.6094033,57.7709174 11.6112099,57.7699217 11.6061683,57.7690036 11.6015625,57.7712053 11.5994611,57.7719895 11.5992543,57.772491 11.6003993,57.7752501 11.5978837,57.7834669 11.6009699,57.7875224 11.5996552,57.7899975 11.5969669,57.790585 11.600212,57.7929896 11.6015625,57.7929688 11.6034271,57.7929455</coordinates></LinearRing></innerBoundaryIs><innerBoundaryIs><LinearRing><coordinates>11.7086008,57.7897907 11.7086524,57.7900631 11.711313,57.7921391 11.713611,57.7907634 11.7108519,57.7879719 11.7093613,57.7878009 11.7087591,57.7882566 11.7086008,57.7897907</coordinates></LinearRing></innerBoundaryIs><innerBoundaryIs><LinearRing><coordinates>11.636269,57.786413 11.6336957,57.78588 11.6334594,57.7850757 11.6339656,57.7841051 11.6376374,57.7833855 11.6367496,57.7787497 11.6333258,57.7805426 11.6302758,57.7802753 11.6286361,57.7825592 11.6295608,57.7837464 11.6312222,57.7834421 11.6287584,57.7853261 11.6288574,57.7859153 11.6308625,57.7872035 11.63398,57.7880561 11.6364831,57.7868499 11.636269,57.786413</coordinates></LinearRing></innerBoundaryIs><innerBoundaryIs><LinearRing><coordinates>11.7222278,57.7797605 11.7223449,57.780004 11.7234035,57.7805705 11.7255731,57.7810074 11.7298278,57.7802298 11.7263023,57.7788732 11.7245405,57.7790875 11.7222278,57.7797605</coordinates></LinearRing></innerBoundaryIs><innerBoundaryIs><LinearRing><coordinates>11.6517615,57.7783854 11.6565207,57.7779089 11.6568555,57.7776613 11.6559978,57.774334 11.6511663,57.7750188 11.6504931,57.775461 11.6478266,57.7777762 11.6477268,57.778046 11.6487823,57.7790714 11.6498334,57.7788575 11.6517615,57.7783854</coordinates></LinearRing></innerBoundaryIs><innerBoundaryIs><LinearRing><coordinates>11.6734256,57.7710932 11.677909,57.7723448 11.6822712,57.771854 11.6804904,57.7701991 11.6828539,57.7678905 11.6807961,57.7652267 11.6772397,57.7654831 11.6760126,57.7683856 11.673732,57.7688746 11.6732435,57.7705179 11.6734256,57.7710932</coordinates></LinearRing></innerBoundaryIs><innerBoundaryIs><LinearRing><coordinates>11.6155784,57.7652144 11.616858,57.7632633 11.6170635,57.7612979 11.6176056,57.7564198 11.6142246,57.7540278 11.6164191,57.7519361 11.6120514,57.7508447 11.6067905,57.7528812 11.6119587,57.7551106 11.6015625,57.7564173 11.6013058,57.7564144 11.5990049,57.7583009 11.5990402,57.7587022 11.6015625,57.7586495 11.6015625,57.7603236 11.6011451,57.7604631 11.6015625,57.7606027 11.6043094,57.7629857 11.6049188,57.7633115 11.6128044,57.7663069 11.6138623,57.7662534 11.6155784,57.7652144</coordinates></LinearRing></innerBoundaryIs><innerBoundaryIs><LinearRing><coordinates>11.6214873,57.7605501 11.6206743,57.7612122 11.6206688,57.7626761 11.6233656,57.7644995 11.6239378,57.7615082 11.6259304,57.7623047 11.6262403,57.7621899 11.6276947,57.7599022 11.6284606,57.7598562 11.6336418,57.7610228 11.6341642,57.760814 11.6343967,57.7597196 11.6338685,57.759286 11.6290345,57.7584069 11.6287963,57.7585356 11.6214873,57.7605501</coordinates></LinearRing></innerBoundaryIs><innerBoundaryIs><LinearRing><coordinates>11.6985163,57.7601796 11.7010307,57.756501 11.6995565,57.7543244 11.6967899,57.7545865 11.6926516,57.7597373 11.6985163,57.7601796</coordinates></LinearRing></innerBoundaryIs><innerBoundaryIs><LinearRing><coordinates>11.7758384,57.7598783 11.7766925,57.7600842 11.7802087,57.7596529 11.7882602,57.759129 11.7828902,57.7545201 11.7752354,57.7544972 11.7751009,57.7585453 11.7758384,57.7598783</coordinates></LinearRing></innerBoundaryIs><innerBoundaryIs><LinearRing><coordinates>11.7869704,57.7564669 11.7929873,57.7543278 11.7906446,57.753069 11.7859395,57.7530437 11.7857139,57.7532361 11.7858324,57.7545925 11.7869704,57.7564669</coordinates></LinearRing></innerBoundaryIs><innerBoundaryIs><LinearRing><coordinates>11.7597897,57.751249 11.7557498,57.7485234 11.7507076,57.7489513 11.7499486,57.749454 11.7497476,57.7501825 11.753089,57.753069 11.7588274,57.7530931 11.7590203,57.7528949 11.7597897,57.751249</coordinates></LinearRing></innerBoundaryIs><innerBoundaryIs><LinearRing><coordinates>11.6924349,57.7454752 11.6924586,57.7451199 11.6903132,57.7430936 11.6905764,57.7423335 11.6912096,57.7418529 11.694078,57.7412946 11.6983846,57.7433516 11.7008615,57.7427163 11.7026206,57.7401187 11.7015018,57.7371989 11.693202,57.7340732 11.6930774,57.7311111 11.6903214,57.729798 11.6915001,57.7280766 11.6874837,57.7259722 11.690509,57.7208133 11.690082,57.7138203 11.6922942,57.7128921 11.6879236,57.7096927 11.6819496,57.714996 11.6822308,57.7187684 11.6728941,57.7230495 11.6705464,57.7294673 11.6723226,57.7319548 11.6678903,57.7352237 11.6670696,57.7412225 11.6710445,57.7425708 11.674793,57.741998 11.6710196,57.751983 11.6738193,57.7535481 11.67276,57.7554879 11.6794083,57.7559551 11.6852474,57.7586747 11.688103,57.7576911 11.6902941,57.753257 11.6925389,57.7540686 11.6930656,57.7540776 11.6982532,57.7528357 11.7007304,57.7539043 11.7010778,57.7536399 11.7010596,57.7503496 11.7003458,57.7494456 11.6992747,57.7492104 11.6939886,57.7495431 11.6927843,57.7523748 11.6924694,57.7524912 11.6911695,57.7518348 11.68961,57.7490215 11.6924349,57.7454752</coordinates></LinearRing></innerBoundaryIs><innerBoundaryIs><LinearRing><coordinates>11.6835873,57.7106076 11.6864517,57.7060025 11.6854403,57.7043995 11.6850284,57.7042663 11.6778814,57.7068996 11.6766142,57.7126582 11.6776164,57.713212 11.678281,57.7131363 11.6835873,57.7106076</coordinates></LinearRing></innerBoundaryIs><innerBoundaryIs><LinearRing><coordinates>11.6603304,57.7110693 11.6662092,57.7093155 11.666604,57.7075186 11.6607018,57.7052469 11.6596655,57.7036843 11.6549078,57.7033199 11.6570742,57.7006412 11.650624,57.7022781 11.6530396,57.7032548 11.6514421,57.7043002 11.6484661,57.7012779 11.6461821,57.7009321 11.6425991,57.7010957 11.6383069,57.70351 11.6330314,57.7043395 11.6316634,57.7059172 11.6340541,57.7078145 11.6314797,57.7093372 11.6314499,57.7133164 11.6290694,57.7158206 11.6235667,57.7165472 11.6272517,57.7174125 11.6272376,57.719259 11.6337358,57.7198201 11.6313827,57.7206063 11.631953,57.7239017 11.6293168,57.7243897 11.6301544,57.7262872 11.6285871,57.7273859 11.6410681,57.7271841 11.6530505,57.7244787 11.6547232,57.7238148 11.6556779,57.7230037 11.6582952,57.7161407 11.6592046,57.7144166 11.6582679,57.7129337 11.6603304,57.7110693</coordinates></LinearRing></innerBoundaryIs><innerBoundaryIs><LinearRing><coordinates>11.7019222,57.702324 11.7100571,57.6986978 11.7072902,57.696045 11.7045968,57.6955 11.7042084,57.6940459 11.7040781,57.6932216 11.7015327,57.6928542 11.6985552,57.695398 11.6985825,57.6967421 11.7005008,57.6992186 11.7042984,57.7005169 11.7043,57.7006952 11.7019222,57.702324</coordinates></LinearRing></innerBoundaryIs><innerBoundaryIs><LinearRing><coordinates>11.7308918,57.6934186 11.7337896,57.6953125 11.7386436,57.6951771 11.7441114,57.6930981 11.7470135,57.6923691 11.7427731,57.691714 11.7413535,57.6892577 11.7390599,57.6886785 11.7378867,57.6886848 11.7351258,57.6893578 11.7344999,57.692838 11.7304826,57.6929818 11.7308918,57.6934186</coordinates></LinearRing></innerBoundaryIs><innerBoundaryIs><LinearRing><coordinates>11.6898665,57.6910021 11.6892571,57.6881694 11.6816911,57.6897435 11.6753354,57.6948429 11.6761425,57.6970094 11.681302,57.6992508 11.6875184,57.6971055 11.6856942,57.6959574 11.68527,57.6931432 11.6856728,57.692644 11.6898665,57.6910021</coordinates></LinearRing></innerBoundaryIs><innerBoundaryIs><LinearRing><coordinates>11.668402,57.6980392 11.6647493,57.6966888 11.6703701,57.690587 11.6665313,57.6868236 11.6696202,57.684146 11.6744519,57.6856437 11.6755623,57.6820151 11.6730396,57.6801646 11.668474,57.679352 11.6643934,57.6770447 11.6638646,57.6810638 11.6596674,57.6811759 11.6564859,57.6827766 11.6545939,57.6806306 11.6528693,57.6805078 11.6518459,57.68054 11.6485949,57.6814734 11.6511234,57.6828896 11.6495579,57.6834046 11.6443203,57.6821494 11.6474509,57.6808296 11.6420927,57.6787055 11.6352586,57.6814165 11.6350145,57.6815459 11.6344912,57.6847819 11.6280972,57.6882524 11.6342258,57.6891766 11.6346954,57.6896189 11.6348094,57.6902109 11.6301341,57.6941363 11.6291699,57.69447 11.6254487,57.6948684 11.6208034,57.6939175 11.6197054,57.6908056 11.6147693,57.6895108 11.609224,57.6916347 11.6167285,57.692154 11.6158764,57.6948279 11.6127431,57.6956189 11.6076922,57.6934053 11.6056879,57.6938884 11.6094683,57.7006918 11.6169958,57.7035342 11.6164716,57.7046978 11.6229734,57.7062782 11.6244386,57.7058547 11.6240612,57.7031085 11.6342359,57.7022594 11.6352026,57.7020936 11.6377819,57.7001852 11.6404576,57.700457 11.6408882,57.700299 11.6430188,57.6966726 11.6462841,57.6994476 11.6473681,57.6995651 11.6567379,57.6981337 11.6586118,57.6998645 11.6596038,57.7000213 11.6653107,57.7005316 11.6687444,57.6996871 11.6692193,57.6991918 11.668402,57.6980392</coordinates></LinearRing></innerBoundaryIs><innerBoundaryIs><LinearRing><coordinates>11.7246493,57.6819454 11.7248275,57.6824827 11.7256196,57.682927 11.7307132,57.6842095 11.7335095,57.6838849 11.7297668,57.6811076 11.7289203,57.6808819 11.7265666,57.6807156 11.7255127,57.6810507 11.7246493,57.6819454</coordinates></LinearRing></innerBoundaryIs><innerBoundaryIs><LinearRing><coordinates>11.7943338,57.6831495 11.7940404,57.6858525 11.7936924,57.6860845 11.7885195,57.6878757 11.7914701,57.6900764 11.799301,57.687085 11.7981964,57.6830157 11.7973694,57.6826004 11.7951769,57.6826245 11.7943338,57.6831495</coordinates></LinearRing></innerBoundaryIs><innerBoundaryIs><LinearRing><coordinates>11.8158,57.6841986 11.8196023,57.6834089 11.8199052,57.6828787 11.8195382,57.6821696 11.8145185,57.6817116 11.8126363,57.682584 11.8126609,57.6828957 11.8158,57.6841986</coordinates></LinearRing></innerBoundaryIs><innerBoundaryIs><LinearRing><coordinates>11.6081418,57.6884921 11.60774,57.6883726 11.6042118,57.6887645 11.6039515,57.6907755 11.6043443,57.69098 11.6061915,57.6909528 11.6074451,57.6893888 11.6081418,57.6884921</coordinates></LinearRing></innerBoundaryIs><innerBoundaryIs><LinearRing><coordinates>11.6413695,57.732644 11.6437573,57.734461 11.6417499,57.7385561 11.6389391,57.7317981 11.6246651,57.7329412 11.6259906,57.73706 11.629914,57.7364954 11.6303735,57.7331742 11.6368895,57.734647 11.6349947,57.7366832 11.6370255,57.738197 11.6279103,57.7411737 11.6315453,57.7429157 11.6329176,57.7464817 11.634028,57.7469605 11.6393464,57.7462018 11.6398035,57.7460732 11.6416817,57.7443202 11.6422765,57.7441638 11.649739,57.7441086 11.6562544,57.7413867 11.6569505,57.7368236 11.6624491,57.7318161 11.6590852,57.7292324 11.6586407,57.7266784 11.654793,57.7256013 11.6534261,57.7255452 11.6495925,57.7291282 11.6413695,57.732644</coordinates></LinearRing></innerBoundaryIs><innerBoundaryIs><LinearRing><coordinates>11.6179231,57.7324886 11.6177043,57.7320765 11.6125236,57.7330636 11.611093,57.7370256 11.6125143,57.7383161 11.6192827,57.7357398 11.6179231,57.7324886</coordinates></LinearRing></innerBoundaryIs><innerBoundaryIs><LinearRing><coordinates>11.5836493,57.7359294 11.5816792,57.7358088 11.5792006,57.7366095 11.5793114,57.736971 11.579922,57.7373055 11.5838805,57.7376482 11.5848103,57.7372879 11.5836493,57.7359294</coordinates></LinearRing></innerBoundaryIs><innerBoundaryIs><LinearRing><coordinates>11.6496841,57.7475992 11.649164,57.7481771 11.6475695,57.7512106 11.6465845,57.7535361 11.6468385,57.7595369 11.6554343,57.7566311 11.6549226,57.7540179 11.6567488,57.7528764 11.6553268,57.7504061 11.6572948,57.748741 11.6545879,57.7464628 11.6531398,57.7465504 11.6496841,57.7475992</coordinates></LinearRing></innerBoundaryIs><innerBoundaryIs><LinearRing><coordinates>11.6289982,57.7549103 11.6287457,57.7547364 11.6246459,57.7556219 11.6240559,57.7559993 11.6234217,57.7576824 11.6268491,57.7577742 11.6280957,57.7574146 11.6289982,57.7549103</coordinates></LinearRing></innerBoundaryIs><innerBoundaryIs><LinearRing><coordinates>11.6304044,57.7306972 11.6292374,57.7290829 11.6251633,57.7300198 11.6290005,57.7317616 11.6298137,57.7313704 11.6304044,57.7306972</coordinates></LinearRing></innerBoundaryIs><innerBoundaryIs><LinearRing><coordinates>11.6703525,57.7168343 11.6714925,57.7171885 11.6738985,57.7170568 11.6749862,57.716706 11.6747456,57.7160192 11.6729172,57.7146347 11.6716266,57.714363 11.670785,57.7153385 11.6703525,57.7168343</coordinates></LinearRing></innerBoundaryIs><innerBoundaryIs><LinearRing><coordinates>11.7071008,57.7554278 11.7048788,57.7565165 11.7066925,57.7572939 11.7094656,57.7571067 11.7098176,57.7568566 11.7098622,57.7531651 11.708154,57.7529407 11.7073416,57.7532986 11.7072242,57.7542909 11.7071008,57.7554278</coordinates></LinearRing></innerBoundaryIs><innerBoundaryIs><LinearRing><coordinates>11.7654712,57.7572289 11.7716934,57.7584639 11.7727681,57.7582514 11.773194,57.757892 11.7699941,57.7564256 11.7673146,57.7562943 11.7652816,57.7570571 11.7654712,57.7572289</coordinates></LinearRing></innerBoundaryIs><innerBoundaryIs><LinearRing><coordinates>11.5695436,57.7964435 11.5692836,57.7968661 11.5713489,57.7981009 11.5727369,57.7978549 11.5768375,57.7958217 11.5770146,57.7954742 11.5737882,57.794504 11.5695436,57.7964435</coordinates></LinearRing></innerBoundaryIs><innerBoundaryIs><LinearRing><coordinates>11.6057858,57.797101 11.6082705,57.7984229 11.6085252,57.7955563 11.6082653,57.7953289 11.6058056,57.7966108 11.6057858,57.797101</coordinates></LinearRing></innerBoundaryIs><innerBoundaryIs><LinearRing><coordinates>11.6565526,57.7998368 11.6630735,57.801052 11.6640952,57.8008829 11.6669095,57.7986848 11.6678075,57.7968493 11.6674922,57.7966357 11.661208,57.7984962 11.6623508,57.7969608 11.6606419,57.7957987 11.6601831,57.7958676 11.6565526,57.7998368</coordinates></LinearRing></innerBoundaryIs><innerBoundaryIs><LinearRing><coordinates>11.591373,57.8005368 11.5867748,57.8011473 11.5879716,57.8024307 11.5904477,57.8031677 11.5915229,57.802785 11.5926369,57.8014427 11.5921355,57.8006215 11.591373,57.8005368</coordinates></LinearRing></innerBoundaryIs><innerBoundaryIs><LinearRing><coordinates>11.6727297,57.8026162 11.6732368,57.8011354 11.6724447,57.8000789 11.6712033,57.8000677 11.6666538,57.802806 11.6727297,57.8026162</coordinates></LinearRing></innerBoundaryIs><innerBoundaryIs><LinearRing><coordinates>11.6704465,57.8137552 11.6666336,57.8145812 11.6707228,57.8167338 11.6734058,57.8145796 11.6704465,57.8137552</coordinates></LinearRing></innerBoundaryIs><innerBoundaryIs><LinearRing><coordinates>11.5970916,57.8141795 11.5950474,57.8147916 11.5924104,57.8172917 11.5920665,57.8180443 11.5929787,57.8184266 11.5947669,57.8183132 11.6001271,57.8162051 11.5977679,57.8143055 11.5970916,57.8141795</coordinates></LinearRing></innerBoundaryIs><innerBoundaryIs><LinearRing><coordinates>11.6182718,57.8190531 11.6228201,57.8194333 11.6227711,57.8188829 11.6242557,57.8168355 11.6238669,57.8165261 11.6206806,57.8148266 11.6179971,57.8187959 11.6182718,57.8190531</coordinates></LinearRing></innerBoundaryIs><innerBoundaryIs><LinearRing><coordinates>11.574742,57.8209023 11.5745106,57.8211194 11.5752774,57.8225811 11.5771666,57.8221333 11.5799254,57.8224449 11.5792087,57.8202242 11.574742,57.8209023</coordinates></LinearRing></innerBoundaryIs><innerBoundaryIs><LinearRing><coordinates>11.6570984,57.825547 11.6580759,57.8265092 11.6599652,57.8258377 11.66659,57.8256162 11.6667151,57.8221879 11.6664099,57.8217632 11.6645926,57.8215783 11.6639965,57.821457 11.6623948,57.8229387 11.66014,57.8220229 11.6573863,57.822726 11.6570984,57.825547</coordinates></LinearRing></innerBoundaryIs><innerBoundaryIs><LinearRing><coordinates>11.8211123,57.6761962 11.8223302,57.6769248 11.8277434,57.6762851 11.8287864,57.6755106 11.8287965,57.6751357 11.8251638,57.6752769 11.8211123,57.6761962</coordinates></LinearRing></innerBoundaryIs><innerBoundaryIs><LinearRing><coordinates>11.6678988,57.6747528 11.6701123,57.673478 11.6700915,57.6724553 11.6682131,57.6719712 11.6656275,57.6746711 11.6665499,57.6711394 11.6610796,57.6719701 11.662456,57.669928 11.6622545,57.6695158 11.6603152,57.6672338 11.6571426,57.6655654 11.6560636,57.6651872 11.6539907,57.6663269 11.6501986,57.6658772 11.6502721,57.6675339 11.6467601,57.6702765 11.646353,57.673838 11.6518433,57.6719378 11.6530683,57.6719939 11.6580215,57.6743758 11.6634125,57.6752663 11.6656551,57.6751747 11.6678988,57.6747528</coordinates></LinearRing></innerBoundaryIs><innerBoundaryIs><LinearRing><coordinates>11.8256748,57.6737916 11.8266761,57.671882 11.8225718,57.6713755 11.8207057,57.6714768 11.8191614,57.6733648 11.8201886,57.6739298 11.8256748,57.6737916</coordinates></LinearRing></innerBoundaryIs><innerBoundaryIs><LinearRing><coordinates>11.6747262,57.6715276 11.6740729,57.6707258 11.6734602,57.6704792 11.667899,57.6706327 11.6677014,57.6708145 11.6738822,57.6737624 11.6744835,57.6733787 11.6747262,57.6715276</coordinates></LinearRing></innerBoundaryIs><innerBoundaryIs><LinearRing><coordinates>11.6649584,57.66831 11.6655304,57.668147 11.6671684,57.6652597 11.6651399,57.6639117 11.6651896,57.6610767 11.663523,57.6606205 11.6628618,57.6604999 11.6604171,57.6608506 11.6605644,57.6632773 11.6613847,57.6653615 11.6649584,57.66831</coordinates></LinearRing></innerBoundaryIs><innerBoundaryIs><LinearRing><coordinates>11.8001792,57.6637578 11.8007456,57.6636198 11.8038634,57.6608717 11.804141,57.6605545 11.8025144,57.6582174 11.8048396,57.6575083 11.8044673,57.65625 11.8046066,57.65625 11.8037,57.6552684 11.8008198,57.6532249 11.7986664,57.653685 11.7963637,57.6526628 11.807689,57.651702 11.809418,57.6454774 11.8054034,57.6403772 11.8014553,57.6396294 11.8000375,57.639665 11.7991089,57.6401013 11.796225,57.644066 11.7892491,57.6474572 11.7913423,57.6510555 11.7899669,57.6520324 11.7884465,57.649163 11.7861006,57.6494768 11.7855387,57.6465458 11.7897778,57.640563 11.7812376,57.6305819 11.7754145,57.6346321 11.7725523,57.6325808 11.7661523,57.6350749 11.7633764,57.6410257 11.7588567,57.6393021 11.7556978,57.6424847 11.7534703,57.6422212 11.7571187,57.637664 11.7540429,57.6362056 11.7545905,57.6388441 11.7444181,57.6398129 11.7374283,57.6430686 11.7316458,57.6431361 11.7264152,57.6478066 11.7267208,57.6488221 11.7311534,57.6494977 11.7408133,57.6456338 11.7459261,57.6512768 11.7500541,57.6501383 11.7587736,57.6521587 11.7570204,57.6546853 11.7580895,57.655391 11.7593387,57.6554492 11.7618842,57.6543415 11.7648454,57.6550757 11.7650599,57.6546636 11.7647241,57.6524246 11.7614952,57.6515355 11.7613209,57.651197 11.7619839,57.6487379 11.767207,57.6500574 11.7696146,57.6531018 11.7674655,57.6549459 11.7716362,57.6555771 11.7713718,57.65625 11.7712708,57.6564244 11.7739683,57.65625 11.7848088,57.6534979 11.7852941,57.6537046 11.7839355,57.6549741 11.7859122,57.65625 11.786211,57.65625 11.7864561,57.6563855 11.7849565,57.6596491 11.7945516,57.6582309 11.7953175,57.6584615 11.7941123,57.6607956 11.7974499,57.6634842 11.8001792,57.6637578</coordinates></LinearRing></innerBoundaryIs><innerBoundaryIs><LinearRing><coordinates>11.7983826,57.639598 11.7987716,57.6391118 11.7981358,57.6371968 11.8003597,57.636553 11.8014261,57.6356657 11.800783,57.6354084 11.7975025,57.6348133 11.7955812,57.6351964 11.793801,57.6371531 11.7937945,57.6382054 11.7942531,57.6397502 11.7955824,57.6403933 11.7965958,57.6401932 11.7983826,57.639598</coordinates></LinearRing></innerBoundaryIs><innerBoundaryIs><LinearRing><coordinates>11.8032249,57.6376801 11.8045071,57.6387596 11.8119713,57.6334054 11.8133107,57.6316581 11.8104258,57.6292475 11.8117648,57.6273479 11.8115489,57.6268287 11.8092138,57.6247202 11.8069792,57.624239 11.7978929,57.6251901 11.7971596,57.6255264 11.794962,57.627918 11.7963473,57.6319894 11.797008,57.6329455 11.7976304,57.6332371 11.8039135,57.6341335 11.805163,57.6348007 11.8051027,57.635847 11.8032249,57.6376801</coordinates></LinearRing></innerBoundaryIs><innerBoundaryIs><LinearRing><coordinates>11.8664947,57.6334099 11.8684134,57.6332108 11.8687145,57.6329753 11.8693486,57.6298009 11.8713777,57.626583 11.8669186,57.6266676 11.8621979,57.6290494 11.8616486,57.6234581 11.8591344,57.6225911 11.8583394,57.6228235 11.856672,57.6252112 11.8571203,57.6284314 11.8582113,57.6303788 11.8615301,57.6295427 11.8616875,57.6296099 11.8636624,57.6321126 11.8664947,57.6334099</coordinates></LinearRing></innerBoundaryIs><innerBoundaryIs><LinearRing><coordinates>11.8551322,57.6226811 11.8545408,57.6196213 11.8588119,57.6188086 11.8580256,57.6158285 11.8521111,57.6158478 11.8549144,57.6173816 11.8540652,57.6192781 11.8519388,57.6188937 11.8530911,57.6177802 11.8510478,57.6171386 11.8491522,57.620525 11.8445806,57.6216284 11.8463222,57.6257781 11.846103,57.6259952 11.8409883,57.626211 11.8445925,57.6303033 11.8490996,57.6298018 11.8523335,57.6312572 11.8529934,57.6311007 11.8531123,57.63003 11.8539737,57.6259989 11.8503395,57.623969 11.8503911,57.6237218 11.8511719,57.6228027 11.8529902,57.6232618 11.8549525,57.6229085 11.8551322,57.6226811</coordinates></LinearRing></innerBoundaryIs><innerBoundaryIs><LinearRing><coordinates>11.7984132,57.6158257 11.7947741,57.6163657 11.7980171,57.6138461 11.7966588,57.6124852 11.7997628,57.613748 11.8020254,57.6132947 11.7986692,57.6110054 11.7988721,57.6087176 11.7949862,57.6087917 11.7948436,57.6084619 11.7970296,57.6067553 11.7989494,57.6066966 11.8054594,57.6091928 11.8076117,57.6115913 11.8123002,57.6102368 11.8163261,57.6125712 11.8186682,57.6115761 11.8198719,57.6102957 11.8200628,57.6098099 11.8188205,57.6063108 11.8181303,57.6055014 11.8115243,57.6055251 11.8123544,57.6031926 11.8098185,57.6029038 11.8133506,57.6004732 11.8100609,57.6013323 11.8093472,57.6003141 11.8094133,57.6000822 11.8178242,57.595561 11.8179765,57.5951434 11.8169993,57.5933152 11.8109,57.5916258 11.803386,57.5921632 11.8027554,57.5922691 11.7983466,57.5943129 11.7890096,57.5957524 11.7885382,57.5960402 11.7938282,57.6016653 11.7921802,57.6032536 11.7977957,57.6024513 11.7950388,57.6065547 11.7899657,57.6070518 11.7904062,57.6042819 11.7837632,57.5992301 11.7812976,57.5988626 11.7833223,57.5978152 11.781655,57.596778 11.7732297,57.5982921 11.7772908,57.601144 11.7758135,57.6020873 11.7710032,57.6014513 11.7664638,57.5985829 11.7641768,57.600661 11.7670685,57.600605 11.7668935,57.6029723 11.7580248,57.6013439 11.7564867,57.6013962 11.7522881,57.6033992 11.7518129,57.6038687 11.7517371,57.6044661 11.7550817,57.6056201 11.756637,57.607843 11.757354,57.60798 11.762066,57.6048247 11.7628802,57.6047654 11.7647713,57.605425 11.7660326,57.606389 11.765896,57.6067137 11.763181,57.6090573 11.7639909,57.6097319 11.7647986,57.6099933 11.7672194,57.6102563 11.7681829,57.6097052 11.7692267,57.6088955 11.7682188,57.6074506 11.772266,57.6092153 11.7727109,57.6096956 11.7723736,57.611093 11.7695357,57.6124341 11.7631241,57.6129174 11.7594585,57.6119297 11.7521967,57.6128964 11.759622,57.6157895 11.7602096,57.6186321 11.7641667,57.6184804 11.7666054,57.620823 11.7678539,57.6211758 11.7694072,57.6212959 11.7758785,57.6195271 11.7796493,57.6199063 11.7954016,57.6177177 11.7975864,57.6182321 11.794452,57.620434 11.7902154,57.6212682 11.7903985,57.6215218 11.7916592,57.6225895 11.7945106,57.6226783 11.7963893,57.6246066 11.7969579,57.6247507 11.8015831,57.6243764 11.8028606,57.6241003 11.8053936,57.6225656 11.8057866,57.6217972 11.7988498,57.6159492 11.7984132,57.6158257</coordinates></LinearRing></innerBoundaryIs><innerBoundaryIs><LinearRing><coordinates>11.8668334,57.6136621 11.8730785,57.611921 11.8697031,57.6108944 11.8676218,57.6109248 11.8665916,57.611463 11.8669444,57.6132919 11.8668334,57.6136621</coordinates></LinearRing></innerBoundaryIs><innerBoundaryIs><LinearRing><coordinates>11.8434534,57.6099696 11.8458616,57.6081893 11.8444519,57.6065829 11.8425879,57.6063896 11.8416328,57.608188 11.8434534,57.6099696</coordinates></LinearRing></innerBoundaryIs><innerBoundaryIs><LinearRing><coordinates>11.881272,57.6066777 11.8818792,57.607832 11.8833274,57.60706 11.8833359,57.6064143 11.8798711,57.6036297 11.8759131,57.6044929 11.875549,57.6061341 11.8757759,57.6064397 11.881272,57.6066777</coordinates></LinearRing></innerBoundaryIs><innerBoundaryIs><LinearRing><coordinates>11.8819042,57.6024011 11.8873262,57.6026309 11.8886482,57.6008456 11.8867484,57.6005623 11.8827533,57.6014591 11.8819042,57.6024011</coordinates></LinearRing></innerBoundaryIs><innerBoundaryIs><LinearRing><coordinates>11.7902694,57.5909231 11.7903883,57.5902504 11.7886065,57.5892642 11.7874025,57.5892473 11.7858684,57.5898987 11.7851363,57.592024 11.7855358,57.5922254 11.7887111,57.5919427 11.7902694,57.5909231</coordinates></LinearRing></innerBoundaryIs><innerBoundaryIs><LinearRing><coordinates>11.770636,57.5888015 11.7707636,57.5919063 11.7799267,57.5932271 11.7816172,57.5927907 11.7820838,57.5923799 11.7807266,57.5905833 11.770636,57.5888015</coordinates></LinearRing></innerBoundaryIs><innerBoundaryIs><LinearRing><coordinates>11.7486336,57.5888667 11.7474725,57.5888305 11.7423011,57.5908297 11.7478907,57.5925388 11.7527606,57.5928568 11.7531656,57.5923563 11.7507638,57.5911886 11.7470284,57.591458 11.7490664,57.5901849 11.7486336,57.5888667</coordinates></LinearRing></innerBoundaryIs><innerBoundaryIs><LinearRing><coordinates>11.7615548,57.593605 11.7633228,57.594587 11.7680808,57.5947417 11.7677161,57.5918188 11.7673225,57.5915402 11.7627345,57.5908358 11.758882,57.5912225 11.7615548,57.593605</coordinates></LinearRing></innerBoundaryIs><innerBoundaryIs><LinearRing><coordinates>11.7579615,57.5930747 11.750652,57.5933222 11.7466069,57.5956273 11.7565598,57.5977184 11.7508233,57.5975291 11.7465862,57.5985975 11.752737,57.601621 11.7622652,57.5994143 11.7638299,57.5984246 11.7653331,57.5975521 11.7640016,57.5958716 11.7588851,57.5942065 11.7579615,57.5930747</coordinates></LinearRing></innerBoundaryIs><innerBoundaryIs><LinearRing><coordinates>11.7526793,57.6063735 11.7512052,57.6064388 11.74965,57.6072609 11.750488,57.6093802 11.7469075,57.6086996 11.7459233,57.6099377 11.7461838,57.6104254 11.7487375,57.6113791 11.7518775,57.6104587 11.7514687,57.6094191 11.7517968,57.6092817 11.7556539,57.608615 11.7548084,57.6079441 11.7526793,57.6063735</coordinates></LinearRing></innerBoundaryIs><innerBoundaryIs><LinearRing><coordinates>11.7400441,57.615815 11.7377719,57.6178601 11.738137,57.6220517 11.7431812,57.6242253 11.7454783,57.624047 11.7467508,57.6237831 11.747191,57.6209557 11.7475184,57.6206421 11.7503153,57.6233118 11.7589986,57.6230798 11.7633442,57.6214792 11.7520692,57.616212 11.7494574,57.6179467 11.7440493,57.6172611 11.7418625,57.6183454 11.7407194,57.6159009 11.7400441,57.615815</coordinates></LinearRing></innerBoundaryIs><innerBoundaryIs><LinearRing><coordinates>11.7243845,57.6245493 11.7247432,57.6259998 11.7293599,57.6269135 11.7300189,57.6255985 11.7263703,57.6241664 11.7243845,57.6245493</coordinates></LinearRing></innerBoundaryIs><innerBoundaryIs><LinearRing><coordinates>11.6303592,57.6269636 11.630127,57.6272372 11.6346567,57.6300642 11.6373202,57.6294816 11.6420028,57.6294959 11.642094,57.6291934 11.6347035,57.6267672 11.6303592,57.6269636</coordinates></LinearRing></innerBoundaryIs><innerBoundaryIs><LinearRing><coordinates>11.6138883,57.628971 11.6070203,57.6289175 11.6040647,57.6305054 11.6015625,57.6305803 11.5972031,57.6305407 11.5957865,57.6310905 11.5951205,57.6317033 11.5957208,57.6329586 11.5999269,57.6337929 11.5948238,57.634552 11.6007009,57.6360793 11.6015625,57.6361607 11.6062419,57.6361966 11.610884,57.6350785 11.6127101,57.6341257 11.6137996,57.6334831 11.6135151,57.6330366 11.610889,57.6315742 11.6110574,57.6313612 11.6151417,57.6303973 11.6156176,57.6298532 11.6138883,57.628971</coordinates></LinearRing></innerBoundaryIs><innerBoundaryIs><LinearRing><coordinates>11.6664886,57.6369246 11.6715782,57.6399143 11.6735303,57.6379528 11.6759911,57.6382957 11.6762061,57.6396538 11.6839219,57.6382523 11.6839927,57.6380302 11.6760432,57.6357934 11.6752498,57.6356769 11.6721807,57.6363953 11.6701097,57.6356438 11.6665251,57.6365143 11.6664886,57.6369246</coordinates></LinearRing></innerBoundaryIs><innerBoundaryIs><LinearRing><coordinates>11.7318772,57.6412773 11.7316926,57.6414649 11.7268023,57.6411459 11.7246352,57.6424386 11.7264733,57.6431655 11.7287428,57.6430671 11.7352875,57.6421217 11.7368236,57.6417145 11.7448996,57.6391361 11.7457482,57.6387683 11.7458928,57.6363066 11.7450674,57.635625 11.7436779,57.6353526 11.7379842,57.6385258 11.7335808,57.6376351 11.7285099,57.6390156 11.7295572,57.6397079 11.7318772,57.6412773</coordinates></LinearRing></innerBoundaryIs><innerBoundaryIs><LinearRing><coordinates>11.6127086,57.6417042 11.6116806,57.642952 11.6075329,57.643579 11.607794,57.6471817 11.60941,57.6479352 11.6166449,57.6464356 11.6240056,57.6433607 11.6238923,57.6424294 11.6213475,57.6412202 11.6127086,57.6417042</coordinates></LinearRing></innerBoundaryIs><innerBoundaryIs><LinearRing><coordinates>11.6385586,57.6445411 11.6392235,57.6444377 11.6445913,57.6442176 11.6424748,57.6417545 11.6370018,57.6417121 11.6369358,57.6419286 11.6385586,57.6445411</coordinates></LinearRing></innerBoundaryIs><innerBoundaryIs><LinearRing><coordinates>11.7520685,57.6356961 11.7539552,57.6331379 11.7473685,57.6355524 11.7520685,57.6356961</coordinates></LinearRing></innerBoundaryIs><innerBoundaryIs><LinearRing><coordinates>11.7377514,57.633816 11.7341346,57.6323959 11.7295845,57.6328214 11.7308539,57.6347407 11.7263787,57.6358019 11.7273204,57.6375836 11.7325195,57.6369355 11.7340952,57.6339483 11.7342191,57.6337245 11.7357373,57.635564 11.7377057,57.6349959 11.7377514,57.633816</coordinates></LinearRing></innerBoundaryIs><innerBoundaryIs><LinearRing><coordinates>11.7233377,57.6342635 11.7192059,57.6347073 11.7191913,57.6351571 11.7238965,57.6364073 11.7246059,57.6362658 11.7233377,57.6342635</coordinates></LinearRing></innerBoundaryIs><innerBoundaryIs><LinearRing><coordinates>11.74918,57.6305361 11.7554801,57.6299146 11.7631621,57.6269004 11.7645895,57.6248416 11.7640043,57.6243482 11.758213,57.6237074 11.7567751,57.6239626 11.7538768,57.6263095 11.7445031,57.6245718 11.7408139,57.627564 11.7410203,57.6279118 11.7432237,57.6299725 11.7457867,57.6320393 11.74918,57.6305361</coordinates></LinearRing></innerBoundaryIs><innerBoundaryIs><LinearRing><coordinates>11.7650028,57.630728 11.764047,57.6318356 11.7647536,57.6320307 11.7695993,57.6313241 11.7702291,57.6310371 11.7700309,57.6290122 11.7697037,57.6287707 11.7669621,57.6289929 11.7650028,57.630728</coordinates></LinearRing></innerBoundaryIs><innerBoundaryIs><LinearRing><coordinates>11.7679816,57.6267859 11.7682714,57.6270647 11.7724916,57.6277463 11.7723777,57.6265863 11.7706935,57.625719 11.7686425,57.625596 11.7678937,57.625882 11.7679816,57.6267859</coordinates></LinearRing></innerBoundaryIs><innerBoundaryIs><LinearRing><coordinates>11.7752686,57.6263061 11.7810612,57.6275439 11.7835909,57.6268435 11.7833695,57.6251498 11.7871922,57.6254003 11.7871754,57.6251602 11.7832493,57.6229383 11.7781779,57.6225246 11.771775,57.6248015 11.7715797,57.6251915 11.7742261,57.6248431 11.7746077,57.6258574 11.7752686,57.6263061</coordinates></LinearRing></innerBoundaryIs><innerBoundaryIs><LinearRing><coordinates>11.815311,57.618533 11.8135515,57.622377 11.8152617,57.6264166 11.8174134,57.6256287 11.8179078,57.6219882 11.8196218,57.6213005 11.8188767,57.6181315 11.8185231,57.6178643 11.8163676,57.6180232 11.815311,57.618533</coordinates></LinearRing></innerBoundaryIs><innerBoundaryIs><LinearRing><coordinates>11.8228396,57.6256961 11.8251551,57.6272914 11.8362058,57.6232256 11.8300478,57.6187423 11.8291018,57.6187124 11.8227899,57.6203407 11.8228396,57.6256961</coordinates></LinearRing></innerBoundaryIs><innerBoundaryIs><LinearRing><coordinates>11.830006,57.6280637 11.8274087,57.6281523 11.8258703,57.6287384 11.8258978,57.6315567 11.8267484,57.6320148 11.8282828,57.6317739 11.8302133,57.6307214 11.8304811,57.6301227 11.830006,57.6280637</coordinates></LinearRing></innerBoundaryIs><innerBoundaryIs><LinearRing><coordinates>11.7335155,57.649718 11.7335581,57.6498423 11.7398107,57.649842 11.7420591,57.6483476 11.7420667,57.6479176 11.7404346,57.6470309 11.7394422,57.6470757 11.7335155,57.649718</coordinates></LinearRing></innerBoundaryIs><innerBoundaryIs><LinearRing><coordinates>11.6291271,57.6545398 11.6280019,57.6527692 11.6277024,57.6526808 11.6241837,57.6535047 11.6237243,57.6540563 11.623895,57.6552311 11.6269887,57.6553802 11.6289423,57.6550474 11.6291271,57.6545398</coordinates></LinearRing></innerBoundaryIs><innerBoundaryIs><LinearRing><coordinates>11.6155834,57.65625 11.6124746,57.6555387 11.6113539,57.6557095 11.6104296,57.65625 11.6088918,57.6573706 11.6130087,57.6582083 11.6156458,57.65625 11.6155834,57.65625</coordinates></LinearRing></innerBoundaryIs><innerBoundaryIs><LinearRing><coordinates>11.652233,57.6577703 11.6515876,57.6595256 11.6518974,57.6598771 11.6565331,57.6598877 11.6579093,57.6594088 11.6590166,57.6582125 11.657357,57.6575574 11.6529104,57.657629 11.652233,57.6577703</coordinates></LinearRing></innerBoundaryIs><innerBoundaryIs><LinearRing><coordinates>11.6204526,57.6585025 11.6196613,57.6588697 11.6208494,57.659972 11.6255375,57.661293 11.6195526,57.6604999 11.6177688,57.6615313 11.6181991,57.66181 11.6233134,57.6631882 11.6344237,57.6619699 11.6338381,57.6586415 11.6334234,57.6585104 11.6282148,57.6601202 11.6252818,57.6586931 11.6235225,57.6583867 11.6204526,57.6585025</coordinates></LinearRing></innerBoundaryIs><innerBoundaryIs><LinearRing><coordinates>11.6371471,57.6647052 11.6375771,57.6650513 11.6453593,57.6661361 11.6464016,57.6650668 11.6448702,57.6640697 11.6468555,57.6628139 11.6463623,57.6622517 11.6440161,57.6622465 11.6378505,57.6638962 11.6371471,57.6647052</coordinates></LinearRing></innerBoundaryIs><innerBoundaryIs><LinearRing><coordinates>11.6388592,57.6608639 11.6391234,57.66137 11.6425607,57.6619898 11.6452678,57.6603106 11.6447502,57.659273 11.6437339,57.6590958 11.6399223,57.6596025 11.6388592,57.6608639</coordinates></LinearRing></innerBoundaryIs><innerBoundaryIs><LinearRing><coordinates>11.6463654,57.6598544 11.6491714,57.6614106 11.6505079,57.6611952 11.6511528,57.6607286 11.650864,57.6599975 11.6495471,57.6594661 11.6465834,57.6595286 11.6463654,57.6598544</coordinates></LinearRing></innerBoundaryIs><innerBoundaryIs><LinearRing><coordinates>11.7215828,57.6597185 11.7218633,57.6594023 11.724336,57.6599143 11.7268009,57.658516 11.7264173,57.6574863 11.7255702,57.6570883 11.7247947,57.6571006 11.7232207,57.6581954 11.7227367,57.6580935 11.7225749,57.65625 11.7189239,57.65625 11.7175297,57.6591972 11.7177751,57.659626 11.7202513,57.6609663 11.7215828,57.6597185</coordinates></LinearRing></innerBoundaryIs><innerBoundaryIs><LinearRing><coordinates>11.7858419,57.5881755 11.7922339,57.587516 11.7935545,57.5867828 11.7933958,57.5857294 11.7914814,57.583298 11.7891818,57.5826323 11.7932307,57.5807796 11.7940329,57.576888 11.7913872,57.5751801 11.7942687,57.5738136 11.7943195,57.5712817 11.7919306,57.5707428 11.7913835,57.5687497 11.7982701,57.5661728 11.7959369,57.5647413 11.7923191,57.5663005 11.7939349,57.561716 11.789201,57.5625677 11.7870148,57.5617034 11.7801524,57.5628536 11.7747273,57.5659039 11.7744352,57.5661374 11.7778496,57.567108 11.7775596,57.5711091 11.7805949,57.5747077 11.7727185,57.5767318 11.7729032,57.5787014 11.7661176,57.5796601 11.7687703,57.5808758 11.7717553,57.5795729 11.7742052,57.5802675 11.781318,57.5784479 11.781704,57.5786372 11.7809081,57.5797735 11.7741956,57.5817754 11.7769268,57.5838761 11.7745556,57.5847154 11.7755712,57.5864387 11.7815613,57.5855777 11.7835962,57.5869215 11.7858419,57.5881755</coordinates></LinearRing></innerBoundaryIs><innerBoundaryIs><LinearRing><coordinates>11.8913954,57.5852427 11.8916239,57.5856072 11.8953822,57.586584 11.8960392,57.5864666 11.897462,57.5835793 11.8937602,57.5827373 11.8925557,57.5829206 11.8913954,57.5852427</coordinates></LinearRing></innerBoundaryIs><innerBoundaryIs><LinearRing><coordinates>11.9104713,57.5796034 11.9149301,57.5786629 11.9149961,57.5784957 11.9194915,57.5787756 11.9230922,57.5779891 11.9231966,57.5754061 11.9154925,57.5778162 11.9139797,57.5760258 11.9097939,57.5762516 11.9080276,57.5753521 11.906741,57.5760288 11.9064884,57.5766717 11.9081376,57.5781821 11.9104713,57.5796034</coordinates></LinearRing></innerBoundaryIs><innerBoundaryIs><LinearRing><coordinates>11.825874,57.577293 11.823661,57.5735809 11.8224663,57.5733817 11.8192223,57.5750583 11.822811,57.577871 11.8242232,57.5777868 11.825874,57.577293</coordinates></LinearRing></innerBoundaryIs><innerBoundaryIs><LinearRing><coordinates>11.9130419,57.5723741 11.9133604,57.5721313 11.9139726,57.5704864 11.9135414,57.5701462 11.9103639,57.5695482 11.9065754,57.5701441 11.9050986,57.5714803 11.904968,57.5718601 11.9071701,57.5734113 11.9130419,57.5723741</coordinates></LinearRing></innerBoundaryIs><innerBoundaryIs><LinearRing><coordinates>11.9168634,57.5704488 11.9164695,57.5731384 11.9232528,57.5716758 11.9187421,57.5697916 11.9173752,57.5698907 11.9168634,57.5704488</coordinates></LinearRing></innerBoundaryIs><innerBoundaryIs><LinearRing><coordinates>11.9079047,57.5651525 11.9076037,57.5650253 11.8998981,57.5657027 11.8981937,57.5678777 11.8944386,57.5674474 11.8937991,57.5679479 11.8934063,57.5698639 11.8939639,57.5700923 11.8974226,57.5694202 11.8984978,57.5692831 11.9055728,57.5700204 11.9058598,57.569813 11.9079047,57.5651525</coordinates></LinearRing></innerBoundaryIs><innerBoundaryIs><LinearRing><coordinates>11.8371987,57.5654217 11.8369684,57.5645778 11.8323489,57.5625983 11.8316035,57.5625257 11.828775,57.5648173 11.8287621,57.5653003 11.832828,57.5657092 11.8297269,57.5666003 11.8288966,57.5678637 11.830464,57.5683914 11.8352146,57.5679904 11.8371809,57.5659968 11.8371987,57.5654217</coordinates></LinearRing></innerBoundaryIs><innerBoundaryIs><LinearRing><coordinates>11.9155406,57.5638427 11.9161754,57.5635523 11.9153953,57.5620224 11.9136554,57.5612919 11.9112676,57.5614309 11.9107533,57.5625997 11.9137374,57.5637197 11.9155406,57.5638427</coordinates></LinearRing></innerBoundaryIs><innerBoundaryIs><LinearRing><coordinates>11.9092222,57.5617284 11.903931,57.5600318 11.9018514,57.5601481 11.9017487,57.5603867 11.9036138,57.5624506 11.9083714,57.5636051 11.9089421,57.5634629 11.9092222,57.5617284</coordinates></LinearRing></innerBoundaryIs><innerBoundaryIs><LinearRing><coordinates>11.9089626,57.5590515 11.9091895,57.5587115 11.9083602,57.5565012 11.9075,57.5563447 11.9051265,57.5567677 11.9048728,57.5571893 11.9059201,57.5600491 11.9089626,57.5590515</coordinates></LinearRing></innerBoundaryIs><innerBoundaryIs><LinearRing><coordinates>11.91149,57.5586827 11.9146733,57.5570803 11.9146883,57.5564992 11.9114484,57.555373 11.9111516,57.5552462 11.9101613,57.5567148 11.91149,57.5586827</coordinates></LinearRing></innerBoundaryIs><innerBoundaryIs><LinearRing><coordinates>11.8810486,57.5542623 11.8785493,57.5544745 11.8773472,57.5549613 11.8778414,57.5559055 11.878139,57.5560631 11.8807493,57.5566798 11.8815821,57.5562505 11.8866844,57.5562936 11.8824543,57.5545278 11.8810486,57.5542623</coordinates></LinearRing></innerBoundaryIs><innerBoundaryIs><LinearRing><coordinates>11.7995141,57.5548313 11.8014047,57.5536971 11.8020765,57.5523295 11.8029885,57.5495046 11.7947912,57.5489649 11.793907,57.5472131 11.7899596,57.5466876 11.7916101,57.5525591 11.7892751,57.5540566 11.7986518,57.555428 11.7987126,57.5594983 11.8028606,57.5587006 11.8024702,57.5562185 11.7995141,57.5548313</coordinates></LinearRing></innerBoundaryIs><innerBoundaryIs><LinearRing><coordinates>11.8937972,57.5551825 11.8943005,57.5550348 11.8974425,57.5549908 11.8948557,57.553151 11.8892827,57.5540968 11.8937972,57.5551825</coordinates></LinearRing></innerBoundaryIs><innerBoundaryIs><LinearRing><coordinates>11.7667415,57.5504225 11.7646794,57.550148 11.7627478,57.5515047 11.7584069,57.551299 11.7593398,57.5569831 11.7570179,57.5581979 11.7701938,57.5583082 11.7669497,57.5598615 11.7668718,57.5610975 11.7679036,57.5615202 11.7716125,57.5610483 11.7741404,57.5622603 11.7779799,57.5617828 11.7793221,57.5613433 11.7821983,57.5589803 11.7820693,57.558319 11.7816114,57.5578696 11.7800936,57.5586588 11.7759306,57.5580097 11.7790658,57.5565965 11.7771033,57.5524362 11.7767493,57.5521621 11.7732141,57.5514162 11.7723178,57.5535583 11.76899,57.5511347 11.7667415,57.5504225</coordinates></LinearRing></innerBoundaryIs><innerBoundaryIs><LinearRing><coordinates>11.8861603,57.5601211 11.8900812,57.5609102 11.8932092,57.5604155 11.8893307,57.5587192 11.8860259,57.5595889 11.8861603,57.5601211</coordinates></LinearRing></innerBoundaryIs><innerBoundaryIs><LinearRing><coordinates>11.7572205,57.5783455 11.7516778,57.5731204 11.7511538,57.5731041 11.7478667,57.5757517 11.7495399,57.5781413 11.7439187,57.5809886 11.7474809,57.5827014 11.7484273,57.5825421 11.7496212,57.5803915 11.7498983,57.5801777 11.7539582,57.5807437 11.7572345,57.5787843 11.7572205,57.5783455</coordinates></LinearRing></innerBoundaryIs><innerBoundaryIs><LinearRing><coordinates>11.7462974,57.5849663 11.7474617,57.5856977 11.750113,57.5852392 11.7549622,57.5853674 11.7540448,57.5827265 11.7530863,57.5821778 11.7515267,57.5821708 11.7499107,57.5825884 11.7462974,57.5849663</coordinates></LinearRing></innerBoundaryIs><innerBoundaryIs><LinearRing><coordinates>11.7626215,57.5421153 11.7638648,57.5431563 11.7676326,57.5439348 11.7703753,57.5429323 11.7706745,57.5419836 11.7695487,57.5413584 11.7663604,57.5406508 11.7631512,57.5406599 11.7626215,57.5421153</coordinates></LinearRing></innerBoundaryIs><innerBoundaryIs><LinearRing><coordinates>11.9071121,57.5430192 11.9138536,57.543479 11.9126724,57.5413491 11.9097136,57.5404944 11.9088424,57.5402761 11.9075511,57.5408335 11.9071121,57.5430192</coordinates></LinearRing></innerBoundaryIs><innerBoundaryIs><LinearRing><coordinates>11.7551659,57.5231879 11.7540944,57.5265893 11.7585703,57.524217 11.7587957,57.5238597 11.7573081,57.5221741 11.7563627,57.5222259 11.7551659,57.5231879</coordinates></LinearRing></innerBoundaryIs><innerBoundaryIs><LinearRing><coordinates>11.8957695,57.5229772 11.8951321,57.5233765 11.8955802,57.5241522 11.8972312,57.5245951 11.8995674,57.5243865 11.9008285,57.5226811 11.90017,57.5220047 11.8981605,57.522212 11.8957695,57.5229772</coordinates></LinearRing></innerBoundaryIs><innerBoundaryIs><LinearRing><coordinates>11.8812354,57.5188528 11.8830636,57.516492 11.8821611,57.5150701 11.8754241,57.5132458 11.8736504,57.5131683 11.8711479,57.5135608 11.870315,57.5139589 11.8697526,57.5146615 11.8697983,57.5157855 11.8703316,57.516965 11.8741922,57.5183223 11.8745763,57.5188357 11.8744503,57.5220729 11.8749632,57.5219907 11.8812354,57.5188528</coordinates></LinearRing></innerBoundaryIs><innerBoundaryIs><LinearRing><coordinates>11.9011574,57.5179734 11.9003938,57.5184592 11.9008799,57.5198615 11.907756,57.5188271 11.9079612,57.5185226 11.9068604,57.5162822 11.9065268,57.5161901 11.9021809,57.5177588 11.9011574,57.5179734</coordinates></LinearRing></innerBoundaryIs><innerBoundaryIs><LinearRing><coordinates>11.9286273,57.5146104 11.9265071,57.5120471 11.9223235,57.5147891 11.9248542,57.5162342 11.9286273,57.5146104</coordinates></LinearRing></innerBoundaryIs><innerBoundaryIs><LinearRing><coordinates>11.9099777,57.5131363 11.9094667,57.5095789 11.9069873,57.5084586 11.9040906,57.508548 11.9019976,57.5099508 11.9077864,57.5136976 11.9086179,57.51361 11.9099777,57.5131363</coordinates></LinearRing></innerBoundaryIs><innerBoundaryIs><LinearRing><coordinates>11.897298,57.5114465 11.8953342,57.5101506 11.8939073,57.5101817 11.8927171,57.5114949 11.8922981,57.5127397 11.8936657,57.5132787 11.8971891,57.5122491 11.897298,57.5114465</coordinates></LinearRing></innerBoundaryIs><innerBoundaryIs><LinearRing><coordinates>11.8963892,57.5171307 11.9000357,57.5170758 11.9028624,57.5154095 11.9022545,57.5136817 11.8963892,57.5171307</coordinates></LinearRing></innerBoundaryIs><innerBoundaryIs><LinearRing><coordinates>11.9146857,57.4970158 11.9162294,57.4966038 11.9165351,57.4951286 11.9115186,57.492583 11.9092038,57.4959219 11.9119856,57.4950037 11.9142596,57.4967555 11.9146857,57.4970158</coordinates></LinearRing></innerBoundaryIs><innerBoundaryIs><LinearRing><coordinates>11.9457834,57.4928288 11.9477347,57.491502 11.9475811,57.491171 11.9462028,57.490429 11.9440134,57.4905626 11.9430692,57.4908833 11.9417068,57.4926798 11.9457834,57.4928288</coordinates></LinearRing></innerBoundaryIs><innerBoundaryIs><LinearRing><coordinates>11.9404346,57.4901013 11.9399003,57.487514 11.9391403,57.4872745 11.9341455,57.4880235 11.9333251,57.4903451 11.9335619,57.4908175 11.9350843,57.4907233 11.9404346,57.4901013</coordinates></LinearRing></innerBoundaryIs><innerBoundaryIs><LinearRing><coordinates>11.8936287,57.4892379 11.892961,57.4891582 11.8899364,57.4904922 11.8887444,57.4894139 11.8868787,57.4891666 11.8859115,57.4894418 11.8857281,57.4903957 11.8861712,57.4912739 11.8903923,57.4915696 11.8918575,57.4913703 11.8943706,57.4899154 11.8936287,57.4892379</coordinates></LinearRing></innerBoundaryIs><innerBoundaryIs><LinearRing><coordinates>11.7031496,57.8519847 11.7004468,57.8511544 11.6981014,57.8514237 11.6993297,57.852898 11.7013539,57.8542436 11.7067313,57.8553609 11.7067198,57.8540002 11.7031496,57.8519847</coordinates></LinearRing></innerBoundaryIs><innerBoundaryIs><LinearRing><coordinates>11.7624559,58.3157277 11.7590066,58.3141497 11.7567205,58.3142436 11.7547663,58.3144706 11.7540094,58.3156523 11.7559005,58.3166853 11.761927,58.3162196 11.7624559,58.3157277</coordinates></LinearRing></innerBoundaryIs><innerBoundaryIs><LinearRing><coordinates>11.7732019,58.3216344 11.7721941,58.3232399 11.7730612,58.3242816 11.7742176,58.3241037 11.7757643,58.323239 11.7758535,58.3206652 11.7732019,58.3216344</coordinates></LinearRing></innerBoundaryIs><innerBoundaryIs><LinearRing><coordinates>11.8869646,58.3409787 11.8849595,58.3410978 11.8843462,58.3421845 11.8845989,58.3423403 11.887765,58.343278 11.8911614,58.342575 11.8869646,58.3409787</coordinates></LinearRing></innerBoundaryIs><innerBoundaryIs><LinearRing><coordinates>11.5882691,58.3762943 11.5914571,58.3748605 11.591398,58.3704422 11.5883327,58.3681132 11.5890483,58.3658791 11.5805914,58.3614444 11.581658,58.3650397 11.5782979,58.3677541 11.5779953,58.3714207 11.5777689,58.3723049 11.5796328,58.3776072 11.5796375,58.3782322 11.5777473,58.3801281 11.5777519,58.3804271 11.5792104,58.3874247 11.5814092,58.3916022 11.5826627,58.3927782 11.5852317,58.3947237 11.5878415,58.3944362 11.5933032,58.3946604 11.5941298,58.3943355 11.5950567,58.3803703 11.5883389,58.3764646 11.5882691,58.3762943</coordinates></LinearRing></innerBoundaryIs><innerBoundaryIs><LinearRing><coordinates>11.6052064,58.395424 11.6071424,58.3965127 11.6076643,58.3964109 11.6105632,58.3956887 11.6105948,58.3953161 11.6083925,58.3936963 11.6071389,58.393597 11.6053529,58.3948165 11.6052064,58.395424</coordinates></LinearRing></innerBoundaryIs><innerBoundaryIs><LinearRing><coordinates>11.6015625,58.3920201 11.6027814,58.3919644 11.6064869,58.3914778 11.6076921,58.3895695 11.6119393,58.3888068 11.6126723,58.3876849 11.6105481,58.3811837 11.6049119,58.3786474 11.6046228,58.3786345 11.6022309,58.3832582 11.6015625,58.3836495 11.5979211,58.3867565 11.5978653,58.3872216 11.6015625,58.3875558 11.6024353,58.3880676 11.6029946,58.3889968 11.6018306,58.39037 11.6015625,58.3903459 11.6000831,58.3913296 11.6015625,58.3920201</coordinates></LinearRing></innerBoundaryIs><innerBoundaryIs><LinearRing><coordinates>11.6152048,58.4009796 11.6116893,58.4013953 11.611482,58.4016609 11.6107516,58.403536 11.6122776,58.4049022 11.6151818,58.4039304 11.6156102,58.4013593 11.6152048,58.4009796</coordinates></LinearRing></innerBoundaryIs><innerBoundaryIs><LinearRing><coordinates>11.4425323,58.3683985 11.4399704,58.3667012 11.4431995,58.3631839 11.4432584,58.3615562 11.4326795,58.3625109 11.4312927,58.3627417 11.4262123,58.3653749 11.4329574,58.3676685 11.4308099,58.369108 11.4391419,58.3708564 11.4395264,58.37079 11.4425323,58.3683985</coordinates></LinearRing></innerBoundaryIs><innerBoundaryIs><LinearRing><coordinates>11.4253299,58.3731495 11.4283632,58.3741298 11.4284703,58.3723284 11.4256167,58.3708224 11.4253299,58.3731495</coordinates></LinearRing></innerBoundaryIs><innerBoundaryIs><LinearRing><coordinates>11.3353124,58.361064 11.3300622,58.361059 11.3282934,58.3619672 11.3333894,58.36303 11.3375093,58.3623836 11.3371742,58.3613923 11.3353124,58.361064</coordinates></LinearRing></innerBoundaryIs><innerBoundaryIs><LinearRing><coordinates>11.3057734,58.3640115 11.3060176,58.3629345 11.3030419,58.3613163 11.2985328,58.3632984 11.2989618,58.3642718 11.3050934,58.3642426 11.3057734,58.3640115</coordinates></LinearRing></innerBoundaryIs><innerBoundaryIs><LinearRing><coordinates>11.3103172,58.3658212 11.3041863,58.3669505 11.3027213,58.3679909 11.3028841,58.3682733 11.307251,58.3686538 11.309701,58.3668627 11.3103172,58.3658212</coordinates></LinearRing></innerBoundaryIs><innerBoundaryIs><LinearRing><coordinates>11.3115779,58.3712724 11.3121322,58.3704804 11.3115464,58.3695573 11.3109564,58.3694694 11.3074414,58.3709464 11.3072962,58.371219 11.3077132,58.372565 11.3101146,58.3718838 11.3115779,58.3712724</coordinates></LinearRing></innerBoundaryIs><innerBoundaryIs><LinearRing><coordinates>11.2765617,58.4459244 11.2807343,58.4439096 11.2768768,58.4404833 11.27632,58.4403008 11.2724694,58.4425626 11.2726651,58.4431505 11.2765617,58.4459244</coordinates></LinearRing></innerBoundaryIs><innerBoundaryIs><LinearRing><coordinates>11.2015992,58.7546058 11.2026916,58.7550656 11.2036697,58.7549967 11.205749,58.7535089 11.2043182,58.7517515 11.2037634,58.751671 11.2018946,58.7527784 11.2015992,58.7546058</coordinates></LinearRing></innerBoundaryIs><innerBoundaryIs><LinearRing><coordinates>11.226929,58.7410101 11.2274621,58.7427474 11.2279335,58.7430584 11.2294496,58.7429757 11.2320411,58.7422698 11.2315905,58.7412978 11.2295337,58.7405819 11.2271589,58.7407939 11.226929,58.7410101</coordinates></LinearRing></innerBoundaryIs><innerBoundaryIs><LinearRing><coordinates>11.2347924,58.8344495 11.225238,58.8351917 11.2295039,58.8359644 11.2306045,58.83587 11.2347924,58.8344495</coordinates></LinearRing></innerBoundaryIs><innerBoundaryIs><LinearRing><coordinates>11.2218003,58.835156 11.2177978,58.8346179 11.2142271,58.8348293 11.2135884,58.8355877 11.214012,58.8366587 11.2144138,58.8368036 11.2206753,58.8357399 11.2218003,58.835156</coordinates></LinearRing></innerBoundaryIs><innerBoundaryIs><LinearRing><coordinates>11.224207,58.8427705 11.2228657,58.8421442 11.221381,58.8419249 11.2206753,58.8422375 11.218873,58.8439598 11.2230504,58.8456752 11.2234447,58.8456194 11.224207,58.8427705</coordinates></LinearRing></innerBoundaryIs><innerBoundaryIs><LinearRing><coordinates>11.3257608,59.1119331 11.321394,59.1125557 11.3203425,59.1131215 11.3196145,59.1139923 11.3220797,59.1157724 11.3258752,59.1143429 11.3263083,59.1120244 11.3257608,59.1119331</coordinates></LinearRing></innerBoundaryIs><innerBoundaryIs><LinearRing><coordinates>11.3510745,59.1152524 11.3593204,59.11638 11.3598624,59.1162786 11.3630112,59.1154701 11.3649549,59.1138985 11.3649307,59.1131763 11.3631736,59.110853 11.3624806,59.1105772 11.3577307,59.1097269 11.3571196,59.109724 11.3487997,59.1125864 11.3510745,59.1152524</coordinates></LinearRing></innerBoundaryIs><innerBoundaryIs><LinearRing><coordinates>11.1110978,59.1248974 11.1096004,59.1244364 11.1078883,59.1243652 11.106636,59.1246721 11.1047422,59.1271231 11.1106045,59.1304634 11.1131676,59.1268584 11.1110978,59.1248974</coordinates></LinearRing></innerBoundaryIs><innerBoundaryIs><LinearRing><coordinates>11.183888,59.1469471 11.1820385,59.1460695 11.1759703,59.1468232 11.179021,59.1503305 11.1814597,59.1502883 11.1815805,59.1477321 11.183888,59.1469471</coordinates></LinearRing></innerBoundaryIs><innerBoundaryIs><LinearRing><coordinates>11.170329,59.1776547 11.1695575,59.1765223 11.1646529,59.1769933 11.1645973,59.1773068 11.1670136,59.1787167 11.1689789,59.178283 11.170329,59.1776547</coordinates></LinearRing></innerBoundaryIs><innerBoundaryIs><LinearRing><coordinates>11.1220937,59.1345423 11.1222463,59.1337423 11.1200178,59.1326929 11.1185282,59.1326327 11.1180323,59.1329125 11.1177866,59.1346473 11.1192033,59.1359431 11.1202028,59.1358931 11.1220937,59.1345423</coordinates></LinearRing></innerBoundaryIs><innerBoundaryIs><LinearRing><coordinates>11.1141598,59.1454228 11.1139632,59.1457738 11.1154403,59.1472722 11.1125338,59.1495678 11.1135617,59.1501367 11.1175765,59.1474316 11.1166877,59.1447898 11.1157985,59.1445884 11.1141598,59.1454228</coordinates></LinearRing></innerBoundaryIs><innerBoundaryIs><LinearRing><coordinates>10.9838796,59.1644412 10.9839371,59.1641833 10.9857845,59.1625463 10.9796997,59.1578027 10.9791336,59.1576586 10.9777632,59.1577836 10.9726501,59.1608711 10.9726903,59.1615067 10.9762111,59.1617596 10.9746391,59.1628063 10.9772561,59.1644849 10.9776132,59.16789 10.9827259,59.1703972 10.9880106,59.1694486 10.9856808,59.1689516 10.9866889,59.1647857 10.9838796,59.1644412</coordinates></LinearRing></innerBoundaryIs><innerBoundaryIs><LinearRing><coordinates>10.9759135,59.1658525 10.9738981,59.1651188 10.9728693,59.1650612 10.9713048,59.1659818 10.9706656,59.1680439 10.9717447,59.1690123 10.9730947,59.1686978 10.9759135,59.1658525</coordinates></LinearRing></innerBoundaryIs><innerBoundaryIs><LinearRing><coordinates>10.990105,59.1665303 10.991778,59.1675423 10.9927779,59.1673381 10.9932967,59.1668947 10.9928486,59.1653252 10.9919744,59.1650391 10.9900244,59.1650074 10.9893352,59.1653513 10.990105,59.1665303</coordinates></LinearRing></innerBoundaryIs><innerBoundaryIs><LinearRing><coordinates>10.8929415,59.1508713 10.8914101,59.15069 10.8897967,59.1512922 10.8913757,59.1540838 10.8932632,59.1533792 10.8934541,59.1527436 10.8929415,59.1508713</coordinates></LinearRing></innerBoundaryIs><innerBoundaryIs><LinearRing><coordinates>10.8935407,59.1612037 10.8927395,59.1610206 10.8909715,59.1619551 10.8927917,59.163637 10.8934026,59.1633667 10.8935407,59.1612037</coordinates></LinearRing></innerBoundaryIs><innerBoundaryIs><LinearRing><coordinates>10.8898314,59.1717027 10.8917365,59.1742626 10.893187,59.1731539 10.8911659,59.1714551 10.8898314,59.1717027</coordinates></LinearRing></innerBoundaryIs><innerBoundaryIs><LinearRing><coordinates>10.8938826,59.1754562 10.8973137,59.1771935 10.8961267,59.1744891 10.8945698,59.1741824 10.8935952,59.1749581 10.8938826,59.1754562</coordinates></LinearRing></innerBoundaryIs><innerBoundaryIs><LinearRing><coordinates>10.8981345,59.1740705 10.8993191,59.1739875 10.8993191,59.1728317 10.8965324,59.1722041 10.8968263,59.1736701 10.8981345,59.1740705</coordinates></LinearRing></innerBoundaryIs><innerBoundaryIs><LinearRing><coordinates>10.7036268,59.3071138 10.7042552,59.3060797 10.7036439,59.3040007 10.7026722,59.3037974 10.7008861,59.3051109 10.70082,59.3076171 10.7013168,59.3078217 10.7023267,59.3077992 10.7036268,59.3071138</coordinates></LinearRing></innerBoundaryIs><innerBoundaryIs><LinearRing><coordinates>10.667751,59.502009 10.6685761,59.5039939 10.6711094,59.5030009 10.6713206,59.5024709 10.6705166,59.5015181 10.6688772,59.5015454 10.667751,59.502009</coordinates></LinearRing></innerBoundaryIs><innerBoundaryIs><LinearRing><coordinates>10.7154901,59.8633797 10.7196485,59.8641992 10.7202907,59.8639805 10.7207181,59.8630424 10.7171988,59.8620996 10.7161186,59.861097 10.7149466,59.8611935 10.7154901,59.8633797</coordinates></LinearRing></innerBoundaryIs><innerBoundaryIs><LinearRing><coordinates>10.7322431,59.8545123 10.733006,59.8542314 10.7329679,59.8539143 10.7302291,59.8531258 10.725607,59.852006 10.7295876,59.8543527 10.7322431,59.8545123</coordinates></LinearRing></innerBoundaryIs><innerBoundaryIs><LinearRing><coordinates>12.0708663,55.1329587 12.0698091,55.1321403 12.0691386,55.132035 12.0590006,55.1325573 12.0578645,55.1333619 12.0636965,55.1361846 12.0649923,55.136094 12.0663137,55.1358672 12.0704417,55.1336663 12.0708663,55.1329587</coordinates></LinearRing></innerBoundaryIs><innerBoundaryIs><LinearRing><coordinates>12.1097391,55.1316208 12.112533,55.1313298 12.1201047,55.1315469 12.1210849,55.1313899 12.1220216,55.1297104 12.1146466,55.1297712 12.1105434,55.128705 12.1078177,55.1261957 12.094498,55.1295317 12.0962361,55.1310126 12.1097391,55.1316208</coordinates></LinearRing></innerBoundaryIs><innerBoundaryIs><LinearRing><coordinates>12.2624742,55.0610508 12.2647994,55.0599029 12.2722237,55.0562269 12.2724987,55.0559421 12.2783788,55.0445046 12.2858828,55.0377724 12.2931299,55.0341733 12.3046875,55.0304129 12.3046875,55.0301338 12.3103921,55.0288059 12.3277519,55.0265779 12.3486673,55.0278153 12.3561085,55.0265369 12.3882558,55.0272712 12.4189388,55.0226299 12.4355105,55.0247517 12.4369767,55.0246841 12.4561455,55.022397 12.4624983,55.0230308 12.4726779,55.0195313 12.473205,55.0195313 12.4758422,55.0185639 12.4895296,55.0158373 12.4952883,55.0141928 12.4988737,55.0123827 12.5039923,55.0126272 12.5229462,55.0079277 12.5318881,54.9966325 12.5392084,54.9897023 12.5416293,54.9890016 12.542679,54.9878756 12.5481899,54.9804229 12.5530524,54.9691281 12.5539492,54.9599726 12.5481765,54.9510438 12.5477721,54.9506772 12.5383356,54.9446859 12.5258259,54.9431494 12.5083402,54.9427634 12.492334,54.9458978 12.4748762,54.951243 12.4685864,54.9519582 12.4642103,54.9509563 12.4612848,54.9551984 12.4605252,54.955476 12.4545167,54.9568353 12.4480067,54.9569772 12.4418668,54.9590586 12.4356124,54.9600325 12.4291319,54.9609081 12.4065645,54.9629795 12.3839972,54.9650509 12.3611317,54.9645352 12.3518147,54.9627414 12.3236432,54.9555964 12.3097721,54.9500558 12.3046875,54.9472656 12.3046875,54.9469866 12.2835763,54.9382337 12.2830809,54.9379529 12.2717634,54.9292045 12.2654399,54.922356 12.2456809,54.9119164 12.2325484,54.8961241 12.2190076,54.8890457 12.2086055,54.8817476 12.1800866,54.8781414 12.1605169,54.8813879 12.1426978,54.8805949 12.142494,54.8807106 12.1351513,54.8891137 12.1284943,54.893025 12.1250486,54.8985285 12.1276983,54.8998563 12.1301469,54.8993552 12.1332709,54.8963948 12.1377136,54.8957098 12.1425927,54.8964884 12.1419739,54.8995295 12.1470755,54.8984993 12.1482584,54.8999311 12.1291806,54.9022727 12.1246443,54.9013417 12.1080112,54.9018106 12.1036618,54.9042499 12.1063861,54.9064993 12.1224048,54.9094301 12.11751,54.9121735 12.1145722,54.9159538 12.109167,54.917703 12.1190118,54.9323617 12.1254072,54.933839 12.1315947,54.9373435 12.1378136,54.9385195 12.1457585,54.942084 12.1300483,54.9465457 12.1213299,54.9535424 12.1203701,54.9578356 12.1265759,54.9586185 12.130953,54.9620163 12.1381925,54.9646285 12.1454273,54.9652891 12.1456956,54.9686605 12.1484301,54.9696575 12.1628674,54.9719228 12.1728711,54.9685171 12.173588,54.9683834 12.1819494,54.9678719 12.1826012,54.9682652 12.1832989,54.9706058 12.1689889,54.980615 12.1681813,54.9817463 12.1678231,54.9860646 12.1683098,54.9863238 12.170152,54.9858494 12.172556,54.9855298 12.1730862,54.9855824 12.1734431,54.9865729 12.1758382,54.9850832 12.1905673,54.9829746 12.2023509,54.9781309 12.2048821,54.9740139 12.2035671,54.9697295 12.2071896,54.9674782 12.2218137,54.9711217 12.2309222,54.9751379 12.2541192,54.97855 12.2569776,54.9802778 12.2598904,54.9790695 12.2598677,54.9806275 12.2631038,54.9808378 12.2643054,54.9827721 12.2731934,54.984022 12.2807347,54.9822901 12.2805624,54.9839642 12.27865,54.9842731 12.2804198,54.9866563 12.2789061,54.9903229 12.271821,54.9948647 12.2704403,54.9980413 12.2714504,55.0009104 12.2822946,55.0095711 12.2861186,55.0168765 12.2858018,55.0195313 12.2855349,55.0197079 12.2833806,55.0195313 12.2826324,55.0153694 12.2785382,55.0195313 12.2779064,55.0195313 12.2770376,55.0204802 12.2768359,55.0224156 12.272264,55.0241861 12.2727267,55.0254496 12.2697098,55.0265429 12.267066,55.0300798 12.2591811,55.0330076 12.2596148,55.034812 12.2538176,55.038985 12.2476898,55.0388443 12.2471021,55.0360801 12.2415606,55.0359073 12.2365524,55.0370184 12.2327324,55.0425065 12.2353734,55.0493582 12.2426376,55.0529118 12.2512968,55.0541549 12.2516274,55.0543112 12.2540941,55.0572834 12.2587358,55.0589852 12.2574996,55.0603592 12.2578245,55.0605161 12.261694,55.0610367 12.2624742,55.0610508</coordinates></LinearRing></innerBoundaryIs><innerBoundaryIs><LinearRing><coordinates>12.075024,54.9474089 12.0594515,54.9527094 12.0643889,54.954233 12.0714833,54.9542696 12.0788367,54.956566 12.0842459,54.9567676 12.0924675,54.9607959 12.0974793,54.9598593 12.1035393,54.9618825 12.1043376,54.9599386 12.1014305,54.9557501 12.0962605,54.9544886 12.096072,54.9540569 12.099403,54.9489574 12.0953137,54.9521828 12.0909007,54.9530932 12.0860724,54.9508373 12.0773706,54.9494843 12.0774723,54.9474263 12.075024,54.9474089</coordinates></LinearRing></innerBoundaryIs><innerBoundaryIs><LinearRing><coordinates>12.047278,54.9515221 12.0463409,54.9515938 12.0450068,54.9524075 12.043981,54.9556833 12.0465637,54.9548275 12.047278,54.9515221</coordinates></LinearRing></innerBoundaryIs><innerBoundaryIs><LinearRing><coordinates>12.1044936,54.9674737 12.1024708,54.9679458 12.1008999,54.9722869 12.1143549,54.9792097 12.1145812,54.9795218 12.1146553,54.9808621 12.1111031,54.9841204 12.1153494,54.9875442 12.1155987,54.9877082 12.119404,54.9878101 12.1241635,54.9858341 12.1295586,54.9881485 12.1302125,54.9889231 12.1322122,54.987895 12.1302512,54.9859012 12.1259366,54.9821233 12.1256773,54.9819034 12.1169381,54.9774162 12.1161708,54.970952 12.1081361,54.9726588 12.1071156,54.9692971 12.1044936,54.9674737</coordinates></LinearRing></innerBoundaryIs><innerBoundaryIs><LinearRing><coordinates>12.2257468,55.0060681 12.2242928,55.0051095 12.221559,55.0054181 12.2202512,55.0067545 12.2201287,55.0069057 12.2212015,55.0084034 12.2255163,55.0065401 12.2257468,55.0060681</coordinates></LinearRing></innerBoundaryIs><innerBoundaryIs><LinearRing><coordinates>12.2378953,55.031055 12.2370191,55.0295358 12.2358148,55.0290045 12.2334225,55.0292981 12.2328979,55.029881 12.2331429,55.0325441 12.2338258,55.0327073 12.2368097,55.0322644 12.2378953,55.031055</coordinates></LinearRing></innerBoundaryIs><innerBoundaryIs><LinearRing><coordinates>12.2206163,55.0338711 12.2192943,55.0335232 12.2151004,55.0335351 12.214376,55.0336903 12.2065169,55.0357525 12.2003946,55.0393047 12.1984781,55.0397497 12.1889806,55.0395482 12.1879715,55.0397512 12.1839743,55.0417745 12.1798614,55.0453382 12.1801147,55.0468974 12.1809922,55.04712 12.1967202,55.0489418 12.2094178,55.0576478 12.2149585,55.0591449 12.22184,55.0588827 12.222953,55.0592813 12.2265354,55.0608259 12.2375346,55.0605307 12.2351629,55.0590204 12.2348332,55.0588095 12.2369562,55.0580734 12.2369117,55.0576915 12.2359573,55.0557764 12.2340316,55.053407 12.229799,55.0519381 12.2292686,55.0506366 12.2325342,55.0493814 12.2273051,55.0492738 12.2291033,55.0475792 12.2268342,55.04618 12.2266371,55.0458586 12.2219052,55.0347414 12.2206163,55.0338711</coordinates></LinearRing></innerBoundaryIs><innerBoundaryIs><LinearRing><coordinates>13.4285527,54.6843981 13.4296153,54.6837646 13.4379215,54.6764662 13.4379179,54.6761951 13.4318703,54.6708815 13.4317129,54.6679687 13.4318968,54.6679687 13.4326016,54.6654783 13.4310532,54.6631081 13.4283009,54.6604815 13.4214818,54.6568381 13.42066,54.6565923 13.4025171,54.653995 13.401628,54.6538091 13.3872516,54.6496077 13.37576,54.6349039 13.3810381,54.61347 13.3827916,54.6097183 13.3906527,54.5989397 13.401165,54.5895087 13.4158504,54.580402 13.420747,54.578005 13.4313663,54.5740711 13.4365098,54.5728532 13.4498163,54.5705245 13.462359,54.5695046 13.4700419,54.5721166 13.4669427,54.5735441 13.4676439,54.5752881 13.4828575,54.5723552 13.491134,54.5722495 13.4984016,54.5744156 13.500365,54.574607 13.5085735,54.5734535 13.551343,54.5803276 13.5893365,54.5839549 13.6050587,54.5838428 13.6079944,54.5850403 13.6333926,54.5850284 13.641098,54.5830448 13.6492631,54.578252 13.6608096,54.5751354 13.6793782,54.5623283 13.6760184,54.5545672 13.681964,54.54255 13.6787627,54.5386548 13.6770997,54.5300663 13.6709369,54.5250582 13.6688007,54.5210595 13.6680201,54.5204771 13.6529998,54.5155494 13.6374882,54.5058774 13.6363791,54.5061349 13.63941,54.5087957 13.6496845,54.5148897 13.6369705,54.5103836 13.6341207,54.5078669 13.6274914,54.5056593 13.6253887,54.5035197 13.6219004,54.5020736 13.6107231,54.4994136 13.6069102,54.4970837 13.6064492,54.4967552 13.6033555,54.4921875 13.602838,54.4921875 13.6008527,54.4898465 13.596186,54.4881175 13.6015056,54.4832611 13.5975171,54.4760513 13.5983295,54.4815874 13.5958182,54.4839048 13.5926421,54.4835615 13.5881257,54.4857072 13.5871145,54.4848465 13.5900666,54.4828227 13.5867332,54.4840335 13.585699,54.4836044 13.5875456,54.4822741 13.5846649,54.4828748 13.5759228,54.477935 13.570363,54.4699705 13.5698342,54.4619139 13.5723026,54.4501318 13.5797344,54.4393041 13.5785667,54.4381796 13.5813645,54.4334604 13.5895153,54.4226969 13.5996338,54.4126933 13.6097457,54.4049422 13.6160471,54.4012845 13.6235555,54.3985184 13.6301445,54.3983999 13.635105,54.3997327 13.6445329,54.3985102 13.6580414,54.3989044 13.6647778,54.4022679 13.6733145,54.4006484 13.6790595,54.3946359 13.7040722,54.3798145 13.708015,54.3742489 13.7095741,54.3684573 13.7109375,54.3677455 13.7109375,54.3674664 13.7235733,54.3561362 13.7409842,54.3463348 13.7607628,54.3415542 13.7655076,54.3419293 13.7666469,54.3408091 13.765056,54.3394318 13.7581251,54.339256 13.7436876,54.336686 13.737484,54.3342634 13.7325614,54.3291312 13.7307221,54.3176134 13.7236969,54.3175008 13.7229664,54.3172693 13.7224171,54.3164062 13.7223703,54.3164062 13.7193794,54.3131911 13.7171807,54.309832 13.7162796,54.3065408 13.7143224,54.2935004 13.7195847,54.2798994 13.7252793,54.2735841 13.7125309,54.2710094 13.7121739,54.270897 13.7109375,54.2692521 13.7109375,54.2689732 13.7058972,54.2707529 13.7037224,54.2746806 13.7002192,54.2770646 13.6939789,54.2801269 13.6877338,54.2801805 13.6850444,54.2830209 13.6858048,54.2856458 13.6896985,54.2862132 13.6951686,54.2848957 13.6966017,54.2812288 13.7044672,54.2799278 13.7074041,54.2807933 13.7080264,54.2869464 13.7046506,54.2934117 13.7021117,54.2951267 13.6925848,54.2932513 13.6907299,54.2915281 13.6914881,54.289921 13.6771398,54.2918233 13.669082,54.2917191 13.6621557,54.2879878 13.6574286,54.2879136 13.6462097,54.2968715 13.6565517,54.3033109 13.6778584,54.3080128 13.6812499,54.3110921 13.6842339,54.3100109 13.685568,54.3115249 13.6838874,54.3126175 13.6862106,54.314696 13.696372,54.3150631 13.7004981,54.3159841 13.7004573,54.3164062 13.6994578,54.3164062 13.6971365,54.3177238 13.6972467,54.3179717 13.7037203,54.3204803 13.7041242,54.3260252 13.6946518,54.3253648 13.6835544,54.326182 13.6805424,54.3268418 13.6778712,54.3298281 13.6749383,54.3301424 13.6548105,54.3264456 13.649592,54.3235052 13.6360815,54.3197839 13.6203109,54.3186088 13.6176656,54.3164062 13.6175686,54.3164062 13.6177151,54.3156092 13.6149826,54.3153369 13.6108652,54.3161592 13.6108994,54.3164062 13.6120085,54.3198522 13.6176204,54.3198134 13.6423231,54.3245556 13.660429,54.3323574 13.6777406,54.3376989 13.6830285,54.3427726 13.6818826,54.3442924 13.6845022,54.3463606 13.6844968,54.3466743 13.6829135,54.3492916 13.681541,54.3496934 13.6744567,54.3505634 13.6553664,54.3468837 13.6513724,54.3483309 13.6480489,54.3481985 13.6355997,54.3433326 13.6399326,54.3404686 13.6392436,54.3394911 13.6305774,54.3389997 13.6294811,54.3366297 13.6227602,54.3345323 13.623068,54.3325295 13.6256214,54.331858 13.6147161,54.3306956 13.6127173,54.3312417 13.6098632,54.3346804 13.6037223,54.3443239 13.6034634,54.3445352 13.6002073,54.3465402 13.5912933,54.3506708 13.5879982,54.3517138 13.5805755,54.352928 13.5753347,54.3529576 13.5715988,54.3518217 13.5713024,54.3516514 13.5659227,54.3461494 13.5624456,54.344075 13.5520365,54.3395758 13.5453457,54.3420436 13.5399551,54.3425664 13.5312405,54.3401536 13.5184152,54.3404016 13.5068434,54.343966 13.5048912,54.3429912 13.505456,54.3403395 13.5017377,54.3414667 13.4989926,54.3410708 13.4967902,54.3376145 13.4847738,54.3354498 13.4810612,54.3327456 13.4779769,54.3304989 13.4677097,54.3304977 13.4633449,54.329286 13.4628726,54.3292682 13.4626511,54.3317555 13.4597753,54.3340629 13.4548413,54.3355293 13.4540429,54.3327717 13.4509029,54.3315037 13.4559416,54.3304681 13.4561442,54.3302208 13.4568487,54.3286134 13.4544438,54.3268772 13.4554271,54.3263777 13.462972,54.3285204 13.463477,54.3283073 13.4662348,54.3257776 13.4664791,54.3217784 13.4662489,54.3214986 13.4607781,54.3164062 13.4608423,54.3164062 13.4608409,54.3161585 13.444393,54.313675 13.4430892,54.3132128 13.433318,54.3075057 13.4272612,54.3065329 13.4208772,54.3031551 13.4121698,54.2967207 13.4137259,54.2901766 13.4107435,54.2880709 13.4105736,54.2860529 13.3989768,54.276813 13.3968397,54.2729505 13.3906103,54.2688158 13.3875558,54.2670075 13.3851773,54.2666739 13.385707,54.2721602 13.3911933,54.2774763 13.3882436,54.2793865 13.3872699,54.2794849 13.385621,54.2792042 13.3846002,54.2772077 13.3792735,54.2772855 13.3725128,54.2756546 13.3702763,54.2709543 13.3643782,54.2709562 13.3608354,54.2722601 13.359375,54.2717634 13.3591368,54.2717634 13.3522425,54.269014 13.3567063,54.2640738 13.3568741,54.2636436 13.3549504,54.2608157 13.3576498,54.2594146 13.3587137,54.255963 13.3539094,54.2534509 13.3599178,54.250208 13.3585784,54.2477198 13.3663228,54.2503262 13.3697944,54.2543766 13.3662006,54.2574427 13.3654459,54.2576127 13.3639783,54.2575201 13.36155,54.255976 13.3601415,54.2565345 13.3599505,54.2569278 13.3605136,54.2622975 13.3618226,54.2628571 13.3667054,54.2642809 13.3695211,54.2628142 13.3795276,54.2535552 13.3905481,54.2586629 13.3912314,54.263814 13.3955159,54.2649939 13.4029741,54.2646511 13.4039279,54.2644438 13.4172742,54.255075 13.4233311,54.2454966 13.4240052,54.243264 13.423597,54.2381845 13.4184041,54.2339637 13.4163014,54.2327009 13.4059913,54.2304267 13.4056416,54.2302765 13.4062949,54.2296897 13.3991138,54.2267504 13.3985915,54.2264419 13.3939536,54.2213207 13.3932498,54.221091 13.3922566,54.2210867 13.3912545,54.221283 13.3862153,54.2281179 13.3677598,54.2315108 13.3600351,54.2340899 13.359375,54.2340959 13.3377808,54.2365437 13.3293279,54.2388645 13.3225445,54.237617 13.3190666,54.2401615 13.3146499,54.2404007 13.312402,54.2457178 13.3089997,54.247981 13.3046647,54.2491748 13.2946678,54.2492372 13.2906297,54.25097 13.2917829,54.2539968 13.295294,54.2551516 13.2971162,54.2523481 13.3111807,54.2484686 13.3188127,54.2442981 13.320883,54.2451603 13.3239419,54.2473783 13.3227474,54.2509331 13.3266321,54.2548209 13.3272103,54.2576897 13.3231099,54.2610685 13.3235374,54.2647666 13.3296024,54.2694476 13.3341826,54.2699438 13.3341811,54.2729965 13.3372105,54.2758934 13.3353568,54.27801 13.3284485,54.2749555 13.3277417,54.2727185 13.3243031,54.2706779 13.3103791,54.2654802 13.314754,54.2638427 13.3147944,54.2596713 13.3203654,54.2591553 13.3206894,54.2576292 13.3120849,54.2571278 13.304799,54.2585721 13.2881205,54.259124 13.2770782,54.2549607 13.2761734,54.254691 13.2701886,54.2536567 13.2647238,54.2543973 13.2479327,54.2592189 13.2405326,54.2665756 13.2242225,54.2693721 13.217096,54.2735401 13.2167104,54.2754695 13.2192932,54.2775812 13.2184672,54.2789561 13.215059,54.2787656 13.21591,54.277603 13.213887,54.274985 13.2156866,54.2714967 13.2092372,54.2699164 13.1999617,54.2702442 13.1965061,54.2761704 13.1961246,54.2837048 13.198543,54.2868236 13.2039462,54.2895772 13.2004778,54.2946203 13.1942421,54.2966847 13.1917924,54.2967153 13.1886129,54.2939925 13.1883255,54.2907155 13.1828341,54.2895572 13.1809533,54.2880305 13.1651016,54.2892673 13.1566182,54.2857413 13.1522903,54.2852116 13.1433666,54.2808679 13.1419084,54.2808758 13.1399896,54.2817883 13.1394118,54.2825276 13.137922,54.2862755 13.1379271,54.2899481 13.140129,54.2962458 13.150074,54.299497 13.1528397,54.3020701 13.1558564,54.3028532 13.1545248,54.3044081 13.1633546,54.3045204 13.1649851,54.3011872 13.1708246,54.3011864 13.1801531,54.2964416 13.1840504,54.2984157 13.1843202,54.3003035 13.183323,54.3016289 13.1696522,54.3096563 13.1490476,54.3124151 13.1486582,54.3125268 13.1412709,54.3157569 13.1407202,54.3164062 13.1375285,54.3207014 13.1332231,54.31845 13.1323174,54.3185254 13.1315892,54.3190883 13.1365919,54.3220973 13.135941,54.3234974 13.1253757,54.3284239 13.117187,54.3305006 13.1147854,54.3318135 13.1140563,54.3327295 13.1140552,54.3387978 13.1154855,54.3432887 13.1162692,54.3447016 13.1220605,54.3518298 13.123565,54.366769 13.128352,54.3714774 13.129144,54.3717989 13.1456414,54.3741028 13.1576222,54.3746516 13.1676838,54.3714579 13.1720359,54.3714026 13.1846011,54.3746653 13.1969578,54.3754687 13.2015086,54.3737139 13.1999524,54.3722666 13.2035011,54.3705232 13.2162277,54.3713979 13.2171549,54.3680274 13.2197222,54.3676682 13.2254941,54.3699033 13.2342066,54.3692091 13.2371455,54.3699938 13.2393516,54.3711888 13.2360091,54.3737704 13.2374426,54.377314 13.259791,54.3798105 13.261849,54.3839155 13.2543798,54.3860934 13.2505372,54.3855726 13.2496504,54.3837031 13.2409384,54.3852462 13.2380759,54.3873388 13.2359259,54.3926347 13.2308174,54.3963844 13.2298321,54.4011393 13.2333961,54.4028214 13.2324359,54.404676 13.2376941,54.4097188 13.2347929,54.4102708 13.2333056,54.4131219 13.2304713,54.412273 13.2338709,54.4094512 13.2201571,54.4140013 13.2162359,54.4183989 13.2138098,54.4227839 13.2122206,54.429148 13.2112088,54.4295214 13.2071602,54.4300067 13.2017068,54.4258887 13.1912931,54.4236305 13.1827605,54.422962 13.1709192,54.4248952 13.1560832,54.4211212 13.1508718,54.4229892 13.1499618,54.4286462 13.1502014,54.4290124 13.1615802,54.4357594 13.1691852,54.4532558 13.1748974,54.4523391 13.1807239,54.4547311 13.1923778,54.4550281 13.1927226,54.4501104 13.1970322,54.4475477 13.1992911,54.4474871 13.2048182,54.4535671 13.2035233,54.4569967 13.2058992,54.45772 13.2056117,54.4600613 13.2084039,54.4606136 13.2180775,54.4591686 13.2227733,54.4603999 13.2245291,54.4641691 13.2301366,54.4641531 13.2327386,54.4624178 13.2371711,54.4622663 13.239257,54.4650369 13.2382042,54.4674037 13.2308567,54.4673259 13.231118,54.4681458 13.2366989,54.4684418 13.2429959,54.4725693 13.2535943,54.4716978 13.2530189,54.4734036 13.2572894,54.4734262 13.2670323,54.4767489 13.2681758,54.479775 13.2648391,54.4801157 13.2584463,54.4781148 13.2566754,54.4810125 13.2578616,54.4834563 13.2565659,54.4853137 13.2557446,54.4855824 13.2467937,54.4868127 13.2462013,54.4868146 13.2382082,54.4832191 13.2371938,54.4830474 13.23088,54.484108 13.2275304,54.4859014 13.2268944,54.4864728 13.2268813,54.49149 13.2273597,54.4921875 13.2272989,54.4921875 13.2279911,54.4925199 13.2282192,54.4930191 13.2264621,54.4942837 13.2286825,54.496791 13.2294067,54.5030839 13.2335126,54.5048254 13.2302696,54.5065596 13.2335219,54.5082746 13.2299745,54.5108495 13.2229779,54.5107322 13.2170538,54.5088073 13.2092243,54.5083147 13.1998707,54.5034344 13.1923996,54.505281 13.1805369,54.5056095 13.1695125,54.50846 13.1694849,54.5051181 13.1637362,54.5037484 13.1661065,54.5022523 13.1655877,54.502121 13.1616026,54.5026015 13.1599866,54.5033323 13.156388,54.5053889 13.1553113,54.5077614 13.1561112,54.5112817 13.1565698,54.5118936 13.1578472,54.5126566 13.1617391,54.5128217 13.1633712,54.5163434 13.1633713,54.5228555 13.1623443,54.5266695 13.1592093,54.5356137 13.1589825,54.5361049 13.1549633,54.5404012 13.1492693,54.5424489 13.1402484,54.5405306 13.1438705,54.546568 13.1640352,54.5452727 13.1748523,54.5457072 13.1859576,54.5480782 13.2110484,54.5499737 13.2375102,54.554057 13.2532988,54.5521471 13.2547086,54.5518662 13.2588702,54.5488744 13.2602084,54.5484442 13.26556,54.5476455 13.2760388,54.543752 13.2857575,54.5431392 13.2864788,54.5429538 13.2889301,54.5414202 13.2909665,54.5384125 13.294279,54.537549 13.2947273,54.5372351 13.2959147,54.5357146 13.2903625,54.5322968 13.2901083,54.5260303 13.2875317,54.5218031 13.2923827,54.5214484 13.2950681,54.5202862 13.2960653,54.5198268 13.3019027,54.5143946 13.3027999,54.5140976 13.3047565,54.5140868 13.3089052,54.5152144 13.3101954,54.5162202 13.3102407,54.517234 13.3098083,54.5179591 13.3066279,54.519401 13.3107682,54.5198396 13.31173,54.52321 13.3115252,54.5236922 13.3041073,54.5264543 13.3029805,54.5275295 13.3028203,54.528011 13.3069707,54.5392224 13.3049871,54.5406115 13.3035115,54.5465295 13.2969379,54.5498111 13.2965825,54.5506341 13.2980133,54.5526175 13.3004915,54.5548666 13.3255686,54.5685291 13.331302,54.5694993 13.3326164,54.5708446 13.3393419,54.5707973 13.344034,54.5736029 13.3438305,54.5754795 13.3474185,54.5780253 13.3538827,54.5808742 13.3587397,54.5808227 13.359375,54.5806361 13.3680993,54.5791267 13.3708082,54.5772725 13.3707119,54.5767422 13.3616639,54.5693111 13.3604259,54.5668978 13.3600122,54.5626043 13.359375,54.5622209 13.3591349,54.5622209 13.3534797,54.5537161 13.3544075,54.5515037 13.3541765,54.5513499 13.3498088,54.5513465 13.3482575,54.5525815 13.3386114,54.5486606 13.355606,54.5455394 13.3544024,54.5495057 13.359375,54.5516183 13.360836,54.5516638 13.3632791,54.5555204 13.3697836,54.5588474 13.3726257,54.5598078 13.3733329,54.5599247 13.3770016,54.5590392 13.3763278,54.5537158 13.379747,54.5468618 13.3859839,54.5427892 13.3936276,54.5398535 13.3967781,54.5375009 13.4073026,54.5283197 13.4140621,54.5192792 13.4144666,54.5178641 13.4139606,54.5161504 13.40874,54.5116791 13.4070483,54.506427 13.4133548,54.4936357 13.4189293,54.4921875 13.4191645,54.4921875 13.4271471,54.4896246 13.4418299,54.4868861 13.4480823,54.4744052 13.4513001,54.4732525 13.4568675,54.4768157 13.4796152,54.4832079 13.4887489,54.483048 13.4967939,54.4796746 13.5061535,54.481293 13.504267,54.4853342 13.5010097,54.4878618 13.5,54.4921875 13.5045655,54.4975233 13.5078537,54.5062884 13.5131288,54.509106 13.5141073,54.5102528 13.5145043,54.5129743 13.5144919,54.5154546 13.510778,54.51882 13.5124732,54.5209032 13.5122964,54.5213268 13.510349,54.5238664 13.5101281,54.5241075 13.5073193,54.5247356 13.5097023,54.5260907 13.5096771,54.5283781 13.5123537,54.5291634 13.5097693,54.530089 13.5078505,54.5330598 13.5018125,54.5481939 13.4967225,54.548232 13.4940468,54.5507668 13.490418,54.5502592 13.4853171,54.5526778 13.459993,54.5532923 13.4470686,54.5510476 13.4333974,54.5595976 13.4267817,54.5677769 13.4072303,54.5726314 13.3969638,54.5723191 13.3915237,54.5770879 13.3837068,54.5812778 13.3833373,54.5955337 13.3791896,54.60253 13.3726743,54.6092652 13.3710665,54.6137789 13.3701372,54.6142187 13.3689011,54.6145042 13.3643916,54.6122981 13.359375,54.6130021 13.3581675,54.613028 13.3544108,54.6106704 13.3541915,54.6104023 13.3527746,54.6075346 13.3537532,54.605321 13.3487939,54.60065 13.3283429,54.5935763 13.3350509,54.5849292 13.3345906,54.5825899 13.3212738,54.5796064 13.3163353,54.5794975 13.308663,54.5757807 13.306492,54.5731158 13.300023,54.5711764 13.2933331,54.5715618 13.2880918,54.5702747 13.2787395,54.5645878 13.2740378,54.5635024 13.2573051,54.5630636 13.255403,54.5613569 13.2492408,54.5602309 13.2476898,54.5572366 13.2453675,54.5574909 13.2433214,54.5587344 13.2429827,54.5592237 13.2431757,54.5625964 13.2496378,54.5710496 13.2561799,54.5889159 13.2629206,54.5971096 13.2676169,54.5998216 13.2817039,54.6134071 13.2840099,54.6221108 13.2887139,54.6278253 13.2886667,54.6346755 13.2859997,54.638501 13.2872618,54.6407063 13.2833025,54.645829 13.2823284,54.6460901 13.2807469,54.6462668 13.2698466,54.6435992 13.2640615,54.6436735 13.2635523,54.6435037 13.2419474,54.6333705 13.2309049,54.6253669 13.2269959,54.6245118 13.2264904,54.6201082 13.2305208,54.6085004 13.2377402,54.5993816 13.2361959,54.5974146 13.2295953,54.5947233 13.2273541,54.5914752 13.2285807,54.5869662 13.2150837,54.5855511 13.2044131,54.577028 13.1975952,54.5744627 13.1955735,54.5718932 13.1878545,54.5710998 13.1852636,54.5703181 13.184121,54.569572 13.1832963,54.5645754 13.1829253,54.5642771 13.1779931,54.5632219 13.1752154,54.5603359 13.1747133,54.5601722 13.1639156,54.5578203 13.1631497,54.5579118 13.1612241,54.5588499 13.1597008,54.5643029 13.1598763,54.5649982 13.1666399,54.5725228 13.1969455,54.5826634 13.2112283,54.5918955 13.2214651,54.6020153 13.2216696,54.6022545 13.2270873,54.6130615 13.2248347,54.6207021 13.220409,54.6265007 13.2187788,54.6354947 13.219487,54.6398031 13.2202715,54.6409641 13.2285748,54.6457527 13.229472,54.6477962 13.2424855,54.6537371 13.2452372,54.6572247 13.250122,54.6598341 13.254885,54.6607279 13.265587,54.6657351 13.2719646,54.6679687 13.2730517,54.6679687 13.2848911,54.6724013 13.3103924,54.6735368 13.3358937,54.6746722 13.353227,54.679064 13.359375,54.6799665 13.3765497,54.6830071 13.406267,54.6814343 13.4275754,54.6843914 13.4285527,54.6843981</coordinates></LinearRing></innerBoundaryIs><innerBoundaryIs><LinearRing><coordinates>13.5241355,54.3094518 13.5224992,54.3100692 13.5180807,54.3152754 13.518189,54.3157035 13.5231839,54.3157423 13.5237232,54.3164062 13.5239156,54.3164062 13.5312403,54.3226056 13.5315241,54.3230456 13.5295482,54.3264391 13.541627,54.3318179 13.5458328,54.327378 13.5460689,54.3254792 13.5455782,54.3248949 13.5430877,54.3229519 13.5376267,54.322876 13.5293262,54.3193727 13.5267857,54.3164062 13.5265815,54.3164062 13.5239133,54.3137674 13.524482,54.3097959 13.5241355,54.3094518</coordinates></LinearRing></innerBoundaryIs><innerBoundaryIs><LinearRing><coordinates>13.3589581,54.2523317 13.359375,54.2525111 13.360862,54.2525523 13.3644956,54.2511626 13.3644127,54.2507113 13.3626255,54.2504612 13.359375,54.2519531 13.3589581,54.2523317</coordinates></LinearRing></innerBoundaryIs><innerBoundaryIs><LinearRing><coordinates>13.9143506,54.2468715 13.9167902,54.2506165 13.9227844,54.2510256 13.9267461,54.2492365 13.9265881,54.2478814 13.9260854,54.2475961 13.9171851,54.24496 13.9142061,54.2418042 13.9126384,54.2413985 13.9076602,54.2408386 13.906579,54.2409273 13.9058419,54.2418797 13.9062951,54.2426273 13.9064908,54.2426742 13.9065425,54.2415469 13.9071327,54.2413505 13.9090077,54.2414656 13.9093668,54.241744 13.9083498,54.2441489 13.9143506,54.2468715</coordinates></LinearRing></innerBoundaryIs><innerBoundaryIs><LinearRing><coordinates>13.1216995,54.3023185 13.120608,54.3023226 13.1178907,54.3032165 13.1148362,54.3047827 13.1109114,54.3113774 13.1113249,54.311801 13.1138042,54.3129611 13.1229712,54.3136477 13.126146,54.315505 13.1269323,54.3149498 13.1238675,54.3134572 13.1239035,54.3120278 13.1245157,54.3113406 13.1287957,54.3095089 13.1301078,54.3074555 13.1300032,54.3068523 13.1268827,54.3042094 13.1216995,54.3023185</coordinates></LinearRing></innerBoundaryIs><innerBoundaryIs><LinearRing><coordinates>13.2194963,54.4019593 13.2205533,54.4007974 13.220456,54.4005022 13.2162768,54.3974411 13.2107924,54.3966548 13.2101511,54.3965617 13.2070744,54.3974285 13.2072741,54.3999667 13.2127711,54.4026228 13.216994,54.4026119 13.2194963,54.4019593</coordinates></LinearRing></innerBoundaryIs><innerBoundaryIs><LinearRing><coordinates>13.1219203,54.428892 13.1219209,54.4262993 13.1164063,54.4273804 13.1158719,54.4295837 13.1165572,54.4302967 13.1172678,54.4300882 13.1219203,54.428892</coordinates></LinearRing></innerBoundaryIs><innerBoundaryIs><LinearRing><coordinates>12.9913601,54.4342473 12.9892503,54.4334553 12.9856257,54.4326231 12.9818373,54.4331959 12.976721,54.4319866 12.9741648,54.4320647 12.9736069,54.4322432 12.9717522,54.4354523 12.9692538,54.4355441 12.9687603,54.4359238 12.9672652,54.4377915 12.9676458,54.439254 12.9684854,54.4400291 12.9724158,54.4402213 12.9734133,54.4415036 12.97379,54.4416559 12.9770532,54.4422119 12.9826539,54.4420115 12.9846013,54.4411147 12.9851758,54.4376388 12.9900314,54.4393576 12.9932787,54.4449855 13.0013036,54.4472227 13.0078125,54.4478236 13.011842,54.4477932 13.0169173,54.4464977 13.0248587,54.4485421 13.0338138,54.4464622 13.0350449,54.4483345 13.0449548,54.4534988 13.0473892,54.457498 13.046604,54.4596488 13.0495223,54.4601256 13.0558298,54.4529389 13.05943,54.4512677 13.0519415,54.446565 13.0511621,54.4459687 13.0372782,54.441155 13.0370562,54.4436309 13.028797,54.4421294 13.0196995,54.443258 13.0078125,54.4419641 13.0078125,54.4416853 12.9976172,54.4391499 12.9913601,54.4342473</coordinates></LinearRing></innerBoundaryIs><innerBoundaryIs><LinearRing><coordinates>13.0620095,54.4590358 13.0618379,54.4665378 13.0595312,54.4701011 13.0604273,54.478934 13.0641304,54.4874026 13.0628479,54.490519 13.0642538,54.4921875 13.0640048,54.4921875 13.072015,54.5080256 13.0793864,54.517475 13.085682,54.5363652 13.0923998,54.5447739 13.0972776,54.556053 13.1014107,54.5733237 13.1000528,54.5796865 13.1013532,54.587285 13.0978351,54.590239 13.1068031,54.5963497 13.1151561,54.6000007 13.1166987,54.6021177 13.1190603,54.6031539 13.131512,54.6051594 13.1383986,54.6042022 13.1444584,54.6043785 13.1470485,54.6021183 13.1491417,54.5907807 13.157952,54.5793204 13.1549792,54.5783236 13.1523116,54.5752496 13.1494814,54.5751961 13.1512634,54.577481 13.1507879,54.5827045 13.1458451,54.5881017 13.1471039,54.5746419 13.1449831,54.5734332 13.1424212,54.5743515 13.1445578,54.5798982 13.1413661,54.5823252 13.1407691,54.5848737 13.134055,54.5887687 13.1386302,54.5910984 13.1402076,54.5936534 13.1404963,54.5956346 13.1385984,54.5967764 13.1308162,54.591904 13.1246578,54.5846912 13.1258301,54.5838856 13.1146214,54.5844787 13.1109886,54.5836143 13.1128922,54.5785642 13.1176872,54.5750943 13.1103773,54.5708187 13.1090564,54.5673007 13.1128809,54.5639595 13.1163045,54.5569328 13.1166058,54.5497601 13.1138625,54.5409383 13.1169478,54.5377564 13.1072547,54.532337 13.1045198,54.5291202 13.0928907,54.52762 13.0945967,54.5243238 13.0924621,54.5200402 13.0938643,54.5172886 13.0927278,54.5164326 13.0924566,54.5163394 13.0894123,54.5180602 13.0847038,54.5179805 13.0888541,54.5149282 13.0842304,54.5148096 13.0835731,54.5143114 13.0854498,54.5126426 13.0819572,54.5121794 13.0831685,54.5106859 13.0808389,54.5078337 13.0802319,54.5015923 13.0800086,54.5012518 13.0737627,54.4995244 13.0736104,54.492606 13.0740907,54.4921875 13.0742985,54.4921875 13.0765604,54.4852993 13.0737606,54.4808619 13.0766042,54.4783937 13.0739278,54.4787709 13.0742428,54.4747262 13.0724962,54.4728183 13.0746741,54.4690151 13.070779,54.4666193 13.070403,54.4623353 13.0657889,54.459828 13.0673598,54.4574949 13.0667295,54.4573438 13.0645771,54.4574769 13.0620095,54.4590358</coordinates></LinearRing></innerBoundaryIs><innerBoundaryIs><LinearRing><coordinates>13.1161903,54.5461398 13.1228586,54.5494765 13.1254909,54.5439405 13.1204969,54.5421005 13.1202208,54.5418844 13.1199764,54.5395762 13.118542,54.539366 13.1170238,54.5404263 13.1161903,54.5461398</coordinates></LinearRing></innerBoundaryIs><innerBoundaryIs><LinearRing><coordinates>13.1701459,54.4921875 13.1816161,54.4940681 13.1951602,54.4923306 13.1951203,54.4921875 13.1957906,54.4921875 13.1985303,54.4900759 13.1967841,54.4877084 13.200473,54.4855202 13.2121006,54.4846843 13.2246242,54.4862278 13.2275367,54.4845945 13.2202421,54.4828404 13.224682,54.4820086 13.2265571,54.472248 13.2157907,54.4671866 13.2194881,54.4671077 13.2207537,54.469065 13.2263728,54.4697157 13.2238618,54.4674234 13.2238961,54.4652174 13.2167253,54.463841 13.2132115,54.4641883 13.2039721,54.4619045 13.2004889,54.4602023 13.2006654,54.4568287 13.2001003,54.4567786 13.1994307,54.4568461 13.1982775,54.457936 13.1982846,54.4586203 13.1995748,54.4612125 13.2004973,54.4618126 13.21322,54.4649976 13.2134786,54.4652863 13.2128885,54.4663581 13.2089509,54.4688711 13.203231,54.4687798 13.1985135,54.4669356 13.1892658,54.4656527 13.1867526,54.464968 13.1858916,54.4630901 13.1861261,54.4610782 13.1880609,54.4596871 13.1879241,54.4593613 13.1838896,54.4568619 13.182162,54.4564983 13.1715431,54.456978 13.166589,54.4555906 13.1662143,54.4554373 13.1628155,54.4518135 13.1645615,54.451089 13.1640934,54.4500234 13.1634309,54.4495112 13.1606563,54.4486047 13.1543059,54.4477944 13.1470243,54.4490001 13.134312,54.4428695 13.1266086,54.4437687 13.1247411,54.4421277 13.1227498,54.4420081 13.1210916,54.4422653 13.1204826,54.4430636 13.1207505,54.4487998 13.1245925,54.4540652 13.1311665,54.4588447 13.1325829,54.4605504 13.1456378,54.4788883 13.1486243,54.4817609 13.1578495,54.4877054 13.1690052,54.4921875 13.1701459,54.4921875</coordinates></LinearRing></innerBoundaryIs><innerBoundaryIs><LinearRing><coordinates>13.0843455,54.4762809 13.0830814,54.4749953 13.0813096,54.4742411 13.0788583,54.4743752 13.0786347,54.4747066 13.0802147,54.4767236 13.0813773,54.4771702 13.0825843,54.4769744 13.0843455,54.4762809</coordinates></LinearRing></innerBoundaryIs><innerBoundaryIs><LinearRing><coordinates>13.2982072,54.5389292 13.3001618,54.5410382 13.3029563,54.5380692 13.30261,54.537501 13.3015,54.5375763 13.2982072,54.5389292</coordinates></LinearRing></innerBoundaryIs><innerBoundaryIs><LinearRing><coordinates>12.7367401,54.4126461 12.7379105,54.4114799 12.7372411,54.4083936 12.7315398,54.4047118 12.7258784,54.4038099 12.7179369,54.4044271 12.7178168,54.4071842 12.7236421,54.4123946 12.7324404,54.4132729 12.7359143,54.4128289 12.7367401,54.4126461</coordinates></LinearRing></innerBoundaryIs><innerBoundaryIs><LinearRing><coordinates>12.5846016,54.380922 12.5865788,54.380478 12.586625,54.3801811 12.584563,54.3778231 12.5856262,54.3757066 12.5839785,54.3748641 12.5832943,54.3747861 12.5808949,54.3754534 12.5798301,54.3768957 12.5798312,54.377285 12.5824682,54.3795896 12.5846016,54.380922</coordinates></LinearRing></innerBoundaryIs><innerBoundaryIs><LinearRing><coordinates>12.5251778,54.3664771 12.5218827,54.3679476 12.5223757,54.3685392 12.5273222,54.368932 12.530902,54.3677351 12.5308846,54.3673896 12.5285569,54.3656513 12.5285853,54.363169 12.5270317,54.3621258 12.5260046,54.3619885 12.5238167,54.363475 12.5251778,54.3664771</coordinates></LinearRing></innerBoundaryIs><innerBoundaryIs><LinearRing><coordinates>12.5261937,54.3545384 12.5279412,54.355991 12.5248533,54.3596365 12.5274012,54.3613911 12.528576,54.3591146 12.5354099,54.3564677 12.5355557,54.3561511 12.5342375,54.3548191 12.5340036,54.3545839 12.5296572,54.3546371 12.5295449,54.3544458 12.5312941,54.3506007 12.5295411,54.3470809 12.5295259,54.3468126 12.530991,54.3456819 12.5290393,54.3456857 12.5261937,54.3545384</coordinates></LinearRing></innerBoundaryIs><innerBoundaryIs><LinearRing><coordinates>13.7681021,54.2038224 13.7683244,54.2083983 13.7701443,54.20903 13.772174,54.2088304 13.7748146,54.2082676 13.7751396,54.207635 13.7751172,54.2070059 13.7742568,54.2039061 13.770913,54.2001938 13.7706552,54.2000709 13.7686213,54.2006999 13.7681021,54.2038224</coordinates></LinearRing></innerBoundaryIs><innerBoundaryIs><LinearRing><coordinates>13.359375,54.1849889 13.3685026,54.1846848 13.3695467,54.1845448 13.3719409,54.1817207 13.3722112,54.1806498 13.371558,54.1801389 13.3707649,54.1802275 13.3659223,54.1821473 13.359375,54.1821986 13.357252,54.1826634 13.3549982,54.1811404 13.3503782,54.181833 13.3561198,54.1847283 13.359375,54.1849889</coordinates></LinearRing></innerBoundaryIs><innerBoundaryIs><LinearRing><coordinates>13.3485612,54.1761605 13.3478884,54.1770411 13.3492249,54.1778042 13.3498375,54.1777391 13.3520724,54.1757774 13.3515894,54.1755136 13.3496706,54.1756676 13.3485612,54.1761605</coordinates></LinearRing></innerBoundaryIs><innerBoundaryIs><LinearRing><coordinates>13.7632372,54.1269606 13.7662922,54.126121 13.7661901,54.1253104 13.7653354,54.1251403 13.7621951,54.1251107 13.7609717,54.125685 13.7632372,54.1269606</coordinates></LinearRing></innerBoundaryIs><innerBoundaryIs><LinearRing><coordinates>13.7681401,54.1263778 13.774105,54.1169745 13.7808573,54.114906 13.7834045,54.1125844 13.7871645,54.1101834 13.7785015,54.1123757 13.7792106,54.1106353 13.7777274,54.1106615 13.7759424,54.1138676 13.771771,54.1146473 13.768404,54.1210042 13.7679693,54.1224025 13.7682186,54.1257905 13.7681401,54.1263778</coordinates></LinearRing></innerBoundaryIs><innerBoundaryIs><LinearRing><coordinates>13.9588425,53.9433937 13.9606848,53.9423332 13.9607923,53.9419163 13.9595861,53.9408966 13.9582313,53.9407349 13.957785,53.9412376 13.9588425,53.9433937</coordinates></LinearRing></innerBoundaryIs><innerBoundaryIs><LinearRing><coordinates>14.0229297,53.9520386 14.0277079,53.9511768 14.028367,53.949734 14.0297312,53.9470804 14.0223991,53.9493136 14.0229297,53.9520386</coordinates></LinearRing></innerBoundaryIs><innerBoundaryIs><LinearRing><coordinates>14.034481,53.9460093 14.0345538,53.9454542 14.0328885,53.9438829 14.0316355,53.9435749 14.0310467,53.9437453 14.032328,53.94647 14.034481,53.9460093</coordinates></LinearRing></innerBoundaryIs><innerBoundaryIs><LinearRing><coordinates>13.9321773,54.0300397 13.9348143,54.0269432 13.9309113,54.024025 13.9243588,54.0230225 13.9243532,54.0205249 13.9272292,54.0191302 13.9272707,54.0163044 13.9267083,54.0157827 13.9251124,54.0156723 13.9198802,54.0174009 13.9193882,54.0176948 13.915772,54.0221173 13.923529,54.0293978 13.9289021,54.0312192 13.929545,54.031058 13.9321773,54.0300397</coordinates></LinearRing></innerBoundaryIs><innerBoundaryIs><LinearRing><coordinates>14.5042067,53.9648437 14.5214939,53.9670088 14.5355117,53.9697222 14.5465668,53.9726816 14.5836741,53.9840664 14.6081705,53.9899071 14.6326669,53.9957478 14.6440016,53.9980174 14.6496356,53.9980409 14.6514369,53.9994367 14.6722142,54.0036753 14.6967763,54.0114774 14.7213385,54.0192795 14.7265092,54.0220799 14.7267115,54.0220249 14.7308286,54.0194361 14.7496517,54.0190047 14.7537136,54.020183 14.7558491,54.0236167 14.7563083,54.023885 14.7595524,54.0251945 14.7614921,54.0256099 14.765625,54.0248326 14.7674683,54.0227377 14.7683405,54.0115083 14.7674567,54.0107892 14.765625,54.0100446 14.7397857,54.0069079 14.7298036,54.0047061 14.7160769,53.9975121 14.7021286,53.9985305 14.6975275,53.9965757 14.694447,53.9941556 14.6940916,53.9931186 14.6945846,53.9918153 14.6996511,53.9884201 14.6989073,53.9792203 14.7005728,53.9699934 14.6959043,53.9688793 14.6954637,53.9648437 14.6947454,53.9644252 14.694707,53.9607782 14.6900897,53.9565018 14.6883476,53.9516355 14.6946892,53.9412736 14.6946694,53.9378595 14.6847665,53.9307104 14.677295,53.9272691 14.6731153,53.9234627 14.6718327,53.9180201 14.6647967,53.9157513 14.6632715,53.9076505 14.6579309,53.9068573 14.6514471,53.9077491 14.6492525,53.9067386 14.6352195,53.8942097 14.634274,53.889936 14.6299977,53.884617 14.6298865,53.8806674 14.6239277,53.8783771 14.616223,53.8647307 14.6166132,53.8606702 14.6190172,53.8590339 14.619175,53.8550082 14.6227803,53.849474 14.6168327,53.8407789 14.6181333,53.8333896 14.6153961,53.8307573 14.6061033,53.8281569 14.5974004,53.827975 14.5941501,53.8269116 14.5934079,53.8237385 14.5880241,53.8190305 14.5870771,53.8152519 14.5939049,53.8121347 14.5959517,53.8078783 14.5895962,53.8043572 14.5877312,53.8012462 14.5872006,53.8011161 14.584982,53.8035905 14.5807259,53.8039922 14.5781677,53.8109673 14.5733383,53.8149112 14.57166,53.8196052 14.5727828,53.8251512 14.5701231,53.8291085 14.5805461,53.8292732 14.5836275,53.8311293 14.584594,53.8339649 14.5836654,53.8395972 14.5745142,53.8483911 14.5738224,53.8486617 14.5551207,53.8552465 14.5338778,53.8590443 14.5220191,53.8568553 14.511312,53.8602757 14.4924738,53.8623862 14.4903126,53.8615483 14.4704407,53.8645486 14.4592744,53.8646044 14.4506534,53.8630317 14.4356744,53.8621938 14.4238501,53.8652495 14.4212085,53.8703277 14.4244452,53.8810087 14.4261326,53.8830068 14.4294178,53.8831679 14.4312342,53.8853964 14.4319097,53.8881435 14.4298894,53.89107 14.4336812,53.8915519 14.4366958,53.8947031 14.4352005,53.8997169 14.4306757,53.8988513 14.4278266,53.8952919 14.4263339,53.8899291 14.4245015,53.8886746 14.4247601,53.8848209 14.4185762,53.8867716 14.4191871,53.8879064 14.416705,53.8899648 14.4070826,53.8939583 14.3840913,53.8923658 14.3747835,53.889134 14.375487,53.8870114 14.3706113,53.8851284 14.3692628,53.8814746 14.3755898,53.8787503 14.3632025,53.8780504 14.3602279,53.8766279 14.3604168,53.8731561 14.3683075,53.8715101 14.3775702,53.8753155 14.3798,53.8752588 14.3836752,53.8716317 14.3860466,53.8710833 14.3889416,53.8671902 14.3724203,53.8554149 14.3611761,53.8584516 14.3493655,53.8713953 14.3463269,53.8727382 14.3356224,53.8740803 14.313211,53.8710843 14.3073899,53.8687053 14.2934992,53.8598247 14.2899336,53.8594412 14.285973,53.8602651 14.2855614,53.8606622 14.2836972,53.8631635 14.283222,53.8832072 14.2762454,53.8886605 14.2556461,53.8966568 14.2558181,53.9002293 14.2594351,53.9038969 14.2600784,53.9043838 14.2673013,53.9061008 14.2802368,53.9119223 14.2808945,53.9125721 14.2862405,53.920876 14.3300285,53.9113399 14.3503047,53.9102259 14.3603252,53.9104646 14.3874695,53.9144089 14.4102336,53.919201 14.4140625,53.9204798 14.4350913,53.9268152 14.4357526,53.9271038 14.4568264,53.9375 14.4763106,53.9495128 14.4957947,53.9615256 14.5033706,53.9648437 14.5042067,53.9648437</coordinates></LinearRing></innerBoundaryIs><innerBoundaryIs><LinearRing><coordinates>14.7038056,53.9474577 14.703099,53.9478945 14.7023612,53.9500067 14.7023422,53.9549665 14.7052488,53.9571875 14.7070436,53.9599679 14.7073013,53.9629703 14.7089213,53.9648437 14.7091662,53.9648437 14.7101713,53.9660342 14.7164834,53.9690715 14.7166883,53.9692888 14.7134891,53.9720021 14.7126151,53.9758374 14.7096745,53.9778234 14.7113763,53.9792203 14.7143468,53.9796375 14.7316761,53.9793231 14.7444779,53.977272 14.757687,53.9711521 14.7557153,53.9686081 14.7569749,53.9655861 14.7570848,53.9648437 14.7575918,53.9648437 14.7607811,53.9605792 14.7607771,53.9601736 14.7574164,53.9529552 14.7569196,53.9527721 14.7516772,53.9516052 14.7449518,53.955434 14.741473,53.9549268 14.7344923,53.951426 14.7288179,53.9500396 14.7218705,53.9500386 14.7190092,53.9475828 14.7135221,53.9462001 14.7110486,53.945936 14.7085828,53.9460626 14.7038056,53.9474577</coordinates></LinearRing></innerBoundaryIs><innerBoundaryIs><LinearRing><coordinates>14.3447531,53.8319948 14.3401198,53.8292502 14.3389916,53.8278352 14.3405019,53.825334 14.3385998,53.8246738 14.3381432,53.823597 14.3376333,53.8200361 14.3380398,53.8157736 14.3409584,53.8120548 14.3412013,53.8113855 14.3412004,53.8082963 14.3407481,53.8082883 14.3328422,53.812958 14.3106353,53.829414 14.2884283,53.84587 14.2849503,53.8500686 14.2822731,53.8569328 14.2826085,53.8573492 14.2917414,53.8553667 14.304177,53.8576598 14.2952257,53.8524413 14.290242,53.8516744 14.2961719,53.8518399 14.3207813,53.8628193 14.323392,53.8675345 14.3240143,53.8678828 14.3297158,53.8694196 14.3401114,53.8694196 14.3473049,53.8682811 14.3496338,53.8673843 14.3497182,53.8647593 14.3484617,53.8641821 14.345615,53.8639781 14.3448671,53.8635787 14.3451802,53.8624067 14.3465514,53.8612813 14.3517369,53.8583544 14.3610802,53.8549401 14.3675708,53.8535451 14.3820772,53.8548082 14.387412,53.8530571 14.3882087,53.8526524 14.3890533,53.8519539 14.3888708,53.8479456 14.3875411,53.8433079 14.3843294,53.8415414 14.3783118,53.8400536 14.3750166,53.8396295 14.3695067,53.8400965 14.3684177,53.8376313 14.3645073,53.8386405 14.3568764,53.8378485 14.3504344,53.8334447 14.3447531,53.8319948</coordinates></LinearRing></innerBoundaryIs><innerBoundaryIs><LinearRing><coordinates>14.305377,53.8593798 14.3013644,53.8580155 14.2998967,53.8581057 14.3024187,53.8618222 14.3029774,53.8624175 14.305757,53.8636254 14.3063684,53.8635331 14.3071488,53.8619049 14.3055483,53.8597213 14.305377,53.8593798</coordinates></LinearRing></innerBoundaryIs><innerBoundaryIs><LinearRing><coordinates>14.3103063,53.8631746 14.3195148,53.8682616 14.3179919,53.8647913 14.3095598,53.8601518 14.3088171,53.8600158 14.3084753,53.8608881 14.3103063,53.8631746</coordinates></LinearRing></innerBoundaryIs><innerBoundaryIs><LinearRing><coordinates>14.3196328,53.864062 14.3199776,53.8638498 14.3141124,53.8606545 14.3130763,53.8606209 14.312983,53.8619891 14.3196328,53.864062</coordinates></LinearRing></innerBoundaryIs><innerBoundaryIs><LinearRing><coordinates>14.392009,53.8581445 14.3926142,53.8584862 14.4100831,53.8635317 14.4157164,53.8635603 14.4150903,53.8567246 14.4155719,53.8564047 14.4196385,53.8544987 14.4166002,53.8460819 14.415922,53.845618 14.4095612,53.8426192 14.4062854,53.8427219 14.4039764,53.8420451 14.4018223,53.8404315 14.4003429,53.8401817 14.3944536,53.8407075 14.3878101,53.836466 14.3835841,53.8364955 14.3831884,53.8390847 14.3878793,53.8416936 14.3887872,53.842712 14.3903596,53.8463038 14.3912303,53.8487715 14.3913701,53.8503708 14.388172,53.8551319 14.392009,53.8581445</coordinates></LinearRing></innerBoundaryIs><innerBoundaryIs><LinearRing><coordinates>14.3839732,53.8566298 14.378767,53.8559529 14.3829441,53.861324 14.3895663,53.8653277 14.391098,53.8660311 14.4001756,53.8665434 14.4055609,53.8665369 14.4162046,53.8651692 14.416236,53.8650391 14.4091144,53.864646 14.4049731,53.8634295 14.3839732,53.8566298</coordinates></LinearRing></innerBoundaryIs><innerBoundaryIs><LinearRing><coordinates>14.3903716,53.8686429 14.3891305,53.8687685 14.3877656,53.872838 14.3903383,53.8717788 14.390799,53.8691543 14.3903716,53.8686429</coordinates></LinearRing></innerBoundaryIs><innerBoundaryIs><LinearRing><coordinates>14.3945955,53.8711612 14.3930745,53.8698219 14.3921103,53.869778 14.3926609,53.8731766 14.3945955,53.8711612</coordinates></LinearRing></innerBoundaryIs><innerBoundaryIs><LinearRing><coordinates>14.4040493,53.8722749 14.4068871,53.8698863 14.3952124,53.869427 14.3957118,53.8696643 14.4028205,53.8706318 14.4040493,53.8722749</coordinates></LinearRing></innerBoundaryIs><innerBoundaryIs><LinearRing><coordinates>14.2682256,53.8873841 14.2770658,53.8848946 14.2797292,53.866986 14.2774543,53.8684787 14.2765008,53.8735473 14.2703638,53.8821594 14.2594072,53.8892668 14.2563947,53.8926138 14.2569813,53.8923672 14.2682256,53.8873841</coordinates></LinearRing></innerBoundaryIs><innerBoundaryIs><LinearRing><coordinates>14.2732567,53.7379609 14.2734333,53.7392393 14.2773272,53.7408202 14.2817714,53.7397313 14.2834857,53.7383419 14.2825968,53.7375158 14.278089,53.7373656 14.2789779,53.7382292 14.2758036,53.7396187 14.2746608,53.7378536 14.2739624,53.7378913 14.2732567,53.7379609</coordinates></LinearRing></innerBoundaryIs><innerBoundaryIs><LinearRing><coordinates>14.2489347,53.7033805 14.2482514,53.7044425 14.248059,53.7061311 14.2488015,53.7076758 14.2500312,53.7082121 14.2595459,53.7087886 14.2602856,53.7091196 14.2630099,53.71069 14.2657113,53.710295 14.2666605,53.7091542 14.2682965,53.7054994 14.258473,53.7031866 14.2556351,53.7012842 14.2507706,53.7022141 14.2489347,53.7033805</coordinates></LinearRing></innerBoundaryIs><innerBoundaryIs><LinearRing><coordinates>14.5227271,53.6735517 14.5228604,53.6738427 14.530502,53.6767777 14.5336683,53.6769627 14.536795,53.6736552 14.5335344,53.6703699 14.5328475,53.6697688 14.5293097,53.6704702 14.5227271,53.6735517</coordinates></LinearRing></innerBoundaryIs><innerBoundaryIs><LinearRing><coordinates>14.5927736,53.6368728 14.5947492,53.6378933 14.5957745,53.6377059 14.5975465,53.6368114 14.5975562,53.636662 14.5961366,53.6352007 14.5949168,53.6345195 14.5926182,53.6345022 14.5920175,53.6352425 14.5927736,53.6368728</coordinates></LinearRing></innerBoundaryIs><innerBoundaryIs><LinearRing><coordinates>14.5894836,53.5709937 14.5889199,53.5767235 14.5857235,53.5813559 14.5855432,53.5820683 14.586524,53.5945528 14.5873272,53.5943943 14.5886037,53.5941324 14.5917772,53.5902193 14.5952764,53.5832837 14.5924699,53.5782332 14.5924712,53.5735697 14.5952106,53.5698735 14.5972559,53.5604178 14.5964025,53.5590231 14.5960203,53.5589569 14.5929362,53.5633827 14.5894836,53.5709937</coordinates></LinearRing></innerBoundaryIs><innerBoundaryIs><LinearRing><coordinates>14.6168748,53.5403703 14.6183563,53.5423821 14.6219339,53.5410764 14.6270289,53.5370941 14.6262639,53.5363967 14.6270174,53.5361058 14.6285048,53.5331982 14.6279182,53.5330827 14.6189942,53.5375087 14.6168748,53.5403703</coordinates></LinearRing></innerBoundaryIs><innerBoundaryIs><LinearRing><coordinates>14.6446923,53.5214548 14.6491812,53.5171731 14.6436625,53.5130858 14.6431546,53.5100572 14.6427572,53.5099519 14.6404887,53.5105811 14.6400599,53.5110081 14.6376956,53.5152333 14.6350731,53.5208172 14.6367273,53.522351 14.6446923,53.5214548</coordinates></LinearRing></innerBoundaryIs><innerBoundaryIs><LinearRing><coordinates>14.6375963,53.5118505 14.6367564,53.5054944 14.6371043,53.5047065 14.6419798,53.5002859 14.6419795,53.5000027 14.6378157,53.4956655 14.6343942,53.4777964 14.6398642,53.4730634 14.6456487,53.4726392 14.6509416,53.4694536 14.6522027,53.4639581 14.6473851,53.4587795 14.6467401,53.4584774 14.6411592,53.4548858 14.6386969,53.4500344 14.6340843,53.4492264 14.6322381,53.4494681 14.632236,53.4497765 14.6378129,53.4549618 14.6360112,53.4565578 14.6357108,53.4567573 14.6306564,53.4571286 14.6236796,53.4551632 14.6218135,53.455492 14.6219501,53.4581457 14.6210864,53.4583168 14.6201833,53.4582483 14.6189303,53.4574718 14.6184725,53.4533104 14.614705,53.4537185 14.613981,53.4541374 14.6158484,53.4549268 14.6156985,53.4554228 14.614922,53.4557447 14.6136287,53.4556307 14.609531,53.4533051 14.6062179,53.4546838 14.6024752,53.4542682 14.599509,53.4514821 14.59931,53.4511281 14.5977587,53.4452451 14.6042776,53.4390144 14.6080034,53.4375991 14.6078666,53.4375 14.6080281,53.4375 14.6146055,53.429561 14.6191545,53.4282215 14.6165134,53.4253234 14.6171618,53.4239101 14.6180404,53.4234366 14.6219544,53.4231673 14.6230623,53.4235411 14.6265186,53.427336 14.6272864,53.4275742 14.6281965,53.4268161 14.6284152,53.4263957 14.6242021,53.4206641 14.6219754,53.4134955 14.6217252,53.4132671 14.6120493,53.411365 14.6113976,53.4188855 14.5994403,53.4375 14.5961511,53.4443424 14.5961146,53.4484586 14.6023302,53.4647301 14.610113,53.4747862 14.6152983,53.4788272 14.6168714,53.4831839 14.620985,53.4872956 14.6200635,53.4900138 14.6239342,53.4942532 14.629984,53.5048677 14.6308093,53.5091445 14.6346096,53.5148456 14.6348624,53.5149784 14.6365805,53.5144639 14.6375963,53.5118505</coordinates></LinearRing></innerBoundaryIs><innerBoundaryIs><LinearRing><coordinates>14.6392508,53.5093698 14.6394634,53.5095148 14.6431452,53.5082592 14.6433302,53.5079112 14.6424212,53.5031927 14.6417505,53.5030971 14.6386979,53.5046533 14.6392508,53.5093698</coordinates></LinearRing></innerBoundaryIs><innerBoundaryIs><LinearRing><coordinates>14.629252,53.5103412 14.6280473,53.5161631 14.6310443,53.5217876 14.6312155,53.5215923 14.6334949,53.5162892 14.6297693,53.5105348 14.629252,53.5103412</coordinates></LinearRing></innerBoundaryIs><innerBoundaryIs><LinearRing><coordinates>14.6152697,53.3904566 14.6162928,53.3851405 14.6133064,53.3835562 14.612286,53.3833888 14.6107099,53.3835902 14.6152697,53.3904566</coordinates></LinearRing></innerBoundaryIs><innerBoundaryIs><LinearRing><coordinates>12.9436789,55.461724 12.9437748,55.461588 12.9418596,55.4591873 12.9400719,55.4598157 12.9414136,55.4607254 12.9387022,55.4613627 12.9381666,55.4624166 12.9386121,55.4635403 12.9411863,55.4636172 12.9415141,55.4634422 12.9436789,55.461724</coordinates></LinearRing></innerBoundaryIs><innerBoundaryIs><LinearRing><coordinates>12.9370908,55.4613751 12.9368147,55.4612364 12.9345129,55.4621418 12.9336489,55.4630796 12.9343354,55.4635179 12.9352117,55.4632128 12.9370908,55.4613751</coordinates></LinearRing></innerBoundaryIs><innerBoundaryIs><LinearRing><coordinates>12.926874,55.4789311 12.9268689,55.4791696 12.9289275,55.4795969 12.9304736,55.4769351 12.926874,55.4789311</coordinates></LinearRing></innerBoundaryIs><innerBoundaryIs><LinearRing><coordinates>12.9166265,55.5100784 12.9176189,55.5081301 12.9145888,55.5098298 12.9144468,55.5102913 12.91541,55.510967 12.9160448,55.5108294 12.9166265,55.5100784</coordinates></LinearRing></innerBoundaryIs><innerBoundaryIs><LinearRing><coordinates>12.5950933,55.5561647 12.5943933,55.5546722 12.5928777,55.5545009 12.5910358,55.5547169 12.5799268,55.5568069 12.5793033,55.5570009 12.5756404,55.5595278 12.5639201,55.5599701 12.5577472,55.5643929 12.5589865,55.5675286 12.5569983,55.5741326 12.5397127,55.5720161 12.5289311,55.5754485 12.5141323,55.5897039 12.5083551,55.6071066 12.5085119,55.6087589 12.5107059,55.6116797 12.5327495,55.6295583 12.5333368,55.6299978 12.5496778,55.6385242 12.5602171,55.6491495 12.5606389,55.652945 12.5695117,55.6633015 12.5840929,55.6726911 12.5972925,55.6788841 12.6015671,55.6839483 12.6053283,55.6854028 12.6067042,55.6900781 12.609616,55.6900781 12.606096,55.6908633 12.6069611,55.6942301 12.6092734,55.6939888 12.6098729,55.6949061 12.6073893,55.6952924 12.6075341,55.6974236 12.6123565,55.695051 12.6091878,55.6971269 12.6216425,55.6978329 12.6292996,55.697143 12.6305122,55.6944233 12.6255451,55.6926852 12.6242605,55.6900299 12.6137267,55.6882917 12.6138123,55.6869882 12.6180087,55.6868916 12.6328201,55.6903839 12.6357697,55.6877017 12.6206965,55.6809463 12.6277778,55.6724807 12.6315751,55.6704859 12.6355621,55.6629037 12.6353076,55.6602412 12.6418113,55.6513094 12.6460041,55.654496 12.6400141,55.6576824 12.6371903,55.6617861 12.6386294,55.6655842 12.6395713,55.6658793 12.6410357,55.6608635 12.6427094,55.6592702 12.6506571,55.6543725 12.6482517,55.651599 12.6479378,55.6458163 12.649423,55.644194 12.6544896,55.6427788 12.6539189,55.6399148 12.65625,55.6367188 12.65625,55.6361607 12.6580951,55.635184 12.6568249,55.6344125 12.6572649,55.6342432 12.6699529,55.6339995 12.6798553,55.6309853 12.6800578,55.6307253 12.6817538,55.6244484 12.6818438,55.6140329 12.6810498,55.6108578 12.679866,55.6084269 12.6716392,55.6058346 12.6696875,55.6036232 12.6725738,55.5966434 12.6808884,55.5939753 12.6785508,55.5912482 12.6807004,55.58845 12.6726986,55.5863802 12.6668727,55.5825266 12.6661819,55.5823427 12.65625,55.5806361 12.6488434,55.5794872 12.6451629,55.5775986 12.6416169,55.5770401 12.6333162,55.577035 12.6204046,55.5667032 12.6108416,55.5635895 12.6058366,55.5603245 12.6038092,55.5610646 12.597468,55.5562392 12.5950933,55.5561647</coordinates></LinearRing></innerBoundaryIs><innerBoundaryIs><LinearRing><coordinates>12.5108144,55.6136132 12.5105003,55.6132221 12.5054471,55.6129217 12.5054471,55.614311 12.5057131,55.6147242 12.5103673,55.6144613 12.5108144,55.6136132</coordinates></LinearRing></innerBoundaryIs><innerBoundaryIs><LinearRing><coordinates>12.6352938,55.6849658 12.6393852,55.6806206 12.6339619,55.6791186 12.6350085,55.677563 12.6331056,55.6758463 12.636626,55.6770265 12.6393852,55.676651 12.6401463,55.6787966 12.6443003,55.6793118 12.6478972,55.6762218 12.6446182,55.6718765 12.641288,55.6709647 12.6442376,55.6698918 12.6433814,55.6688725 12.6393852,55.6697309 12.6392484,55.668497 12.6394197,55.6666141 12.6371078,55.6665658 12.6381354,55.6678211 12.6360551,55.6701601 12.6334862,55.6701064 12.6247327,55.6801915 12.6352938,55.6849658</coordinates></LinearRing></innerBoundaryIs><innerBoundaryIs><LinearRing><coordinates>12.7649233,55.6706705 12.7655149,55.6709384 12.7685121,55.6716217 12.7712455,55.6711423 12.7728713,55.6704282 12.7723246,55.667667 12.7766052,55.6661587 12.7814327,55.6532288 12.7813346,55.6419939 12.7848825,55.639434 12.7825264,55.6323963 12.7825264,55.6293826 12.7836158,55.6246885 12.7840003,55.623847 12.787315,55.6224546 12.7882471,55.619698 12.785013,55.6166793 12.794874,55.6099843 12.7844334,55.6082493 12.781512,55.6061496 12.7753839,55.6074727 12.7725194,55.6055129 12.7625539,55.6069432 12.7598183,55.6138309 12.758058,55.6137021 12.7563401,55.6173261 12.7520916,55.6187555 12.7542214,55.6204358 12.7479078,55.6189457 12.7453583,55.6207737 12.742853,55.6192178 12.742389,55.6194543 12.7430812,55.6212021 12.7388597,55.6220628 12.7385894,55.6223309 12.7391151,55.6233279 12.7426012,55.6233463 12.7424852,55.6268131 12.7404361,55.6286191 12.7381217,55.6272624 12.7360649,55.6276489 12.7370549,55.6325711 12.7337371,55.634055 12.7337272,55.6346772 12.7359132,55.6368262 12.7340555,55.6389354 12.7359757,55.640734 12.7361642,55.6461586 12.7385027,55.6481733 12.7389017,55.6558899 12.7443749,55.6604944 12.7430634,55.6636035 12.7454518,55.6639333 12.7447468,55.6666992 12.7541295,55.6660767 12.7571738,55.6690742 12.7609603,55.6674469 12.761644,55.667569 12.7638685,55.669142 12.7649233,55.6706705</coordinates></LinearRing></innerBoundaryIs><innerBoundaryIs><LinearRing><coordinates>12.7439424,55.6066803 12.7463299,55.6046699 12.7580699,55.5982141 12.7772675,55.5897684 12.777293,55.5882353 12.7703109,55.5871272 12.768043,55.5900723 12.7573953,55.5923311 12.7413054,55.6026785 12.7262783,55.609302 12.7251369,55.6107603 12.7282273,55.6110992 12.7371608,55.6086901 12.7439424,55.6066803</coordinates></LinearRing></innerBoundaryIs><innerBoundaryIs><LinearRing><coordinates>12.8268321,55.8504019 12.8260314,55.8499913 12.8201673,55.8489789 12.8137227,55.8492039 12.8132834,55.8525723 12.8205956,55.855617 12.8224939,55.8587012 12.821815,55.8599263 12.8137356,55.862343 12.8138452,55.8665302 12.8190811,55.8662946 12.8217793,55.8655031 12.8232163,55.8642703 12.8259201,55.860247 12.8265975,55.8600721 12.824156,55.8598651 12.8242049,55.8592082 12.8259264,55.8530596 12.8268321,55.8504019</coordinates></LinearRing></innerBoundaryIs><innerBoundaryIs><LinearRing><coordinates>12.7175267,55.8916128 12.7073711,55.8895612 12.7061573,55.8895479 12.695998,55.8917211 12.6952054,55.8963829 12.6928917,55.8984375 12.6926013,55.8984375 12.6918997,55.899452 12.6803979,55.9069726 12.6670353,55.9138544 12.6654882,55.917044 12.6666662,55.9201376 12.6677397,55.9205979 12.6705455,55.9210014 12.6883373,55.9215664 12.6943302,55.9201102 12.7027791,55.919413 12.7106616,55.9160177 12.7140467,55.9131317 12.7265496,55.909476 12.7235689,55.9063661 12.7224792,55.8984375 12.7226011,55.8984375 12.7215346,55.8953341 12.7175267,55.8916128</coordinates></LinearRing></innerBoundaryIs></Polygon></MultiGeometry>
  </Placemark>
</Folder>
</Document></kml>
