<?xml version="1.0" encoding="utf-8" ?>
<kml xmlns="http://www.opengis.net/kml/2.2">
<Document id="root_doc">
<Folder><name>her.27.5a</name>
  <Placemark>
	<Style><LineStyle><color>ff0000ff</color></LineStyle><PolyStyle><fill>0</fill></PolyStyle></Style>
      <MultiGeometry><Polygon><outerBoundaryIs><LinearRing><coordinates>-24,62 -23.9552239,62.0 -23.9104478,62.0 -23.8656716,62.0 -23.8208955,62.0 -23.7761194,62.0 -23.7313433,62.0 -23.6865672,62.0 -23.641791,62.0 -23.5970149,62.0 -23.5522388,62.0 -23.5074627,62.0 -23.4626866,62.0 -23.4179104,62.0 -23.3731343,62.0 -23.3283582,62.0 -23.2835821,62.0 -23.238806,62.0 -23.1940299,62.0 -23.1492537,62.0 -23.1044776,62.0 -23.0597015,62.0 -23.0149254,62.0 -22.9701493,62.0 -22.9253731,62.0 -22.880597,62.0 -22.8358209,62.0 -22.7910448,62.0 -22.7462687,62.0 -22.7014925,62.0 -22.6567164,62.0 -22.6119403,62.0 -22.5671642,62.0 -22.5223881,62.0 -22.4776119,62.0 -22.4328358,62.0 -22.3880597,62.0 -22.3432836,62.0 -22.2985075,62.0 -22.2537313,62.0 -22.2089552,62.0 -22.1641791,62.0 -22.119403,62.0 -22.0746269,62.0 -22.0298507,62.0 -21.9850746,62.0 -21.9402985,62.0 -21.8955224,62.0 -21.8507463,62.0 -21.8059701,62.0 -21.761194,62.0 -21.7164179,62.0 -21.6716418,62.0 -21.6268657,62.0 -21.5820896,62.0 -21.5373134,62.0 -21.4925373,62.0 -21.4477612,62.0 -21.4029851,62.0 -21.358209,62.0 -21.3134328,62.0 -21.2686567,62.0 -21.2238806,62.0 -21.1791045,62.0 -21.1343284,62.0 -21.0895522,62.0 -21.0447761,62.0 -21,62 -20.9552239,62.0 -20.9104478,62.0 -20.8656716,62.0 -20.8208955,62.0 -20.7761194,62.0 -20.7313433,62.0 -20.6865672,62.0 -20.641791,62.0 -20.5970149,62.0 -20.5522388,62.0 -20.5074627,62.0 -20.4626866,62.0 -20.4179104,62.0 -20.3731343,62.0 -20.3283582,62.0 -20.2835821,62.0 -20.238806,62.0 -20.1940299,62.0 -20.1492537,62.0 -20.1044776,62.0 -20.0597015,62.0 -20.0149254,62.0 -19.9701493,62.0 -19.9253731,62.0 -19.880597,62.0 -19.8358209,62.0 -19.7910448,62.0 -19.7462687,62.0 -19.7014925,62.0 -19.6567164,62.0 -19.6119403,62.0 -19.5671642,62.0 -19.5223881,62.0 -19.4776119,62.0 -19.4328358,62.0 -19.3880597,62.0 -19.3432836,62.0 -19.2985075,62.0 -19.2537313,62.0 -19.2089552,62.0 -19.1641791,62.0 -19.119403,62.0 -19.0746269,62.0 -19.0298507,62.0 -18.9850746,62.0 -18.9402985,62.0 -18.8955224,62.0 -18.8507463,62.0 -18.8059701,62.0 -18.761194,62.0 -18.7164179,62.0 -18.6716418,62.0 -18.6268657,62.0 -18.5820896,62.0 -18.5373134,62.0 -18.4925373,62.0 -18.4477612,62.0 -18.4029851,62.0 -18.358209,62.0 -18.3134328,62.0 -18.2686567,62.0 -18.2238806,62.0 -18.1791045,62.0 -18.1343284,62.0 -18.0895522,62.0 -18.0447761,62.0 -18,62 -17.9552239,62.0 -17.9104478,62.0 -17.8656716,62.0 -17.8208955,62.0 -17.7761194,62.0 -17.7313433,62.0 -17.6865672,62.0 -17.641791,62.0 -17.5970149,62.0 -17.5522388,62.0 -17.5074627,62.0 -17.4626866,62.0 -17.4179104,62.0 -17.3731343,62.0 -17.3283582,62.0 -17.2835821,62.0 -17.238806,62.0 -17.1940299,62.0 -17.1492537,62.0 -17.1044776,62.0 -17.0597015,62.0 -17.0149254,62.0 -16.9701493,62.0 -16.9253731,62.0 -16.880597,62.0 -16.8358209,62.0 -16.7910448,62.0 -16.7462687,62.0 -16.7014925,62.0 -16.6567164,62.0 -16.6119403,62.0 -16.5671642,62.0 -16.5223881,62.0 -16.4776119,62.0 -16.4328358,62.0 -16.3880597,62.0 -16.3432836,62.0 -16.2985075,62.0 -16.2537313,62.0 -16.2089552,62.0 -16.1641791,62.0 -16.119403,62.0 -16.0746269,62.0 -16.0298507,62.0 -15.9850746,62.0 -15.9402985,62.0 -15.8955224,62.0 -15.8507463,62.0 -15.8059701,62.0 -15.761194,62.0 -15.7164179,62.0 -15.6716418,62.0 -15.6268657,62.0 -15.5820896,62.0 -15.5373134,62.0 -15.4925373,62.0 -15.4477612,62.0 -15.4029851,62.0 -15.358209,62.0 -15.3134328,62.0 -15.2686567,62.0 -15.2238806,62.0 -15.1791045,62.0 -15.1343284,62.0 -15.0895522,62.0 -15.0447761,62.0 -15,62.0 -15,62.0434783 -15,62.0869565 -15,62.1304348 -15,62.173913 -15,62.2173913 -15,62.2608696 -15,62.3043478 -15,62.3478261 -15,62.3913043 -15,62.4347826 -15,62.4782609 -15,62.5217391 -15,62.5652174 -15,62.6086957 -15,62.6521739 -15,62.6956522 -15,62.7391304 -15,62.7826087 -15,62.826087 -15,62.8695652 -15,62.9130435 -15,62.9565217 -15,63.0 -14.9550562,63.0 -14.9101124,63.0 -14.8651685,63.0 -14.8202247,63.0 -14.7752809,63.0 -14.7303371,63.0 -14.6853933,63.0 -14.6404494,63.0 -14.5955056,63.0 -14.5505618,63.0 -14.505618,63.0 -14.4606742,63.0 -14.4157303,63.0 -14.3707865,63.0 -14.3258427,63.0 -14.2808989,63.0 -14.2359551,63.0 -14.1910112,63.0 -14.1460674,63.0 -14.1011236,63.0 -14.0561798,63.0 -14.011236,63.0 -13.9662921,63.0 -13.9213483,63.0 -13.8764045,63.0 -13.8314607,63.0 -13.7865169,63.0 -13.741573,63.0 -13.6966292,63.0 -13.6516854,63.0 -13.6067416,63.0 -13.5617978,63.0 -13.5168539,63.0 -13.4719101,63.0 -13.4269663,63.0 -13.3820225,63.0 -13.3370787,63.0 -13.2921348,63.0 -13.247191,63.0 -13.2022472,63.0 -13.1573034,63.0 -13.1123596,63.0 -13.0674157,63.0 -13.0224719,63.0 -12.9775281,63.0 -12.9325843,63.0 -12.8876404,63.0 -12.8426966,63.0 -12.7977528,63.0 -12.752809,63.0 -12.7078652,63.0 -12.6629213,63.0 -12.6179775,63.0 -12.5730337,63.0 -12.5280899,63.0 -12.4831461,63.0 -12.4382022,63.0 -12.3932584,63.0 -12.3483146,63.0 -12.3033708,63.0 -12.258427,63.0 -12.2134831,63.0 -12.1685393,63.0 -12.1235955,63.0 -12.0786517,63.0 -12.0337079,63.0 -11.988764,63.0 -11.9438202,63.0 -11.8988764,63.0 -11.8539326,63.0 -11.8089888,63.0 -11.7640449,63.0 -11.7191011,63.0 -11.6741573,63.0 -11.6292135,63.0 -11.5842697,63.0 -11.5393258,63.0 -11.494382,63.0 -11.4494382,63.0 -11.4044944,63.0 -11.3595506,63.0 -11.3146067,63.0 -11.2696629,63.0 -11.2247191,63.0 -11.1797753,63.0 -11.1348315,63.0 -11.0898876,63.0 -11.0449438,63.0 -11,63 -11,63.0446429 -11,63.0892857 -11,63.1339286 -11,63.1785714 -11,63.2232143 -11,63.2678571 -11,63.3125 -11,63.3571429 -11,63.4017857 -11,63.4464286 -11,63.4910714 -11,63.5357143 -11,63.5803571 -11,63.625 -11,63.6696429 -11,63.7142857 -11,63.7589286 -11,63.8035714 -11,63.8482143 -11,63.8928571 -11,63.9375 -11,63.9821429 -11,64.0267857 -11,64.0714286 -11,64.1160714 -11,64.1607143 -11,64.2053571 -11,64.25 -11,64.2946429 -11,64.3392857 -11,64.3839286 -11,64.4285714 -11,64.4732143 -11,64.5178571 -11,64.5625 -11,64.6071429 -11,64.6517857 -11,64.6964286 -11,64.7410714 -11,64.7857143 -11,64.8303571 -11,64.875 -11,64.9196429 -11,64.9642857 -11,65.0089286 -11,65.0535714 -11,65.0982143 -11,65.1428571 -11,65.1875 -11,65.2321429 -11,65.2767857 -11,65.3214286 -11,65.3660714 -11,65.4107143 -11,65.4553571 -11,65.5 -11,65.5446429 -11,65.5892857 -11,65.6339286 -11,65.6785714 -11,65.7232143 -11,65.7678571 -11,65.8125 -11,65.8571429 -11,65.9017857 -11,65.9464286 -11,65.9910714 -11,66.0357143 -11,66.0803571 -11,66.125 -11,66.1696429 -11,66.2142857 -11,66.2589286 -11,66.3035714 -11,66.3482143 -11,66.3928571 -11,66.4375 -11,66.4821429 -11,66.5267857 -11,66.5714286 -11,66.6160714 -11,66.6607143 -11,66.7053571 -11,66.75 -11,66.7946429 -11,66.8392857 -11,66.8839286 -11,66.9285714 -11,66.9732143 -11,67.0178571 -11,67.0625 -11,67.1071429 -11,67.1517857 -11,67.1964286 -11,67.2410714 -11,67.2857143 -11,67.3303571 -11,67.375 -11,67.4196429 -11,67.4642857 -11,67.5089286 -11,67.5535714 -11,67.5982143 -11,67.6428571 -11,67.6875 -11,67.7321429 -11,67.7767857 -11,67.8214286 -11,67.8660714 -11,67.9107143 -11,67.9553571 -11,68 -11.0449438,68.0 -11.0898876,68.0 -11.1348315,68.0 -11.1797753,68.0 -11.2247191,68.0 -11.2696629,68.0 -11.3146067,68.0 -11.3595506,68.0 -11.4044944,68.0 -11.4494382,68.0 -11.494382,68.0 -11.5393258,68.0 -11.5842697,68.0 -11.6292135,68.0 -11.6741573,68.0 -11.7191011,68.0 -11.7640449,68.0 -11.8089888,68.0 -11.8539326,68.0 -11.8988764,68.0 -11.9438202,68.0 -11.988764,68.0 -12.0337079,68.0 -12.0786517,68.0 -12.1235955,68.0 -12.1685393,68.0 -12.2134831,68.0 -12.258427,68.0 -12.3033708,68.0 -12.3483146,68.0 -12.3932584,68.0 -12.4382022,68.0 -12.4831461,68.0 -12.5280899,68.0 -12.5730337,68.0 -12.6179775,68.0 -12.6629213,68.0 -12.7078652,68.0 -12.752809,68.0 -12.7977528,68.0 -12.8426966,68.0 -12.8876404,68.0 -12.9325843,68.0 -12.9775281,68.0 -13.0224719,68.0 -13.0674157,68.0 -13.1123596,68.0 -13.1573034,68.0 -13.2022472,68.0 -13.247191,68.0 -13.2921348,68.0 -13.3370787,68.0 -13.3820225,68.0 -13.4269663,68.0 -13.4719101,68.0 -13.5168539,68.0 -13.5617978,68.0 -13.6067416,68.0 -13.6516854,68.0 -13.6966292,68.0 -13.741573,68.0 -13.7865169,68.0 -13.8314607,68.0 -13.8764045,68.0 -13.9213483,68.0 -13.9662921,68.0 -14.011236,68.0 -14.0561798,68.0 -14.1011236,68.0 -14.1460674,68.0 -14.1910112,68.0 -14.2359551,68.0 -14.2808989,68.0 -14.3258427,68.0 -14.3707865,68.0 -14.4157303,68.0 -14.4606742,68.0 -14.505618,68.0 -14.5505618,68.0 -14.5955056,68.0 -14.6404494,68.0 -14.6853933,68.0 -14.7303371,68.0 -14.7752809,68.0 -14.8202247,68.0 -14.8651685,68.0 -14.9101124,68.0 -14.9550562,68.0 -15,68.0 -15.0449438,68.0 -15.0898876,68.0 -15.1348315,68.0 -15.1797753,68.0 -15.2247191,68.0 -15.2696629,68.0 -15.3146067,68.0 -15.3595506,68.0 -15.4044944,68.0 -15.4494382,68.0 -15.494382,68.0 -15.5393258,68.0 -15.5842697,68.0 -15.6292135,68.0 -15.6741573,68.0 -15.7191011,68.0 -15.7640449,68.0 -15.8089888,68.0 -15.8539326,68.0 -15.8988764,68.0 -15.9438202,68.0 -15.988764,68.0 -16.0337079,68.0 -16.0786517,68.0 -16.1235955,68.0 -16.1685393,68.0 -16.2134831,68.0 -16.258427,68.0 -16.3033708,68.0 -16.3483146,68.0 -16.3932584,68.0 -16.4382022,68.0 -16.4831461,68.0 -16.5280899,68.0 -16.5730337,68.0 -16.6179775,68.0 -16.6629213,68.0 -16.7078652,68.0 -16.752809,68.0 -16.7977528,68.0 -16.8426966,68.0 -16.8876404,68.0 -16.9325843,68.0 -16.9775281,68.0 -17.0224719,68.0 -17.0674157,68.0 -17.1123596,68.0 -17.1573034,68.0 -17.2022472,68.0 -17.247191,68.0 -17.2921348,68.0 -17.3370787,68.0 -17.3820225,68.0 -17.4269663,68.0 -17.4719101,68.0 -17.5168539,68.0 -17.5617978,68.0 -17.6067416,68.0 -17.6516854,68.0 -17.6966292,68.0 -17.741573,68.0 -17.7865169,68.0 -17.8314607,68.0 -17.8764045,68.0 -17.9213483,68.0 -17.9662921,68.0 -18.011236,68.0 -18.0561798,68.0 -18.1011236,68.0 -18.1460674,68.0 -18.1910112,68.0 -18.2359551,68.0 -18.2808989,68.0 -18.3258427,68.0 -18.3707865,68.0 -18.4157303,68.0 -18.4606742,68.0 -18.505618,68.0 -18.5505618,68.0 -18.5955056,68.0 -18.6404494,68.0 -18.6853933,68.0 -18.7303371,68.0 -18.7752809,68.0 -18.8202247,68.0 -18.8651685,68.0 -18.9101124,68.0 -18.9550562,68.0 -19,68 -19.0449438,68.0 -19.0898876,68.0 -19.1348315,68.0 -19.1797753,68.0 -19.2247191,68.0 -19.2696629,68.0 -19.3146067,68.0 -19.3595506,68.0 -19.4044944,68.0 -19.4494382,68.0 -19.494382,68.0 -19.5393258,68.0 -19.5842697,68.0 -19.6292135,68.0 -19.6741573,68.0 -19.7191011,68.0 -19.7640449,68.0 -19.8089888,68.0 -19.8539326,68.0 -19.8988764,68.0 -19.9438202,68.0 -19.988764,68.0 -20.0337079,68.0 -20.0786517,68.0 -20.1235955,68.0 -20.1685393,68.0 -20.2134831,68.0 -20.258427,68.0 -20.3033708,68.0 -20.3483146,68.0 -20.3932584,68.0 -20.4382022,68.0 -20.4831461,68.0 -20.5280899,68.0 -20.5730337,68.0 -20.6179775,68.0 -20.6629213,68.0 -20.7078652,68.0 -20.752809,68.0 -20.7977528,68.0 -20.8426966,68.0 -20.8876404,68.0 -20.9325843,68.0 -20.9775281,68.0 -21.0224719,68.0 -21.0674157,68.0 -21.1123596,68.0 -21.1573034,68.0 -21.2022472,68.0 -21.247191,68.0 -21.2921348,68.0 -21.3370787,68.0 -21.3820225,68.0 -21.4269663,68.0 -21.4719101,68.0 -21.5168539,68.0 -21.5617978,68.0 -21.6067416,68.0 -21.6516854,68.0 -21.6966292,68.0 -21.741573,68.0 -21.7865169,68.0 -21.8314607,68.0 -21.8764045,68.0 -21.9213483,68.0 -21.9662921,68.0 -22.011236,68.0 -22.0561798,68.0 -22.1011236,68.0 -22.1460674,68.0 -22.1910112,68.0 -22.2359551,68.0 -22.2808989,68.0 -22.3258427,68.0 -22.3707865,68.0 -22.4157303,68.0 -22.4606742,68.0 -22.505618,68.0 -22.5505618,68.0 -22.5955056,68.0 -22.6404494,68.0 -22.6853933,68.0 -22.7303371,68.0 -22.7752809,68.0 -22.8202247,68.0 -22.8651685,68.0 -22.9101124,68.0 -22.9550562,68.0 -23,68.0 -23.0449438,68.0 -23.0898876,68.0 -23.1348315,68.0 -23.1797753,68.0 -23.2247191,68.0 -23.2696629,68.0 -23.3146067,68.0 -23.3595506,68.0 -23.4044944,68.0 -23.4494382,68.0 -23.494382,68.0 -23.5393258,68.0 -23.5842697,68.0 -23.6292135,68.0 -23.6741573,68.0 -23.7191011,68.0 -23.7640449,68.0 -23.8089888,68.0 -23.8539326,68.0 -23.8988764,68.0 -23.9438202,68.0 -23.988764,68.0 -24.0337079,68.0 -24.0786517,68.0 -24.1235955,68.0 -24.1685393,68.0 -24.2134831,68.0 -24.258427,68.0 -24.3033708,68.0 -24.3483146,68.0 -24.3932584,68.0 -24.4382022,68.0 -24.4831461,68.0 -24.5280899,68.0 -24.5730337,68.0 -24.6179775,68.0 -24.6629213,68.0 -24.7078652,68.0 -24.752809,68.0 -24.7977528,68.0 -24.8426966,68.0 -24.8876404,68.0 -24.9325843,68.0 -24.9775281,68.0 -25.0224719,68.0 -25.0674157,68.0 -25.1123596,68.0 -25.1573034,68.0 -25.2022472,68.0 -25.247191,68.0 -25.2921348,68.0 -25.3370787,68.0 -25.3820225,68.0 -25.4269663,68.0 -25.4719101,68.0 -25.5168539,68.0 -25.5617978,68.0 -25.6067416,68.0 -25.6516854,68.0 -25.6966292,68.0 -25.741573,68.0 -25.7865169,68.0 -25.8314607,68.0 -25.8764045,68.0 -25.9213483,68.0 -25.9662921,68.0 -26.011236,68.0 -26.0561798,68.0 -26.1011236,68.0 -26.1460674,68.0 -26.1910112,68.0 -26.2359551,68.0 -26.2808989,68.0 -26.3258427,68.0 -26.3707865,68.0 -26.4157303,68.0 -26.4606742,68.0 -26.505618,68.0 -26.5505618,68.0 -26.5955056,68.0 -26.6404494,68.0 -26.6853933,68.0 -26.7303371,68.0 -26.7752809,68.0 -26.8202247,68.0 -26.8651685,68.0 -26.9101124,68.0 -26.9550562,68.0 -27,68.0 -27,67.9553571 -27,67.9107143 -27,67.8660714 -27,67.8214286 -27,67.7767857 -27,67.7321429 -27,67.6875 -27,67.6428571 -27,67.5982143 -27,67.5535714 -27,67.5089286 -27,67.4642857 -27,67.4196429 -27,67.375 -27,67.3303571 -27,67.2857143 -27,67.2410714 -27,67.1964286 -27,67.1517857 -27,67.1071429 -27,67.0625 -27,67.0178571 -27,66.9732143 -27,66.9285714 -27,66.8839286 -27,66.8392857 -27,66.7946429 -27,66.75 -27,66.7053571 -27,66.6607143 -27,66.6160714 -27,66.5714286 -27,66.5267857 -27,66.4821429 -27,66.4375 -27,66.3928571 -27,66.3482143 -27,66.3035714 -27,66.2589286 -27,66.2142857 -27,66.1696429 -27,66.125 -27,66.0803571 -27,66.0357143 -27,65.9910714 -27,65.9464286 -27,65.9017857 -27,65.8571429 -27,65.8125 -27,65.7678571 -27,65.7232143 -27,65.6785714 -27,65.6339286 -27,65.5892857 -27,65.5446429 -27,65.5 -27,65.4553571 -27,65.4107143 -27,65.3660714 -27,65.3214286 -27,65.2767857 -27,65.2321429 -27,65.1875 -27,65.1428571 -27,65.0982143 -27,65.0535714 -27,65.0089286 -27,64.9642857 -27,64.9196429 -27,64.875 -27,64.8303571 -27,64.7857143 -27,64.7410714 -27,64.6964286 -27,64.6517857 -27,64.6071429 -27,64.5625 -27,64.5178571 -27,64.4732143 -27,64.4285714 -27,64.3839286 -27,64.3392857 -27,64.2946429 -27,64.25 -27,64.2053571 -27,64.1607143 -27,64.1160714 -27,64.0714286 -27,64.0267857 -27,63.9821429 -27,63.9375 -27,63.8928571 -27,63.8482143 -27,63.8035714 -27,63.7589286 -27,63.7142857 -27,63.6696429 -27,63.625 -27,63.5803571 -27,63.5357143 -27,63.4910714 -27,63.4464286 -27,63.4017857 -27,63.3571429 -27,63.3125 -27,63.2678571 -27,63.2232143 -27,63.1785714 -27,63.1339286 -27,63.0892857 -27,63.0446429 -27,63 -27,62.9565217 -27,62.9130435 -27,62.8695652 -27,62.826087 -27,62.7826087 -27,62.7391304 -27,62.6956522 -27,62.6521739 -27,62.6086957 -27,62.5652174 -27,62.5217391 -27,62.4782609 -27,62.4347826 -27,62.3913043 -27,62.3478261 -27,62.3043478 -27,62.2608696 -27,62.2173913 -27,62.173913 -27,62.1304348 -27,62.0869565 -27,62.0434783 -27,62.0 -26.9552238,62.0 -26.9104477,62.0 -26.8656716,62.0 -26.8208955,62.0 -26.7761194,62.0 -26.7313432,62.0 -26.6865671,62.0 -26.641791,62.0 -26.5970149,62.0 -26.5522388,62.0 -26.5074626,62.0 -26.4626865,62.0 -26.4179104,62.0 -26.3731343,62.0 -26.3283582,62.0 -26.2835821,62.0 -26.2388059,62.0 -26.1940298,62.0 -26.1492537,62.0 -26.1044776,62.0 -26.0597015,62.0 -26.0149253,62.0 -25.9701492,62.0 -25.9253731,62.0 -25.880597,62.0 -25.8358209,62.0 -25.7910447,62.0 -25.7462686,62.0 -25.7014925,62.0 -25.6567164,62.0 -25.6119403,62.0 -25.5671642,62.0 -25.522388,62.0 -25.4776119,62.0 -25.4328358,62.0 -25.3880597,62.0 -25.3432836,62.0 -25.2985074,62.0 -25.2537313,62.0 -25.2089552,62.0 -25.1641791,62.0 -25.119403,62.0 -25.0746268,62.0 -25.0298507,62.0 -24.9850746,62.0 -24.9402985,62.0 -24.8955224,62.0 -24.8507463,62.0 -24.8059701,62.0 -24.761194,62.0 -24.7164179,62.0 -24.6716418,62.0 -24.6268657,62.0 -24.5820895,62.0 -24.5373134,62.0 -24.4925373,62.0 -24.4477612,62.0 -24.4029851,62.0 -24.358209,62.0 -24.3134328,62.0 -24.2686567,62.0 -24.2238806,62.0 -24.1791045,62.0 -24.1343284,62.0 -24.0895522,62.0 -24.0447761,62.0 -24,62</coordinates></LinearRing></outerBoundaryIs><innerBoundaryIs><LinearRing><coordinates>-22.434597,65.2632473 -22.4342647,65.2633901 -22.4340394,65.2629847 -22.434597,65.2632473</coordinates></LinearRing></innerBoundaryIs><innerBoundaryIs><LinearRing><coordinates>-22.4352107,65.2650924 -22.4393398,65.2643805 -22.4372075,65.2676628 -22.4356247,65.2676594 -22.4359331,65.2658592 -22.4316674,65.2645065 -22.4342647,65.2633901 -22.4352107,65.2650924</coordinates></LinearRing></innerBoundaryIs><innerBoundaryIs><LinearRing><coordinates>-22.4297597,65.2609696 -22.4294621,65.2573657 -22.4316103,65.2554308 -22.4357682,65.2550981 -22.4376394,65.2567195 -22.4404454,65.2550091 -22.4431961,65.2566837 -22.445343,65.256807 -22.4448088,65.2557688 -22.4473221,65.2568676 -22.4399186,65.2612571 -22.4383656,65.2606558 -22.4371029,65.2631198 -22.4373493,65.2588646 -22.4345707,65.2576791 -22.4338909,65.2584546 -22.4312083,65.2578903 -22.4340394,65.2629847 -22.4297597,65.2609696</coordinates></LinearRing></innerBoundaryIs><innerBoundaryIs><LinearRing><coordinates>-17.9971263,66.5323448 -18.0145876,66.5386533 -18.0213782,66.539812 -18.0285749,66.5510559 -18.0217015,66.5532016 -18.0158811,66.5533304 -18.0139409,66.5542316 -18.0139409,66.558094 -18.0204082,66.5628576 -18.0217015,66.5665911 -18.0152344,66.5650463 -18.0077972,66.558609 -17.997521,66.5532016 -17.9929225,66.5519142 -17.9901888,66.5470217 -17.9812818,66.5434169 -17.9777249,66.5380096 -17.9828985,66.5271949 -17.9948627,66.5280961 -17.9971263,66.5323448</coordinates></LinearRing></innerBoundaryIs><innerBoundaryIs><LinearRing><coordinates>-22.0105371,64.5735062 -22.0195543,64.5704197 -22.0175439,64.5676141 -22.0216705,64.5646749 -22.0286947,64.5635689 -22.0299596,64.5610347 -22.0415866,64.5565851 -22.0295382,64.5597349 -22.0227714,64.5553915 -22.0254415,64.5532999 -22.0278308,64.5556186 -22.0343252,64.5554113 -22.0517553,64.5424906 -22.0517386,64.5400432 -22.0472702,64.537484 -22.044071,64.5381017 -22.0435284,64.5362728 -22.0519772,64.5269705 -22.0489765,64.5250003 -22.0516291,64.5219123 -22.0485595,64.5190606 -22.0524082,64.5162426 -22.056797,64.5152094 -22.059581,64.5117187 -22.0484864,64.514425 -22.048547,64.5117187 -22.0515747,64.5075558 -22.0670539,64.5071697 -22.0759892,64.5041909 -22.0763508,64.499212 -22.070718,64.4951305 -22.0735869,64.4920655 -22.0725659,64.4879667 -22.0788252,64.4817219 -22.0802814,64.4753394 -22.0785615,64.473286 -22.0903682,64.4725192 -22.0922182,64.4707367 -22.0956939,64.4702237 -22.1055592,64.4710191 -22.1033015,64.4762008 -22.0978343,64.4763396 -22.0963689,64.4786032 -22.1005234,64.4767704 -22.1109048,64.4781218 -22.1174864,64.4745653 -22.1134369,64.4742109 -22.1150243,64.4719588 -22.125863,64.4717687 -22.1383295,64.4695553 -22.1435217,64.4669672 -22.1423293,64.4643086 -22.1465219,64.4631693 -22.148209,64.4600126 -22.1588261,64.4590361 -22.1682355,64.4614152 -22.1688147,64.4636055 -22.1672266,64.4638093 -22.1671735,64.4617826 -22.1649374,64.46358 -22.1586297,64.4621363 -22.1552722,64.4626504 -22.1507763,64.4652233 -22.1501849,64.4692252 -22.1443238,64.4716163 -22.1371973,64.4719487 -22.1355185,64.4730545 -22.1408193,64.4729832 -22.1461008,64.4746521 -22.1559988,64.4680161 -22.1603286,64.4690135 -22.1622021,64.4672611 -22.1684278,64.4668463 -22.1692986,64.4684076 -22.1653827,64.4710938 -22.1667188,64.4740922 -22.1710916,64.4692031 -22.178633,64.4698107 -22.183604,64.468281 -22.1856333,64.4712883 -22.1820219,64.4731807 -22.1839957,64.4761612 -22.1887068,64.4740235 -22.1890299,64.4775085 -22.1932334,64.4776202 -22.1955281,64.4797695 -22.1970345,64.4793421 -22.200265,64.4808384 -22.1962534,64.4844977 -22.1971509,64.4857153 -22.1993664,64.4855793 -22.1968591,64.4947395 -22.199229,64.4962453 -22.1972148,64.4960092 -22.1964999,64.4974788 -22.2042636,64.4953161 -22.2118207,64.4955677 -22.2146358,64.5001078 -22.2118866,64.5016243 -22.2158017,64.5024981 -22.2202845,64.5063785 -22.2240016,64.5057456 -22.2213697,64.496581 -22.2251149,64.4996318 -22.2260426,64.4920872 -22.2246356,64.4903539 -22.2202775,64.4934412 -22.2174844,64.4917613 -22.2249522,64.4884704 -22.2202998,64.4835753 -22.2224631,64.4827868 -22.2262747,64.4864758 -22.2252964,64.4895232 -22.2299824,64.4906827 -22.2331048,64.4932023 -22.2322108,64.4973454 -22.2347171,64.4981647 -22.2356039,64.4898353 -22.2427504,64.4834543 -22.2427151,64.4965063 -22.2392095,64.4978889 -22.2369281,64.5019227 -22.2344642,64.5003488 -22.2318609,64.5015197 -22.2281804,64.5003566 -22.2314361,64.5077533 -22.2270398,64.5092829 -22.2313261,64.5103775 -22.2335304,64.5135543 -22.2301676,64.5144497 -22.2259653,64.5132153 -22.2239971,64.5151803 -22.2274355,64.5183647 -22.2252502,64.5235308 -22.2295346,64.5236748 -22.228282,64.522351 -22.2312742,64.5203294 -22.2370822,64.5201967 -22.2363436,64.5182443 -22.2393354,64.5193089 -22.2354037,64.5225306 -22.2357597,64.5278289 -22.2421716,64.5271128 -22.2445931,64.5281323 -22.2469283,64.5273118 -22.2469136,64.5243535 -22.249577,64.5243289 -22.2523443,64.5218974 -22.2547435,64.5288784 -22.246532,64.5286794 -22.2422895,64.5324014 -22.2450578,64.5326151 -22.2435017,64.5334603 -22.2342058,64.5333054 -22.2353132,64.5298997 -22.2320572,64.5298862 -22.2311367,64.5310243 -22.2270374,64.5300595 -22.2286983,64.5267719 -22.2239553,64.5243444 -22.221247,64.5266497 -22.2110915,64.5266027 -22.2125309,64.5301387 -22.2066594,64.5307449 -22.2056566,64.5330096 -22.2072395,64.5348907 -22.211729,64.5356168 -22.2214429,64.5341176 -22.2253208,64.5323032 -22.227214,64.5332448 -22.226633,64.5353167 -22.2294225,64.536545 -22.2265826,64.5386487 -22.2296017,64.5393441 -22.2267886,64.5414147 -22.2251292,64.5397623 -22.2238719,64.5424834 -22.2268738,64.5429484 -22.2310677,64.5418648 -22.2313137,64.5442832 -22.2287236,64.5456429 -22.2233887,64.5451939 -22.214184,64.5471376 -22.216813,64.5515445 -22.2261722,64.5557605 -22.2219096,64.5567865 -22.2288626,64.5564368 -22.2279279,64.5511167 -22.2319195,64.5476804 -22.2388921,64.5504411 -22.2463258,64.5482888 -22.2529081,64.5474792 -22.2547197,64.548251 -22.2483977,64.5517581 -22.2428848,64.5577219 -22.2348272,64.5579025 -22.2308869,64.5606265 -22.2316068,64.5627615 -22.2414509,64.5638556 -22.2499017,64.5615973 -22.2556843,64.5616614 -22.2497574,64.5662155 -22.254655,64.5679528 -22.2503386,64.5699439 -22.2477921,64.569638 -22.2415549,64.573159 -22.2428886,64.5749182 -22.2393872,64.5810312 -22.2317097,64.5839642 -22.2314633,64.5866349 -22.2340227,64.5840675 -22.2454525,64.5791531 -22.2585098,64.5690094 -22.2652252,64.5699445 -22.2615103,64.5705475 -22.2619632,64.5723298 -22.2679626,64.5738298 -22.2803932,64.5716434 -22.2979226,64.5601265 -22.3054438,64.5496863 -22.3072019,64.5503286 -22.3042083,64.554665 -22.3057168,64.5558774 -22.3015115,64.5585172 -22.3030266,64.5623208 -22.3129597,64.55856 -22.3153415,64.561689 -22.3251894,64.5555505 -22.3253,64.559009 -22.3291178,64.5576992 -22.336825,64.5580981 -22.3353773,64.5592917 -22.336374,64.5603293 -22.3391066,64.5595849 -22.3387982,64.5618598 -22.3439372,64.5607557 -22.3431835,64.5638537 -22.3470252,64.5622274 -22.3466445,64.5655599 -22.3516786,64.5615571 -22.3500543,64.5666422 -22.3427193,64.5741922 -22.3468028,64.5729429 -22.3425832,64.5762956 -22.3498533,64.5723723 -22.3506776,64.5752165 -22.3454338,64.5791023 -22.3449538,64.5777361 -22.341186,64.5784925 -22.3428924,64.5795553 -22.3373812,64.5827394 -22.3400928,64.583626 -22.3364289,64.588356 -22.3402156,64.5877842 -22.3439301,64.5849108 -22.3487633,64.5859458 -22.3548499,64.5826766 -22.3506467,64.5877914 -22.3573627,64.5829982 -22.3584043,64.5844564 -22.3617045,64.5833119 -22.3597633,64.5851248 -22.3562335,64.5856842 -22.3546082,64.5893472 -22.3506715,64.5895458 -22.3473864,64.5950714 -22.3398716,64.600279 -22.3403867,64.6015838 -22.3500239,64.5966066 -22.3526357,64.599111 -22.3518636,64.6013005 -22.3554456,64.5992212 -22.3567739,64.5996354 -22.3522218,64.6045476 -22.3484586,64.6050771 -22.3430856,64.6151443 -22.3445432,64.6162359 -22.3392496,64.6205879 -22.343062,64.619787 -22.3445024,64.6219385 -22.3522335,64.6204841 -22.3579901,64.6152552 -22.3637553,64.6134247 -22.3584375,64.6186783 -22.3772095,64.6299833 -22.3841825,64.6321265 -22.3787591,64.6351237 -22.3787767,64.6376671 -22.3847837,64.6424725 -22.4132189,64.6524858 -22.4354517,64.6563048 -22.4496657,64.6607825 -22.4476788,64.6629053 -22.4485137,64.6675715 -22.4446338,64.6684883 -22.442605,64.667455 -22.4389188,64.6688997 -22.4319429,64.6694918 -22.4413011,64.6624362 -22.438175,64.6591218 -22.4283022,64.6560283 -22.4003623,64.6503303 -22.3854572,64.6440181 -22.3784713,64.6422067 -22.3771716,64.6420732 -22.3749288,64.6421771 -22.3711197,64.6447852 -22.3667539,64.6439232 -22.3633223,64.6478451 -22.3589923,64.6452928 -22.3504277,64.6447041 -22.3440959,64.645364 -22.3392236,64.6485909 -22.3353508,64.6474336 -22.3260916,64.6474621 -22.3325996,64.6480925 -22.3331435,64.648441 -22.3329372,64.6494007 -22.3326539,64.6496474 -22.3242983,64.6502703 -22.3237134,64.6504124 -22.3231517,64.6516259 -22.3233112,64.6517438 -22.3296148,64.6519527 -22.3270789,64.6558512 -22.3316683,64.6537271 -22.3389478,64.6555511 -22.3531483,64.6469049 -22.3551477,64.6488281 -22.3592178,64.6478354 -22.3598157,64.6486845 -22.3597828,64.6490299 -22.3559341,64.6527621 -22.3511835,64.6558175 -22.3474129,64.6568626 -22.3445128,64.6611125 -22.3466316,64.6635092 -22.3421392,64.6682713 -22.3375469,64.6693491 -22.3392791,64.6707481 -22.3432738,64.6700009 -22.3448246,64.6707358 -22.3349975,64.6748192 -22.3381706,64.67765 -22.3277633,64.6784945 -22.3205498,64.6804134 -22.3124799,64.6783856 -22.3158519,64.6803406 -22.320775,64.6809843 -22.3384234,64.6795442 -22.3363442,64.6810766 -22.3376516,64.6820602 -22.3461612,64.6829441 -22.3404347,64.6875 -22.3415033,64.6875 -22.3455473,64.6885509 -22.3479224,64.6880373 -22.3477758,64.6883856 -22.3453718,64.6895378 -22.3397909,64.6898361 -22.3360823,64.6923633 -22.3362854,64.6962889 -22.3333513,64.6975564 -22.322001,64.6973958 -22.3121299,64.7041141 -22.3082345,64.7034894 -22.3088355,64.7040226 -22.3119217,64.704868 -22.314975,64.7039487 -22.3217238,64.698649 -22.3224425,64.6984683 -22.3358299,64.6977918 -22.3426237,64.6931136 -22.3442518,64.6936165 -22.3561658,64.6913707 -22.3606801,64.6886281 -22.3585041,64.6910208 -22.3605753,64.6915916 -22.3610711,64.6914291 -22.3628536,64.6883163 -22.364332,64.6875 -22.3652776,64.6870534 -22.367029,64.6875 -22.3750029,64.6826361 -22.3753387,64.6826473 -22.3732547,64.6866395 -22.3737624,64.6867032 -22.3812102,64.6842864 -22.3884758,64.6806291 -22.3890455,64.6802403 -22.3926471,64.6758043 -22.3938459,64.6752115 -22.4031472,64.6728445 -22.4036946,64.6724828 -22.4066616,64.6672291 -22.4075238,64.6668193 -22.4116718,64.6672322 -22.4139103,64.66857 -22.4061081,64.6781716 -22.4083714,64.6803075 -22.407706,64.6841006 -22.4104042,64.6851612 -22.4078931,64.6875 -22.4074817,64.6879656 -22.4016052,64.6879801 -22.3957012,64.6896629 -22.3910661,64.689285 -22.385541,64.6933864 -22.3813165,64.6932659 -22.3735324,64.6993579 -22.3723609,64.7066324 -22.3753511,64.7122205 -22.3747282,64.7194409 -22.3651137,64.7208043 -22.3654094,64.7178471 -22.3620996,64.7155594 -22.3641576,64.7150884 -22.3695652,64.71726 -22.3677948,64.7063136 -22.3725389,64.6976193 -22.3663588,64.7046512 -22.3641661,64.7141294 -22.3475339,64.7132332 -22.345785,64.7134838 -22.3437077,64.7146713 -22.3437082,64.7149724 -22.346902,64.7167193 -22.340273,64.7203382 -22.3385752,64.7239255 -22.3265818,64.7264044 -22.3295912,64.7348425 -22.3348156,64.7362931 -22.340108,64.7351564 -22.3392022,64.7399691 -22.3334714,64.7430179 -22.3281196,64.7416244 -22.3207905,64.7460716 -22.3099886,64.7471874 -22.3085614,64.7485707 -22.3114405,64.7516797 -22.310268,64.7531672 -22.3130507,64.7539963 -22.3077224,64.756198 -22.3109303,64.7590421 -22.3223567,64.760461 -22.3217064,64.7619117 -22.3351442,64.7659723 -22.3438181,64.7664651 -22.3469045,64.7651039 -22.3470321,64.7684804 -22.3530734,64.7700253 -22.3587049,64.769302 -22.3623132,64.7705173 -22.3668705,64.768477 -22.370209,64.7645049 -22.3776462,64.7658652 -22.3836666,64.7643892 -22.3833858,64.7682065 -22.3875809,64.7688355 -22.3892238,64.767176 -22.3932573,64.7668788 -22.4006705,64.7700022 -22.4120013,64.7678028 -22.4094015,64.7670403 -22.412855,64.7655129 -22.4123344,64.7635235 -22.4227068,64.7579458 -22.4397678,64.7611001 -22.4438902,64.7632782 -22.443202,64.7657202 -22.4311527,64.7662816 -22.4239364,64.7696605 -22.4174772,64.7704985 -22.4187268,64.7727888 -22.4145699,64.7736164 -22.413605,64.7750787 -22.4202443,64.7729212 -22.4245622,64.7741354 -22.4096299,64.7815005 -22.4125752,64.7847317 -22.4110312,64.7856202 -22.4093742,64.7849493 -22.4048203,64.7856352 -22.4079357,64.7875233 -22.4048547,64.7902861 -22.4193259,64.7870775 -22.423402,64.7840726 -22.4451421,64.7815624 -22.4523005,64.7829349 -22.4486376,64.7847219 -22.4500389,64.7864054 -22.4454412,64.7877055 -22.4383897,64.7852246 -22.4340227,64.7852458 -22.4289703,64.7881669 -22.4207038,64.7900358 -22.4191571,64.792986 -22.4148155,64.7927783 -22.4088917,64.7947931 -22.4093748,64.7976537 -22.4146925,64.8001292 -22.4058325,64.7992326 -22.403567,64.8008742 -22.4082906,64.8053313 -22.4075825,64.8081253 -22.4128608,64.8095531 -22.4114267,64.8115164 -22.4156278,64.8135774 -22.4151721,64.8154438 -22.4097687,64.8186072 -22.3926466,64.8208258 -22.3816113,64.8211221 -22.3810147,64.8222322 -22.3815027,64.8223073 -22.4085763,64.81968 -22.4123667,64.8182898 -22.4190425,64.8143306 -22.4182186,64.8124413 -22.4146045,64.8120608 -22.4192599,64.8088036 -22.4173613,64.8066713 -22.4126908,64.8073668 -22.4147781,64.8056257 -22.4203404,64.8046927 -22.4209088,64.8042773 -22.422645,64.8000588 -22.4235483,64.7999573 -22.4316245,64.7995884 -22.4449353,64.8009766 -22.4568413,64.7986484 -22.4530251,64.806169 -22.4587569,64.8079211 -22.4579107,64.8110113 -22.4617391,64.8118803 -22.4702018,64.8073227 -22.4814419,64.8047647 -22.480023,64.8032935 -22.4733706,64.8025591 -22.4747298,64.7989753 -22.4820997,64.7992007 -22.4868047,64.8032386 -22.4873322,64.803214 -22.4908391,64.8001333 -22.492094,64.7996519 -22.4953732,64.8000689 -22.4978644,64.7971466 -22.4990047,64.7983238 -22.5,64.7982701 -22.5019586,64.7983074 -22.5021307,64.7961601 -22.5053154,64.8002827 -22.5141284,64.8026839 -22.5115029,64.8059676 -22.517848,64.8063529 -22.5139549,64.8090661 -22.5199029,64.8098809 -22.5206811,64.8096138 -22.5307761,64.8057956 -22.534775,64.8028069 -22.5400915,64.8019137 -22.5435419,64.7993894 -22.5540119,64.7978569 -22.5525362,64.7960602 -22.5595171,64.7954901 -22.5600471,64.7928246 -22.5706495,64.7895989 -22.578033,64.7851959 -22.582092,64.7850894 -22.5925649,64.7819995 -22.5778627,64.7763346 -22.560252,64.7806184 -22.5510004,64.7785563 -22.5510004,64.7772586 -22.5748463,64.7733998 -22.6039617,64.7780513 -22.6183201,64.7761276 -22.6223855,64.7745143 -22.6249141,64.7749397 -22.6295658,64.7721424 -22.6305706,64.7719572 -22.6417205,64.770438 -22.6456294,64.770506 -22.6460679,64.7705638 -22.6587749,64.7747039 -22.6601743,64.7749732 -22.6806564,64.7772951 -22.6902008,64.7797642 -22.6902037,64.7802069 -22.6881638,64.7809709 -22.6791685,64.7814351 -22.6781448,64.7801917 -22.6716853,64.7788399 -22.6491338,64.776619 -22.6506071,64.7795641 -22.6465274,64.7807711 -22.6406691,64.7757612 -22.6367844,64.7751775 -22.6348068,64.7758032 -22.6376936,64.7777643 -22.6273665,64.7803733 -22.6225305,64.7836432 -22.6260145,64.7847557 -22.6247231,64.7867826 -22.6267294,64.787904 -22.6240081,64.7886595 -22.6245852,64.7891469 -22.6301308,64.7890477 -22.6320596,64.7870296 -22.6344943,64.7868825 -22.6330984,64.7894531 -22.639351,64.7906904 -22.6399028,64.7906742 -22.6442816,64.790041 -22.6441472,64.7872489 -22.6493102,64.7852504 -22.6516747,64.7850595 -22.6517096,64.7858737 -22.6556762,64.7855051 -22.6542642,64.7871009 -22.6616938,64.7863082 -22.6620303,64.7890393 -22.6644989,64.7875936 -22.6699442,64.7871553 -22.6695615,64.7889256 -22.6652287,64.7900897 -22.6611269,64.7898104 -22.6604182,64.792031 -22.6540281,64.7943501 -22.656827,64.7967985 -22.6613646,64.7975591 -22.6576526,64.7998204 -22.6588864,64.8023487 -22.6737357,64.8049774 -22.674171,64.8067536 -22.6777622,64.8073639 -22.6887609,64.8033202 -22.6910495,64.8074645 -22.6986699,64.807339 -22.6983747,64.8094527 -22.6924908,64.8123415 -22.6906415,64.8153793 -22.6971757,64.8225628 -22.6918792,64.8150277 -22.6966866,64.8114951 -22.7027318,64.8102996 -22.7034044,64.8094203 -22.7004837,64.8094714 -22.7038277,64.8077397 -22.7064502,64.8078629 -22.7171475,64.8037834 -22.7189298,64.8074611 -22.7237126,64.8058074 -22.7248744,64.8034604 -22.7265909,64.8041788 -22.7311732,64.8027967 -22.7380182,64.803255 -22.7417221,64.8019449 -22.7538199,64.8037267 -22.7553824,64.8008211 -22.7649941,64.7991434 -22.7545633,64.7988476 -22.752969,64.7978781 -22.756496,64.7964835 -22.75574,64.7949278 -22.7410027,64.7902607 -22.7389874,64.7883296 -22.7297519,64.7869693 -22.7165958,64.7816377 -22.7065713,64.7807568 -22.7032495,64.776352 -22.6957314,64.7740957 -22.6997294,64.7726671 -22.7118151,64.77558 -22.7287617,64.7828937 -22.7566671,64.7906814 -22.7688344,64.7927557 -22.7968415,64.7949857 -22.8248487,64.7972157 -22.8353735,64.799978 -22.8663858,64.8006184 -22.8763458,64.7979426 -22.8897858,64.7967392 -22.9072959,64.7933465 -22.9244592,64.7955045 -22.9275984,64.7967834 -22.9368486,64.7959485 -22.9606578,64.8040777 -22.9749722,64.8061683 -22.9894549,64.8064528 -22.9928213,64.8076963 -22.9989789,64.8025825 -23.0077673,64.7999938 -23.0188057,64.7987734 -23.0265896,64.7946895 -23.0350415,64.7989203 -23.0487066,64.8014245 -23.052707,64.8034796 -23.0554591,64.802663 -23.0666095,64.8032194 -23.074367,64.8002758 -23.0750843,64.8015183 -23.0804029,64.8017539 -23.0811179,64.8029596 -23.0928394,64.8006355 -23.0883539,64.8032854 -23.0896332,64.8039157 -23.1079555,64.8018968 -23.1124398,64.8043282 -23.1227078,64.8040208 -23.1232837,64.8054869 -23.1405779,64.809094 -23.1722785,64.8128269 -23.2080508,64.8197052 -23.2193269,64.8205122 -23.2278455,64.8224829 -23.2399069,64.8229964 -23.2615385,64.8264205 -23.2705042,64.8266087 -23.2724206,64.8256427 -23.2869372,64.8272998 -23.3009089,64.8259296 -23.3149689,64.8287739 -23.3201861,64.8268352 -23.3286453,64.8292167 -23.33767,64.8273582 -23.3625319,64.8269784 -23.3711029,64.825671 -23.3721156,64.826472 -23.3804317,64.8240606 -23.3817956,64.8249493 -23.3773918,64.828684 -23.3649822,64.83026 -23.3677753,64.8316318 -23.3701982,64.8308699 -23.3754225,64.8324437 -23.3796628,64.8313504 -23.3780547,64.8306094 -23.3831348,64.8304095 -23.3822135,64.8275992 -23.3873254,64.8289325 -23.3833796,64.8246043 -23.3770617,64.8225106 -23.3764005,64.8202422 -23.385325,64.8148617 -23.3826638,64.8081076 -23.3912233,64.7995723 -23.4140971,64.7953354 -23.4369709,64.7910984 -23.4458054,64.7943503 -23.4787353,64.8004822 -23.4864479,64.8036433 -23.5105172,64.8046862 -23.5345865,64.8057292 -23.5641669,64.8046051 -23.5797338,64.8025306 -23.5884104,64.8028454 -23.5848696,64.8049293 -23.5472049,64.8076041 -23.5093631,64.8079183 -23.5023686,64.8071706 -23.4950699,64.807988 -23.4911518,64.806746 -23.49628,64.8104066 -23.5009013,64.8109252 -23.5018111,64.812831 -23.5037763,64.8108613 -23.5317084,64.811376 -23.5284997,64.8124611 -23.5158668,64.8112479 -23.50384,64.8126837 -23.5126669,64.8158413 -23.5270869,64.8153411 -23.5319166,64.8167775 -23.5396796,64.8144501 -23.5402458,64.8133014 -23.5363463,64.812747 -23.5386593,64.8105764 -23.5595793,64.8091517 -23.5699981,64.8073335 -23.5768325,64.8082942 -23.5843582,64.8065685 -23.6005675,64.7971022 -23.6030778,64.792495 -23.608445,64.7935348 -23.6125982,64.7910199 -23.6164089,64.7911227 -23.6197782,64.7884918 -23.6185396,64.7864332 -23.6249076,64.7763991 -23.6242065,64.7738966 -23.6207753,64.7715173 -23.6156975,64.7704309 -23.6147387,64.7679584 -23.6282932,64.762693 -23.6336381,64.7562538 -23.6427145,64.7521713 -23.6363347,64.7457693 -23.6372781,64.7420644 -23.6403565,64.7405143 -23.650389,64.738698 -23.6692286,64.740294 -23.6760597,64.7422403 -23.6886857,64.7434663 -23.700258,64.7428821 -23.7170464,64.7400252 -23.7261754,64.7401124 -23.7409456,64.7367907 -23.7566035,64.737286 -23.7735732,64.7353907 -23.7890536,64.7315464 -23.7961181,64.7284127 -23.8006234,64.7278696 -23.8029536,64.7281086 -23.8122237,64.7300913 -23.8178031,64.7358758 -23.8243879,64.7360694 -23.8472626,64.7411468 -23.85334,64.7413265 -23.860882,64.7447791 -23.8694026,64.7439787 -23.8708082,64.7474722 -23.8875124,64.7496787 -23.8964189,64.7496446 -23.897945,64.7519557 -23.9022973,64.753046 -23.9176682,64.7492872 -23.9193357,64.7631764 -23.9223272,64.7658423 -23.933802,64.7695647 -23.9311405,64.775755 -23.9341907,64.77891 -23.9541838,64.7890913 -23.9592648,64.799767 -23.9662482,64.8016136 -23.97429,64.8092937 -23.9716336,64.8122754 -23.9725074,64.8149343 -23.9801135,64.8169504 -23.990025,64.8173108 -23.9973609,64.8248869 -24.0082664,64.8277688 -24.0103743,64.8325068 -24.0216072,64.8425815 -24.0240966,64.8470461 -24.0345088,64.8532273 -24.0454181,64.8787709 -24.0437804,64.8859894 -24.0413523,64.8870317 -24.0255185,64.8805918 -24.0040354,64.883291 -23.9897494,64.8816919 -23.9843227,64.8821368 -23.9805748,64.8837943 -23.975732,64.8902417 -23.9585967,64.8953604 -23.9539407,64.901036 -23.9420725,64.901987 -23.9376976,64.9038296 -23.9360524,64.9068832 -23.9225819,64.9123777 -23.9138168,64.9198923 -23.9085259,64.919993 -23.8989183,64.9148108 -23.8938603,64.914519 -23.8880358,64.9171152 -23.8883097,64.9184679 -23.8816332,64.9205513 -23.8739305,64.9205029 -23.8696941,64.9226738 -23.8629692,64.9227619 -23.8421081,64.9271469 -23.8158268,64.9260234 -23.813156,64.9238178 -23.8090659,64.9229807 -23.8109627,64.9203228 -23.8036798,64.9164816 -23.7918055,64.9113894 -23.7699244,64.9050056 -23.7571467,64.9030745 -23.723761,64.9012506 -23.7150352,64.898622 -23.7008715,64.8987828 -23.7023891,64.8972809 -23.6996239,64.8948348 -23.6872371,64.8923563 -23.6572104,64.8930981 -23.6390336,64.8888832 -23.6325752,64.8849427 -23.6285954,64.8846209 -23.6260117,64.8876446 -23.6272578,64.8908859 -23.6194216,64.8927865 -23.6068634,64.8909879 -23.6010253,64.8934282 -23.6026874,64.896488 -23.6095601,64.9007341 -23.6003493,64.9054255 -23.6018598,64.9111726 -23.5995774,64.9132034 -23.5949019,64.9137833 -23.5956615,64.9150755 -23.5921369,64.9159719 -23.5799952,64.9152508 -23.5727028,64.9160956 -23.5720421,64.9141051 -23.5676738,64.9131578 -23.5546875,64.9146205 -23.5459381,64.9132786 -23.5359871,64.9186482 -23.5333886,64.917293 -23.5291275,64.9176925 -23.5168384,64.9237488 -23.5093812,64.9297624 -23.5040152,64.9414649 -23.4904214,64.9492084 -23.4817947,64.9523786 -23.4805523,64.9527574 -23.4758878,64.9529783 -23.4601573,64.9494171 -23.4409214,64.9475152 -23.409169,64.9483501 -23.4004282,64.9454051 -23.3803616,64.9441015 -23.3784235,64.9432325 -23.3797916,64.9422669 -23.3729039,64.9404275 -23.360751,64.9408668 -23.3661097,64.9439085 -23.3656538,64.946274 -23.3713543,64.946757 -23.3728367,64.9491709 -23.375687,64.9493639 -23.3747749,64.9546748 -23.3846387,64.9573945 -23.3875855,64.9596806 -23.3922133,64.9613386 -23.3928376,64.9619472 -23.3916718,64.9635173 -23.3873245,64.9652338 -23.3704973,64.9649256 -23.3656511,64.9656558 -23.3615696,64.9667823 -23.3574882,64.9686598 -23.3573246,64.9729058 -23.35259,64.972379 -23.332009,64.964339 -23.3306727,64.9632257 -23.3236514,64.949423 -23.3249179,64.9478673 -23.33429,64.9449706 -23.3407491,64.9394453 -23.3410025,64.9371922 -23.3358099,64.9352072 -23.3297306,64.9349927 -23.3302371,64.9335443 -23.3275775,64.9327933 -23.3228914,64.9321496 -23.3173187,64.9320422 -23.3233981,64.9397134 -23.3197252,64.9453461 -23.3216249,64.946419 -23.318332,64.9480283 -23.3084058,64.9515393 -23.3053644,64.9511837 -23.3040057,64.9524736 -23.2927955,64.9449933 -23.2901387,64.9446496 -23.2921808,64.943193 -23.292152,64.9423726 -23.2897986,64.9398149 -23.2915257,64.9364516 -23.2925686,64.9354211 -23.2977647,64.9316635 -23.3045152,64.9290792 -23.3064055,64.9276905 -23.3067929,64.9252982 -23.3034431,64.9252499 -23.2974224,64.9284524 -23.2945817,64.9272913 -23.2957178,64.9237034 -23.2870138,64.9227842 -23.2758712,64.9241579 -23.2594194,64.9290955 -23.2540479,64.9270535 -23.2542748,64.9246356 -23.2500747,64.9225422 -23.2389932,64.921961 -23.2226783,64.9239628 -23.2127541,64.926648 -23.2065538,64.930732 -23.2091085,64.9349166 -23.2069612,64.9426075 -23.2008241,64.9482197 -23.2121959,64.9611996 -23.2196217,64.9645361 -23.2168205,64.9713215 -23.223653,64.9758317 -23.2216631,64.9792973 -23.2273765,64.9868774 -23.2284024,64.9955636 -23.209182,65.0062859 -23.1933475,65.0125377 -23.1851891,65.0136088 -23.1713175,65.0133545 -23.1586977,65.0078554 -23.1390049,65.0044943 -23.1157009,65.0043733 -23.0923969,65.0042523 -23.0878043,65.0060776 -23.0822037,65.0036101 -23.0905375,65.0026876 -23.0915416,65.0007244 -23.1041054,64.9971166 -23.1278858,64.9724832 -23.1282173,64.9685556 -23.1227025,64.9663748 -23.1373661,64.964117 -23.1401103,64.9602917 -23.1608707,64.9463992 -23.1513736,64.9409693 -23.1426113,64.9391927 -23.1418025,64.9406195 -23.137623,64.9378026 -23.1334217,64.9369859 -23.1282403,64.9364587 -23.1263248,64.9378726 -23.1220855,64.93235 -23.1211003,64.92527 -23.1250858,64.9226437 -23.1248384,64.9207314 -23.1178981,64.9177983 -23.1143059,64.9192005 -23.1102806,64.917953 -23.1055908,64.9133054 -23.1009355,64.9115608 -23.0907542,64.9134173 -23.0856355,64.9129065 -23.0892963,64.9221181 -23.0889996,64.9312336 -23.0982496,64.9428952 -23.103182,64.9536874 -23.0994122,64.9553407 -23.1044105,64.9594187 -23.1012206,64.9617609 -23.0943624,64.9564406 -23.0893853,64.9613014 -23.0900359,64.9654958 -23.0862343,64.9665889 -23.076581,64.9626106 -23.0599498,64.9592361 -23.05128,64.9609047 -23.0442907,64.9588538 -23.0415779,64.9565732 -23.0272872,64.9586267 -23.016167,64.9554797 -23.0127314,64.9521564 -23.0129296,64.9480658 -23.0220226,64.939253 -23.0268306,64.9314516 -23.0237623,64.9258038 -23.0164763,64.9195966 -23.0129948,64.9191796 -23.0122451,64.9216762 -23.0164685,64.9267343 -23.0096405,64.9311411 -23.0064588,64.9363918 -23.0003482,64.9379998 -22.9993436,64.9371604 -22.9921488,64.9376777 -23.0020204,64.9401834 -23.0014122,64.9442757 -23.0071768,64.945614 -23.0088398,64.9448013 -23.0115234,64.9453458 -23.0109915,64.9488496 -22.9991961,64.949831 -22.9930305,64.9489914 -22.9886069,64.9508435 -22.9989576,64.9559772 -23.0015875,64.9588059 -23.0130399,64.9615633 -23.0205024,64.9614235 -23.0303794,64.9662253 -23.0467963,64.9663047 -23.0505714,64.9639432 -23.0548868,64.963553 -23.0602134,64.9650549 -23.0612787,64.968134 -23.0582603,64.9739921 -23.0440561,64.9883364 -23.0218621,65.0036573 -22.996603,65.0077879 -22.9846563,65.0081635 -22.9812238,65.007214 -22.9608116,65.0088598 -22.9563264,65.0079623 -22.9613163,65.0054559 -22.9537204,65.0039727 -22.9492764,65.007441 -22.946561,65.0039316 -22.9530655,65.0035008 -22.9529529,65.0026642 -22.9502378,65.0011212 -22.9411894,64.999595 -22.9397639,64.9978781 -22.9310976,64.9966428 -22.93821,64.9898629 -22.9336379,64.9897947 -22.9314715,64.9884678 -22.9235637,64.9902307 -22.9184926,64.9864912 -22.915446,64.9864107 -22.9088428,64.9875499 -22.90964,64.9914559 -22.9139599,64.989956 -22.9171563,64.9909275 -22.9118052,64.992753 -22.907078,64.9979522 -22.8990865,64.9973778 -22.8894731,64.9988068 -22.8861809,64.9974976 -22.8855677,64.9992948 -22.8746114,65.0032243 -22.857375,65.0052311 -22.8515625,65.003069 -22.8389868,65.0038441 -22.82818,65.0073055 -22.8177205,65.0133632 -22.8098453,65.0149941 -22.7886896,65.0148577 -22.7795104,65.0175383 -22.7770048,65.01723 -22.7776459,65.0155287 -22.7742825,65.0173907 -22.7778302,65.0194125 -22.7723423,65.0184712 -22.7696759,65.0202014 -22.7773596,65.0233119 -22.7768399,65.0252318 -22.7715828,65.0261037 -22.7774096,65.0260741 -22.778733,65.0269294 -22.7611682,65.0297976 -22.7581217,65.0323437 -22.7685165,65.0313205 -22.780215,65.026961 -22.784312,65.0279864 -22.7842154,65.0268348 -22.7949399,65.0232192 -22.8077319,65.0273128 -22.8176705,65.0262647 -22.8177764,65.0272737 -22.8366628,65.0251358 -22.8393337,65.027945 -22.8505418,65.0257035 -22.850569,65.0281034 -22.8564847,65.0272057 -22.858826,65.0290511 -22.8653049,65.0286154 -22.8698105,65.0294981 -22.8690087,65.0306661 -22.872287,65.0301903 -22.8741363,65.0312052 -22.8688498,65.0334634 -22.8554866,65.0352519 -22.8504946,65.0332828 -22.853972,65.0309646 -22.8479954,65.0317751 -22.8476305,65.0301532 -22.8319225,65.0387299 -22.8193179,65.042399 -22.8082817,65.0440248 -22.828505,65.0340253 -22.8224614,65.0348957 -22.8123304,65.0406229 -22.7874933,65.0498616 -22.7805331,65.0572841 -22.7535382,65.0639255 -22.7474365,65.0682375 -22.7502741,65.0681459 -22.7483162,65.070244 -22.750114,65.0713738 -22.7419122,65.0732985 -22.7332807,65.078485 -22.7290105,65.0788367 -22.7213767,65.0789349 -22.7154852,65.0776457 -22.7220463,65.075471 -22.7206395,65.0749369 -22.707302,65.0742011 -22.7140139,65.0710242 -22.7089874,65.0695748 -22.7132126,65.0690413 -22.7152444,65.0659338 -22.724345,65.0614672 -22.7261451,65.0621725 -22.737312,65.0590715 -22.7447301,65.0587531 -22.7634308,65.0534751 -22.765937,65.0497149 -22.7616643,65.0503623 -22.7564847,65.0531904 -22.7496573,65.0539536 -22.7465434,65.056061 -22.7341686,65.0565935 -22.7263308,65.0599015 -22.7224683,65.0599986 -22.716686,65.0629678 -22.719401,65.0631129 -22.7060502,65.0685019 -22.7052556,65.0664523 -22.697961,65.0688813 -22.6930437,65.0669326 -22.6978962,65.063808 -22.6870753,65.0614516 -22.6931787,65.0580261 -22.6813405,65.0593795 -22.6789352,65.057857 -22.6900827,65.0532207 -22.6946886,65.0534666 -22.7012308,65.0490162 -22.6990561,65.0478681 -22.6916707,65.0508847 -22.6902099,65.0495597 -22.693395,65.047738 -22.7003855,65.0461884 -22.7081871,65.0467234 -22.7105737,65.0457491 -22.6977673,65.0459617 -22.6919816,65.0444928 -22.6870921,65.0451905 -22.6899869,65.0474122 -22.685371,65.0478086 -22.6834326,65.0508025 -22.6758627,65.0523893 -22.6808735,65.0496767 -22.6816347,65.0470393 -22.679511,65.0458862 -22.6710593,65.0474095 -22.6735764,65.0496928 -22.6702615,65.0478487 -22.6659362,65.0478967 -22.6681103,65.0458869 -22.6747915,65.0441142 -22.6812305,65.0441613 -22.6883131,65.0422378 -22.6924999,65.0429134 -22.6957453,65.0375632 -22.6932874,65.0376315 -22.6938543,65.03424 -22.6979957,65.0326802 -22.7024056,65.0342572 -22.7066143,65.0305378 -22.7237027,65.0272692 -22.7216114,65.0258828 -22.7246307,65.0236437 -22.7277822,65.0255357 -22.7361438,65.0244308 -22.7389346,65.0221294 -22.7450964,65.0216385 -22.7450867,65.0188076 -22.7408745,65.0198601 -22.738517,65.0169361 -22.726486,65.0198411 -22.7248394,65.0213876 -22.7000583,65.0259109 -22.7049721,65.0233589 -22.7000387,65.0236164 -22.7013738,65.0214365 -22.6946477,65.0228127 -22.6963005,65.0204823 -22.6900373,65.0225573 -22.6911894,65.0240687 -22.6865668,65.0240917 -22.6915839,65.0259622 -22.6901124,65.027059 -22.6711829,65.0309371 -22.6741065,65.0288187 -22.6722809,65.0274367 -22.6652232,65.028815 -22.6616055,65.0270184 -22.6822882,65.0239475 -22.6809657,65.0230814 -22.6844332,65.0216639 -22.6774437,65.0198931 -22.6829681,65.0179949 -22.6810553,65.0154963 -22.6865369,65.0140829 -22.6772496,65.0138764 -22.6755034,65.0105168 -22.6702789,65.0112679 -22.6743406,65.0076587 -22.6718688,65.0017993 -22.6581268,65.0007824 -22.6543511,64.9976971 -22.6429697,64.9959501 -22.6335977,64.9981292 -22.6278847,64.9926904 -22.6121119,64.9904931 -22.6122566,64.988022 -22.605166,64.9801759 -22.5954279,64.9791698 -22.5906453,64.9773719 -22.5900586,64.9749418 -22.5837047,64.971065 -22.5701957,64.9730916 -22.5896844,64.9855431 -22.589714,64.987449 -22.6004573,64.9926786 -22.6010588,64.9950238 -22.6078168,64.9994481 -22.618247,65.0038203 -22.6137834,65.005604 -22.6202856,65.008303 -22.6205434,65.0092539 -22.6201988,65.0097718 -22.6195118,65.010446 -22.6189842,65.0105844 -22.613174,65.0103353 -22.6126999,65.0104984 -22.6100914,65.0120009 -22.6115274,65.0136365 -22.6074408,65.0166132 -22.6110328,65.0177649 -22.6078748,65.0193377 -22.6082741,65.0195324 -22.6136224,65.0191044 -22.6122916,65.0211126 -22.6079499,65.0235267 -22.5980355,65.0247561 -22.6026064,65.0264006 -22.6024534,65.026602 -22.5939213,65.0279347 -22.5934081,65.0281625 -22.5907927,65.0298563 -22.5907404,65.0301315 -22.5934221,65.0330464 -22.5912513,65.0335923 -22.5820915,65.0347019 -22.5812467,65.0324271 -22.5680779,65.0341563 -22.563853,65.0324693 -22.5620913,65.0280498 -22.5634713,65.0335819 -22.5681984,65.0348767 -22.567432,65.0389587 -22.5625232,65.038228 -22.5630418,65.0405956 -22.5567636,65.0412178 -22.5514647,65.0446897 -22.5496304,65.0445321 -22.547398,65.0480843 -22.5292412,65.0493745 -22.5315543,65.050438 -22.5301667,65.0517035 -22.5172498,65.0518337 -22.5156214,65.0517359 -22.5102016,65.0496935 -22.5056837,65.0504659 -22.5078979,65.0483223 -22.5075558,65.0480648 -22.5023096,65.047792 -22.5,65.047991 -22.4934669,65.049324 -22.4851524,65.0483727 -22.4808768,65.0513608 -22.4849939,65.0520248 -22.4783802,65.0526758 -22.4779685,65.050473 -22.4664382,65.0507792 -22.4695892,65.0488219 -22.4780741,65.0476601 -22.4800729,65.0485666 -22.483955,65.0480816 -22.4820786,65.0448101 -22.4712096,65.045113 -22.4600303,65.0438441 -22.4602563,65.0454792 -22.4533114,65.0443637 -22.4435014,65.0465626 -22.4320594,65.0443178 -22.4277085,65.0458893 -22.4240664,65.0502214 -22.4122654,65.0506886 -22.4042954,65.0522116 -22.4002194,65.0515465 -22.3952543,65.0540354 -22.3952252,65.0557433 -22.3892709,65.0560504 -22.3847228,65.0538552 -22.3824064,65.0556136 -22.385455,65.0565304 -22.3799877,65.0565552 -22.3760968,65.0578505 -22.3747252,65.054696 -22.3725628,65.0552216 -22.3743308,65.0572813 -22.3666393,65.0588648 -22.3659486,65.0577825 -22.3501234,65.0550328 -22.348931,65.0564789 -22.354314,65.0582649 -22.3500102,65.0595266 -22.3460346,65.0588995 -22.3385881,65.0621943 -22.3317695,65.0626884 -22.3340487,65.0636258 -22.3292511,65.0640455 -22.3226441,65.063597 -22.312542,65.0578058 -22.3054388,65.0584586 -22.2986892,65.0522335 -22.302003,65.0501266 -22.2951941,65.0494196 -22.2949359,65.0507379 -22.2902107,65.0504956 -22.2930784,65.047972 -22.286525,65.0464284 -22.2810771,65.0458838 -22.2672772,65.048259 -22.2620794,65.046351 -22.252196,65.0467312 -22.249124,65.0439308 -22.2453802,65.0445234 -22.2393388,65.0437493 -22.2379889,65.0425431 -22.2317582,65.0436304 -22.2319067,65.045889 -22.2239878,65.045909 -22.2202756,65.0435736 -22.2132154,65.0426326 -22.2251048,65.0384089 -22.2224673,65.0350413 -22.2103407,65.0341525 -22.2137897,65.0302716 -22.2075413,65.0312403 -22.2069447,65.0342584 -22.2038447,65.0339043 -22.2030395,65.0307518 -22.1995418,65.0287606 -22.1830128,65.0345247 -22.1770219,65.0344126 -22.174607,65.0318028 -22.1682438,65.0316337 -22.1659034,65.030425 -22.1614984,65.0322769 -22.1645395,65.0322073 -22.1645168,65.0330997 -22.1589947,65.0327148 -22.1526721,65.0339667 -22.1439765,65.0318731 -22.1514807,65.0277547 -22.1394104,65.0300648 -22.1340513,65.0295177 -22.135024,65.0281929 -22.1387475,65.0277681 -22.1294025,65.0259778 -22.1184874,65.0268338 -22.1216516,65.0280479 -22.1165899,65.0289313 -22.1183472,65.0318162 -22.1318991,65.0321269 -22.132713,65.0335952 -22.1356877,65.0338933 -22.1265475,65.0374526 -22.123192,65.0360225 -22.1186481,65.0368418 -22.1186548,65.0384912 -22.1237051,65.0407013 -22.102667,65.0412765 -22.0990037,65.0395693 -22.1060535,65.03697 -22.1007401,65.0350605 -22.0887421,65.036201 -22.0946887,65.0382775 -22.0856102,65.0371906 -22.078125,65.0390625 -22.0732754,65.0380222 -22.0669538,65.0390625 -22.0581942,65.0369875 -22.0472714,65.0370837 -22.0345908,65.03271 -22.0138156,65.0303936 -22.0055515,65.0280911 -21.9914048,65.0263381 -21.9734569,65.0260313 -21.95846,65.0284308 -21.9560555,65.0265021 -21.9478877,65.0272977 -21.9462473,65.0254378 -21.9388095,65.0239263 -21.9312807,65.0246952 -21.9167988,65.0240231 -21.9036536,65.0266877 -21.8939211,65.0265121 -21.8869106,65.0275563 -21.8837913,65.0269351 -21.8881372,65.0241888 -21.8781093,65.0283974 -21.8612134,65.0265362 -21.8222004,65.0278723 -21.8047863,65.026044 -21.8112121,65.0231854 -21.8089705,65.0200965 -21.8035612,65.0222839 -21.8016766,65.0250788 -21.796875,65.0242745 -21.796875,65.0259486 -21.790307,65.0251997 -21.7860701,65.0259025 -21.7805328,65.0246301 -21.7840925,65.0275781 -21.7908982,65.0280724 -21.7854549,65.0303401 -21.7889158,65.0343797 -21.7842419,65.036113 -21.7847379,65.0385301 -21.7833471,65.0368338 -21.7768911,65.0387459 -21.7706764,65.0378972 -21.7800751,65.0411562 -21.7748415,65.0430928 -21.7758044,65.0453851 -21.7859981,65.0475399 -21.7831335,65.0504448 -21.7848572,65.0550941 -21.777136,65.0548517 -21.7803798,65.0591027 -21.7919546,65.0620052 -21.8074389,65.0632436 -21.8142474,65.0648354 -21.8201863,65.0640035 -21.8325872,65.0680226 -21.8324162,65.0705606 -21.8165106,65.0814408 -21.8127164,65.0816683 -21.8049763,65.0858387 -21.7839888,65.0898437 -21.7741591,65.0946769 -21.7715638,65.0982518 -21.7682689,65.0968689 -21.7619919,65.0978007 -21.7711601,65.099068 -21.7739539,65.1011 -21.7706356,65.107323 -21.7709889,65.1121386 -21.7599487,65.1167299 -21.7490377,65.1278909 -21.7419499,65.1326181 -21.7371069,65.1335238 -21.7343299,65.1446613 -21.7236921,65.1502686 -21.7163053,65.1519743 -21.709522,65.1592253 -21.7086639,65.1611145 -21.7097172,65.1639069 -21.7131556,65.165462 -21.7069715,65.1696712 -21.7065794,65.1738981 -21.7098644,65.172703 -21.713847,65.1729865 -21.7149521,65.1758581 -21.7211123,65.1777164 -21.7246958,65.1815372 -21.7206122,65.1861075 -21.7197378,65.1949081 -21.7201868,65.1954069 -21.7292622,65.199742 -21.7441446,65.204339 -21.765048,65.2067227 -21.7755748,65.2059509 -21.7842838,65.207322 -21.7916352,65.2051935 -21.7991878,65.206194 -21.8042666,65.2040374 -21.8173096,65.2038198 -21.818399,65.2011373 -21.8150836,65.1967322 -21.8304185,65.1818591 -21.8267022,65.1789488 -21.8243676,65.1728345 -21.8273011,65.1692764 -21.8328619,65.1667616 -21.8351485,65.1673568 -21.8332171,65.1697202 -21.8389931,65.1711096 -21.8470851,65.1694629 -21.8462197,65.1672241 -21.841803,65.1668643 -21.8510575,65.1641181 -21.8503768,65.1603415 -21.8530763,65.1586884 -21.8801897,65.1544617 -21.8897752,65.1502132 -21.8995301,65.1435179 -21.9116561,65.1384203 -21.9232115,65.1343677 -21.9314225,65.1335498 -21.9374613,65.12967 -21.9482012,65.1290796 -21.9560823,65.1249468 -21.9644355,65.124698 -21.9660859,65.1223629 -21.9815757,65.1176811 -22.0096163,65.1122285 -22.0351583,65.1110806 -22.0436817,65.1097121 -22.0602345,65.1108921 -22.0621238,65.1088271 -22.0629936,65.1086539 -22.0648931,65.1085821 -22.0724837,65.110321 -22.0787739,65.109129 -22.0978869,65.1101232 -22.1038399,65.1129727 -22.1182867,65.1142622 -22.1289647,65.1190518 -22.1408864,65.1190695 -22.1500658,65.1208982 -22.1557862,65.1205158 -22.1588281,65.1218891 -22.1816392,65.1231288 -22.2044502,65.1243685 -22.2141834,65.1232388 -22.2222321,65.1249464 -22.2318569,65.1241037 -22.2343215,65.1244311 -22.2326825,65.1252295 -22.2436299,65.1231132 -22.2440149,65.1247596 -22.2516536,65.1244488 -22.2526557,65.1288331 -22.2576303,65.1303864 -22.2727365,65.1324462 -22.2802896,65.1303005 -22.2774317,65.1325321 -22.2849848,65.1316738 -22.2818832,65.1330578 -22.282955,65.133884 -22.3027846,65.1382397 -22.3095731,65.1416194 -22.3164921,65.1420265 -22.3186098,65.1426616 -22.3186281,65.1426551 -22.3187259,65.1426965 -22.3249279,65.1445564 -22.3475153,65.1471018 -22.3503838,65.1502649 -22.3562288,65.1528739 -22.3614666,65.15311 -22.3640929,65.1550598 -22.3761678,65.1551991 -22.3771629,65.161689 -22.380354,65.1625535 -22.3785644,65.1633213 -22.3810453,65.1648389 -22.3779634,65.1667286 -22.3992652,65.1716521 -22.4027272,65.171169 -22.4030932,65.1694989 -22.4078149,65.1706387 -22.4101577,65.1699229 -22.4042552,65.1661502 -22.4076992,65.1651192 -22.4011772,65.1627222 -22.4053723,65.1617599 -22.40599,65.1596828 -22.4114511,65.1603465 -22.4111288,65.1627941 -22.4154683,65.1627945 -22.4240024,65.158492 -22.4259543,65.1597769 -22.4298025,65.1599618 -22.4287803,65.158114 -22.4318048,65.1567671 -22.4398938,65.1601306 -22.43699,65.1555744 -22.4345078,65.154882 -22.4377443,65.153874 -22.4382317,65.155323 -22.4467102,65.1519502 -22.4425876,65.1509627 -22.4467109,65.150004 -22.4468559,65.1487495 -22.4555097,65.1465504 -22.4603968,65.1485986 -22.4561481,65.1484853 -22.4544785,65.1491876 -22.4520248,65.150884 -22.4531564,65.1525288 -22.4551156,65.1529933 -22.4539415,65.151409 -22.456898,65.1505038 -22.4583371,65.1504883 -22.4635879,65.1528201 -22.4647607,65.1546247 -22.4619926,65.1539577 -22.4619781,65.1550233 -22.455865,65.1536163 -22.4611281,65.1569644 -22.4613533,65.1570327 -22.4619741,65.1562213 -22.4705899,65.1566592 -22.4726914,65.1552058 -22.4733334,65.1572452 -22.4761565,65.1574103 -22.4718083,65.1578441 -22.4718736,65.1599653 -22.4751827,65.1608123 -22.4759774,65.1609244 -22.4822907,65.1565543 -22.485234,65.1572819 -22.4856029,65.1615233 -22.4922386,65.1599683 -22.5003304,65.1612722 -22.49966,65.1587259 -22.5,65.1587611 -22.5105973,65.1618824 -22.5096846,65.1591504 -22.505863,65.1584464 -22.505698,65.157258 -22.510316,65.1572262 -22.5172033,65.1551684 -22.5122911,65.1575614 -22.5155295,65.1598771 -22.5250217,65.158267 -22.5351834,65.1605278 -22.5403035,65.1594036 -22.5410908,65.1630988 -22.547501,65.1604773 -22.5453138,65.1604948 -22.5439934,65.1587867 -22.550873,65.1595759 -22.5484002,65.1605709 -22.5485076,65.1633106 -22.5540932,65.1603608 -22.5584962,65.1598582 -22.5599262,65.1625878 -22.5559192,65.1624563 -22.5514954,65.1647351 -22.5560457,65.1647933 -22.5542902,65.1691266 -22.5549099,65.169324 -22.5610013,65.1686012 -22.5633131,65.1669796 -22.5633484,65.1671861 -22.5585469,65.1720322 -22.5531725,65.1732134 -22.5522712,65.1731305 -22.5553309,65.1704156 -22.5522891,65.1703336 -22.5507662,65.1677012 -22.5500333,65.1674271 -22.5444335,65.1687582 -22.5434443,65.1677302 -22.5430785,65.168085 -22.5418102,65.1698842 -22.5419546,65.1703618 -22.5478309,65.1739752 -22.5482532,65.176079 -22.5514045,65.1770211 -22.5463265,65.1778972 -22.5478423,65.1795243 -22.5508254,65.1794941 -22.5505641,65.1801673 -22.5499405,65.1803406 -22.5446131,65.1805197 -22.5449513,65.1783462 -22.5414323,65.1777555 -22.5378026,65.179534 -22.5353533,65.1786369 -22.5289851,65.1796426 -22.5271478,65.1771879 -22.5183651,65.1802773 -22.5132638,65.1841917 -22.5068384,65.1863216 -22.505488,65.1853075 -22.5048662,65.1853991 -22.5031056,65.1861213 -22.5016766,65.1881868 -22.5010538,65.1882463 -22.5025593,65.1865633 -22.5,65.1869419 -22.4984182,65.187178 -22.4981346,65.1869808 -22.4981886,65.1850404 -22.4982308,65.1846302 -22.4990082,65.1839424 -22.4996428,65.1847367 -22.5019339,65.1842576 -22.5015568,65.1825933 -22.4962773,65.1828125 -22.4918369,65.1849619 -22.4909657,65.1827692 -22.4849108,65.1824461 -22.4876233,65.1797451 -22.4809397,65.1817601 -22.4798524,65.1815227 -22.4790477,65.1801229 -22.4795684,65.1795998 -22.4899291,65.1769795 -22.493187,65.1779087 -22.4927729,65.1760699 -22.4996527,65.1729875 -22.5037096,65.1715883 -22.5117019,65.1713351 -22.5145326,65.1700742 -22.5134341,65.1683728 -22.5124011,65.1683602 -22.490683,65.1739124 -22.4870009,65.177411 -22.4843388,65.1770403 -22.4702985,65.1818327 -22.4789377,65.1823335 -22.4736154,65.1848788 -22.4743505,65.187241 -22.4728181,65.1857024 -22.4655499,65.1865433 -22.4679095,65.1841846 -22.4644498,65.1849217 -22.4536808,65.1841918 -22.4472346,65.1847193 -22.4445101,65.1875354 -22.4519497,65.1878221 -22.4519385,65.1904531 -22.4607049,65.1892256 -22.4611796,65.19133 -22.4683498,65.1932178 -22.4699651,65.1932935 -22.4845066,65.1916046 -22.4898331,65.1931376 -22.4897937,65.1933389 -22.4828848,65.1944935 -22.4828916,65.1948547 -22.4839023,65.1951795 -22.4919502,65.1953173 -22.4915555,65.1962726 -22.4954127,65.1984082 -22.4985766,65.1980633 -22.4987751,65.1992126 -22.5,65.1986607 -22.5043401,65.1974512 -22.5,65.1994978 -22.4996035,65.1995443 -22.4994713,65.1996372 -22.4996035,65.1997302 -22.5,65.1997766 -22.5008968,65.2005341 -22.5017414,65.2003937 -22.5091794,65.197903 -22.5102504,65.1942993 -22.5040425,65.193575 -22.5089122,65.1924859 -22.5056787,65.1921287 -22.5082988,65.1905413 -22.5135916,65.1893584 -22.5106248,65.1917943 -22.5177336,65.1926053 -22.5346065,65.1866912 -22.5358858,65.188394 -22.5390058,65.1875207 -22.5407941,65.1887314 -22.544591,65.1852424 -22.549647,65.1868773 -22.5545052,65.1859899 -22.5560073,65.1877708 -22.5577229,65.1845942 -22.5616974,65.1862257 -22.5565203,65.1899422 -22.5540533,65.1886475 -22.545446,65.1910912 -22.5373737,65.1906048 -22.5402544,65.1928918 -22.5494695,65.1909312 -22.5584801,65.1917979 -22.5666834,65.1881284 -22.562821,65.1884238 -22.5683758,65.1856185 -22.5684738,65.1876986 -22.5759571,65.187839 -22.5760345,65.1853456 -22.5799078,65.1838301 -22.5769233,65.1871172 -22.5909352,65.1830781 -22.5948389,65.1836925 -22.5937752,65.1851794 -22.6012778,65.1841934 -22.602375,65.1841874 -22.6048965,65.1849651 -22.604894,65.185518 -22.588581,65.1902561 -22.5660948,65.1939405 -22.5538276,65.1973382 -22.5504819,65.1953517 -22.5426629,65.1961044 -22.5468014,65.1933979 -22.5320477,65.1958793 -22.5313097,65.1947963 -22.5268594,65.1957455 -22.5266877,65.1944925 -22.5189009,65.1945091 -22.5194869,65.1958048 -22.5085871,65.2003067 -22.5029547,65.2012126 -22.5027869,65.201322 -22.5077856,65.2006865 -22.5085092,65.2007715 -22.5114808,65.2022876 -22.5161875,65.1996371 -22.5216171,65.2004792 -22.5192817,65.2008477 -22.5210311,65.2016364 -22.5188746,65.2036029 -22.5168415,65.2035946 -22.5174459,65.2019118 -22.5155405,65.2015961 -22.5103083,65.2058657 -22.5046741,65.2063776 -22.5040466,65.2068948 -22.504499,65.2072453 -22.5094929,65.2077264 -22.5113829,65.2070332 -22.5111538,65.2101955 -22.502739,65.2104032 -22.5020252,65.2124166 -22.5045788,65.2126893 -22.5,65.2142857 -22.4993392,65.2144252 -22.4989567,65.215625 -22.5,65.2156808 -22.5,65.2165178 -22.4969352,65.2199614 -22.4993045,65.2207232 -22.4967443,65.2275037 -22.4967443,65.2280186 -22.5,65.2290736 -22.5019141,65.2292531 -22.5019141,65.2294523 -22.5000511,65.22995 -22.4948441,65.2351856 -22.4801018,65.2413654 -22.4778062,65.2419168 -22.4722217,65.2428861 -22.4671932,65.243342 -22.4636974,65.2424141 -22.4560927,65.2426006 -22.452862,65.240921 -22.4547338,65.2391731 -22.4482549,65.2382179 -22.4499998,65.2416555 -22.4463055,65.244221 -22.4438081,65.2412351 -22.4218682,65.2469608 -22.4174833,65.2510221 -22.4172674,65.2483252 -22.4131093,65.2475181 -22.4091109,65.2483485 -22.4128158,65.2507802 -22.4050208,65.2529073 -22.4023544,65.256295 -22.4132354,65.2570521 -22.4088082,65.2594265 -22.4150552,65.2601532 -22.415011,65.2610704 -22.4103761,65.2646565 -22.393814,65.2691622 -22.3947294,65.2712489 -22.3891956,65.2710658 -22.3892254,65.2732532 -22.3855301,65.2743574 -22.3881007,65.2763156 -22.3789051,65.2783219 -22.3780895,65.277257 -22.3830953,65.274487 -22.3797401,65.2721138 -22.370055,65.2761929 -22.371087,65.2724304 -22.3605852,65.273665 -22.3578053,65.2730072 -22.3557258,65.2738431 -22.3581049,65.2748315 -22.3538264,65.2764601 -22.3559021,65.276965 -22.3511674,65.278282 -22.3506131,65.2797306 -22.3549265,65.2810078 -22.3485641,65.2806644 -22.3465396,65.2828465 -22.3405818,65.2827889 -22.3395568,65.2854328 -22.3450047,65.2854561 -22.3447924,65.2861785 -22.3520404,65.2839121 -22.3508435,65.2879356 -22.3538336,65.2886626 -22.3607546,65.285821 -22.3626254,65.2859045 -22.3613424,65.2870258 -22.3672113,65.2870241 -22.3669006,65.2844874 -22.3686602,65.2870373 -22.3663557,65.2898703 -22.3434209,65.2936162 -22.3271385,65.2983896 -22.3266386,65.2952486 -22.3172402,65.2963622 -22.3072308,65.2998198 -22.2880439,65.3037643 -22.2785102,65.3043863 -22.25404,65.31113 -22.2530556,65.3124858 -22.2407035,65.3135757 -22.2274446,65.31034 -22.2194757,65.3149915 -22.2203654,65.3138328 -22.21073,65.315008 -22.1887378,65.3199418 -22.179237,65.320225 -22.1602834,65.3246194 -22.1574475,65.3241802 -22.1521798,65.3253731 -22.1534121,65.3280776 -22.1475338,65.3322304 -22.1436691,65.3312742 -22.1406233,65.3326483 -22.1309597,65.333725 -22.1330889,65.3356231 -22.125144,65.3380966 -22.1221659,65.3415484 -22.123516,65.3433591 -22.0823811,65.3591251 -22.0687894,65.3621292 -22.035552,65.3743371 -22.0259552,65.3745745 -22.0096791,65.3803253 -21.9812537,65.3816986 -21.9678649,65.3853893 -21.9554721,65.3944702 -21.949235,65.3955495 -21.9525642,65.4014291 -21.9426686,65.3977537 -21.9440413,65.3963532 -21.9372494,65.3931078 -21.9401412,65.3910768 -21.9345841,65.3860394 -21.9355474,65.390625 -21.9311099,65.3909971 -21.9278357,65.3896801 -21.9266901,65.3908691 -21.9216036,65.3893631 -21.9185106,65.3859729 -21.9189929,65.3892132 -21.9289846,65.3920521 -21.9339921,65.3948563 -21.9262074,65.395507 -21.9305298,65.3984149 -21.9357588,65.398555 -21.9378541,65.4028199 -21.9305609,65.4063258 -21.9182186,65.4062606 -21.9112998,65.4081637 -21.8999617,65.421429 -21.8973991,65.4216572 -21.8722056,65.4135323 -21.8608012,65.4130665 -21.8390687,65.4162883 -21.8146332,65.4174435 -21.7901978,65.4185987 -21.7737898,65.4211587 -21.7648917,65.421084 -21.7641829,65.421205 -21.7598311,65.4272873 -21.7452888,65.4277452 -21.7375959,65.4318194 -21.7280124,65.4341536 -21.7202659,65.4402673 -21.7091649,65.4441833 -21.6800842,65.4506578 -21.6806383,65.4529041 -21.6846035,65.4552824 -21.6874415,65.4564132 -21.696052,65.4582735 -21.6980509,65.4581769 -21.7094823,65.4562716 -21.7360141,65.4507279 -21.7383376,65.4500842 -21.7644821,65.440972 -21.7817742,65.4395788 -21.7924554,65.4419072 -21.8056563,65.4422817 -21.8092824,65.4444222 -21.8148854,65.444049 -21.8161716,65.4423807 -21.8140202,65.4461967 -21.8172351,65.4487863 -21.82063,65.4484112 -21.8392413,65.4516509 -21.8461791,65.449935 -21.8543531,65.4498159 -21.8583589,65.4522053 -21.876263,65.4551631 -21.8779309,65.4551073 -21.8960543,65.4529085 -21.9080147,65.4485661 -21.9061499,65.4481912 -21.9078351,65.446978 -21.9093558,65.4481425 -21.9116586,65.4476783 -21.9119138,65.4488695 -21.9146111,65.4484003 -21.9133259,65.4494063 -21.9176317,65.4484198 -21.9224209,65.4499899 -21.9271421,65.448211 -21.9318627,65.4490432 -21.9382019,65.445085 -21.9346796,65.4482878 -21.9359779,65.4490243 -21.9500998,65.4435225 -21.9576325,65.4387503 -21.9603215,65.4389086 -21.9529212,65.4430984 -21.9480906,65.4496611 -21.9288083,65.4573879 -21.9167944,65.460553 -21.9155976,65.4674689 -21.9178148,65.4700608 -21.9214292,65.4704916 -21.9264396,65.4683188 -21.9326313,65.4694195 -21.952636,65.4787285 -21.9506001,65.483121 -21.9632705,65.4869347 -21.9681715,65.4912817 -21.965294,65.492879 -21.966367,65.4945158 -21.9693683,65.4951984 -21.9726477,65.4929767 -21.9787043,65.4931585 -21.970685,65.4970185 -21.97254,65.4978539 -21.9828449,65.4967538 -21.9812226,65.4991294 -21.9754004,65.5012487 -21.9801234,65.5038768 -21.9884653,65.5045785 -22.0072263,65.5088332 -22.0251123,65.5083405 -22.0304141,65.5057756 -22.0209101,65.4974262 -22.0251547,65.494648 -22.0186859,65.4868779 -22.0247602,65.4815918 -22.0213437,65.4774718 -22.0350111,65.478442 -22.0397818,65.4779254 -22.0437326,65.4752527 -22.054731,65.4750288 -22.0557038,65.4780492 -22.0520399,65.480715 -22.0536185,65.486899 -22.047495,65.4896359 -22.0560982,65.5002912 -22.0643392,65.5038735 -22.0683988,65.5042423 -22.0675603,65.5056765 -22.0728709,65.5087788 -22.0741959,65.5233085 -22.0850708,65.5280027 -22.0987976,65.5296921 -22.1054488,65.5320272 -22.1147841,65.5311491 -22.1188478,65.5265375 -22.1160842,65.5222378 -22.1085356,65.5202113 -22.1079097,65.5127093 -22.1044815,65.5107557 -22.1092507,65.5029289 -22.1065359,65.4985495 -22.1202949,65.4932914 -22.1236219,65.4903444 -22.1198074,65.4845731 -22.1250889,65.4801399 -22.1311668,65.4781156 -22.138218,65.4785944 -22.1449865,65.4760253 -22.1509963,65.4658911 -22.1575793,65.4599123 -22.1617811,65.4584295 -22.1601154,65.4566197 -22.1642936,65.4573767 -22.1738846,65.4537268 -22.1756316,65.4498802 -22.1725783,65.4522341 -22.1688082,65.4526607 -22.166886,65.4510762 -22.1697139,65.4482164 -22.1672853,65.4471982 -22.1679282,65.44519 -22.1705132,65.4425364 -22.1732553,65.4449517 -22.1754854,65.444391 -22.1865847,65.4342539 -22.1870254,65.4382851 -22.1915253,65.4399024 -22.1948847,65.4364421 -22.1980962,65.4358515 -22.1986098,65.4332752 -22.2028646,65.4320172 -22.2117295,65.4322327 -22.2082613,65.4345099 -22.2124046,65.4351933 -22.2188179,65.432586 -22.2230433,65.4340872 -22.2256695,65.4327646 -22.2271554,65.4339747 -22.2310982,65.4316277 -22.2363336,65.4319732 -22.2343354,65.43352 -22.237632,65.4348876 -22.2378411,65.4367805 -22.2338628,65.4413722 -22.2378323,65.4418643 -22.2492464,65.4378299 -22.2500052,65.4388612 -22.2529035,65.4375376 -22.2584562,65.4376276 -22.2608345,65.4385602 -22.2598448,65.4410241 -22.2536669,65.4449326 -22.2606989,65.4450716 -22.2631742,65.4464306 -22.2670969,65.4430252 -22.2695209,65.4434773 -22.2753648,65.4412186 -22.2761775,65.439334 -22.2768325,65.4418598 -22.2798634,65.4417413 -22.2809989,65.4427407 -22.2801791,65.4445422 -22.2774493,65.4447972 -22.2749496,65.4513541 -22.2839428,65.4508355 -22.2841966,65.4483997 -22.2872934,65.4503283 -22.2897058,65.4494247 -22.2852637,65.4472131 -22.2910066,65.4474152 -22.2913963,65.4499547 -22.2862664,65.4524993 -22.2932794,65.452032 -22.296581,65.4584486 -22.3038485,65.459367 -22.3033555,65.4608752 -22.3073487,65.4617277 -22.309985,65.4595479 -22.3146986,65.4598886 -22.3092974,65.4636987 -22.3176953,65.4670515 -22.32107,65.4667646 -22.3189222,65.4680578 -22.3261421,65.4683492 -22.3277128,65.4665298 -22.3290126,65.4680145 -22.337534,65.4681913 -22.3403136,65.4701056 -22.34914,65.4719338 -22.3587682,65.4716104 -22.365573,65.4730213 -22.3699071,65.4721856 -22.3811595,65.4756289 -22.3787336,65.4783763 -22.3809813,65.478776 -22.3866231,65.4772733 -22.3864548,65.4790337 -22.3816926,65.4801126 -22.3814055,65.4812152 -22.3862582,65.4802585 -22.3901308,65.4819593 -22.3825731,65.4825315 -22.3785805,65.4807562 -22.3758639,65.4835138 -22.3786423,65.4835562 -22.380428,65.486274 -22.3899508,65.4840002 -22.3905611,65.4878165 -22.3871285,65.4866298 -22.3851783,65.4881471 -22.3914177,65.4891051 -22.3865991,65.4903429 -22.3838305,65.4927455 -22.3788923,65.4914882 -22.3785309,65.497613 -22.3642514,65.5038785 -22.3400293,65.5083846 -22.3158072,65.5128908 -22.2890933,65.5136203 -22.2588537,65.5167049 -22.2286142,65.5197895 -22.2107533,65.5263876 -22.202051,65.5276428 -22.1911731,65.5317628 -22.1816313,65.5366046 -22.1816196,65.5383825 -22.1702123,65.5447125 -22.1609337,65.5527055 -22.1535707,65.5541366 -22.1512618,65.5565317 -22.1441473,65.5572298 -22.1438258,65.5574712 -22.1420823,65.5612214 -22.1448487,65.5630249 -22.1487334,65.5624055 -22.1516542,65.5647355 -22.1390043,65.5785483 -22.1341749,65.5827026 -22.1236594,65.5843019 -22.1138449,65.5898125 -22.0875607,65.599933 -22.0864311,65.6013728 -22.0919973,65.6034529 -22.0938153,65.6037747 -22.0991393,65.6036674 -22.1088889,65.6014504 -22.1363937,65.5895628 -22.1462367,65.5893445 -22.1508147,65.587805 -22.1575253,65.5831754 -22.163106,65.5757219 -22.1730705,65.5711977 -22.1774578,65.5661396 -22.1771914,65.5628339 -22.1868659,65.5554456 -22.1948409,65.5523589 -22.1977715,65.5452493 -22.2066526,65.5430543 -22.2111897,65.5379618 -22.2216215,65.5353882 -22.2315598,65.5306391 -22.2395753,65.5312169 -22.2459226,65.5290484 -22.2603981,65.5285327 -22.2826982,65.5245959 -22.2992719,65.5244886 -22.3085068,65.5223714 -22.3112479,65.522437 -22.3108288,65.5236061 -22.3162338,65.5256553 -22.3142312,65.5286982 -22.3205616,65.5248404 -22.321563,65.5258569 -22.3276764,65.5253505 -22.3295712,65.5277005 -22.3268932,65.5289379 -22.3378919,65.5285321 -22.3399314,65.5349694 -22.3379912,65.5360556 -22.2965666,65.5467277 -22.2895511,65.5495228 -22.2907888,65.5509607 -22.2792656,65.5607404 -22.2818213,65.5659359 -22.2841446,65.5660294 -22.2828085,65.5676733 -22.2859534,65.5693423 -22.2838871,65.5719405 -22.2884099,65.5750225 -22.2944005,65.5724626 -22.2924464,65.5714912 -22.2972738,65.5707552 -22.3022282,65.5609201 -22.3090945,65.5600954 -22.3194429,65.5560911 -22.3274713,65.5549783 -22.3336957,65.5510761 -22.3442515,65.5473824 -22.3458112,65.5453094 -22.3569618,65.5406039 -22.3594596,65.5354714 -22.368453,65.5285872 -22.3716086,65.5289264 -22.3725197,65.528048 -22.3742445,65.5304694 -22.3827596,65.5317184 -22.381754,65.5368659 -22.385282,65.5382473 -22.3850628,65.5451778 -22.3887434,65.5482531 -22.3940333,65.54904 -22.3935338,65.5514978 -22.4035826,65.5527596 -22.4057676,65.5549812 -22.4099357,65.5560501 -22.418097,65.5552144 -22.420875,65.554251 -22.4204984,65.5535423 -22.4171531,65.5510597 -22.4130381,65.549962 -22.4070756,65.5433018 -22.4087222,65.5388159 -22.4059387,65.5370699 -22.4091347,65.5344402 -22.3983049,65.5288861 -22.4013613,65.5227383 -22.4103223,65.5180618 -22.4129024,65.5178503 -22.4086636,65.5191884 -22.4113122,65.5200295 -22.4176793,65.5194027 -22.4250475,65.5155863 -22.443926,65.509441 -22.4458823,65.5060542 -22.4477897,65.5070947 -22.4554054,65.50565 -22.4707839,65.5048451 -22.4824793,65.5118262 -22.4804279,65.5138654 -22.4833416,65.5167615 -22.4917798,65.5167313 -22.4918668,65.5171207 -22.4891009,65.5170652 -22.4839458,65.5197345 -22.485041,65.5219185 -22.481407,65.524125 -22.4859246,65.5258425 -22.4864908,65.5307025 -22.4794772,65.5328559 -22.4792047,65.5352954 -22.4814813,65.5346233 -22.4841167,65.536086 -22.4821501,65.5383441 -22.4858549,65.539632 -22.4816302,65.5395693 -22.4789944,65.5411623 -22.4811908,65.5424222 -22.4761066,65.5475723 -22.4777704,65.5536009 -22.4753103,65.5548586 -22.477298,65.5563633 -22.47537,65.5587626 -22.4900329,65.5702327 -22.4880298,65.5728906 -22.4985287,65.5871829 -22.4985573,65.5914996 -22.5,65.5923548 -22.5062677,65.5940144 -22.5080549,65.5959249 -22.515231,65.5967342 -22.5123709,65.5983322 -22.5140738,65.6040103 -22.5068913,65.609567 -22.509226,65.613292 -22.5224364,65.6195468 -22.5289274,65.6252983 -22.5318382,65.6319032 -22.5365794,65.634891 -22.533856,65.6360331 -22.5373735,65.6381733 -22.537607,65.6419541 -22.5396028,65.6439484 -22.543631,65.6447982 -22.5480891,65.6421866 -22.5461922,65.6383361 -22.5507553,65.6297492 -22.5473262,65.6267542 -22.5516192,65.6245939 -22.5394086,65.6123317 -22.5424362,65.5986944 -22.5410376,65.5944126 -22.5397429,65.5925468 -22.5308656,65.5827636 -22.532002,65.5796885 -22.5249902,65.575466 -22.5259515,65.5746406 -22.5315655,65.5749183 -22.5321252,65.5744698 -22.5322453,65.5738021 -22.5314558,65.5707541 -22.5286458,65.5701668 -22.5307915,65.5690604 -22.5283409,65.5664063 -22.531473,65.5664063 -22.530457,65.5639474 -22.5266448,65.5618906 -22.5326993,65.5603259 -22.5295495,65.5588967 -22.5353485,65.5542573 -22.5314763,65.5540581 -22.5360646,65.5516026 -22.5342532,65.548595 -22.5428191,65.546041 -22.5410753,65.5453531 -22.5535043,65.5379434 -22.5529885,65.5364685 -22.5657694,65.5331289 -22.5662237,65.5329099 -22.5656878,65.5324221 -22.5610158,65.5331672 -22.5609061,65.5328124 -22.5620378,65.5321245 -22.5666254,65.5306104 -22.5699847,65.5307081 -22.5685356,65.5322664 -22.5724617,65.5326862 -22.5686796,65.533744 -22.5782735,65.5336602 -22.5751889,65.5360414 -22.5806652,65.5347466 -22.5878932,65.5346729 -22.593767,65.5364598 -22.594471,65.5374691 -22.5827146,65.5360825 -22.5812057,65.5378133 -22.5841416,65.5398716 -22.5867583,65.5394923 -22.5858799,65.5434331 -22.5899494,65.5450299 -22.5879672,65.5458467 -22.5920383,65.549889 -22.5909961,65.5556695 -22.5879142,65.558322 -22.5882995,65.5628656 -22.5850228,65.5664063 -22.5866801,65.5810143 -22.5979964,65.6015495 -22.6087553,65.6098136 -22.6086401,65.6142578 -22.6112,65.6162744 -22.609735,65.6210186 -22.6156775,65.6242783 -22.6177551,65.6244506 -22.6189901,65.6241354 -22.6240754,65.6161952 -22.6242321,65.6126153 -22.6109056,65.5951529 -22.6118404,65.5905941 -22.6088498,65.5860904 -22.6076126,65.5771985 -22.607724,65.576176 -22.6087865,65.5722148 -22.6112235,65.5713913 -22.6093704,65.5694546 -22.6146548,65.5674413 -22.6146684,65.5630156 -22.6149003,65.562819 -22.6215178,65.5600353 -22.6214486,65.5535007 -22.6235102,65.5536425 -22.6261346,65.5515679 -22.6246643,65.5475301 -22.6268882,65.5444701 -22.623349,65.542168 -22.6251757,65.5399545 -22.6222543,65.5389723 -22.6228929,65.5365175 -22.6159719,65.5337074 -22.6232845,65.5326803 -22.619277,65.5290678 -22.6193494,65.5287479 -22.6219118,65.5255284 -22.6239105,65.5261757 -22.6240288,65.5242738 -22.624281,65.5241334 -22.6302162,65.5234202 -22.6304433,65.5218952 -22.6354861,65.521578 -22.6357123,65.5225917 -22.642998,65.5207264 -22.6455656,65.521331 -22.6449919,65.5226825 -22.6545331,65.5216593 -22.6494392,65.523204 -22.6524667,65.524335 -22.6632621,65.5214132 -22.6651701,65.5213671 -22.6685184,65.52241 -22.6691569,65.5237374 -22.6685541,65.5241103 -22.6596435,65.5246391 -22.6591547,65.525532 -22.6660503,65.5268331 -22.6690341,65.5262769 -22.6674849,65.5283201 -22.672362,65.5291488 -22.674329,65.5331342 -22.679746,65.5330083 -22.6789716,65.5402499 -22.6845912,65.5443618 -22.6840521,65.5489507 -22.6877578,65.5519871 -22.6912,65.552205 -22.6891198,65.5543886 -22.6981314,65.5552328 -22.6977119,65.5629323 -22.7012016,65.5666208 -22.699879,65.5728743 -22.7006069,65.5743222 -22.7039568,65.5746293 -22.7018814,65.5760697 -22.7049294,65.5803488 -22.7032413,65.5817415 -22.7110342,65.5885603 -22.7110327,65.5888965 -22.706701,65.595363 -22.6802872,65.6107113 -22.6718127,65.6197696 -22.6662893,65.6223387 -22.6627047,65.6306161 -22.6652765,65.6305388 -22.6627697,65.6328297 -22.6664234,65.6339051 -22.6620122,65.6364591 -22.6645567,65.6369656 -22.6600027,65.6404552 -22.6651275,65.6378411 -22.6690435,65.6381869 -22.6719794,65.6365716 -22.6806194,65.6281211 -22.6871094,65.6235009 -22.6925123,65.6218271 -22.6930311,65.6202404 -22.7197551,65.6138936 -22.7249224,65.6156071 -22.724371,65.6178861 -22.7290041,65.6212825 -22.7334315,65.6224335 -22.731145,65.6228626 -22.7330925,65.6251941 -22.7350308,65.6242058 -22.7357689,65.6257359 -22.7540342,65.6278073 -22.7576805,65.6336162 -22.7624949,65.6323174 -22.7692389,65.6337306 -22.7692502,65.6308436 -22.773566,65.6284189 -22.7680556,65.6279035 -22.7698365,65.6228371 -22.7646068,65.6173254 -22.7663773,65.6128076 -22.7618635,65.6131223 -22.7615259,65.6102765 -22.7657411,65.6084133 -22.7592417,65.6048357 -22.7442003,65.5822315 -22.7323107,65.5714377 -22.7368394,65.5615129 -22.7375392,65.5533441 -22.7280864,65.5433555 -22.7236289,65.523833 -22.7165563,65.5185468 -22.7179914,65.516376 -22.712447,65.5119817 -22.7127968,65.5076169 -22.7063665,65.5017263 -22.7105379,65.4993654 -22.7226155,65.4964164 -22.7165534,65.4995373 -22.7180203,65.502232 -22.7289172,65.5050802 -22.7333029,65.5049641 -22.7344607,65.5035419 -22.7388437,65.5028681 -22.7401503,65.5068951 -22.7454464,65.5081865 -22.759304,65.5056201 -22.755635,65.5072999 -22.7573304,65.5086663 -22.7628757,65.5074801 -22.7599241,65.5067626 -22.76195,65.5052928 -22.7722064,65.5032347 -22.7732077,65.5041285 -22.7664877,65.5055116 -22.7747656,65.5073493 -22.7855488,65.5047804 -22.7805167,65.5094239 -22.774844,65.5102764 -22.7708811,65.5077862 -22.7624959,65.5104905 -22.7621721,65.5138648 -22.7562518,65.515071 -22.7546461,65.5166211 -22.7587541,65.5194426 -22.7636296,65.5193295 -22.7627447,65.5211312 -22.7685952,65.5214024 -22.7657155,65.5233696 -22.7791622,65.521928 -22.7745028,65.5244092 -22.7729266,65.5234706 -22.7694629,65.5243723 -22.7676135,65.526822 -22.7773387,65.5256351 -22.7792757,65.5243134 -22.7844108,65.5242651 -22.78139,65.5228186 -22.7819833,65.5212337 -22.7849323,65.5210367 -22.786184,65.5221261 -22.7875491,65.5214804 -22.7892544,65.5245633 -22.7847005,65.5253127 -22.7894397,65.5255419 -22.7816375,65.5299211 -22.7851758,65.5313551 -22.7904433,65.5297993 -22.7969664,65.5304598 -22.7964739,65.5313115 -22.805598,65.5304502 -22.800721,65.5314918 -22.8050992,65.5328583 -22.8050793,65.5318542 -22.8137667,65.5316184 -22.8216372,65.5274597 -22.8335299,65.5264469 -22.8350013,65.5286211 -22.8322678,65.530335 -22.8271559,65.5307277 -22.8279653,65.531679 -22.8248436,65.5317239 -22.8222579,65.5363219 -22.8272238,65.5344338 -22.8343663,65.5350937 -22.8419282,65.5342712 -22.8315023,65.533012 -22.8474498,65.5304818 -22.8667918,65.5299191 -22.871594,65.5318502 -22.8686999,65.5330992 -22.857035,65.5321949 -22.853846,65.5348383 -22.8549436,65.535883 -22.8641062,65.5359015 -22.8698698,65.5340716 -22.8700755,65.5418096 -22.872738,65.5422744 -22.8669904,65.5439276 -22.8706046,65.5436223 -22.8706198,65.5453784 -22.8621413,65.5482101 -22.8530446,65.5489622 -22.8499109,65.5513 -22.8498796,65.5550956 -22.8391691,65.5599192 -22.837864,65.5660717 -22.8301551,65.5673552 -22.8089143,65.5788534 -22.7876735,65.5903517 -22.7771618,65.5946962 -22.7742252,65.5969343 -22.7803388,65.5974185 -22.7746629,65.5989639 -22.7706434,65.601505 -22.7710431,65.6021394 -22.7733485,65.6025857 -22.7837334,65.6010549 -22.779513,65.6043602 -22.787169,65.6041843 -22.7909617,65.6068043 -22.7974176,65.6073495 -22.8074055,65.6055788 -22.8102793,65.6078604 -22.8057159,65.6106305 -22.8150688,65.6101274 -22.8161916,65.6109086 -22.8114522,65.6117991 -22.8157079,65.6125493 -22.8229306,65.61071 -22.8171949,65.6106054 -22.8212746,65.6094967 -22.8261468,65.6100426 -22.8240573,65.6116954 -22.8302115,65.6105242 -22.831409,65.6135618 -22.829514,65.6150666 -22.8326306,65.6151696 -22.8308893,65.6178133 -22.8346834,65.6196039 -22.8359197,65.6257786 -22.8383102,65.627387 -22.8413523,65.6273558 -22.8439058,65.6302495 -22.8501294,65.6300021 -22.8504651,65.6270617 -22.8470259,65.6236556 -22.848618,65.6198282 -22.8442751,65.6103222 -22.8459663,65.6100888 -22.8422403,65.607403 -22.8388495,65.5998425 -22.8413987,65.5989385 -22.8389209,65.5988582 -22.8403753,65.595854 -22.8380589,65.5939955 -22.8534384,65.5893877 -22.856445,65.5840575 -22.8659844,65.5817143 -22.8682606,65.5792658 -22.8839144,65.5726161 -22.8839797,65.5710979 -22.890451,65.5696725 -22.8920695,65.5674202 -22.8974478,65.5668247 -22.9035462,65.5634772 -22.9230458,65.5600681 -22.9127671,65.5660614 -22.9131664,65.5721009 -22.9169776,65.57291 -22.9109869,65.5753217 -22.9129401,65.5764591 -22.9096839,65.5780222 -22.9125143,65.580444 -22.9164612,65.5810393 -22.9130338,65.5837688 -22.9169658,65.5838292 -22.9151762,65.5872148 -22.917888,65.5916671 -22.9266107,65.5959095 -22.9258654,65.5976567 -22.930445,65.5978881 -22.9285564,65.5999866 -22.9330223,65.6023073 -22.9314119,65.6041923 -22.9358417,65.6052469 -22.9364138,65.6062076 -22.934116,65.6083955 -22.9342144,65.6115118 -22.9348727,65.6133188 -22.9382042,65.6174004 -22.9410781,65.6168004 -22.9422092,65.6162395 -22.9445536,65.6109217 -22.9554754,65.5989468 -22.9549564,65.5955672 -22.951192,65.5947089 -22.9617062,65.5883251 -22.9609274,65.5867159 -22.9530092,65.5844092 -22.9609137,65.5816197 -22.9623402,65.578562 -22.9594871,65.5687451 -22.9695333,65.5645902 -22.9681721,65.563026 -22.9700379,65.5620204 -22.9676346,65.5611703 -22.9759829,65.557375 -22.9737724,65.5544271 -22.9799114,65.5540009 -22.9781286,65.5535873 -22.9869645,65.5479848 -22.9995366,65.5418891 -23.0084625,65.5424594 -23.0220468,65.5396976 -23.0441478,65.5377207 -23.0560445,65.5403887 -23.0554298,65.5394076 -23.0613518,65.5382934 -23.064485,65.5391577 -23.0582216,65.5399475 -23.0578794,65.54254 -23.0633093,65.5416436 -23.0598229,65.5431807 -23.0615314,65.5448219 -23.0671546,65.5458375 -23.0668051,65.5476378 -23.0738188,65.5473239 -23.0740112,65.5486295 -23.0856417,65.5484074 -23.084546,65.5469757 -23.0883547,65.546104 -23.097736,65.5477166 -23.1056077,65.547609 -23.1149762,65.549594 -23.1224629,65.5481971 -23.124698,65.5490577 -23.144573,65.5480163 -23.1396687,65.5493022 -23.1389,65.5540276 -23.143638,65.5605485 -23.1428965,65.562718 -23.1501111,65.5638216 -23.146419,65.5655586 -23.148334,65.5671039 -23.1421005,65.5713522 -23.1455998,65.5731654 -23.1425018,65.574544 -23.1438437,65.5757868 -23.1295543,65.5814168 -23.1328492,65.5816566 -23.1304005,65.5834577 -23.1307005,65.583847 -23.1331202,65.5853211 -23.1374012,65.5854821 -23.1362336,65.5881106 -23.1380498,65.5881643 -23.1394768,65.5876815 -23.1558729,65.5783045 -23.1712791,65.5750697 -23.1706955,65.5729938 -23.1757143,65.5713038 -23.1776984,65.5671519 -23.1755975,65.5627584 -23.1887434,65.5576944 -23.1969095,65.5498623 -23.1985948,65.5476629 -23.1941906,65.5431461 -23.1962729,65.5391979 -23.1937879,65.5374813 -23.1950305,65.5346488 -23.1911854,65.5304861 -23.1931666,65.5282974 -23.182066,65.5222034 -23.1804487,65.520748 -23.1772091,65.5165567 -23.1772431,65.5162978 -23.1781237,65.5119359 -23.1813591,65.5081809 -23.1942923,65.4985785 -23.2056715,65.4937505 -23.2086458,65.4899418 -23.2097061,65.4894866 -23.2126977,65.4896297 -23.2181761,65.4873546 -23.2279398,65.4852234 -23.2347924,65.4841486 -23.2393128,65.4838892 -23.2485164,65.484165 -23.2523806,65.4858483 -23.2603605,65.4870926 -23.2692914,65.487957 -23.2769213,65.488547 -23.3052427,65.4900491 -23.3169054,65.4890727 -23.3578737,65.4927849 -23.3717105,65.4960036 -23.3699082,65.502827 -23.3744096,65.5048871 -23.382636,65.5055308 -23.3823255,65.5072689 -23.3772033,65.5088139 -23.3894655,65.5144786 -23.3931961,65.519371 -23.4062392,65.5201435 -23.4088789,65.5196285 -23.409178,65.5153155 -23.4125926,65.5123543 -23.4281144,65.5073977 -23.424234,65.5060458 -23.4118167,65.5060458 -23.3930355,65.5007672 -23.3817046,65.5001235 -23.3784451,65.498836 -23.3788577,65.4971837 -23.3883928,65.4952841 -23.4127084,65.4960063 -23.432265,65.4945145 -23.4439929,65.4912648 -23.45948,65.4833492 -23.4938089,65.4814357 -23.5189914,65.4760127 -23.5374535,65.473437 -23.5608336,65.4738306 -23.5711805,65.4714313 -23.5791223,65.4673923 -23.6125637,65.4689592 -23.6213169,65.46875 -23.6384817,65.4662486 -23.6441406,65.4643267 -23.6395549,65.4638975 -23.6458845,65.4616177 -23.6489131,65.4546666 -23.6610972,65.4514751 -23.6668345,65.4512618 -23.6788663,65.4476798 -23.6839587,65.4434055 -23.6829261,65.440616 -23.6866041,65.436244 -23.6842167,65.4335886 -23.6899313,65.4286059 -23.7028003,65.4237955 -23.7038201,65.4185146 -23.7051742,65.4172271 -23.7067863,65.4168783 -23.7096236,65.4167711 -23.7108489,65.4170125 -23.7103754,65.4183208 -23.7163918,65.4190624 -23.7237424,65.417549 -23.7255476,65.4147058 -23.7278037,65.4144108 -23.7345079,65.4169052 -23.7534581,65.4154568 -23.776792,65.4148399 -23.7830443,65.4155641 -23.7940021,65.4137135 -23.8100512,65.4135793 -23.8343176,65.4109776 -23.858584,65.4083759 -23.8656738,65.4091268 -23.8762476,65.4082685 -23.8783416,65.4083061 -23.8887537,65.4107093 -23.9015176,65.4113799 -23.9116423,65.4132038 -23.9200237,65.413177 -23.9233547,65.4143142 -23.9258325,65.4144859 -23.9379508,65.4137135 -23.9433835,65.4154299 -23.9537494,65.4142498 -23.9553595,65.4167175 -23.9647115,65.4194533 -23.9667221,65.4229403 -23.9581577,65.4316635 -23.9553413,65.4370905 -23.9555588,65.4373822 -23.9614331,65.441823 -23.9828885,65.4501914 -23.9845345,65.4510498 -23.9874289,65.4540538 -23.9844387,65.4560924 -23.9793658,65.4565429 -23.9766781,65.4560279 -23.9754376,65.4518222 -23.9700623,65.4511356 -23.9620903,65.4523909 -23.9508514,65.4486358 -23.9427717,65.457058 -23.9483538,65.4568862 -23.9475269,65.4616928 -23.9514551,65.4601479 -23.9568305,65.4636669 -23.9530476,65.4652655 -23.943359,65.4644609 -23.9429785,65.4658985 -23.9469761,65.4676259 -23.9466999,65.4705333 -23.9480096,65.4708445 -23.9607986,65.4706835 -23.9667408,65.4732049 -23.9862447,65.4747819 -24.0044618,65.4786229 -24.0095,65.4778718 -24.0186718,65.469557 -24.0177675,65.4677331 -24.0001978,65.4607058 -23.996581,65.4598475 -23.9899098,65.4607486 -23.9876356,65.4596328 -23.9952852,65.4580879 -24.0033484,65.4581738 -24.029448,65.4647653 -24.0576122,65.4732255 -24.0857763,65.4816858 -24.0912472,65.4830781 -24.1212314,65.4898403 -24.1512157,65.4966024 -24.1769257,65.500737 -24.1931251,65.5009925 -24.1961007,65.5012071 -24.2127641,65.5038636 -24.2386343,65.5054867 -24.2483727,65.5055135 -24.2534052,65.5045696 -24.2566752,65.5005105 -24.2595034,65.4994904 -24.2621864,65.4990711 -24.2806745,65.4979223 -24.2942669,65.4995726 -24.3123543,65.4984434 -24.3205894,65.499667 -24.3297617,65.4988636 -24.3390033,65.4964879 -24.3421643,65.4981164 -24.3552383,65.4986 -24.3813615,65.4978826 -24.4074847,65.4971652 -24.4343209,65.4924201 -24.4365661,65.4921197 -24.4586045,65.4896736 -24.4650419,65.4895498 -24.4811658,65.4895653 -24.4950085,65.4917336 -24.5273957,65.5003595 -24.5320525,65.5020761 -24.533915,65.5043077 -24.5335011,65.5048656 -24.5321282,65.5060017 -24.5250791,65.5081272 -24.515291,65.508661 -24.5130457,65.5093927 -24.5090103,65.5130194 -24.4959286,65.5156993 -24.4887697,65.5158716 -24.4881552,65.5188076 -24.4763864,65.5229793 -24.4699951,65.5274708 -24.4657603,65.5265549 -24.4636254,65.5271654 -24.4593893,65.5309435 -24.4624869,65.5316714 -24.4639611,65.5345513 -24.4559391,65.5426204 -24.4504977,65.5441225 -24.4328111,65.5443168 -24.4200186,65.546036 -24.4017587,65.5456967 -24.3740768,65.552479 -24.3675174,65.5556331 -24.3624314,65.5605443 -24.3591177,65.5691742 -24.3600256,65.5711054 -24.3667852,65.5740559 -24.3692511,65.5779182 -24.3701596,65.5867695 -24.3662661,65.5915976 -24.3726255,65.5981421 -24.3635517,65.6016825 -24.3522422,65.6108295 -24.3402143,65.6137537 -24.3378881,65.6162213 -24.3338032,65.6163636 -24.3245913,65.62137 -24.3193833,65.6270562 -24.3262748,65.635854 -24.3256247,65.639609 -24.3215938,65.6427203 -24.3156229,65.6444156 -24.3021178,65.6432247 -24.2612687,65.6324101 -24.2287844,65.6279039 -24.2096757,65.622991 -24.2053971,65.6200056 -24.1980897,65.6177757 -24.1880249,65.6171705 -24.1575744,65.6108356 -24.1485885,65.6082063 -24.1415151,65.6030533 -24.1330724,65.6015115 -24.1235774,65.5963913 -24.1203185,65.5921746 -24.1209882,65.5870987 -24.1022342,65.5842338 -24.0906152,65.5849349 -24.0846961,65.5841624 -24.0780616,65.5803956 -24.0628796,65.5769078 -24.0576121,65.5724984 -24.0502797,65.571093 -24.0297067,65.5634815 -24.0110303,65.5610173 -23.9902893,65.5615104 -23.9699038,65.5598938 -23.9430779,65.5596954 -23.9351826,65.5556942 -23.9352051,65.5542361 -23.9448479,65.5504953 -23.9441479,65.5481457 -23.9368798,65.5430444 -23.9244196,65.5384207 -23.9161617,65.5320677 -23.8808419,65.5204102 -23.8432066,65.5154228 -23.8378609,65.5164419 -23.833509,65.5194997 -23.8349698,65.5215747 -23.8141596,65.528174 -23.7955875,65.5308508 -23.7762163,65.5316796 -23.7685651,65.5343719 -23.7944427,65.5386508 -23.8120573,65.5367194 -23.8265185,65.5335973 -23.838869,65.5358076 -23.842366,65.5378997 -23.850008,65.5374705 -23.8615601,65.5396699 -23.8724471,65.5395627 -23.8854078,65.5459462 -23.8902034,65.552169 -23.90625,65.5602678 -23.9398777,65.5734121 -23.9516851,65.5801713 -23.9590449,65.5807859 -23.9638314,65.5828921 -23.9797778,65.5946394 -23.993223,65.5976593 -23.9968582,65.5974447 -23.9998443,65.595299 -24.003867,65.5958983 -24.0028303,65.5997514 -24.0074025,65.6003395 -24.0096155,65.6023068 -24.0195609,65.6052018 -24.0460958,65.6244468 -24.0773259,65.6406819 -24.086302,65.6511962 -24.0856518,65.6524837 -24.0783668,65.6533957 -24.0661381,65.6532347 -24.046506,65.6492651 -24.0307637,65.6478167 -24.0143706,65.647763 -23.9874254,65.6453968 -23.9821125,65.6461282 -23.956457,65.6441148 -23.9308015,65.6421014 -23.9298202,65.6382591 -23.8951697,65.6272612 -23.8687649,65.6234081 -23.8605798,65.6194181 -23.8198355,65.614935 -23.8144441,65.6082422 -23.7996823,65.6015226 -23.783426,65.5962843 -23.780484,65.5967582 -23.7800133,65.594509 -23.7754744,65.5960625 -23.7761114,65.6010875 -23.7996069,65.6127288 -23.809132,65.6228698 -23.8163435,65.6255544 -23.8445457,65.6282901 -23.8486074,65.6252118 -23.8477964,65.6210482 -23.8544323,65.6306883 -23.8628424,65.6372288 -23.9042249,65.6526594 -23.9118975,65.6575367 -23.9404728,65.6618537 -23.9567754,65.6686012 -23.975071,65.6710445 -23.982833,65.6710478 -23.9880213,65.6728295 -24.008289,65.6750246 -24.0222251,65.6811833 -24.0365267,65.6851646 -24.0608075,65.6984031 -24.0822031,65.7237231 -24.0934306,65.7308042 -24.0990444,65.7427132 -24.110683,65.7562851 -24.1125134,65.7682478 -24.1231025,65.7792448 -24.1236255,65.7827854 -24.1142209,65.794909 -24.0949769,65.8102512 -24.082931,65.8105195 -24.0511937,65.8025659 -24.0452092,65.8034126 -24.0380316,65.8013161 -24.0325915,65.8026094 -24.0276196,65.8003997 -24.0227301,65.8004853 -24.0105819,65.7974153 -24.0061672,65.7939302 -23.9935696,65.7948062 -23.9942986,65.792513 -23.976404,65.7876111 -23.9573075,65.7876588 -23.9490443,65.78324 -23.9476149,65.780602 -23.9424967,65.7797813 -23.9319305,65.7742881 -23.9148695,65.7689666 -23.9092115,65.7637099 -23.8897541,65.7618427 -23.8843125,65.7633018 -23.8734111,65.7638957 -23.8683478,65.7610135 -23.8626492,65.7616467 -23.8278391,65.7475948 -23.8148199,65.7398914 -23.8000425,65.7387136 -23.7922531,65.7396265 -23.7880355,65.7390232 -23.7736588,65.7340059 -23.7547199,65.7298239 -23.7426068,65.7248237 -23.7216957,65.7241803 -23.6859149,65.7133755 -23.6723808,65.7131315 -23.6709455,65.7127503 -23.6750828,65.7118253 -23.6664056,65.7120242 -23.6487324,65.708971 -23.6346457,65.7051542 -23.6283802,65.7052892 -23.6010206,65.6977576 -23.5953599,65.6907232 -23.5953174,65.6867045 -23.6055511,65.6826535 -23.6093434,65.6767578 -23.6029087,65.6752636 -23.5825608,65.6824462 -23.5731961,65.6840372 -23.5684595,65.6818581 -23.5690771,65.6771404 -23.5614531,65.6706417 -23.5630246,65.6689358 -23.5573159,65.6645302 -23.5534664,65.6641074 -23.5464323,65.6536672 -23.5397531,65.6484891 -23.5387275,65.6451129 -23.540715,65.6432194 -23.5493376,65.6374311 -23.5633332,65.6313483 -23.5653088,65.6290117 -23.5649935,65.6244668 -23.5581949,65.6219387 -23.5642987,65.6093243 -23.5592386,65.6072657 -23.5469142,65.6049742 -23.5409448,65.6049442 -23.5377233,65.6074333 -23.5286393,65.6081148 -23.520202,65.6206752 -23.5026108,65.6325607 -23.4966158,65.6401412 -23.4941431,65.6396198 -23.493831,65.635457 -23.4882345,65.632089 -23.4746923,65.6267881 -23.4687635,65.6264448 -23.4654685,65.6280419 -23.4651309,65.6322759 -23.4721956,65.6442523 -23.4678367,65.645027 -23.4371552,65.6337903 -23.4192365,65.6247231 -23.4044915,65.6217873 -23.3914833,65.6223679 -23.3834054,65.6261477 -23.3774209,65.6273592 -23.3744487,65.6324995 -23.3735325,65.6303653 -23.3686112,65.6298609 -23.3727827,65.6327661 -23.3789572,65.6333992 -23.3848439,65.6362406 -23.3891633,65.6367621 -23.3895894,65.6387327 -23.4024436,65.6452018 -23.4125448,65.6533452 -23.4100012,65.6555477 -23.387205,65.6583309 -23.3707916,65.6577193 -23.3581353,65.6593856 -23.3502815,65.6614767 -23.3450111,65.6648896 -23.3341767,65.6670942 -23.3025727,65.6672637 -23.2839391,65.6737661 -23.2584997,65.6779432 -23.2590204,65.6794881 -23.2688097,65.6804752 -23.2706842,65.6804752 -23.2913811,65.6795102 -23.3074116,65.6762125 -23.3284823,65.6779432 -23.3557693,65.6760308 -23.3814712,65.6713526 -23.3872948,65.6728445 -23.4176142,65.6760912 -23.4479336,65.6793379 -23.4525361,65.6824673 -23.4605536,65.6847678 -23.4723068,65.686451 -23.4808278,65.6864595 -23.4848499,65.688874 -23.4837521,65.6918048 -23.503877,65.6987571 -23.5150903,65.7047487 -23.5314136,65.7203608 -23.5219353,65.7230226 -23.498511,65.7240828 -23.4932839,65.7266423 -23.4847153,65.7281193 -23.4741898,65.7277561 -23.4489377,65.7292612 -23.4270462,65.7274075 -23.4167594,65.7290239 -23.4161324,65.7281314 -23.4106101,65.7279005 -23.3937762,65.7315412 -23.3840241,65.7296991 -23.3710771,65.7305574 -23.3534215,65.7335695 -23.3327256,65.7406486 -23.3120642,65.7412134 -23.2923959,65.7400554 -23.2650166,65.7411524 -23.2398975,65.7382768 -23.2147785,65.7354012 -23.2108285,65.7481098 -23.2258648,65.7505295 -23.2375797,65.7562115 -23.2223541,65.7630097 -23.1930646,65.7672468 -23.1740097,65.7724891 -23.1713811,65.7760721 -23.1786215,65.778354 -23.1848683,65.7826204 -23.1941065,65.7851028 -23.2002339,65.7853683 -23.2177169,65.781808 -23.2269667,65.7814867 -23.2539262,65.7732378 -23.2697603,65.7669353 -23.2846868,65.7635335 -23.3248136,65.7649338 -23.3295649,65.763535 -23.3431708,65.7639236 -23.3533229,65.7627795 -23.367816,65.7594703 -23.3928384,65.7573289 -23.409821,65.7570379 -23.4172295,65.7584291 -23.4362561,65.7594553 -23.4630408,65.7576009 -23.485638,65.7592965 -23.5082352,65.7609922 -23.5163809,65.7593786 -23.5245461,65.755336 -23.5522358,65.759684 -23.5762957,65.7619891 -23.6003555,65.7642943 -23.6323317,65.7715619 -23.6533697,65.7734669 -23.6751302,65.7781934 -23.7056398,65.779861 -23.7246242,65.7847595 -23.737811,65.7907676 -23.7418456,65.7948879 -23.7627652,65.8033853 -23.7806478,65.813899 -23.798684,65.8211946 -23.8079075,65.8267736 -23.8259488,65.8331387 -23.826498,65.8358535 -23.8294785,65.8367583 -23.8282489,65.8398628 -23.8338959,65.841628 -23.8356653,65.8445539 -23.8344353,65.8494757 -23.8415641,65.8512229 -23.8408175,65.8591506 -23.8564507,65.8709151 -23.8592221,65.8773541 -23.8619868,65.8788354 -23.8615347,65.8829497 -23.8675476,65.8866022 -23.867487,65.8890922 -23.8594199,65.8941507 -23.8505884,65.9086132 -23.8430161,65.9144067 -23.8285027,65.920844 -23.8087184,65.9247493 -23.7985111,65.9256505 -23.7857782,65.9241486 -23.7696636,65.9202861 -23.7416992,65.9168957 -23.7122625,65.9107623 -23.6677895,65.904579 -23.6499192,65.8992575 -23.6368726,65.8974552 -23.6368722,65.892477 -23.6294411,65.8825206 -23.6216905,65.8806409 -23.6084599,65.8809839 -23.5871336,65.8737665 -23.5604254,65.8736801 -23.5495064,65.8755254 -23.5268502,65.8820986 -23.5152063,65.8831279 -23.5012034,65.8810915 -23.489222,65.882349 -23.4871031,65.8776082 -23.4725339,65.8687764 -23.445401,65.8588924 -23.4231417,65.8575867 -23.4171187,65.860033 -23.4097656,65.8594322 -23.4045053,65.8567655 -23.3986682,65.8562477 -23.3971407,65.8545055 -23.3908126,65.8536814 -23.3812662,65.8545372 -23.3608783,65.8533143 -23.3515102,65.8546622 -23.346832,65.856986 -23.3400158,65.8569431 -23.3355983,65.8546257 -23.3133591,65.8498147 -23.3042457,65.8486737 -23.2950342,65.8500102 -23.2877852,65.8464663 -23.2557368,65.8399199 -23.2513685,65.8403397 -23.2336626,65.8378199 -23.2191865,65.8386565 -23.193857,65.8372008 -23.1803486,65.8383169 -23.1854841,65.8409522 -23.1879274,65.8398789 -23.1925336,65.8405129 -23.1987422,65.8435313 -23.2279039,65.8458337 -23.2570657,65.8481361 -23.262183,65.8500769 -23.2628256,65.8523958 -23.274708,65.8552706 -23.2889984,65.8551223 -23.2979754,65.8578616 -23.3092216,65.8585573 -23.3306664,65.8673286 -23.3405346,65.8683156 -23.370898,65.8688904 -23.4012614,65.8694652 -23.4157971,65.8714056 -23.4295526,65.8747959 -23.4404852,65.873135 -23.4395977,65.8779103 -23.4446743,65.8866833 -23.4553163,65.8919801 -23.4722503,65.8957188 -23.4789237,65.8984421 -23.490797,65.8996438 -23.5047718,65.8970689 -23.5264168,65.8971548 -23.5358926,65.9007549 -23.5335785,65.9017051 -23.5306538,65.9009618 -23.5317287,65.9021612 -23.5396416,65.9031358 -23.5389496,65.9016734 -23.5445141,65.9036551 -23.5567538,65.9037998 -23.5700997,65.9061431 -23.5949771,65.9158229 -23.6004483,65.9202861 -23.6000298,65.9242471 -23.6037881,65.927163 -23.6145467,65.9282684 -23.630486,65.9345978 -23.6431864,65.9350019 -23.6584198,65.9424653 -23.6746501,65.9467355 -23.6750364,65.9468837 -23.6961814,65.9553266 -23.7138265,65.9644889 -23.7351099,65.9705828 -23.7574716,65.9800673 -23.7919737,66.0026407 -23.7981991,66.0048294 -23.8088558,66.0059881 -23.8111771,66.0066746 -23.8129185,66.007906 -23.8128492,66.009346 -23.808652,66.0128545 -23.8090742,66.0149145 -23.8202667,66.0248708 -23.8214281,66.0324668 -23.8208791,66.0346045 -23.8069155,66.0489746 -23.8062474,66.0495189 -23.7770036,66.0690736 -23.7658978,66.071906 -23.7575417,66.071949 -23.7538396,66.0716485 -23.7404065,66.0688591 -23.7052727,66.0600399 -23.6863044,66.0609982 -23.6797192,66.0635397 -23.6692682,66.0623761 -23.6367887,66.0546702 -23.6220568,66.0488852 -23.5953689,66.0446548 -23.5747519,66.0379601 -23.5491037,66.0331964 -23.5387663,66.0334151 -23.5139748,66.0300592 -23.4891834,66.0267032 -23.4454507,66.0175967 -23.4402184,66.0182297 -23.4353681,66.0209252 -23.4346752,66.0265982 -23.4293298,66.0275235 -23.4269552,66.0256861 -23.4307519,66.0249996 -23.4307156,66.0196378 -23.4189326,66.0072863 -23.4160631,66.0002857 -23.4179431,65.9997224 -23.426452,66.001211 -23.4295194,66.0004869 -23.4231871,65.9950151 -23.4158653,65.9966646 -23.4042891,65.9944117 -23.3982483,65.9897445 -23.4018352,65.9884357 -23.3932052,65.9862443 -23.3854924,65.9886181 -23.3705966,65.9862899 -23.3661112,65.9830256 -23.359621,65.9834574 -23.3678529,65.9912682 -23.3828225,65.9947335 -23.3838942,65.9934998 -23.389171,65.9935855 -23.386427,65.995903 -23.3938144,66.0010529 -23.402889,66.0007952 -23.4028429,66.0108376 -23.4090414,66.0199596 -23.4069622,66.0226552 -23.4075341,66.023283 -23.4108235,66.0245866 -23.4144802,66.0246562 -23.422506,66.0301789 -23.4374598,66.0333573 -23.4478877,66.0406208 -23.4647616,66.0436248 -23.4770119,66.0490719 -23.4777544,66.0492187 -23.5057667,66.0530663 -23.5066123,66.0502338 -23.5091487,66.0498476 -23.5058724,66.0465431 -23.5094656,66.0458993 -23.5171916,66.0527878 -23.5178462,66.0561841 -23.5489035,66.0656697 -23.5608962,66.0720531 -23.5747647,66.0756131 -23.583859,66.0817221 -23.6062766,66.0865339 -23.6274073,66.09375 -23.635246,66.0984706 -23.6477661,66.1018819 -23.6637051,66.1115545 -23.667998,66.1157064 -23.6664478,66.118362 -23.6629896,66.1197137 -23.6611042,66.1201859 -23.649228,66.1214733 -23.646365,66.1216878 -23.6394855,66.1214995 -23.6299607,66.11977 -23.6063017,66.1220741 -23.5767469,66.1232328 -23.568897,66.1250352 -23.5673708,66.1277226 -23.5572282,66.1322879 -23.5469774,66.1338676 -23.5452262,66.1338614 -23.5397446,66.1334409 -23.5162808,66.1297131 -23.5074759,66.1268806 -23.4796696,66.1213325 -23.4791617,66.12119 -23.4537398,66.1112987 -23.4431363,66.103972 -23.4284999,66.0982745 -23.4018288,66.0934066 -23.3759537,66.0852634 -23.368481,66.0844373 -23.3701756,66.0880851 -23.38818,66.095252 -23.4156328,66.1019468 -23.4382255,66.1109161 -23.4584403,66.1276516 -23.4765985,66.1344858 -23.4940131,66.1377873 -23.5165025,66.1407686 -23.5389919,66.14375 -23.5487384,66.1445957 -23.5696785,66.1452945 -23.572161,66.1452913 -23.5977594,66.1437033 -23.6057169,66.1453342 -23.6072024,66.1462783 -23.6091121,66.1483383 -23.609006,66.1519002 -23.6039133,66.1554193 -23.5804702,66.164394 -23.5620632,66.1756057 -23.5543205,66.178615 -23.546724,66.1807984 -23.5372283,66.1827456 -23.5332839,66.1832767 -23.5215845,66.1836898 -23.4863452,66.1796733 -23.482269,66.1808257 -23.4801821,66.1817355 -23.4801986,66.1820317 -23.4843367,66.1864161 -23.4851278,66.1883287 -23.4855133,66.1929154 -23.4834446,66.1953735 -23.4817706,66.1961997 -23.4752558,66.1979125 -23.4518331,66.1989396 -23.4453201,66.1988652 -23.4068428,66.1952716 -23.3664298,66.1937749 -23.3453856,66.1920367 -23.3218314,66.1885124 -23.2982773,66.184988 -23.2752891,66.179409 -23.2608922,66.1737012 -23.2487832,66.1707401 -23.2481757,66.1651933 -23.244114,66.1607033 -23.2475619,66.1568937 -23.2400523,66.1529785 -23.2236001,66.1502749 -23.2227154,66.148971 -23.2105412,66.1543303 -23.2021812,66.1550545 -23.1768522,66.1483436 -23.1569145,66.144964 -23.1486768,66.1414396 -23.1355373,66.133908 -23.1194293,66.1232864 -23.1208367,66.1126292 -23.1155461,66.1103203 -23.1070935,66.1087877 -23.1068001,66.108445 -23.1062062,66.1014746 -23.1123104,66.09375 -23.1121565,66.09375 -23.1242872,66.079102 -23.1222863,66.0773134 -23.1119163,66.0740089 -23.1180536,66.0698032 -23.117842,66.0674428 -23.1268364,66.0639238 -23.127683,66.0693311 -23.1219687,66.0728502 -23.1256725,66.0746955 -23.1528829,66.069813 -23.1725829,66.0646091 -23.1713367,66.0618607 -23.1609025,66.0566282 -23.1637558,66.0492897 -23.1605855,66.0460281 -23.1543505,66.0470151 -23.148876,66.0566121 -23.1202244,66.0619068 -23.0971981,66.0705419 -23.070541,66.0850981 -23.0588065,66.09375 -23.0451374,66.1006954 -23.0433449,66.1011806 -23.0392011,66.1016893 -23.0339037,66.1006165 -23.0132555,66.09375 -23.0093375,66.0926342 -22.9984304,66.0869693 -22.9907548,66.0798867 -22.9900649,66.0789936 -22.9865074,66.0720348 -22.9863091,66.0712301 -22.9837282,66.042509 -22.9879527,66.0357713 -22.9870163,66.0205525 -22.9933723,66.0203392 -23.0085136,66.0118246 -23.0329071,66.0031127 -23.0616384,65.9790444 -23.0806212,65.9699712 -23.0829757,65.9674798 -23.0895922,65.965991 -23.0894577,65.9629282 -23.0887136,65.9626153 -23.0858997,65.9627032 -23.0887238,65.9646863 -23.0861591,65.9663318 -23.0782728,65.9635319 -23.0695729,65.9638023 -23.0454783,65.9741749 -23.0407903,65.9730092 -23.0430346,65.9685459 -23.039939,65.9685642 -23.0281351,65.9795259 -23.031269,65.9836305 -23.0265058,65.9844249 -23.0064533,65.9931234 -22.968154,66.0127767 -22.9604403,66.0210427 -22.9570765,66.0323246 -22.9451993,66.0477873 -22.9420444,66.0487974 -22.939676,66.0479593 -22.9344739,66.0371335 -22.919749,66.0202295 -22.9180845,66.015713 -22.9211013,66.0117387 -22.9194347,66.0085765 -22.9284374,66.0077229 -22.9392904,65.9987001 -22.9410895,65.9874247 -22.938307,65.9820932 -22.930056,65.9767282 -22.9245595,65.9698048 -22.917522,65.9688249 -22.9126856,65.9696836 -22.9103333,65.9738016 -22.9205018,65.9824857 -22.9243267,65.991491 -22.9135035,65.9954737 -22.9048502,66.0013103 -22.8961961,66.008853 -22.8883111,66.020117 -22.8791614,66.0225538 -22.8797094,66.0275162 -22.8856184,66.0332397 -22.8863499,66.0388691 -22.86842,66.0398349 -22.8660432,66.0394434 -22.8629502,66.0383843 -22.8599041,66.0346847 -22.8598403,66.0342718 -22.8638799,66.0330247 -22.8649822,66.0302765 -22.864821,66.0296515 -22.8579204,66.0208024 -22.8605278,66.0094388 -22.8660922,65.9988886 -22.8733642,65.9926918 -22.8746279,65.9892257 -22.8870562,65.9814343 -22.8931204,65.9691985 -22.9119776,65.9554783 -22.9409739,65.9455204 -22.9423968,65.9446625 -22.9479918,65.9409637 -22.9552106,65.9329357 -22.9697657,65.9270828 -22.9743828,65.9244529 -22.9791017,65.9210013 -22.9868516,65.9113709 -22.9870636,65.9107944 -22.9862407,65.9079866 -22.9814999,65.9074075 -22.9765559,65.9089456 -22.9591848,65.9219168 -22.9412062,65.9282064 -22.927704,65.9391418 -22.9061766,65.9470329 -22.8846492,65.9549241 -22.8753937,65.9597903 -22.8747358,65.9602 -22.8683084,65.9650468 -22.8665162,65.9676647 -22.8600504,65.9825804 -22.8515625,65.9916294 -22.834142,66.0048294 -22.8327707,66.0050009 -22.8308591,66.0047481 -22.8251328,65.9996105 -22.8135211,65.9939142 -22.8129328,65.9878708 -22.820599,65.9713708 -22.8189394,65.9632483 -22.8219473,65.9551497 -22.8208297,65.9441041 -22.8270955,65.9392861 -22.8315637,65.929823 -22.8500572,65.9169174 -22.8561025,65.9057862 -22.8563843,65.8882166 -22.8474801,65.8959188 -22.8425564,65.8901101 -22.8319923,65.8977838 -22.8330725,65.8994424 -22.8256918,65.9115151 -22.7996814,65.9280081 -22.7836754,65.9482909 -22.7832958,65.9553294 -22.7884676,65.9636335 -22.7754551,65.9878625 -22.7790155,65.9959913 -22.7890186,66.0033544 -22.7892402,66.0073931 -22.7818921,66.0120786 -22.7808334,66.0245703 -22.7734141,66.0352975 -22.7715679,66.0492247 -22.7643641,66.0558501 -22.7564957,66.0568979 -22.7420084,66.0498317 -22.7345124,66.0438175 -22.7246108,66.0414791 -22.7214404,66.0473729 -22.7150853,66.048153 -22.7049986,66.0478609 -22.7002962,66.0459423 -22.6844327,66.044764 -22.6831831,66.0470968 -22.6868445,66.0523204 -22.6834856,66.054697 -22.679468,66.0551691 -22.6760314,66.0489401 -22.6811478,66.0411556 -22.6778812,66.0394768 -22.6773574,66.0359921 -22.6701703,66.0316085 -22.6622831,66.0184011 -22.6374896,66.0113674 -22.633068,66.0115584 -22.6240609,66.0149468 -22.6205941,66.0139455 -22.6153924,66.0055588 -22.6095558,66.0019952 -22.6096936,65.9918261 -22.6003323,65.9902877 -22.595631,65.9915384 -22.5909191,65.9897232 -22.5912491,65.9861648 -22.5943906,65.9874424 -22.5992796,65.9852418 -22.596476,65.9843447 -22.5961705,65.9813712 -22.5921021,65.9802806 -22.5919247,65.9793864 -22.5964111,65.979091 -22.5891927,65.9732432 -22.5783618,65.9765218 -22.5734801,65.9764438 -22.5707695,65.9805371 -22.5685458,65.9789414 -22.5757296,65.963888 -22.5839461,65.9552621 -22.578355,65.9499835 -22.578355,65.9471081 -22.5841447,65.9388685 -22.5839341,65.9352207 -22.5805016,65.932017 -22.5918277,65.9184464 -22.5869625,65.9114176 -22.5932941,65.9073607 -22.5929638,65.9044563 -22.5982813,65.9024857 -22.6084455,65.8916616 -22.6059017,65.8885717 -22.6077147,65.8848687 -22.6308944,65.8712549 -22.6441278,65.8541691 -22.6434981,65.8522652 -22.6333477,65.8492672 -22.640206,65.8389012 -22.6464711,65.8332644 -22.6471328,65.8328537 -22.6620957,65.8254635 -22.6619633,65.8251562 -22.656437,65.824205 -22.6469479,65.823736 -22.6406612,65.8240269 -22.6352125,65.8254004 -22.6330953,65.8265904 -22.6252228,65.8352644 -22.6110061,65.8457098 -22.6105551,65.8664613 -22.6046602,65.8717489 -22.5887702,65.8793277 -22.5855869,65.8841369 -22.584095,65.8959808 -22.5733942,65.8989825 -22.5639566,65.9078168 -22.5598919,65.915861 -22.5621865,65.9197282 -22.5681335,65.9211556 -22.5683277,65.9249233 -22.5662887,65.9264659 -22.5642087,65.9246387 -22.5603985,65.9276247 -22.5548548,65.928001 -22.553231,65.9305483 -22.5467406,65.9332836 -22.5406018,65.93341 -22.5397745,65.9368944 -22.5325131,65.9426022 -22.5325944,65.9588724 -22.5295513,65.9644316 -22.5227782,65.968906 -22.5258361,65.9758583 -22.5258309,65.9763864 -22.5240999,65.9803483 -22.5216416,65.9828422 -22.5144912,65.9837151 -22.5131077,65.983592 -22.509697,65.9791028 -22.5092217,65.9781336 -22.510132,65.9750167 -22.504721,65.9699553 -22.5,65.9667968 -22.4961087,65.9654721 -22.4977349,65.9630547 -22.4952841,65.9631189 -22.4925392,65.9587802 -22.4919792,65.9572814 -22.4957141,65.9485464 -22.4954216,65.946238 -22.4950873,65.9457852 -22.4910078,65.9434123 -22.49237,65.9418479 -22.4921076,65.9416891 -22.4878731,65.9415452 -22.4847034,65.9398664 -22.4834822,65.9397748 -22.4795994,65.9404567 -22.4794254,65.9424819 -22.4762539,65.9424449 -22.469067,65.9332423 -22.4631026,65.9399707 -22.46512,65.9413154 -22.4690124,65.9409215 -22.4714392,65.939169 -22.473119,65.9403851 -22.4730874,65.943332 -22.4706305,65.944117 -22.4746203,65.9477272 -22.4746171,65.9515228 -22.4728746,65.9536725 -22.4704627,65.9526871 -22.4657236,65.9531164 -22.4501265,65.9443049 -22.4423674,65.937337 -22.4419941,65.9368381 -22.4426237,65.9314841 -22.4495065,65.9285167 -22.4525924,65.9215291 -22.4466078,65.9004892 -22.4489752,65.8901947 -22.4334956,65.8942817 -22.4233062,65.9015741 -22.4233558,65.9091688 -22.4253691,65.910964 -22.4269154,65.9098771 -22.4313749,65.9121581 -22.4368511,65.9207389 -22.4359301,65.9248647 -22.4279503,65.9320878 -22.4231096,65.9320019 -22.4204372,65.9306488 -22.4197057,65.9161735 -22.413964,65.9075832 -22.413964,65.907154 -22.4145572,65.9047273 -22.4178084,65.9035558 -22.4225889,65.8932065 -22.430487,65.8860013 -22.4247401,65.8826481 -22.4256964,65.8783468 -22.4568918,65.8578891 -22.4629272,65.8506705 -22.4609396,65.8488891 -22.4659936,65.844161 -22.4659765,65.8417255 -22.4828484,65.8279705 -22.4831545,65.827749 -22.4931101,65.8215808 -22.5000025,65.8184049 -22.5139638,65.8124321 -22.5164675,65.8090496 -22.5223331,65.8086632 -22.5306015,65.8029588 -22.5358752,65.8017112 -22.5546668,65.7920867 -22.5761336,65.7877206 -22.5797951,65.7846736 -22.5768659,65.7838153 -22.5702751,65.7842016 -22.5599184,65.7875061 -22.5589768,65.7876348 -22.5466264,65.7868921 -22.5455828,65.7870187 -22.5396034,65.7884392 -22.5373117,65.7893435 -22.536025,65.7903664 -22.5360076,65.7934242 -22.5348953,65.7941579 -22.5322641,65.7950978 -22.5287694,65.7956589 -22.5146931,65.7965612 -22.5000685,65.8048439 -22.4937096,65.8084453 -22.4905872,65.8097363 -22.4783308,65.8134269 -22.4646519,65.8268324 -22.4618757,65.828104 -22.4590468,65.8291394 -22.4525388,65.8299499 -22.4479492,65.8296651 -22.4468997,65.832468 -22.4445961,65.8309762 -22.4379489,65.8321393 -22.4346261,65.8337156 -22.4325753,65.837634 -22.4249681,65.8390474 -22.4085155,65.8623831 -22.3795956,65.8835659 -22.3787447,65.8906816 -22.3811291,65.895292 -22.3777637,65.9028536 -22.3547351,65.9106092 -22.3453687,65.8975435 -22.3463742,65.9061286 -22.3456125,65.9068325 -22.3423423,65.9051814 -22.3414375,65.9078412 -22.3379076,65.9093835 -22.337898,65.9100611 -22.3388785,65.9111933 -22.3556815,65.9179688 -22.3553506,65.9203296 -22.3610147,65.926897 -22.3616235,65.9256852 -22.3711351,65.9229935 -22.3797749,65.9353923 -22.374078,65.9387016 -22.3825285,65.9490358 -22.381173,65.9582322 -22.3883901,65.974301 -22.4054267,65.9931713 -22.4203137,66.0038272 -22.4387482,66.0098186 -22.4495111,66.0168027 -22.4627239,66.0208685 -22.4762419,66.0224053 -22.4834287,66.0316329 -22.4834301,66.0322787 -22.4805576,66.0355138 -22.4693996,66.0353229 -22.4604752,66.0401232 -22.4523766,66.0408515 -22.4471813,66.0404706 -22.4386432,66.0361807 -22.430809,66.0352389 -22.4388678,66.0369354 -22.4478694,66.0410475 -22.4619038,66.0416892 -22.4577423,66.0481353 -22.4645311,66.0561606 -22.4643577,66.058699 -22.4610533,66.0620161 -22.4438531,66.0674797 -22.4402606,66.0698311 -22.4347283,66.0699261 -22.4250017,66.0721976 -22.4005907,66.0798883 -22.3961262,66.0838507 -22.4011178,66.0866631 -22.4048442,66.0866668 -22.4033107,66.0878912 -22.4079196,66.0902258 -22.4180384,66.08761 -22.413527,66.0880531 -22.4128214,66.0863072 -22.4246193,66.0867574 -22.4411125,66.0824165 -22.4457076,66.0801039 -22.4573569,66.0777643 -22.4596337,66.0752763 -22.5,66.0778459 -22.5086902,66.0784423 -22.5100018,66.0786397 -22.5255615,66.0835016 -22.5639761,66.0908099 -22.5655239,66.0911915 -22.5694869,66.09375 -22.5754271,66.0984586 -22.577607,66.1035244 -22.5890723,66.1069188 -22.6028701,66.1090664 -22.6108645,66.109081 -22.6167548,66.1112989 -22.6290463,66.1123753 -22.641716,66.1150919 -22.6488962,66.1144267 -22.6540896,66.1152666 -22.6737171,66.1210938 -22.6951591,66.1237134 -22.7034432,66.1275434 -22.7128896,66.1298085 -22.7125031,66.1311805 -22.7179695,66.1315901 -22.7207947,66.1330358 -22.7482969,66.1367902 -22.7571816,66.1359513 -22.7696356,66.1368052 -22.7698671,66.1394658 -22.7758206,66.1392185 -22.7776364,66.1425017 -22.7787678,66.1429412 -22.7927396,66.1461759 -22.7948095,66.1465555 -22.8060613,66.147951 -22.8341284,66.1490248 -22.8357199,66.1493682 -22.8543149,66.1562983 -22.8798327,66.1613261 -22.8998109,66.1713812 -22.9333597,66.1834872 -22.9393144,66.1892426 -22.9572401,66.1993937 -22.9733282,66.2126255 -22.9772638,66.216917 -22.9781293,66.2187623 -22.9777035,66.2228394 -22.9769582,66.2264013 -22.9750417,66.2304782 -22.9720607,66.2325382 -22.9508739,66.2351131 -22.9303864,66.2407326 -22.9221721,66.2406625 -22.9054254,66.2436121 -22.8965178,66.2435246 -22.8858052,66.2409937 -22.8767678,66.2413884 -22.8717595,66.2453638 -22.8827711,66.2480305 -22.8836237,66.2495326 -22.8768036,66.2524509 -22.8508021,66.2576007 -22.8137118,66.2616777 -22.786372,66.2621283 -22.7590322,66.2625788 -22.7413381,66.260004 -22.7177269,66.2538679 -22.7061512,66.2491024 -22.6688534,66.2418261 -22.655641,66.2426832 -22.6437773,66.2417113 -22.6316804,66.2423086 -22.6238993,66.2408537 -22.6197931,66.2420318 -22.6192719,66.2452424 -22.6106988,66.2448772 -22.609458,66.2446013 -22.5994898,66.2412978 -22.5968428,66.2362343 -22.5948697,66.234288 -22.5869179,66.2286351 -22.5859436,66.2281622 -22.5781817,66.2266135 -22.5706151,66.2219111 -22.5587984,66.2171745 -22.5502822,66.2150716 -22.5470887,66.2155437 -22.5345951,66.2189769 -22.5320789,66.2207794 -22.5398499,66.2238264 -22.5361515,66.2269254 -22.5370153,66.2286607 -22.5492244,66.2304112 -22.5628436,66.2345552 -22.56072,66.2471553 -22.5596381,66.2479548 -22.5579926,66.2482724 -22.5467454,66.2471673 -22.535623,66.2423759 -22.5286639,66.2417997 -22.5202481,66.2381982 -22.5173798,66.2417867 -22.5199811,66.2468584 -22.5171247,66.2489792 -22.5163009,66.2491741 -22.5,66.2496185 -22.4591964,66.2525541 -22.4577649,66.2527192 -22.4430683,66.2568564 -22.4354647,66.2558231 -22.4320064,66.256355 -22.4246917,66.2576866 -22.4097489,66.2632684 -22.4093111,66.2633588 -22.4031965,66.2628365 -22.3912553,66.2639093 -22.3769687,66.2674713 -22.3664137,66.268115 -22.3623325,66.2691057 -22.3620558,66.2709481 -22.373753,66.2728006 -22.3858958,66.2723696 -22.390569,66.2709558 -22.395412,66.2735254 -22.4046664,66.2750396 -22.4178287,66.273688 -22.4597487,66.2658181 -22.4783432,66.2645757 -22.4922146,66.2655797 -22.497063,66.2648588 -22.5,66.2650669 -22.5399841,66.2660121 -22.5598193,66.2653683 -22.5679557,66.2677736 -22.5693181,66.2687242 -22.5666445,66.2730073 -22.5547007,66.2789726 -22.551928,66.282835 -22.5216197,66.2869977 -22.518525,66.2878131 -22.5,66.2945938 -22.4827172,66.3040351 -22.4558357,66.3090991 -22.4555817,66.3097858 -22.4624339,66.3117177 -22.4697837,66.3124272 -22.4833452,66.3121227 -22.4838215,66.3164377 -22.4808298,66.31824 -22.4868129,66.3207721 -22.4784791,66.32339 -22.4753808,66.3275098 -22.4804699,66.3292125 -22.4892421,66.3284717 -22.4947695,66.3291647 -22.4954226,66.3292814 -22.5,66.331194 -22.500999,66.3322736 -22.5029495,66.3327609 -22.5036675,66.332781 -22.5056145,66.3314971 -22.5061924,66.3334426 -22.5102797,66.3325309 -22.5104933,66.331501 -22.5046867,66.3258584 -22.5032237,66.3199472 -22.5150946,66.315201 -22.5264198,66.3045493 -22.5488684,66.2969111 -22.57271,66.2908108 -22.5842688,66.2862989 -22.5981239,66.2850068 -22.6233135,66.2879168 -22.6573852,66.2889509 -22.6708533,66.2904887 -22.6841027,66.292466 -22.6848217,66.2926254 -22.7033938,66.2977639 -22.7087111,66.3001728 -22.7082839,66.3033915 -22.7080702,66.3036489 -22.6900647,66.3172102 -22.6720592,66.3307714 -22.6694735,66.3375828 -22.6661305,66.340016 -22.6691757,66.3466271 -22.6662731,66.3493872 -22.6504588,66.3531303 -22.6105624,66.3572502 -22.602703,66.3601286 -22.6079822,66.3630437 -22.6043442,66.3663054 -22.6045752,66.3677216 -22.6056283,66.3678073 -22.6160007,66.3653224 -22.6300143,66.365936 -22.6435503,66.3650618 -22.6502908,66.3619936 -22.6577233,66.3623636 -22.668967,66.3606865 -22.6840407,66.3604617 -22.695448,66.3556131 -22.7005175,66.3444885 -22.7053018,66.340853 -22.716229,66.3366526 -22.7250407,66.3296442 -22.7532796,66.3198065 -22.7955064,66.3133736 -22.8324329,66.3111387 -22.8383765,66.3130044 -22.8386971,66.3190126 -22.8264307,66.3337837 -22.8244042,66.3402278 -22.8222775,66.3416247 -22.8008497,66.3452339 -22.7914344,66.3501261 -22.7782896,66.3659511 -22.7824467,66.3676605 -22.7828273,66.3676115 -22.8035243,66.3529589 -22.8400247,66.3467977 -22.8430699,66.3444107 -22.8602968,66.3423181 -22.8681982,66.3396555 -22.873894,66.332701 -22.8813664,66.3285192 -22.8781235,66.3212183 -22.9010869,66.3117145 -22.9177699,66.3082497 -22.9329973,66.3071682 -22.9472903,66.3042985 -22.9619936,66.2992041 -22.9633384,66.2967658 -22.9662495,66.2987356 -22.972228,66.2998791 -22.9815278,66.2975099 -22.9974477,66.2993215 -23.0254571,66.2970829 -23.0474323,66.3043706 -23.0636601,66.3079489 -23.0790673,66.3137341 -23.0977565,66.3176552 -23.1156418,66.3198937 -23.1438786,66.3271236 -23.1524214,66.3282984 -23.1571252,66.3314033 -23.1882704,66.3438816 -23.1942515,66.3486242 -23.1962007,66.3534735 -23.1941444,66.3574647 -23.1862277,66.3599967 -23.1786321,66.3607264 -23.1522084,66.3566923 -23.1448271,66.3536024 -23.1360552,66.3517998 -23.1154884,66.3510389 -23.1110562,66.3481967 -23.1007299,66.3464622 -23.1004016,66.3440865 -23.0973918,66.3430994 -23.0857733,66.3435621 -23.0658565,66.347294 -23.0603443,66.3529586 -23.034674,66.3572502 -23.0209227,66.3655204 -23.0161763,66.3724954 -23.016063,66.3796235 -23.0167263,66.3841902 -23.0208468,66.3887225 -23.0305858,66.3917933 -23.0459533,66.3887987 -23.0612264,66.3906645 -23.0721033,66.3952647 -23.0914192,66.407732 -23.1107351,66.4201993 -23.1363357,66.4300907 -23.1369224,66.4304279 -23.1358833,66.4329029 -23.1344386,66.4335966 -23.1289502,66.4350128 -23.1110442,66.4377593 -23.0979515,66.436901 -23.0739121,66.4306355 -23.0588667,66.4227033 -23.0516326,66.4213868 -23.0470414,66.4217904 -23.0485191,66.4198323 -23.0382053,66.4172457 -23.0304836,66.4115381 -23.0258963,66.4104931 -23.0169705,66.4105082 -23.0137531,66.4111948 -23.0135132,66.412611 -23.0283108,66.4186639 -23.0387989,66.4260076 -23.0414702,66.4247558 -23.0376095,66.4312263 -23.0315568,66.433897 -23.009661,66.4365149 -22.9724829,66.4340361 -22.962906,66.4345648 -22.9435453,66.4381214 -22.9309564,66.4441313 -22.9217318,66.441788 -22.9149581,66.4441319 -22.90611,66.4427762 -22.9001148,66.4383667 -22.8848025,66.4360209 -22.8794791,66.4286605 -22.8845783,66.4247622 -22.8761191,66.4205739 -22.8704102,66.4196377 -22.8689274,66.4174175 -22.8720322,66.4140518 -22.8678987,66.4127018 -22.8617196,66.4129716 -22.8594154,66.4110395 -22.8502767,66.4122269 -22.8460892,66.4147545 -22.8519959,66.4206393 -22.8515625,66.422991 -22.8585702,66.4303843 -22.866819,66.4356288 -22.8832283,66.4418694 -22.8966312,66.4414457 -22.9002239,66.4423867 -22.9011683,66.4462445 -22.9123535,66.4484633 -22.9256204,66.444634 -22.9272524,66.4555889 -22.9542156,66.4620065 -22.9552485,66.4659117 -22.95267,66.4674568 -22.9278848,66.471405 -22.9264867,66.471405 -22.915737,66.4691734 -22.8920834,66.4677572 -22.8505162,66.4623026 -22.8415775,66.46029 -22.8200881,66.4517068 -22.8053735,66.4492177 -22.8031181,66.4471577 -22.7871146,66.4461708 -22.7683039,66.4418792 -22.7500691,66.4413213 -22.7377212,66.4397764 -22.7316009,66.4370728 -22.7241371,66.4234545 -22.7187817,66.4187737 -22.7172948,66.4180022 -22.7064985,66.4163665 -22.6969794,66.4155492 -22.6789097,66.4155188 -22.658843,66.4181501 -22.6560066,66.4213234 -22.6473051,66.4244127 -22.6409974,66.4319872 -22.6303799,66.4372497 -22.6115665,66.4419651 -22.6081213,66.445055 -22.6081213,66.4508914 -22.6204793,66.4600753 -22.6211241,66.4623498 -22.6206942,66.4635944 -22.6180077,66.4651823 -22.6165034,66.4656543 -22.6102706,66.4665985 -22.5924015,66.4672093 -22.5764695,66.4653581 -22.555902,66.4570713 -22.5488456,66.4524364 -22.5263112,66.4478303 -22.5251055,66.4472359 -22.5185062,66.4410965 -22.5192217,66.4335536 -22.5117104,66.4325237 -22.5,66.4335938 -22.490738,66.4321973 -22.4884309,66.4272451 -22.4815769,66.426114 -22.451317,66.4278888 -22.456573,66.4192628 -22.4760954,66.4119242 -22.4780262,66.4063882 -22.476739,66.4061307 -22.4750227,66.4063452 -22.4730918,66.4069461 -22.4747009,66.4110661 -22.4699811,66.4138556 -22.4592546,66.415572 -22.4511024,66.4188337 -22.4489572,66.4290046 -22.4426183,66.4325237 -22.4391556,66.43818 -22.4398262,66.4427375 -22.4447801,66.4480577 -22.4680665,66.4607962 -22.4702795,66.4654005 -22.45576,66.4656729 -22.4301246,66.4605781 -22.4044892,66.4554834 -22.4021261,66.4494323 -22.3923599,66.4462137 -22.3943994,66.4412355 -22.3886485,66.4322352 -22.3887078,66.4185168 -22.3853844,66.4148855 -22.3735845,66.4092636 -22.3646222,66.4005038 -22.3634495,66.3940216 -22.35421,66.3922691 -22.3496433,66.3925328 -22.3497983,66.3904103 -22.3448786,66.3884921 -22.3220698,66.3881063 -22.3099637,66.3814543 -22.3032281,66.3802099 -22.2925195,66.380167 -22.2706741,66.374588 -22.2780485,66.366434 -22.276888,66.3644599 -22.2545224,66.3600397 -22.2390059,66.3582371 -22.2350465,66.3564348 -22.2545589,66.3477472 -22.2544003,66.3441275 -22.2496073,66.3403065 -22.2410582,66.3368043 -22.2361354,66.3356208 -22.2297142,66.3357925 -22.1998854,66.341114 -22.191577,66.3408104 -22.1961529,66.3344398 -22.2155013,66.3217916 -22.234815,66.3143348 -22.2350357,66.3103907 -22.2287309,66.3060522 -22.2014014,66.2999153 -22.2074853,66.2924051 -22.2222483,66.2829254 -22.2233264,66.2785993 -22.2349802,66.2715462 -22.2359837,66.2704974 -22.2334532,66.2679169 -22.2329831,66.2645984 -22.2354617,66.2645848 -22.2347612,66.264348 -22.2311432,66.2639751 -22.2301707,66.2650387 -22.2196975,66.2620276 -22.2118779,66.2607765 -22.2058023,66.261034 -22.1871021,66.267042 -22.1706119,66.2757111 -22.1523696,66.2810324 -22.1397814,66.2806463 -22.1376055,66.267401 -22.1409488,66.2601633 -22.1524262,66.2543472 -22.1533159,66.2505625 -22.1578977,66.2501764 -22.1541682,66.2471294 -22.1502258,66.2467002 -22.1469227,66.2477731 -22.1509717,66.2523221 -22.1397786,66.2513351 -22.131363,66.2572573 -22.1199516,66.2620639 -22.1127378,66.2680151 -22.1081469,66.2757047 -22.095849,66.2837791 -22.0937896,66.2895877 -22.0784572,66.2930059 -22.076003,66.2921047 -22.0789499,66.282841 -22.0900764,66.2727159 -22.0876857,66.2640198 -22.0838552,66.2625916 -22.0849636,66.2604403 -22.0765856,66.256466 -22.0716867,66.2550895 -22.0587835,66.2544938 -22.040953,66.2587165 -22.0324187,66.2591457 -22.0162683,66.257542 -21.9745151,66.2699604 -21.9620401,66.2711191 -21.9595878,66.2702178 -21.9618191,66.2523297 -21.9591872,66.2483023 -21.9430196,66.2430658 -21.9246705,66.2437283 -21.9212949,66.2423683 -21.932812,66.2292881 -21.930454,66.2235757 -21.9601867,66.2164831 -21.9773105,66.2094764 -21.9945632,66.2047671 -22.0018299,66.2018201 -22.0064522,66.1979048 -22.0031799,66.196021 -21.9943343,66.1980077 -21.9935929,66.2007391 -21.9743447,66.2039541 -21.936818,66.2135051 -21.9143207,66.2148571 -21.9098846,66.2128829 -21.9042795,66.2043719 -21.8868794,66.2033987 -21.884833,66.199451 -21.8765991,66.1934208 -21.835043,66.1898375 -21.8144282,66.1853741 -21.7951409,66.1858892 -21.7690005,66.1839581 -21.7376002,66.1838936 -21.740154,66.1814271 -21.7570482,66.1752462 -21.7651283,66.1711831 -21.7654411,66.1703538 -21.764784,66.1633708 -21.7636251,66.1627597 -21.7456592,66.1591529 -21.7326956,66.1581968 -21.7234439,66.1556982 -21.7185736,66.1530545 -21.7185901,66.1527348 -21.7420803,66.1337609 -21.7396575,66.1288627 -21.757439,66.1262798 -21.7633959,66.1244441 -21.7648754,66.123329 -21.7649832,66.1225415 -21.7625204,66.1186838 -21.7365338,66.1150157 -21.7190691,66.1063176 -21.7345715,66.100895 -21.7331653,66.0969737 -21.739222,66.0947371 -21.7394212,66.09375 -21.7366902,66.0913841 -21.7402116,66.0914541 -21.7414846,66.090816 -21.7434086,66.0887634 -21.7426652,66.0868124 -21.737726,66.08341 -21.7369204,66.0829023 -21.7325412,66.0819679 -21.7315245,66.0813456 -21.7261922,66.0774719 -21.7230014,66.0732446 -21.7293062,66.0685694 -21.7277704,66.0648053 -21.7207547,66.0578339 -21.7152231,66.0567929 -21.7098213,66.0530233 -21.7049798,66.0525976 -21.6991926,66.0501741 -21.6951289,66.0499334 -21.6892993,66.0511113 -21.6798148,66.0547293 -21.6780344,66.0556685 -21.6666749,66.0650448 -21.6616549,66.0655859 -21.6590574,66.0677652 -21.6571127,66.0652477 -21.6533601,66.0648274 -21.6416728,66.0594271 -21.6276901,66.0486466 -21.6274513,66.0480726 -21.6368799,66.0362495 -21.6478344,66.0292079 -21.6682308,66.0203136 -21.6693656,66.0182087 -21.6734685,66.017372 -21.6686413,66.0172194 -21.6633985,66.0152168 -21.658735,66.0155464 -21.6352608,66.0217911 -21.6297374,66.0247222 -21.6236151,66.0253905 -21.6155601,66.028415 -21.6042665,66.0361127 -21.5999124,66.0475972 -21.6006505,66.0573407 -21.6222819,66.0696305 -21.6193037,66.0796762 -21.614279,66.0827317 -21.6142424,66.0845942 -21.6057136,66.0841391 -21.6025139,66.0850856 -21.592153,66.0827653 -21.5848472,66.0828834 -21.5677665,66.0867226 -21.5475656,66.0883989 -21.5414571,66.087592 -21.5376154,66.0787296 -21.5255221,66.0721446 -21.496464,66.0486712 -21.5004203,66.0465221 -21.5119071,66.0456545 -21.5349253,66.049163 -21.5579435,66.0526716 -21.5640184,66.0509582 -21.5662645,66.047573 -21.5427783,66.0396338 -21.5408285,66.0360252 -21.5476373,66.0332665 -21.5471539,66.0305074 -21.5428501,66.0280759 -21.529967,66.0260637 -21.5173492,66.0210603 -21.5176076,66.0154136 -21.5146704,66.0139796 -21.5034428,66.0145766 -21.5019946,66.0129915 -21.4959238,66.0129833 -21.4814523,66.0173692 -21.4797202,66.0160691 -21.4714088,66.0152403 -21.4586966,66.0204458 -21.4505693,66.0192875 -21.4456309,66.0224782 -21.4407904,66.0216568 -21.4405212,66.020276 -21.435514,66.0199034 -21.4318337,66.0237232 -21.4264265,66.0213131 -21.4203407,66.0266356 -21.4143354,66.0289371 -21.4023249,66.0299134 -21.3904955,66.0274833 -21.3787996,66.0212659 -21.3763709,66.0184335 -21.3689033,66.0157448 -21.3620721,66.0148987 -21.3587453,66.0123825 -21.3475204,66.0105813 -21.337572,66.0070081 -21.3272479,66.0066231 -21.3146396,65.9968899 -21.3136886,65.9908298 -21.3191514,65.9871708 -21.32532,65.9868472 -21.3287725,65.9885344 -21.3326058,65.9890698 -21.3348629,65.9890836 -21.3391014,65.9881653 -21.3429507,65.9888825 -21.3512375,65.9872276 -21.3563417,65.9884704 -21.3705248,65.9888741 -21.3804824,65.9873039 -21.3817309,65.9872165 -21.3919528,65.9876291 -21.4029886,65.9868416 -21.4121047,65.9859141 -21.4350586,65.9822537 -21.4580125,65.9785933 -21.4817485,65.9722553 -21.4969414,65.9748156 -21.5036271,65.9732766 -21.5111635,65.9751319 -21.5285736,65.9730254 -21.5360819,65.9698877 -21.5601358,65.9656476 -21.5894268,65.9621716 -21.6029131,65.9621286 -21.6050965,65.9618598 -21.6076016,65.9600338 -21.6081691,65.9560943 -21.6067913,65.955299 -21.5930423,65.9528368 -21.5923932,65.9476761 -21.5966181,65.9453576 -21.5934168,65.9424592 -21.5885591,65.9414166 -21.5781248,65.9421281 -21.5736088,65.945713 -21.5677251,65.9465398 -21.5606414,65.9463186 -21.5574141,65.9444748 -21.552362,65.9447013 -21.541186,65.9489202 -21.5071889,65.9561338 -21.4744509,65.9533241 -21.4333975,65.9621602 -21.4178349,65.9641171 -21.3901392,65.9645045 -21.3863586,65.9643012 -21.3804317,65.9635288 -21.3709486,65.9612596 -21.3703558,65.9605836 -21.3709726,65.9564174 -21.3750004,65.952365 -21.399755,65.9449754 -21.4304945,65.9417495 -21.4453125,65.9388951 -21.4463384,65.938616 -21.4546351,65.9350202 -21.4552572,65.9343162 -21.4528511,65.9312924 -21.4523447,65.9310697 -21.4486355,65.930335 -21.4098485,65.9337615 -21.3808002,65.9333177 -21.3740563,65.935607 -21.3734246,65.9356927 -21.3360593,65.9388256 -21.3219573,65.9423875 -21.3197474,65.9423445 -21.3095394,65.939126 -21.292212,65.9296511 -21.2860256,65.9233639 -21.2875071,65.9156092 -21.2853658,65.9100475 -21.2764089,65.9088861 -21.2792484,65.9036362 -21.2764459,65.8983521 -21.2767897,65.8976254 -21.2845644,65.8860334 -21.2874933,65.8843176 -21.3051139,65.8788404 -21.3201202,65.8766063 -21.3213152,65.8754992 -21.3218533,65.873702 -21.3170055,65.8705741 -21.3150372,65.8704131 -21.308974,65.8727434 -21.3106056,65.8704137 -21.3054918,65.8673553 -21.3043463,65.8668994 -21.2987825,65.8656549 -21.2872351,65.8653116 -21.2793618,65.8625221 -21.2757925,65.8605051 -21.2758976,65.8592606 -21.2777498,65.8573023 -21.2880294,65.8517067 -21.2922341,65.8452272 -21.2867697,65.8325672 -21.2958747,65.8309528 -21.3056591,65.8252054 -21.3113275,65.82067 -21.314575,65.8125685 -21.3274215,65.8049381 -21.3313333,65.7992957 -21.3628705,65.7874033 -21.3723032,65.7815493 -21.4077179,65.7803378 -21.4265686,65.776906 -21.4388536,65.7777292 -21.4465376,65.7764488 -21.4531935,65.7715013 -21.4626923,65.7704198 -21.4685419,65.7722712 -21.4714015,65.7718236 -21.4890983,65.7741165 -21.4891374,65.7740361 -21.469757,65.7707498 -21.4621187,65.76622 -21.4617006,65.7624006 -21.4571871,65.7631437 -21.4553639,65.7607439 -21.4532701,65.7613776 -21.4476906,65.7598686 -21.4339511,65.7590281 -21.422421,65.7604364 -21.4212952,65.7613338 -21.4235548,65.7617331 -21.4212321,65.7624328 -21.4143929,65.7621319 -21.4130487,65.7640661 -21.4178205,65.7645549 -21.4173791,65.765299 -21.4052393,65.7669497 -21.4007673,65.768893 -21.4011242,65.7657598 -21.4040915,65.7646478 -21.3945878,65.7593107 -21.3948658,65.75525 -21.3927068,65.7538176 -21.3762261,65.7503237 -21.3677393,65.7502425 -21.3530048,65.7462215 -21.3371545,65.745472 -21.3367534,65.7451577 -21.3368431,65.7407022 -21.3411527,65.7347112 -21.3487213,65.7344198 -21.3558279,65.7291853 -21.3640747,65.7261589 -21.3802493,65.7246124 -21.3867515,65.7199997 -21.388934,65.7152957 -21.4000484,65.7112091 -21.4097888,65.7035044 -21.4214376,65.7023671 -21.4237761,65.701546 -21.4245349,65.7010391 -21.4282099,65.6951096 -21.4327976,65.6940053 -21.4312636,65.6902713 -21.4323121,65.6897048 -21.4359837,65.6887931 -21.451055,65.6877089 -21.4656825,65.6875938 -21.4739575,65.689989 -21.4787142,65.6903864 -21.4860761,65.6890481 -21.4917037,65.6907727 -21.4986488,65.6900638 -21.5010025,65.6913664 -21.5086811,65.6901866 -21.5104026,65.6918772 -21.5209342,65.6900378 -21.5256571,65.6920542 -21.5325918,65.6920115 -21.5353218,65.6937448 -21.5480276,65.6920176 -21.5511646,65.6932648 -21.5559436,65.6923116 -21.5615507,65.7000017 -21.5671654,65.6980506 -21.567118,65.7000846 -21.5751818,65.6948622 -21.5825773,65.6925449 -21.5827364,65.6955208 -21.5874034,65.6979219 -21.5957063,65.6991968 -21.5953919,65.704362 -21.5990006,65.7035851 -21.5966747,65.7060153 -21.5986272,65.7088288 -21.6016932,65.7096927 -21.6043437,65.7090574 -21.6037824,65.7106262 -21.6115283,65.7118855 -21.6107618,65.7157756 -21.623336,65.7203288 -21.6264985,65.7232176 -21.6298159,65.7218347 -21.6309293,65.7244493 -21.6444376,65.7275108 -21.6455693,65.735859 -21.6563286,65.7430953 -21.6558675,65.7467954 -21.6609895,65.7496709 -21.6674175,65.7590442 -21.671441,65.7612498 -21.6967432,65.7662314 -21.7049218,65.7705576 -21.7134395,65.7702726 -21.7184042,65.7778203 -21.7195472,65.7763799 -21.725844,65.7761536 -21.7286686,65.7744266 -21.7280883,65.7728462 -21.7214369,65.7705545 -21.7295725,65.7699537 -21.7408285,65.7728307 -21.7548687,65.7712767 -21.7611351,65.7720994 -21.7726579,65.771404 -21.7777659,65.7702078 -21.7788866,65.7661588 -21.7822294,65.7665553 -21.779905,65.7645118 -21.7707452,65.7655361 -21.7383941,65.7597347 -21.734807,65.7585294 -21.7319303,65.7550519 -21.7043712,65.7505561 -21.6928006,65.7439899 -21.6807063,65.7401447 -21.6802877,65.7366104 -21.6836858,65.7323726 -21.6773475,65.7328943 -21.6759924,65.7262973 -21.6637399,65.7177857 -21.6612601,65.714035 -21.6619532,65.7070086 -21.6758389,65.7046884 -21.6804152,65.6992806 -21.6899707,65.6994174 -21.6951262,65.6961688 -21.6945093,65.6915812 -21.6837792,65.6909894 -21.6824237,65.6889294 -21.6694111,65.6858013 -21.666887,65.6791286 -21.6639422,65.6797273 -21.6618478,65.6788872 -21.6658269,65.6753196 -21.6603332,65.6727076 -21.6597222,65.6697996 -21.6672598,65.6648678 -21.6634947,65.6642858 -21.6623867,65.6611027 -21.6582003,65.6623812 -21.656058,65.6619619 -21.6580821,65.6561203 -21.6560589,65.6576415 -21.6532449,65.6576031 -21.6531107,65.6602958 -21.6481384,65.6618005 -21.6515409,65.6558222 -21.6562666,65.6553692 -21.6518847,65.653617 -21.6516252,65.6513439 -21.6373713,65.6553363 -21.6408215,65.6471703 -21.6371288,65.6448119 -21.63081,65.6439291 -21.6212996,65.6460114 -21.6130276,65.6459337 -21.5999597,65.6397167 -21.5907362,65.6407105 -21.5861694,65.6426824 -21.5794597,65.6428145 -21.5798914,65.6401724 -21.5750548,65.641308 -21.5712609,65.6400948 -21.5686163,65.6417227 -21.5624866,65.6390454 -21.5571092,65.6400526 -21.5524108,65.6383171 -21.5392715,65.6414546 -21.5365804,65.6401219 -21.527365,65.6411428 -21.5176392,65.6387757 -21.4997251,65.6423107 -21.4910465,65.6461668 -21.4816232,65.6472871 -21.4755983,65.6466916 -21.463263,65.6426668 -21.4571563,65.6424674 -21.4548357,65.6403923 -21.4193104,65.6362422 -21.3996022,65.6318104 -21.3971612,65.6259009 -21.3923848,65.6217272 -21.3902653,65.6211706 -21.3850554,65.6222655 -21.3880475,65.6179622 -21.3930321,65.6180301 -21.3963242,65.6158803 -21.3953598,65.6075547 -21.3977079,65.6063815 -21.4014159,65.6069605 -21.4039412,65.6047605 -21.4093153,65.6049021 -21.4210373,65.600497 -21.438185,65.5894043 -21.450865,65.5827492 -21.4610111,65.5792179 -21.4642779,65.5751576 -21.4724214,65.5714622 -21.4816772,65.5643777 -21.4806941,65.5596153 -21.4697548,65.5566974 -21.4621599,65.5559636 -21.4604579,65.5576475 -21.4382204,65.566435 -21.4159828,65.5752226 -21.390565,65.5944526 -21.3924505,65.5905194 -21.3902183,65.5889357 -21.3863831,65.59061 -21.3813396,65.5910068 -21.370079,65.5988082 -21.3671488,65.5970002 -21.3598909,65.6015468 -21.3560936,65.6017252 -21.3593523,65.5977889 -21.3542181,65.596877 -21.3401937,65.6006913 -21.3251562,65.5995595 -21.3186957,65.5980378 -21.3093961,65.5985498 -21.3007625,65.5971229 -21.2959585,65.5948699 -21.2943437,65.58249 -21.2960207,65.5739428 -21.293667,65.5721427 -21.2943197,65.5653853 -21.2886959,65.5610369 -21.2917901,65.5556036 -21.2894694,65.5475847 -21.3087842,65.5231521 -21.3433005,65.5011466 -21.3836514,65.485689 -21.381371,65.4805322 -21.3830991,65.4780327 -21.3950257,65.4749433 -21.400382,65.471396 -21.4334021,65.4603728 -21.4381576,65.4569498 -21.4453125,65.4567521 -21.4696364,65.4491764 -21.4745575,65.4469261 -21.4728683,65.4438692 -21.4763737,65.4458692 -21.4766608,65.4439038 -21.4742175,65.4420456 -21.4617215,65.4416102 -21.4356877,65.4485691 -21.4096539,65.455528 -21.3809787,65.4584579 -21.3416048,65.4723479 -21.3210599,65.4767984 -21.3091069,65.4809617 -21.2899857,65.4847182 -21.2824852,65.4851164 -21.2780774,65.4828004 -21.2760645,65.4732594 -21.2679023,65.4685704 -21.270623,65.4612027 -21.2650518,65.4575881 -21.2430995,65.4522794 -21.2454077,65.4471776 -21.241959,65.4448696 -21.2342376,65.447437 -21.2321084,65.4459146 -21.2354178,65.4429001 -21.2300974,65.4441826 -21.2298284,65.4406642 -21.2238371,65.4410234 -21.2226762,65.4392632 -21.2157891,65.4392554 -21.2188365,65.4326491 -21.2093731,65.4308701 -21.2074925,65.434212 -21.2059324,65.4322782 -21.2011622,65.436622 -21.1942006,65.4339457 -21.1923178,65.4294795 -21.2004309,65.4248024 -21.2024477,65.4176157 -21.2115678,65.4176048 -21.2121862,65.4145122 -21.202265,65.4091778 -21.1965539,65.4028695 -21.1896961,65.4033219 -21.1869701,65.3998169 -21.184481,65.3930283 -21.1855572,65.3899294 -21.1893914,65.3877805 -21.1904584,65.3805398 -21.1896607,65.3766669 -21.1880221,65.379849 -21.1864461,65.3770161 -21.188711,65.3709335 -21.1857854,65.3686689 -21.1857783,65.3628926 -21.1884416,65.3601024 -21.1799513,65.3580093 -21.1771336,65.3470643 -21.1799788,65.3465106 -21.1791455,65.3412193 -21.181457,65.3392152 -21.1770175,65.3366086 -21.1803792,65.327426 -21.1849087,65.3233336 -21.1831876,65.3219118 -21.1914983,65.3191518 -21.1897249,65.3141901 -21.1973284,65.3078413 -21.1959924,65.3023052 -21.1849716,65.2939949 -21.1741472,65.2937098 -21.1644113,65.2920107 -21.166415,65.2887361 -21.1735061,65.2878075 -21.1742717,65.2866826 -21.1722972,65.2842243 -21.165723,65.2825676 -21.161917,65.2773891 -21.1570547,65.2762607 -21.1564337,65.2745069 -21.1632808,65.273562 -21.1627098,65.2716804 -21.1521538,65.2640247 -21.1381323,65.2568378 -21.137431,65.2503167 -21.1289486,65.2475401 -21.1369259,65.2439228 -21.1321024,65.2406425 -21.1318794,65.2380793 -21.1273803,65.2360684 -21.1169215,65.2261679 -21.107534,65.2224073 -21.0962263,65.2135568 -21.0931717,65.2091637 -21.0956563,65.2086753 -21.0968812,65.2060586 -21.0945967,65.2023782 -21.0968499,65.1980879 -21.095226,65.1928595 -21.0909092,65.1891176 -21.0928955,65.1841474 -21.0913573,65.1589813 -21.0885328,65.1556143 -21.0887614,65.1574394 -21.0705003,65.1537955 -21.0764807,65.1574 -21.0704205,65.1587048 -21.0659358,65.1573069 -21.0654752,65.155857 -21.0650264,65.1563568 -21.0635588,65.1615185 -21.0621988,65.176144 -21.0656056,65.1786357 -21.0640962,65.1834372 -21.0671509,65.1847512 -21.0641969,65.1901422 -21.066065,65.1975369 -21.073925,65.2148437 -21.0763019,65.2188433 -21.0868977,65.2350142 -21.0956641,65.2434535 -21.0931674,65.2466317 -21.0962811,65.2511489 -21.0982069,65.2527823 -21.1075773,65.2548376 -21.1058552,65.2572336 -21.109449,65.258868 -21.1105099,65.2641371 -21.1146978,65.2671818 -21.1041731,65.272114 -21.1062446,65.2747291 -21.1050003,65.2769082 -21.0931726,65.2796756 -21.0882254,65.2823098 -21.0887907,65.2841086 -21.0988613,65.2881585 -21.0953772,65.2918338 -21.1002928,65.2957658 -21.087189,65.3003746 -21.0788021,65.3067566 -21.0774084,65.3121589 -21.0796357,65.3142273 -21.0704309,65.3199921 -21.0682038,65.3231726 -21.0685168,65.33454 -21.0730909,65.3415726 -21.0700454,65.3483731 -21.0783392,65.3646183 -21.0842789,65.3884685 -21.08389,65.3984344 -21.0882791,65.4087439 -21.0814784,65.4164965 -21.0812547,65.4242352 -21.0851651,65.4351304 -21.0972775,65.4465973 -21.0935636,65.4497838 -21.0701199,65.4560601 -21.0666929,65.4567149 -21.0575253,65.4559375 -21.0562247,65.4509453 -21.0514373,65.4494447 -21.0467871,65.4447027 -21.0392801,65.441287 -21.0329849,65.4247699 -21.0157321,65.4048433 -21.0037199,65.3940778 -21.0016789,65.3887903 -20.9949415,65.38331 -20.993751,65.378655 -20.9739093,65.3622794 -20.96817,65.3597481 -20.9695208,65.3575611 -20.9675633,65.3557842 -20.9600257,65.3524193 -20.9561169,65.3482476 -20.9523445,65.3467534 -20.9447283,65.3459998 -20.9428157,65.3441261 -20.9379383,65.3450609 -20.9426662,65.346078 -20.9250165,65.3484983 -20.9142233,65.3523721 -20.9113212,65.3474997 -20.9131631,65.3427548 -20.9110956,65.3418959 -20.9104264,65.3434978 -20.9079964,65.3436075 -20.90482,65.341957 -20.9102867,65.3503611 -20.9121302,65.3585511 -20.9324547,65.3771544 -20.9431418,65.3946708 -20.9479618,65.3954099 -20.9559659,65.4165846 -20.9655389,65.421707 -20.9764918,65.435427 -20.9765511,65.4412454 -20.9741735,65.4429367 -20.9765511,65.445527 -20.9760416,65.4501059 -20.9808685,65.4571971 -20.9813205,65.4624681 -20.9888699,65.4708328 -20.990416,65.4749581 -20.9912277,65.4811902 -20.9912236,65.4821887 -20.9879024,65.4902945 -20.9840149,65.4975631 -20.9770749,65.5021241 -20.977831,65.5112737 -20.9683185,65.5207924 -20.9680676,65.5249408 -20.9592237,65.5308905 -20.9502105,65.5427757 -20.949604,65.5498195 -20.9385585,65.5633993 -20.9372,65.5671037 -20.9372607,65.5699971 -20.9405398,65.5701464 -20.9416882,65.5743811 -20.9333146,65.5816211 -20.9222836,65.5872622 -20.9098037,65.5910584 -20.9004794,65.600677 -20.8829201,65.6117376 -20.860372,65.6169735 -20.8378239,65.6222094 -20.8234506,65.632925 -20.8009948,65.6367874 -20.791638,65.642023 -20.7803905,65.6454366 -20.7764595,65.6512069 -20.7651942,65.6560094 -20.7658911,65.6590443 -20.7560998,65.6630665 -20.7494035,65.6652199 -20.7421875,65.6635044 -20.7384979,65.6639239 -20.7284228,65.6711626 -20.7275985,65.6737812 -20.7196968,65.674129 -20.7164648,65.6773117 -20.7079167,65.6817685 -20.7058141,65.6815348 -20.7035305,65.6831121 -20.7030658,65.6778682 -20.6994104,65.6766655 -20.6986989,65.6766703 -20.6866606,65.6781229 -20.6859388,65.6783026 -20.6821831,65.6835347 -20.6772197,65.684424 -20.6735775,65.6880364 -20.6723963,65.6883081 -20.6690179,65.6868733 -20.662666,65.6868579 -20.6612483,65.6850128 -20.659048,65.6856244 -20.6563483,65.6840442 -20.6557883,65.6834203 -20.656966,65.6778831 -20.6553468,65.6766412 -20.6533372,65.6772512 -20.6527174,65.6743752 -20.6478291,65.6747797 -20.6436145,65.6736124 -20.6385021,65.6752049 -20.6352721,65.6741803 -20.6310802,65.6751698 -20.6234874,65.674058 -20.6333606,65.6625307 -20.6353979,65.6557477 -20.6336979,65.6533604 -20.6370555,65.6505048 -20.6329585,65.6483732 -20.6338869,65.644708 -20.6304841,65.6436234 -20.6275994,65.6389397 -20.6282203,65.619625 -20.6360242,65.6069307 -20.631021,65.5966898 -20.6402237,65.5854796 -20.6411324,65.5724601 -20.6450554,65.5680791 -20.6425611,65.5637341 -20.6508383,65.5587693 -20.6535313,65.5465068 -20.6454813,65.5468646 -20.6460583,65.5432453 -20.6414222,65.5404586 -20.6321934,65.5399773 -20.6236932,65.5409498 -20.6191201,65.5455124 -20.6225973,65.5479025 -20.6223328,65.5505166 -20.6250294,65.5499663 -20.6300181,65.5518637 -20.6327505,65.5514874 -20.6329085,65.5537422 -20.6238269,65.5595247 -20.6226069,65.5586627 -20.613407,65.5584 -20.6092004,65.5569382 -20.6093144,65.5545661 -20.6075376,65.554504 -20.6042087,65.5603913 -20.598845,65.5627491 -20.5936346,65.5593127 -20.5980169,65.5542566 -20.5957069,65.5510939 -20.5966607,65.5448434 -20.5931118,65.5436158 -20.5903043,65.5493096 -20.5920619,65.5506588 -20.5893337,65.5511771 -20.5754164,65.5711694 -20.5750507,65.5716072 -20.5695761,65.5718135 -20.5684345,65.5713415 -20.5671893,65.5705261 -20.5702972,65.5510567 -20.5852693,65.5288759 -20.5796314,65.5273567 -20.5717633,65.5273437 -20.5597082,65.5305111 -20.5536278,65.5294456 -20.5540426,65.5273858 -20.5612262,65.5232409 -20.5642946,65.5173949 -20.5490872,65.5104533 -20.5400469,65.5089668 -20.5407932,65.5046468 -20.537882,65.5033036 -20.5393928,65.5017461 -20.5322616,65.501386 -20.5333302,65.4998527 -20.530261,65.4984089 -20.525968,65.4993029 -20.5246398,65.4974591 -20.5286548,65.4965906 -20.5259827,65.4937839 -20.5247523,65.493309 -20.5004107,65.4919482 -20.487492,65.4923888 -20.4787662,65.4962655 -20.4716976,65.4976692 -20.4687265,65.5001639 -20.4680088,65.50037 -20.4564449,65.5006045 -20.4543535,65.5015562 -20.4532307,65.5026674 -20.4515792,65.5050029 -20.4503936,65.5174342 -20.4380023,65.5264201 -20.4316219,65.5364724 -20.4215062,65.5414125 -20.4249479,65.5499461 -20.4313229,65.5558198 -20.4292217,65.55862 -20.4298688,65.5592617 -20.4325459,65.5602946 -20.4385045,65.5602678 -20.449702,65.5642042 -20.4543098,65.5689033 -20.4695936,65.5688138 -20.4555718,65.5705051 -20.456128,65.5712414 -20.4821882,65.5693868 -20.4857554,65.5703108 -20.4827991,65.5710495 -20.4875007,65.5710347 -20.4891297,65.569791 -20.4895478,65.5710922 -20.4917597,65.5710607 -20.4842156,65.5726621 -20.4855571,65.5741307 -20.4903347,65.5736161 -20.4909023,65.5759948 -20.4705822,65.5781544 -20.465699,65.5757408 -20.4645607,65.5782635 -20.461067,65.5773783 -20.4527472,65.5809067 -20.4482095,65.5804483 -20.4491945,65.5824136 -20.4509586,65.5827999 -20.4622982,65.5816283 -20.4651237,65.5804518 -20.4786847,65.5803285 -20.4871581,65.5791388 -20.4886845,65.5775675 -20.490133,65.5797963 -20.4975963,65.5808564 -20.4997177,65.5799125 -20.5025868,65.5804796 -20.5029202,65.5793163 -20.5047892,65.5798386 -20.5097123,65.5776228 -20.5084085,65.579825 -20.5098757,65.5798643 -20.5133013,65.5787719 -20.5150278,65.5760016 -20.52412,65.5735497 -20.5105494,65.5737644 -20.5092614,65.5748906 -20.500054,65.5716238 -20.5030015,65.5718302 -20.5024561,65.5702164 -20.4979658,65.5715138 -20.5007871,65.5736105 -20.4912931,65.5754737 -20.491104,65.5735033 -20.4963387,65.5720192 -20.4925758,65.5709558 -20.4977022,65.5698535 -20.4999679,65.56704 -20.5013597,65.569083 -20.5077422,65.5684479 -20.5114113,65.5664063 -20.5133014,65.5673724 -20.5144819,65.5667572 -20.5142204,65.5681127 -20.5174406,65.5689365 -20.5123558,65.5696163 -20.5173625,65.5700595 -20.5219758,65.5690751 -20.518945,65.5682848 -20.5269314,65.5664063 -20.5291852,65.5691119 -20.5270452,65.570212 -20.5202785,65.5702749 -20.5255173,65.5738133 -20.5265716,65.5740054 -20.5383666,65.5728995 -20.5384372,65.5727113 -20.5268648,65.5730733 -20.5277532,65.5707641 -20.5319477,65.5724806 -20.5447597,65.5712028 -20.5444351,65.5726641 -20.5400037,65.5732127 -20.5355709,65.5754629 -20.5340147,65.5749245 -20.5320593,65.5768785 -20.5314779,65.5769622 -20.530472,65.5757861 -20.5246692,65.5747852 -20.523084,65.5810751 -20.5181983,65.5816395 -20.5199527,65.5835958 -20.5174851,65.5833359 -20.5109783,65.5875828 -20.5075215,65.586887 -20.5092812,65.5845432 -20.5061566,65.5849591 -20.5075641,65.5823973 -20.4971808,65.5815291 -20.495537,65.5826387 -20.4929807,65.5808237 -20.4944628,65.5833914 -20.4905266,65.5839581 -20.488865,65.5872154 -20.4848649,65.5869129 -20.4823009,65.589962 -20.4753847,65.5901986 -20.4778988,65.5911369 -20.4959114,65.5895278 -20.5009009,65.5893481 -20.5120826,65.5898939 -20.5113528,65.5900934 -20.4836909,65.5914804 -20.4733574,65.5932215 -20.4693961,65.5927097 -20.4577801,65.5950062 -20.4546669,65.5940793 -20.4477249,65.5952748 -20.4471797,65.5937968 -20.4398065,65.5972106 -20.4267404,65.5989896 -20.4204477,65.5968539 -20.4212174,65.6004251 -20.4193388,65.5997654 -20.4154217,65.6010729 -20.4010725,65.6021684 -20.3991379,65.6027346 -20.4034342,65.6040632 -20.4002753,65.6047157 -20.3935556,65.6027296 -20.3917129,65.5985558 -20.3875192,65.5957434 -20.3881851,65.5938632 -20.4190654,65.5887774 -20.3917162,65.5913968 -20.3889501,65.5887575 -20.3917721,65.586886 -20.3839812,65.5817955 -20.3855379,65.5741242 -20.3877633,65.5729256 -20.3867207,65.5700377 -20.3907492,65.5670928 -20.3880923,65.5631626 -20.3925622,65.5533783 -20.3919343,65.5491344 -20.3883023,65.546895 -20.3877521,65.5467829 -20.390625,65.5527343 -20.3850446,65.5509819 -20.384248,65.5494989 -20.3821698,65.5508229 -20.3808525,65.5503196 -20.3815885,65.5525554 -20.3745522,65.5557585 -20.3758243,65.558157 -20.3724571,65.5614204 -20.3668323,65.5623053 -20.3630077,65.5647788 -20.3611165,65.5707206 -20.3614051,65.5711756 -20.3680331,65.572613 -20.3788781,65.5734071 -20.3794817,65.5740252 -20.3797414,65.5745095 -20.3760515,65.5757149 -20.3731482,65.579262 -20.3726501,65.5805851 -20.3745197,65.5824902 -20.3725867,65.5841867 -20.3726933,65.5849828 -20.376115,65.5863343 -20.3736842,65.5905375 -20.3797656,65.5924385 -20.3778481,65.5935572 -20.3804045,65.5952249 -20.3778977,65.5960582 -20.3754733,65.6007448 -20.3749833,65.6012527 -20.3701341,65.6034598 -20.3484696,65.6083713 -20.344065,65.6100724 -20.338365,65.6125317 -20.3380018,65.6161718 -20.336778,65.6166402 -20.335622,65.6167474 -20.3344402,65.6151702 -20.3315974,65.616419 -20.3218702,65.627387 -20.3198853,65.6350708 -20.3090494,65.6463602 -20.307426,65.6546978 -20.302899,65.6607784 -20.2823896,65.6576787 -20.2981085,65.6627409 -20.2922993,65.6676861 -20.3019856,65.6831777 -20.30098,65.6870841 -20.2932004,65.6955025 -20.2936558,65.6974434 -20.2793685,65.7053874 -20.2774338,65.7095711 -20.2785782,65.7170089 -20.2621562,65.7252638 -20.2640196,65.7277946 -20.2693382,65.72939 -20.2649962,65.7366085 -20.2650669,65.7421875 -20.2722212,65.7499121 -20.2707014,65.7534534 -20.274363,65.7612705 -20.2760224,65.763149 -20.279911,65.7639238 -20.2811095,65.7666248 -20.2778198,65.7695411 -20.2812181,65.7709815 -20.2750734,65.7817447 -20.2762469,65.7844338 -20.280308,65.7875695 -20.2898253,65.7895417 -20.2938076,65.7935904 -20.2968537,65.7980602 -20.2960896,65.8018281 -20.3090227,65.8160996 -20.3047301,65.8207638 -20.3084933,65.8227785 -20.3090227,65.8259557 -20.312396,65.8268116 -20.3175927,65.8266075 -20.318324,65.8252685 -20.3200287,65.8265399 -20.3231655,65.825702 -20.3253551,65.8291001 -20.322245,65.8323848 -20.3253765,65.833499 -20.3123457,65.8362087 -20.3085749,65.8414505 -20.3124462,65.8492635 -20.3206877,65.8519458 -20.3084656,65.8593019 -20.3085923,65.8619823 -20.3153617,65.867595 -20.3152909,65.8709322 -20.319065,65.872619 -20.3208171,65.8766748 -20.3292236,65.88273 -20.3342789,65.8835351 -20.3463475,65.8956707 -20.3487271,65.9031529 -20.3561307,65.9130194 -20.3656265,65.9210389 -20.3655233,65.9250817 -20.3718233,65.9299421 -20.3689156,65.9366574 -20.370863,65.9410743 -20.3812246,65.9454668 -20.381808,65.9515799 -20.3887401,65.9558377 -20.3873926,65.9707516 -20.3912234,65.9759645 -20.3866732,65.9775773 -20.3905926,65.9835433 -20.3890589,65.9892319 -20.4099944,66.0029416 -20.4146363,66.0157629 -20.4264822,66.0199091 -20.4357353,66.0213913 -20.4287679,66.0215378 -20.4257395,66.0228246 -20.4273883,66.0248899 -20.4199861,66.0303721 -20.4186352,66.0386519 -20.4010924,66.060178 -20.4053428,66.0701419 -20.4206632,66.0812469 -20.4210118,66.0819733 -20.4203418,66.0853667 -20.4125583,66.0883855 -20.3980449,66.0876493 -20.3915985,66.0892844 -20.3832471,66.0897367 -20.3808175,66.0914884 -20.3802639,66.0891665 -20.3753538,66.0900642 -20.3723354,66.0884939 -20.3659416,66.0891945 -20.3647273,66.0858361 -20.3703725,66.0830849 -20.3690518,66.080929 -20.3564621,66.0798604 -20.3540716,66.0811522 -20.3484635,66.0810034 -20.3442544,66.0846707 -20.3539861,66.0837353 -20.3612202,66.0849993 -20.3652095,66.0874375 -20.3539371,66.0856888 -20.3437721,66.086134 -20.3418338,66.0866001 -20.3276994,66.09375 -20.3172574,66.0989085 -20.3165894,66.0993232 -20.3115665,66.1053293 -20.3074768,66.1061676 -20.3037105,66.104803 -20.2885336,66.1035825 -20.2796154,66.1017174 -20.2682168,66.1026061 -20.2601748,66.1013129 -20.2479932,66.101081 -20.2411309,66.1016273 -20.2298914,66.1043037 -20.2181516,66.1051937 -20.2054622,66.1130975 -20.1956056,66.1152689 -20.1947799,66.1179894 -20.1927452,66.116362 -20.1894944,66.1164644 -20.1875823,66.1187423 -20.1780947,66.1213036 -20.1769458,66.1233681 -20.1747299,66.1239882 -20.1736305,66.1240485 -20.1704088,66.1234667 -20.1704099,66.1202275 -20.1596603,66.1205521 -20.1562001,66.1180576 -20.1511394,66.122575 -20.1445541,66.1224052 -20.1402214,66.1203575 -20.1402909,66.1163177 -20.1421402,66.1159964 -20.1400094,66.1137056 -20.1333203,66.1125172 -20.1299525,66.112704 -20.1299707,66.1151958 -20.1238061,66.1154609 -20.1140666,66.1138992 -20.1092952,66.1144102 -20.1054412,66.1177669 -20.1037927,66.1153508 -20.1064757,66.1140116 -20.1032125,66.1141033 -20.1017854,66.1170619 -20.1049958,66.1192344 -20.0973094,66.119693 -20.0911394,66.1137753 -20.100538,66.1119196 -20.1050074,66.10583 -20.1044381,66.1052883 -20.102734,66.1054991 -20.1025981,66.1068016 -20.0989912,66.1060525 -20.0856069,66.1009783 -20.0832793,66.0968097 -20.082478,66.0964473 -20.076828,66.0967808 -20.0755258,66.09375 -20.075313,66.09375 -20.0743219,66.0923907 -20.0652359,66.086217 -20.0496565,66.0840712 -20.0452105,66.0820595 -20.0405771,66.0826569 -20.0339653,66.0813547 -20.0346107,66.0797513 -20.0413153,66.0792007 -20.0434293,66.0751423 -20.0429656,66.0742692 -20.0380276,66.0721201 -20.034516,66.0608698 -20.0261751,66.0598154 -20.0205944,66.0554583 -20.0126796,66.0532206 -20.0112476,66.0518355 -20.0107334,66.0512053 -20.0120977,66.0455234 -20.0163903,66.0402035 -20.015972,66.0396976 -20.0116242,66.036731 -20.0043529,66.0348818 -20.0058242,66.0297098 -20.0055387,66.0294635 -19.9921498,66.0267591 -19.9912451,66.0202789 -19.985293,66.0139273 -19.9777256,66.0118675 -19.9726557,66.0079193 -19.965896,66.0068893 -19.9632405,66.0016108 -19.9527986,65.9997653 -19.9502665,65.9953022 -19.9431885,65.9946584 -19.9452124,65.9899592 -19.9443583,65.9886932 -19.9388725,65.9829425 -19.9341391,65.9813761 -19.9289553,65.9769344 -19.9287443,65.9747885 -19.9278115,65.9741878 -19.9188271,65.9732437 -19.9185591,65.9672784 -19.9310991,65.9679222 -19.9359465,65.9619139 -19.9296989,65.9599611 -19.9209926,65.9526443 -19.917767,65.9448628 -19.904358,65.9432458 -19.8933064,65.9372807 -19.8825707,65.935607 -19.8736989,65.9278131 -19.8681414,65.9188865 -19.8691767,65.9076571 -19.8607836,65.8971722 -19.8495604,65.8961678 -19.8413078,65.8968666 -19.8285112,65.9040545 -19.7876108,65.890377 -19.7527755,65.884248 -19.7464414,65.8841279 -19.7365241,65.8857539 -19.730955,65.8753967 -19.7165669,65.8703756 -19.7058942,65.8631408 -19.6970733,65.8535891 -19.6937712,65.846113 -19.6875,65.8435106 -19.6857368,65.8420085 -19.6871011,65.8368587 -19.6813349,65.8305072 -19.6818593,65.8269882 -19.6738544,65.8134834 -19.6607006,65.8084058 -19.6634272,65.7675503 -19.6617541,65.765233 -19.6434166,65.7595609 -19.6481785,65.7521728 -19.6286889,65.7460423 -19.6052873,65.744728 -19.5772125,65.7450075 -19.5633991,65.7479388 -19.5557982,65.7521365 -19.5564407,65.7595965 -19.541766,65.7716783 -19.5341578,65.7696152 -19.5253114,65.763414 -19.5177817,65.7609282 -19.50476,65.7495689 -19.4859914,65.743939 -19.478127,65.7376438 -19.4733765,65.736528 -19.4645541,65.736528 -19.4521689,65.7307398 -19.4438556,65.7229989 -19.4306221,65.7159554 -19.4246839,65.7163739 -19.4234962,65.7287174 -19.4194245,65.7234174 -19.4133167,65.7202792 -19.4129773,65.7177686 -19.4066998,65.7147002 -19.409584,65.7206279 -19.4097537,65.729624 -19.4063606,65.7331806 -19.4038157,65.7338082 -19.3992348,65.7320648 -19.3992348,65.7340174 -19.4043246,65.7372254 -19.4139953,65.7375741 -19.4146442,65.7391083 -19.4053324,65.7437981 -19.4123365,65.749825 -19.4018424,65.7535396 -19.3984489,65.7565569 -19.396278,65.7688721 -19.3999733,65.7716202 -19.3995436,65.7741553 -19.3739446,65.7833627 -19.3765676,65.7912719 -19.3726586,65.7975059 -19.3870474,65.815136 -19.3782668,65.8188182 -19.3711119,65.8243972 -19.3619128,65.8280236 -19.3612123,65.8354657 -19.3785321,65.8553194 -19.3955284,65.8690989 -19.3994522,65.8755844 -19.3985506,65.8850492 -19.4022413,65.8927087 -19.4281251,65.9013875 -19.4307497,65.9035354 -19.4264404,65.9050846 -19.4283121,65.9096434 -19.4377804,65.9122056 -19.4331461,65.9160987 -19.4407918,65.9186257 -19.4380286,65.9212368 -19.4392889,65.9235855 -19.452929,65.9307467 -19.4541258,65.9333968 -19.4647256,65.9405797 -19.455712,65.9418678 -19.4429297,65.9419966 -19.4349778,65.9369534 -19.429849,65.9376507 -19.42759,65.9384764 -19.4285882,65.943594 -19.4197947,65.9428983 -19.4165215,65.9446405 -19.4152061,65.9557315 -19.410508,65.9597043 -19.4126149,65.9732887 -19.4152212,65.9764385 -19.4199262,65.97768 -19.416121,65.9807432 -19.4130892,65.9886287 -19.4050304,65.9935802 -19.4041593,66.0024508 -19.4108196,66.0130403 -19.4302589,66.0255198 -19.4343776,66.0301226 -19.4386928,66.0394675 -19.4371355,66.047455 -19.4252406,66.0534739 -19.4164383,66.0560488 -19.4053608,66.0572282 -19.400169,66.0604262 -19.3872997,66.0624109 -19.382951,66.0659623 -19.373888,66.0678505 -19.3631098,66.0738158 -19.358586,66.0781931 -19.3521572,66.0776782 -19.3487443,66.0738801 -19.3391408,66.0725605 -19.3312978,66.0735288 -19.3242983,66.0763907 -19.2919152,66.0753285 -19.2805651,66.0779678 -19.2765967,66.0767447 -19.2667547,66.0780644 -19.2629092,66.0758682 -19.2442142,66.0787404 -19.2412754,66.0774853 -19.2224593,66.0828924 -19.2122962,66.0836648 -19.1870342,66.0811141 -19.1824706,66.0764672 -19.1769642,66.0747371 -19.1728596,66.0709512 -19.1663519,66.0692453 -19.1514306,66.0681473 -19.1368989,66.0723031 -19.1300659,66.0773724 -19.1403365,66.0843194 -19.1372067,66.087786 -19.1332765,66.0887892 -19.1275187,66.0871238 -19.1184325,66.0879579 -19.1022171,66.0908498 -19.0990344,66.0921834 -19.0951787,66.09375 -19.0944533,66.09375 -19.0864145,66.0980648 -19.0915225,66.1033762 -19.0829893,66.1088644 -19.0853326,66.1130219 -19.0839576,66.1191823 -19.0691628,66.1378201 -19.0611821,66.153367 -19.0189939,66.1649795 -18.9978967,66.1724621 -18.991716,66.1776325 -18.9782867,66.1790359 -18.9736044,66.1827275 -18.9510103,66.1874706 -18.9290136,66.1874706 -18.9179817,66.1855174 -18.9093841,66.1823381 -18.9037157,66.1776651 -18.8988842,66.1666203 -18.9058856,66.1554193 -18.8988821,66.1531448 -18.8998373,66.1503553 -18.904294,66.1475658 -18.9109792,66.1483383 -18.9135259,66.1472225 -18.9123586,66.1453772 -18.9067345,66.144905 -18.9084324,66.1421585 -18.914587,66.1422443 -18.9194682,66.1401844 -18.9209538,66.1365365 -18.9188315,66.1356782 -18.9147993,66.1361074 -18.9058073,66.1407531 -18.8949029,66.1421155 -18.8875273,66.1457891 -18.8648241,66.1611261 -18.850385,66.1787077 -18.8409224,66.1852455 -18.843261,66.1867903 -18.8426492,66.1934988 -18.8479379,66.1960601 -18.8580157,66.1967556 -18.8587738,66.1991789 -18.8492136,66.196575 -18.8377336,66.1986351 -18.8232772,66.1988066 -18.7967458,66.1932262 -18.788642,66.1942601 -18.773826,66.1900789 -18.761831,66.1812168 -18.7589576,66.1720169 -18.7777826,66.158123 -18.781253,66.1522189 -18.7798644,66.1512511 -18.7900972,66.1390305 -18.7915812,66.1321111 -18.7702703,66.1325588 -18.7668976,66.1371821 -18.7530537,66.1437565 -18.7393709,66.1556339 -18.711974,66.1626505 -18.6965233,66.1632943 -18.681343,66.1624761 -18.6732033,66.1608682 -18.6671561,66.1575549 -18.651656,66.1531018 -18.648778,66.1491334 -18.6390771,66.1446707 -18.6240146,66.130443 -18.6108696,66.1226499 -18.6071355,66.1187047 -18.6068476,66.1182963 -18.6108691,66.1084647 -18.6120276,66.1067377 -18.6126829,66.1062756 -18.6376284,66.09375 -18.6376003,66.09375 -18.6381019,66.0934244 -18.6516246,66.0895872 -18.6598799,66.0853815 -18.6619772,66.0837494 -18.6627064,66.0819764 -18.6611328,66.0770559 -18.6590719,66.0742019 -18.6657358,66.0716915 -18.675246,66.0710906 -18.6798954,66.0657691 -18.678416,66.0633659 -18.6817973,66.0630226 -18.6883487,66.0590744 -18.6883487,66.0563278 -18.7010289,66.0471439 -18.7008175,66.0467147 -18.6942662,66.0450839 -18.6875035,66.0448265 -18.6729212,66.0517787 -18.6724985,66.0592459 -18.6674265,66.0606194 -18.6640452,66.060276 -18.6553802,66.0660266 -18.6547464,66.0668849 -18.655803,66.0678291 -18.6653131,66.0686874 -18.6646791,66.069889 -18.6562145,66.0739444 -18.6550713,66.0744059 -18.6454414,66.074249 -18.6442376,66.0747195 -18.6437218,66.0753473 -18.6460433,66.0750335 -18.6478488,66.0765851 -18.6410993,66.0760097 -18.6358119,66.078503 -18.6236356,66.0798432 -18.6228818,66.0800167 -18.5815237,66.0921485 -18.5780889,66.0928494 -18.5740002,66.0932812 -18.5641924,66.0928572 -18.563336,66.0926971 -18.5471528,66.0873291 -18.5451117,66.0863848 -18.5368921,66.0793749 -18.526574,66.0676436 -18.5262891,66.067161 -18.5267242,66.0610164 -18.5223097,66.0544817 -18.5239356,66.0550495 -18.5169982,66.0476812 -18.5167135,66.0467889 -18.5204623,66.0337673 -18.5198297,66.0320683 -18.5191326,66.0309777 -18.5176991,66.0298659 -18.5121799,66.0287139 -18.5069178,66.0253804 -18.5076042,66.0197664 -18.5153275,66.0135947 -18.5126112,66.0031723 -18.5150051,65.9934804 -18.5284606,65.9797024 -18.5277227,65.977149 -18.5227154,65.9739518 -18.5226628,65.9736727 -18.5271428,65.9738016 -18.527986,65.9735441 -18.5281444,65.9725569 -18.5266685,65.9712909 -18.5192339,65.9688019 -18.5163888,65.9682226 -18.4876326,65.9633822 -18.4614063,65.9642091 -18.4489005,65.9629709 -18.4457488,65.9591976 -18.435443,65.9532827 -18.4145896,65.9466184 -18.4025456,65.9465235 -18.3985836,65.9485137 -18.3886325,65.9504288 -18.3783128,65.9492272 -18.3738896,65.9501284 -18.3689142,65.9470868 -18.3590666,65.9449261 -18.326992,65.9449089 -18.3231226,65.9437823 -18.3222935,65.9434068 -18.3142031,65.9373699 -18.3138945,65.9370683 -18.3051608,65.9266216 -18.2991753,65.923948 -18.3040562,65.921815 -18.303688,65.9183228 -18.2996387,65.9149806 -18.2881025,65.9102319 -18.2808641,65.9097987 -18.2731773,65.9049943 -18.2770015,65.9019252 -18.2705551,65.896731 -18.2741401,65.8939898 -18.2734966,65.8914738 -18.2602596,65.8811098 -18.2628279,65.8774298 -18.259061,65.8740878 -18.2596123,65.8682674 -18.2503695,65.8657253 -18.2450002,65.8609449 -18.2407759,65.861358 -18.240133,65.8641742 -18.2248408,65.8673429 -18.2131267,65.8613634 -18.2026838,65.8591318 -18.1919281,65.8531022 -18.1904597,65.8518791 -18.1924148,65.8486176 -18.18911,65.8404865 -18.1868401,65.8076161 -18.1869072,65.8050584 -18.1922454,65.7993937 -18.1816738,65.7957029 -18.1809411,65.7898664 -18.1721488,65.7887506 -18.1705788,65.7876348 -18.1677527,65.7874631 -18.1693227,65.7899951 -18.1647173,65.7884502 -18.161049,65.7860898 -18.164187,65.7832144 -18.1627225,65.7820129 -18.1572833,65.7849311 -18.1520531,65.7835149 -18.1589568,65.7815408 -18.1551911,65.7751034 -18.1561279,65.7691383 -18.1502728,65.7658339 -18.1548733,65.7612419 -18.1598917,65.7590532 -18.1558142,65.7553625 -18.1564292,65.7471656 -18.1524609,65.7442831 -18.1550364,65.7426167 -18.1552455,65.7389259 -18.1601896,65.7359217 -18.1602622,65.7319736 -18.1595629,65.7312011 -18.15211,65.7263088 -18.1504378,65.7292269 -18.1419086,65.7260084 -18.1401339,65.7251071 -18.1376225,65.7212018 -18.1366835,65.7207298 -18.130841,65.7195281 -18.1188427,65.7072544 -18.1125706,65.7040786 -18.1149682,65.7006454 -18.1044393,65.6959248 -18.0869259,65.6939507 -18.0734781,65.6872987 -18.074923,65.684638 -18.0842994,65.6842517 -18.0872164,65.6804323 -18.0872164,65.6764411 -18.0795094,65.6700038 -18.0782597,65.658245 -18.077739,65.6578588 -18.0746145,65.6574296 -18.0752394,65.6678152 -18.0718024,65.6682872 -18.068678,65.6590174 -18.0564924,65.6589746 -18.053472,65.6579016 -18.0503474,65.6600475 -18.0436819,65.6611633 -18.0398284,65.6599617 -18.038891,65.657773 -18.0371205,65.6575584 -18.0364956,65.658245 -18.0462095,65.6773971 -18.0640281,65.699321 -18.0818468,65.7212448 -18.0831308,65.7409858 -18.0908458,65.7440327 -18.0883564,65.7481956 -18.0928305,65.7513713 -18.0894016,65.7542896 -18.0900226,65.7624006 -18.0828083,65.776906 -18.073629,65.781498 -18.072771,65.7881498 -18.0719339,65.7887934 -18.063459,65.7903814 -18.0610667,65.7929134 -18.0596895,65.7957029 -18.0632793,65.7983207 -18.0589731,65.8035564 -18.0622925,65.8077621 -18.0580142,65.8093929 -18.0568403,65.8137702 -18.0522267,65.8166027 -18.0522456,65.81789 -18.0557917,65.8207225 -18.0628604,65.82201 -18.0675446,65.8297348 -18.067535,65.830164 -18.0575897,65.8350992 -18.0571706,65.8357857 -18.0583081,65.8402919 -18.063958,65.8514498 -18.0765584,65.8603764 -18.0761384,65.863552 -18.0803385,65.8664703 -18.0781581,65.867797 -18.0849279,65.8793048 -18.0852432,65.8796128 -18.1022001,65.8860397 -18.0915825,65.8855247 -18.0889577,65.8876276 -18.1060854,65.8917046 -18.1097623,65.8952236 -18.1158553,65.8965539 -18.117431,65.8994293 -18.1257557,65.9042358 -18.1240731,65.9057807 -18.125966,65.9073257 -18.123232,65.9079266 -18.1263866,65.9099005 -18.1259402,65.9129477 -18.1333272,65.9133338 -18.1383749,65.9154795 -18.1340353,65.9171534 -18.1355075,65.9192562 -18.138031,65.9196852 -18.1442637,65.9165096 -18.1497321,65.9160804 -18.1361384,65.9075403 -18.1360614,65.9044933 -18.156408,65.9086853 -18.1627403,65.9085273 -18.1625903,65.906639 -18.1683528,65.9056948 -18.1745847,65.9092998 -18.1876316,65.9132479 -18.1946024,65.9187841 -18.2010182,65.9214448 -18.202993,65.925436 -18.2011111,65.9309291 -18.2073218,65.9335899 -18.1950268,65.9434432 -18.1873828,65.9454548 -18.1804962,65.9522119 -18.2216799,65.9697675 -18.2390625,65.9779758 -18.2441339,65.9810543 -18.2520033,65.9898252 -18.2553312,65.992606 -18.2606852,65.9950799 -18.2663667,66.006222 -18.27867,66.0157644 -18.2810671,66.0216093 -18.2773212,66.0278362 -18.2838227,66.038159 -18.2858202,66.0469722 -18.2998981,66.0581808 -18.2959301,66.0602138 -18.2956527,66.0616493 -18.2954493,66.0631856 -18.2995425,66.0678613 -18.2965246,66.0764163 -18.2967107,66.079545 -18.298794,66.0858535 -18.3058151,66.0934495 -18.3060015,66.0940074 -18.3064594,66.101818 -18.3233476,66.1152935 -18.3219295,66.1176966 -18.3247256,66.1195421 -18.3174897,66.1277817 -18.3182324,66.1328887 -18.3124098,66.1451601 -18.3120863,66.1558914 -18.296712,66.1605262 -18.2734507,66.1726284 -18.2652827,66.1746454 -18.2588011,66.17486 -18.2509783,66.1732292 -18.2440314,66.174345 -18.2213854,66.1737871 -18.2011009,66.1724997 -18.1891003,66.1703109 -18.1554303,66.1694828 -18.1506985,66.1657367 -18.1421344,66.1527419 -18.1362956,66.1515378 -18.12892,66.1515148 -18.1246367,66.1527224 -18.1222517,66.1597377 -18.1161515,66.1642169 -18.092679,66.1654186 -18.0882182,66.1634445 -18.0873684,66.1607836 -18.0770627,66.1600971 -18.0733466,66.158123 -18.0765318,66.1535739 -18.0818104,66.1506557 -18.0817255,66.1483383 -18.077395,66.1440024 -18.0661277,66.1415576 -18.0591912,66.1427892 -18.0488333,66.1473511 -18.0327038,66.1487246 -18.0216869,66.1564064 -18.0172282,66.1568356 -18.0105259,66.1557626 -17.9955637,66.1559343 -17.9827234,66.1537884 -17.9735965,66.1538743 -17.9585261,66.150527 -17.9521588,66.1477375 -17.941865,66.1486816 -17.9359223,66.1483383 -17.931253,66.1473084 -17.9227622,66.1443042 -17.9123634,66.138382 -17.8964869,66.1358299 -17.8909926,66.1329746 -17.8975663,66.1304801 -17.8989086,66.1269598 -17.8944412,66.120387 -17.8912765,66.1181442 -17.8841549,66.1164951 -17.8817464,66.1126426 -17.8646574,66.1066246 -17.8316987,66.1080408 -17.8182393,66.1064529 -17.8106149,66.1027622 -17.812627,66.0987281 -17.8093441,66.0947798 -17.8071198,66.0935791 -17.8035194,66.0917758 -17.7882752,66.0880851 -17.7630901,66.0787296 -17.7470943,66.0748672 -17.7370672,66.0703611 -17.7351474,66.0694599 -17.7317793,66.0661554 -17.7240591,66.063795 -17.7250108,66.0607481 -17.713069,66.055684 -17.7013663,66.0444939 -17.6867059,66.0350136 -17.6732708,66.0327289 -17.6727523,66.0321935 -17.6756623,66.0242271 -17.6707772,66.0191202 -17.6703095,66.008606 -17.6668773,66.0068949 -17.6636375,66.0001516 -17.6451787,65.9919548 -17.6387445,65.9910105 -17.6358554,65.9851741 -17.6302664,65.9823846 -17.6112418,65.9811401 -17.6073799,65.9797267 -17.5978597,65.9705893 -17.589451,65.9671926 -17.5887134,65.963888 -17.5737507,65.9543608 -17.5716273,65.9419155 -17.5670145,65.9345703 -17.5599029,65.9297208 -17.5552152,65.9285448 -17.5501544,65.9306639 -17.5553414,65.9352624 -17.5582557,65.9467649 -17.5550972,65.9483528 -17.5557289,65.9516143 -17.5782197,65.9712696 -17.5805405,65.9747028 -17.5805405,65.9838008 -17.5489706,65.9839126 -17.5174006,65.9840245 -17.4802274,65.9860786 -17.4533299,65.9882625 -17.4264324,65.9904464 -17.4142808,65.9921263 -17.4056969,65.999257 -17.3902276,66.0028553 -17.3817878,66.0062885 -17.3792235,66.0080909 -17.3781691,66.0109233 -17.378834,66.0120391 -17.3872737,66.0163307 -17.3837012,66.0170683 -17.3740335,66.0272396 -17.3591248,66.0309559 -17.3437575,66.0383892 -17.3420891,66.0429382 -17.3448143,66.0471439 -17.3498865,66.0479164 -17.3545522,66.0462856 -17.3619453,66.0511779 -17.3543015,66.0609767 -17.3541245,66.0655975 -17.348725,66.0694962 -17.3511612,66.0722923 -17.3562886,66.0732192 -17.3610262,66.0769062 -17.3431408,66.0797154 -17.3385766,66.0824687 -17.3410004,66.0867118 -17.3512845,66.0888849 -17.3541238,66.0937494 -17.3471394,66.0964108 -17.3340152,66.0934066 -17.3217378,66.0931491 -17.301192,66.0963249 -17.2924995,66.1047363 -17.2747535,66.1082553 -17.2628611,66.1154468 -17.2586836,66.120615 -17.2620363,66.1287689 -17.2571979,66.1467932 -17.261439,66.1496257 -17.2720563,66.1529731 -17.2756662,66.1585521 -17.2758785,66.1607836 -17.2701452,66.1648178 -17.2673846,66.1699677 -17.256561,66.1721134 -17.2523082,66.1744308 -17.2425404,66.1752033 -17.2389439,66.1766624 -17.237444,66.1830997 -17.2228595,66.190052 -17.2107416,66.1907386 -17.196596,66.1936249 -17.1942987,66.1933994 -17.1928093,66.1906528 -17.1856917,66.1881638 -17.1676031,66.1858983 -17.1517659,66.1876103 -17.1415352,66.194086 -17.1478142,66.2050724 -17.1461135,66.2077332 -17.1395231,66.2033557 -17.1331453,66.2030123 -17.1269801,66.2007807 -17.1172009,66.2018965 -17.1069965,66.2012959 -17.0984927,66.2041281 -17.0753202,66.2035275 -17.0676668,66.2049007 -17.0621756,66.2041281 -17.0457698,66.2048149 -17.0377135,66.206789 -17.0302652,66.2063597 -17.027912,66.2027549 -17.0168582,66.1980342 -17.0055792,66.196146 -17.0011101,66.194086 -16.9883065,66.1861038 -16.9874566,66.1849021 -16.987307,66.1796665 -16.9791698,66.170826 -16.9768326,66.1556339 -16.9487509,66.1405277 -16.9466301,66.1355495 -16.9504476,66.1220741 -16.9466301,66.1182117 -16.9483268,66.1146926 -16.9421762,66.112461 -16.9428124,66.109886 -16.9527806,66.1054229 -16.9546893,66.1022472 -16.9455696,66.1025047 -16.9404795,66.1002731 -16.9324203,66.0995864 -16.9298751,66.1007022 -16.9307235,66.1020755 -16.925427,66.1023329 -16.9233069,66.1006165 -16.9288146,66.0983849 -16.922452,66.096754 -16.9186345,66.1002731 -16.9082422,66.1009597 -16.9046367,66.1024188 -16.9046367,66.1042213 -16.9124841,66.1050797 -16.9179983,66.1062812 -16.9165136,66.1072254 -16.9220279,66.1071395 -16.926699,66.108942 -16.9205433,66.1100578 -16.9220279,66.1125469 -16.919907,66.1186408 -16.9165136,66.1185549 -16.9154624,66.1196707 -16.9224588,66.1213874 -16.9233005,66.1223316 -16.92224,66.1232758 -16.9173619,66.1241339 -16.8927772,66.1226749 -16.875,66.1233259 -16.849961,66.1236345 -16.8127179,66.1281758 -16.7754747,66.1327171 -16.7718693,66.1310863 -16.7767472,66.1278247 -16.7648706,66.1234474 -16.7566288,66.1248207 -16.7464447,66.1297988 -16.7436866,66.1341763 -16.7260767,66.1377811 -16.7167273,66.1388111 -16.6944638,66.1354637 -16.6937634,66.1348736 -16.6902823,66.13276 -16.6859748,66.1216288 -16.6774404,66.1181688 -16.6627932,66.1146926 -16.6522425,66.1070913 -16.6495163,66.1012172 -16.6452842,66.098401 -16.644556,66.0980254 -16.6197608,66.0919476 -16.6125742,66.084668 -16.5950626,66.0819052 -16.5811951,66.082592 -16.5719786,66.0761547 -16.5599073,66.0739231 -16.5715551,66.0807037 -16.5745201,66.0866261 -16.5762143,66.088171 -16.5803475,66.0898876 -16.5893446,66.0914325 -16.6028097,66.0970114 -16.6111844,66.0954236 -16.6319102,66.1072789 -16.6391948,66.1077082 -16.6617202,66.1185979 -16.6786851,66.1220312 -16.6802756,66.1229699 -16.6825289,66.1248744 -16.6843179,66.1345839 -16.6828814,66.1362787 -16.6760052,66.1468791 -16.6738836,66.1489391 -16.6566979,66.1573505 -16.6412646,66.1632729 -16.6304314,66.1656761 -16.6014961,66.1694312 -16.575712,66.175271 -16.5499278,66.1811109 -16.5387734,66.183719 -16.5234375,66.188058 -16.5105644,66.1920527 -16.5027978,66.195173 -16.4822303,66.2041018 -16.4685636,66.2144607 -16.4667226,66.2213472 -16.454367,66.223808 -16.4303265,66.2367439 -16.4283072,66.2383747 -16.4249004,66.2418936 -16.4246145,66.2439537 -16.4286231,66.2521935 -16.4288847,66.2607765 -16.4271352,66.2633514 -16.417532,66.2666988 -16.4166784,66.2715911 -16.4179589,66.2788008 -16.41949,66.2798309 -16.425361,66.2812901 -16.4322568,66.2854099 -16.4431403,66.2862682 -16.4363114,66.288414 -16.4352903,66.2897872 -16.4361444,66.2940788 -16.4397259,66.2975121 -16.4416465,66.2987136 -16.454934,66.3004302 -16.4493825,66.3016319 -16.4515177,66.3047218 -16.4668909,66.3050652 -16.4687488,66.3063526 -16.4698802,66.3093566 -16.4670672,66.3141632 -16.4685637,66.3154505 -16.4754314,66.3158798 -16.4737235,66.3251495 -16.4788477,66.3327026 -16.4771397,66.3364791 -16.4790399,66.3380241 -16.4882426,66.340084 -16.4855636,66.3428307 -16.4869616,66.3462638 -16.5048969,66.3510704 -16.5083132,66.3545036 -16.5104485,66.36137 -16.5071667,66.363945 -16.5080224,66.3697814 -16.5018901,66.3779354 -16.5082364,66.3800811 -16.5182958,66.3804244 -16.5151716,66.384716 -16.5196702,66.3868618 -16.5089592,66.3870333 -16.5065076,66.3930416 -16.5102446,66.4012814 -16.5193675,66.4047145 -16.5212965,66.4106369 -16.527734,66.4138983 -16.5182958,66.415615 -16.5153954,66.4172457 -16.5130349,66.4144135 -16.505739,66.4141558 -16.4972914,66.41716 -16.5145369,66.4310646 -16.5254045,66.4451408 -16.5418977,66.4511489 -16.5396124,66.461706 -16.5436974,66.4683151 -16.5501149,66.4696884 -16.5539827,66.4738941 -16.5612884,66.476984 -16.5660156,66.4775848 -16.5698833,66.4804173 -16.5705718,66.4822196 -16.5688089,66.484623 -16.5636919,66.4869403 -16.563222,66.491146 -16.5495315,66.4992141 -16.5477811,66.500845 -16.5455644,66.5074539 -16.5421808,66.5102005 -16.5170209,66.5064239 -16.5014719,66.5081404 -16.4939837,66.5114878 -16.4831622,66.5117455 -16.4816542,66.5132904 -16.4715298,66.5153503 -16.4352624,66.5180969 -16.4341301,66.5165519 -16.4285322,66.5162086 -16.4285322,66.5136337 -16.4226915,66.5112061 -16.4235805,66.508913 -16.4274559,66.5082263 -16.4270253,66.5055656 -16.4298242,66.5051364 -16.4276711,66.5010166 -16.4126,66.4990425 -16.4117389,66.503334 -16.4081475,66.5052223 -16.4147177,66.5075852 -16.4149684,66.5102863 -16.3835632,66.5146636 -16.3767409,66.5117213 -16.3576678,66.5085589 -16.3513101,66.5051794 -16.3504624,66.502017 -16.3474348,66.5007375 -16.3383307,66.5005873 -16.3338097,66.4975833 -16.3331639,66.4884853 -16.3301498,66.4871978 -16.3098081,66.4867687 -16.2991111,66.4902877 -16.2982182,66.490328 -16.290675,66.4887642 -16.2816528,66.4888232 -16.2530773,66.4940643 -16.2513551,66.4964675 -16.2582442,66.4999866 -16.2481257,66.5034198 -16.248341,66.5079689 -16.2558759,66.5108871 -16.2541538,66.5132904 -16.2485563,66.515007 -16.2417576,66.5146636 -16.2401602,66.5135478 -16.2339264,66.503849 -16.2270973,66.5028189 -16.2162532,66.5053939 -16.2024596,66.5169811 -16.2039684,66.5225601 -16.2015975,66.5247917 -16.2042074,66.5302848 -16.1981492,66.5328598 -16.1953474,66.5380954 -16.1916834,66.5380954 -16.1895282,66.5373229 -16.1899592,66.5329456 -16.1860797,66.5301991 -16.1727687,66.5330313 -16.1528888,66.5345764 -16.144573,66.5344048 -16.1374118,66.5323448 -16.1243417,66.5340507 -16.1145254,66.5333747 -16.1076285,66.5344905 -16.0915989,66.5299952 -16.0835952,66.5294158 -16.0735251,66.5229892 -16.0677103,66.5238475 -16.0657783,66.5275382 -16.0578036,66.5273666 -16.0370641,66.5208648 -16.0370641,66.5193307 -16.0427597,66.5141701 -16.0542929,66.5104043 -16.0668747,66.5005016 -16.0591857,66.5009201 -16.0554347,66.5028189 -16.0481249,66.503849 -16.0221395,66.5049648 -16.0125774,66.5077114 -15.9976751,66.5090095 -15.9943672,66.510415 -15.9962099,66.5132904 -15.9941639,66.515994 -15.9763963,66.5186977 -15.9716569,66.5180861 -15.9684107,66.5138912 -15.9550992,66.5156722 -15.9509141,66.5098115 -15.9548507,66.5077891 -15.9594874,66.5074753 -15.9509141,66.5059062 -15.9524012,66.5047206 -15.9624408,66.5047073 -15.9652396,66.5010138 -15.9607188,66.4978383 -15.9532762,66.4969798 -15.9379665,66.5033956 -15.935908,66.5002441 -15.925786,66.49827 -15.9193887,66.4985489 -15.915664,66.4972399 -15.9242783,66.4952658 -15.930922,66.4886461 -15.929287,66.4879704 -15.9199712,66.4865112 -15.902613,66.4897619 -15.893266,66.4887428 -15.8885978,66.4870262 -15.8863395,66.4858245 -15.8893896,66.4847087 -15.8928273,66.4843225 -15.8969939,66.4845371 -15.9042495,66.488142 -15.9246917,66.4851379 -15.9247659,66.4832495 -15.9193836,66.4819622 -15.9076954,66.4826488 -15.9080168,66.4760828 -15.9172918,66.4747953 -15.9217625,66.4767138 -15.9416645,66.4724349 -15.9350353,66.4665877 -15.9349776,66.4634656 -15.9410324,66.4598608 -15.9366962,66.458981 -15.9306288,66.4605902 -15.9267094,66.4572858 -15.9284338,66.4542437 -15.9361171,66.4532183 -15.9392155,66.4534796 -15.9377317,66.4556242 -15.9396775,66.4580368 -15.9455569,66.4582729 -15.949119,66.4570713 -15.9466954,66.4518021 -15.9365351,66.4458274 -15.9370185,66.4416432 -15.9449763,66.4407634 -15.9444823,66.438682 -15.9377162,66.4375877 -15.9352999,66.4388108 -15.9180585,66.4325881 -15.9348286,66.4257001 -15.9326838,66.4165163 -15.9238324,66.4168167 -15.92018,66.4190483 -15.9121637,66.4175999 -15.9058715,66.4178036 -15.8999691,66.4141558 -15.8995552,66.4217089 -15.8936402,66.4239407 -15.8865547,66.4246273 -15.8810817,66.4237689 -15.8789353,66.421151 -15.881723,66.4181041 -15.8803304,66.4160442 -15.8750629,66.4157867 -15.8720551,66.4169025 -15.8624805,66.4157867 -15.8568012,66.4162158 -15.8450869,66.4212799 -15.8325837,66.4238548 -15.8231519,66.4220845 -15.8227581,66.4169025 -15.8283826,66.4155293 -15.8358259,66.4100468 -15.8399522,66.4024937 -15.8386763,66.400938 -15.8236169,66.4003372 -15.8039351,66.4057446 -15.7854921,66.4028692 -15.7795693,66.4029388 -15.7682703,66.4004231 -15.7426395,66.4007771 -15.7339296,66.4000797 -15.7273082,66.3981056 -15.7104127,66.399731 -15.6994385,66.3970112 -15.6987395,66.396389 -15.6865388,66.3760203 -15.6874084,66.3594925 -15.6762716,66.3438016 -15.6816598,66.3369673 -15.6835718,66.3283199 -15.7044042,66.3110946 -15.7243731,66.299867 -15.7319338,66.2987136 -15.7394384,66.2949156 -15.7463793,66.2886393 -15.7586991,66.283897 -15.7594352,66.2798744 -15.7631007,66.2850666 -15.78438,66.2865471 -15.7862616,66.2834787 -15.7914642,66.2809681 -15.7904238,66.2797129 -15.76996,66.2737852 -15.7581073,66.2723778 -15.7543523,66.273297 -15.7253617,66.2591403 -15.7203381,66.2592798 -15.7063171,66.2624931 -15.6943542,66.2670207 -15.6830612,66.2642955 -15.6839606,66.2605351 -15.6933149,66.2546074 -15.6921023,66.2495863 -15.7016268,66.2418454 -15.7056066,66.2311059 -15.702665,66.227898 -15.6903059,66.2240409 -15.6810356,66.2256664 -15.6673657,66.2226676 -15.6609011,66.2236118 -15.6580218,66.2266427 -15.6427947,66.226294 -15.6403722,66.2221097 -15.6232415,66.2205755 -15.61722,66.2214659 -15.6127452,66.2241268 -15.6062005,66.2256716 -15.6031694,66.2288743 -15.5963382,66.2289333 -15.5924428,66.2313848 -15.5849968,66.2326679 -15.580025,66.2307357 -15.5795993,66.2261009 -15.5757251,66.2255859 -15.5785977,66.2215518 -15.5753095,66.2173676 -15.5697715,66.2163215 -15.5614715,66.2164878 -15.5544879,66.2137413 -15.5450906,66.2128829 -15.5389529,66.2134838 -15.532217,66.2172281 -15.5317174,66.2141705 -15.5247967,66.2100452 -15.5227215,66.2067676 -15.5185713,66.205303 -15.5171877,66.1980503 -15.5045638,66.1971437 -15.4995738,66.1903954 -15.4921265,66.1880779 -15.4743772,66.1864471 -15.4699171,66.1868762 -15.4684582,66.1894726 -15.4593019,66.188566 -15.4537736,66.1866134 -15.4534281,66.1850094 -15.4501457,66.1843818 -15.4447556,66.1802952 -15.4285012,66.1620712 -15.4049261,66.1554621 -15.3920707,66.1541748 -15.3806018,66.1487674 -15.3777403,66.1461925 -15.378478,66.1446475 -15.3793277,66.1437892 -15.3807138,66.1428452 -15.39282,66.1397552 -15.388997,66.139326 -15.3752923,66.1415576 -15.3725314,66.1456774 -15.3655227,66.1488533 -15.3674341,66.1548615 -15.3555408,66.158638 -15.3491691,66.1665344 -15.3437582,66.1685942 -15.3441828,66.1721134 -15.3390855,66.1727142 -15.3373864,66.1798381 -15.3328292,66.1810398 -15.3277261,66.1887645 -15.3286786,66.1945152 -15.3333998,66.1973476 -15.3372945,66.1964893 -15.3396333,66.1973476 -15.3404196,66.2000942 -15.3382924,66.20121 -15.3430355,66.208849 -15.3481385,66.2103939 -15.3489891,66.2119389 -15.3424067,66.2182044 -15.3487962,66.22756 -15.3468012,66.2319374 -15.3493539,66.2360572 -15.3429977,66.2460994 -15.3356369,66.2504768 -15.3381912,66.2552834 -15.3354671,66.2582015 -15.3212503,66.2582015 -15.3157068,66.2590599 -15.3126484,66.2616348 -15.3090972,66.261463 -15.3050888,66.2578582 -15.3003027,66.2564849 -15.2905112,66.2561415 -15.2864971,66.2539099 -15.2733684,66.2529016 -15.2474725,66.2535667 -15.2311991,66.2547039 -15.2012554,66.2597143 -15.1713117,66.2647247 -15.1471744,66.2644672 -15.1318588,66.2664198 -15.1161329,66.2700462 -15.1038423,66.2742304 -15.0967448,66.2790369 -15.0963366,66.2857532 -15.1039757,66.2871265 -15.10124,66.2932205 -15.0864861,66.2903022 -15.0774337,66.2928771 -15.0639311,66.2946796 -15.0441399,66.3028336 -15.037466,66.3094425 -15.0386837,66.3141041 -15.0204496,66.3196563 -15.0133435,66.3234329 -15.0111887,66.3331317 -15.004238,66.3411407 -15.0019944,66.350212 -14.9730803,66.3521862 -14.9625148,66.3544178 -14.9540464,66.3616275 -14.9386379,66.368494 -14.9285796,66.3712406 -14.909319,66.3727854 -14.8780671,66.3786864 -14.8532569,66.3867974 -14.8279638,66.386218 -14.8197736,66.379652 -14.8123059,66.3763689 -14.7954435,66.3744378 -14.7661675,66.3616977 -14.7552191,66.3617885 -14.7187107,66.3584713 -14.6856802,66.3599538 -14.6712337,66.3615953 -14.6478783,66.3677751 -14.624523,66.373955 -14.6033754,66.3764656 -14.5822346,66.3756285 -14.5417777,66.3791209 -14.5341533,66.3793623 -14.5289366,66.3784772 -14.5311435,66.3759826 -14.5319463,66.3755804 -14.5412914,66.3715934 -14.5684628,66.3625448 -14.6099811,66.3573145 -14.6168003,66.3557051 -14.6216131,66.3528084 -14.6304367,66.3530498 -14.6597152,66.3490264 -14.6745549,66.348785 -14.6893948,66.3441181 -14.7183616,66.3382172 -14.7473284,66.3323163 -14.758462,66.3288617 -14.7750711,66.328454 -14.7921438,66.3235188 -14.8306108,66.3047754 -14.8518465,66.302061 -14.8571743,66.299486 -14.8731579,66.299486 -14.887543,66.2971258 -14.8981987,66.293907 -14.9136496,66.2928342 -14.9322969,66.2881135 -14.952152,66.2856566 -14.9709384,66.2808179 -14.9786493,66.2743806 -14.9895304,66.2691879 -15.0051002,66.265583 -15.0184966,66.2666988 -15.023403,66.2625788 -15.0206277,66.2588882 -15.0052884,66.2561684 -14.9799227,66.2541085 -14.9621329,66.2436962 -14.9509444,66.2346839 -14.9376248,66.2282466 -14.9338953,66.223526 -14.9264458,66.2211227 -14.9243701,66.2182903 -14.9243162,66.2151145 -14.9253708,66.2093639 -14.9333264,66.1987222 -14.9365648,66.1885945 -14.9376373,66.1879209 -14.9584054,66.1773301 -14.9945194,66.1667634 -14.998444,66.163938 -15.0209448,66.1563147 -15.0225532,66.1556339 -15.0294755,66.1512887 -15.0650424,66.1392188 -15.0973856,66.1344337 -15.1285275,66.1324596 -15.1497397,66.1323738 -15.1601275,66.1225032 -15.1789418,66.115465 -15.1848731,66.109972 -15.1855103,66.1088562 -15.1838163,66.1053371 -15.1768281,66.1024188 -15.159887,66.0999298 -15.1545929,66.0970973 -15.1537368,66.0925483 -15.1507714,66.0907459 -15.149087,66.0904884 -15.1353092,66.089716 -15.1189997,66.0901451 -15.1103345,66.0928916 -15.0995346,66.0922908 -15.0916992,66.0942649 -15.0709466,66.0955524 -15.0660762,66.0970973 -15.0645937,66.0971832 -15.0577862,66.0958099 -15.056939,66.0944366 -15.0576817,66.09375 -15.0641452,66.0892009 -15.0685886,66.0788153 -15.0615482,66.0710047 -15.060914,66.0670567 -15.0643595,66.0660635 -15.0686595,66.0591273 -15.0933512,66.0450839 -15.0943191,66.0437965 -15.0894563,66.0404491 -15.081845,66.0380458 -15.0619566,66.0415649 -15.0490741,66.0419081 -15.0429428,66.0441397 -15.0370229,66.0437965 -15.0302573,66.0449123 -15.0144004,66.0425949 -15.0082952,66.0443974 -15.0038732,66.0424232 -15.0015035,66.0355567 -14.9924632,66.0334969 -14.9865531,66.034355 -14.9807311,66.0335141 -14.9734588,66.0349559 -14.9668612,66.0338286 -14.9449511,66.0356848 -14.9360768,66.0350418 -14.9204481,66.0362434 -14.9109029,66.0341835 -14.904564,66.0365866 -14.8995395,66.0326385 -14.9012291,66.0297203 -14.89257,66.0244846 -14.8889796,66.0241413 -14.8904579,66.0206223 -14.8868151,66.0144424 -14.8707567,66.0092926 -14.8631501,66.0098075 -14.8618823,66.008606 -14.8569022,66.0082511 -14.8533843,66.0101881 -14.849496,66.0101305 -14.8483247,66.012224 -14.8357801,66.0144418 -14.8268071,66.0186481 -14.8110436,66.0290925 -14.8078753,66.0349667 -14.797574,66.0417258 -14.7894105,66.042466 -14.7794853,66.0461138 -14.7745019,66.0461167 -14.7634434,66.0492897 -14.753991,66.0546004 -14.7283307,66.0566711 -14.7020026,66.0500942 -14.6884093,66.0486459 -14.6805553,66.0451698 -14.6746714,66.0458134 -14.6749885,66.0398912 -14.6665523,66.0348862 -14.6687309,66.0272419 -14.6585761,66.0246562 -14.6573824,66.015227 -14.6526188,66.0138731 -14.6530699,66.0114263 -14.6468824,66.0026226 -14.6368122,65.9974694 -14.6292977,65.9965038 -14.6257381,65.997389 -14.6209921,65.9963428 -14.6140708,65.9923195 -14.6134777,65.9870088 -14.6099182,65.9858018 -14.6134777,65.9825026 -14.6083939,65.9800243 -14.6102902,65.974617 -14.6044064,65.9627722 -14.6088459,65.9408855 -14.6200122,65.9264659 -14.6183304,65.9220027 -14.6214706,65.9210271 -14.628692,65.9098715 -14.6333215,65.906462 -14.6435695,65.9036458 -14.6504673,65.899381 -14.6553952,65.8939898 -14.65497,65.8881922 -14.6577578,65.886265 -14.665436,65.8844143 -14.6650422,65.8816783 -14.6691768,65.8797472 -14.676855,65.8780574 -14.6805958,65.8785402 -14.6851795,65.8750265 -14.7170608,65.8678436 -14.7289948,65.8614975 -14.7329162,65.8549422 -14.7313817,65.8487355 -14.7267786,65.8474104 -14.7201296,65.8476197 -14.720982,65.8447605 -14.7318937,65.8448623 -14.7726581,65.8389616 -14.7885076,65.8390206 -14.7987378,65.8323526 -14.8036367,65.8255666 -14.8000346,65.8207279 -14.8013314,65.8192527 -14.8112462,65.812397 -14.817788,65.8097147 -14.8227597,65.8091784 -14.8251148,65.807247 -14.8191494,65.7883644 -14.8097399,65.784502 -14.8047738,65.7847166 -14.804251,65.7832144 -14.8102626,65.7826781 -14.8204563,65.7850384 -14.8238542,65.7872915 -14.8246382,65.7907248 -14.8277748,65.7910466 -14.8311727,65.7886862 -14.8311727,65.7833219 -14.8276703,65.781498 -14.8310159,65.778408 -14.8322705,65.7719707 -14.8446074,65.7724857 -14.8489985,65.7740306 -14.8525532,65.771799 -14.8648902,65.7684516 -14.8665628,65.7643318 -14.883291,65.7633876 -14.8885185,65.7599545 -14.8964643,65.7580661 -14.8985553,65.7559204 -14.8962553,65.7542896 -14.8897731,65.7537746 -14.8889368,65.7516288 -14.8839184,65.7496546 -14.8889368,65.7493972 -14.8862184,65.7483673 -14.8755543,65.7504272 -14.847012,65.761671 -14.8184698,65.7729148 -14.7885408,65.7875061 -14.7692941,65.7913684 -14.7634366,65.7904243 -14.7651101,65.7869052 -14.7762944,65.7802793 -14.7851996,65.7771956 -14.7875161,65.7752717 -14.7862732,65.7716917 -14.7891457,65.7699215 -14.8069546,65.7660269 -14.8106889,65.7623684 -14.8233218,65.756092 -14.8445832,65.7394731 -14.8549238,65.7366406 -14.8583709,65.731566 -14.8554986,65.7266092 -14.8305742,65.7188174 -14.8184417,65.7171446 -14.8049428,65.718348 -14.7920167,65.7231867 -14.7856972,65.7279074 -14.7799522,65.7280254 -14.7747818,65.7322741 -14.7382609,65.7354605 -14.7304971,65.739001 -14.7066305,65.7441937 -14.694141,65.7507284 -14.6810144,65.7535171 -14.6776688,65.7536888 -14.6730655,65.7494465 -14.6644526,65.749472 -14.6439449,65.7500947 -14.638357,65.7549762 -14.6327114,65.7569503 -14.6083933,65.7570791 -14.58913,65.7585768 -14.5877799,65.7585771 -14.5727345,65.7556529 -14.5710657,65.7556527 -14.550806,65.7570469 -14.5482292,65.758152 -14.5380632,65.7584375 -14.5056598,65.7623436 -14.4968063,65.7647609 -14.4887059,65.7699108 -14.4592434,65.7774051 -14.4585168,65.7775785 -14.4354908,65.7800527 -14.4218194,65.7838422 -14.4156091,65.7845687 -14.4118609,65.7848051 -14.3951936,65.7821416 -14.3703597,65.7856798 -14.3447536,65.7877421 -14.3405176,65.7878065 -14.3345559,65.7870984 -14.3320456,65.7865834 -14.3285948,65.7842016 -14.3281239,65.7836221 -14.32781,65.779438 -14.3317319,65.7734513 -14.3326733,65.7724212 -14.3482165,65.7610917 -14.3493319,65.7515645 -14.3571422,65.748732 -14.3641887,65.7396554 -14.3721423,65.7367289 -14.3740879,65.7350821 -14.3781369,65.7313052 -14.3842072,65.7211153 -14.3869091,65.7188895 -14.3964669,65.7157516 -14.3975101,65.71455 -14.3970928,65.7131767 -14.3594911,65.6904101 -14.3392909,65.6811404 -14.3154247,65.6653956 -14.3230158,65.6602191 -14.3489511,65.6519471 -14.347,65.6480312 -14.3484308,65.6437397 -14.3442765,65.6410574 -14.3467469,65.6342983 -14.3536381,65.6334935 -14.3583186,65.6303822 -14.3852329,65.6263053 -14.3891267,65.6240522 -14.4042001,65.6218528 -14.4047199,65.6203508 -14.4110872,65.6190097 -14.4127764,65.6182587 -14.413166,65.6177222 -14.4095277,65.6171858 -14.4097877,65.6156301 -14.4187525,65.6154692 -14.4210906,65.6143426 -14.4214801,65.6130015 -14.4291437,65.6099975 -14.434599,65.6033992 -14.4431678,65.6000733 -14.4483604,65.5961573 -14.4626364,65.5929385 -14.4626364,65.5905246 -14.4682168,65.5860184 -14.4686117,65.5806005 -14.4631637,65.5790448 -14.4648499,65.5765235 -14.4613476,65.5712664 -14.4644669,65.5693887 -14.4792479,65.5669748 -14.4837857,65.5630589 -14.4868954,65.5554413 -14.5006315,65.5542074 -14.5067219,65.5474483 -14.5112572,65.546 -14.5248593,65.5344665 -14.5260248,65.5317842 -14.5313346,65.5299068 -14.5407832,65.5184268 -14.5534667,65.510112 -14.5551493,65.50861 -14.5638133,65.4980958 -14.5680817,65.4897273 -14.5610957,65.4821097 -14.5618712,65.4787838 -14.5760829,65.4663383 -14.5799578,65.4660165 -14.5834457,65.4676259 -14.5773853,65.4645681 -14.577127,65.459311 -14.5781635,65.4545903 -14.5846294,65.4487913 -14.5874583,65.4414474 -14.5607796,65.4738754 -14.5452148,65.4831825 -14.5444391,65.4925168 -14.5379453,65.5021673 -14.5406241,65.5107611 -14.5386441,65.5142372 -14.5324715,65.5178099 -14.5335197,65.518679 -14.5250314,65.5236303 -14.5234773,65.5303895 -14.50962,65.5333936 -14.5098789,65.5354321 -14.5043102,65.5376852 -14.5013083,65.5434948 -14.4859124,65.5480331 -14.4810138,65.5517023 -14.4789143,65.5567234 -14.4646015,65.5596792 -14.4581176,65.5635952 -14.4538381,65.5702471 -14.4546958,65.5741041 -14.4494405,65.5803806 -14.436675,65.5836635 -14.432119,65.5904227 -14.4217323,65.5968493 -14.4086729,65.5965863 -14.4043885,65.5949234 -14.3968573,65.5955135 -14.3934813,65.5965328 -14.3950394,65.5993223 -14.3919231,65.6007169 -14.3733519,65.6021118 -14.3701046,65.6047403 -14.3601043,65.607637 -14.3597145,65.6099975 -14.3549075,65.6130552 -14.3567365,65.616381 -14.3546569,65.6184732 -14.3449081,65.62137 -14.3421783,65.6252861 -14.3355495,65.6283438 -14.3324282,65.6325279 -14.3334686,65.6352639 -14.3300871,65.6376779 -14.3270957,65.6391263 -14.3190264,65.6414866 -14.3095602,65.6430531 -14.2935261,65.6424522 -14.2868623,65.6452847 -14.2824894,65.6452847 -14.2745763,65.650177 -14.2725611,65.6505203 -14.2578499,65.6506401 -14.2496597,65.6489753 -14.2423728,65.6463146 -14.2405328,65.6452467 -14.2333463,65.6404707 -14.2287986,65.6326675 -14.2163171,65.6282043 -14.2259091,65.6251519 -14.243589,65.6253933 -14.247313,65.6245136 -14.2483866,65.6244546 -14.2505962,65.6232208 -14.2502064,65.6199485 -14.2417645,65.6103998 -14.2352049,65.6082273 -14.2349451,65.6074494 -14.2369585,65.6062692 -14.2380626,65.606001 -14.2442325,65.6066179 -14.2543689,65.6114727 -14.2646323,65.6113386 -14.2702838,65.6086295 -14.2715185,65.5992686 -14.277361,65.5940115 -14.2824244,65.5935019 -14.2929586,65.594902 -14.2950314,65.5957818 -14.299004,65.5953472 -14.3078743,65.5930995 -14.3087829,65.5922949 -14.3069655,65.5794203 -14.3410991,65.5699253 -14.344478,65.5657947 -14.3490157,65.5648291 -14.3547201,65.5613422 -14.3542016,65.557748 -14.3602949,65.5505061 -14.3614612,65.5424594 -14.364959,65.5396163 -14.3705294,65.5378997 -14.3727316,65.5329643 -14.3762294,65.5309259 -14.376618,65.5302823 -14.3748043,65.5255079 -14.3801082,65.5204653 -14.3777778,65.5210553 -14.3759652,65.5177295 -14.3718222,65.5157446 -14.3713057,65.5117213 -14.3679417,65.5098974 -14.3626369,65.4997587 -14.3656127,65.4971302 -14.3650953,65.4924093 -14.3697509,65.4933749 -14.3684576,65.4902637 -14.3727252,65.4897273 -14.3737561,65.479964 -14.3787966,65.4790519 -14.3824154,65.4731512 -14.3826678,65.4632806 -14.385251,65.4649436 -14.3857676,65.4642999 -14.3791806,65.4573798 -14.3831846,65.4582381 -14.3849927,65.4558777 -14.3843468,65.4524981 -14.3802139,65.4508352 -14.3858968,65.447992 -14.38731,65.4441833 -14.3896304,65.4256223 -14.3918229,65.4244959 -14.3901463,65.4236376 -14.3965948,65.4153227 -14.3995481,65.3889834 -14.4035413,65.3832972 -14.3983887,65.3795421 -14.3999346,65.3785765 -14.395555,65.3779327 -14.3931015,65.3755724 -14.4048154,65.3709053 -14.4080265,65.3580844 -14.4036524,65.3474092 -14.4112352,65.3423131 -14.4075077,65.3404355 -14.4126379,65.3236448 -14.4082788,65.3250396 -14.4046798,65.3242886 -14.4001783,65.3139352 -14.3968385,65.3122185 -14.4041643,65.3077126 -14.4109681,65.2939796 -14.4135357,65.2911365 -14.4158463,65.2909755 -14.4218767,65.282607 -14.4239293,65.2812123 -14.4331657,65.2799248 -14.4354656,65.2693033 -14.4413623,65.2639389 -14.4399523,65.2623295 -14.4470021,65.2631342 -14.4608465,65.2615249 -14.466487,65.2581453 -14.4713582,65.2570724 -14.4773831,65.2509032 -14.4822491,65.2498841 -14.4935226,65.242213 -14.5110687,65.2354001 -14.5327095,65.2328789 -14.5420573,65.2300357 -14.5505146,65.2290701 -14.5812337,65.2194142 -14.5844336,65.2151763 -14.5828952,65.2109385 -14.5889072,65.2088463 -14.5967098,65.1993513 -14.6016986,65.1981711 -14.6055275,65.193665 -14.6146047,65.1904463 -14.6195896,65.1829898 -14.631987,65.181917 -14.6468091,65.1776254 -14.671593,65.1652336 -14.6751719,65.1638387 -14.6837277,65.1631951 -14.6867926,65.1622831 -14.6917729,65.1604056 -14.6977746,65.1564358 -14.709904,65.1508569 -14.7134782,65.1502668 -14.716542,65.1464581 -14.722797,65.1457071 -14.7432665,65.1353806 -14.763736,65.1250541 -14.7755938,65.1178658 -14.7959868,65.1013433 -14.8147181,65.0962471 -14.8184119,65.0921702 -14.8321706,65.0854647 -14.840956,65.0831043 -14.8466856,65.0797247 -14.8572539,65.0782763 -14.8653995,65.0741994 -14.868327,65.0705516 -14.8842289,65.0663673 -14.8889359,65.0608956 -14.8945313,65.0598764 -14.8973292,65.057677 -14.9033068,65.0488257 -14.9292473,65.039277 -14.9276878,65.0335639 -14.9296241,65.0329846 -14.9377508,65.0299911 -14.9364929,65.0238597 -14.937427,65.0231999 -14.9473526,65.0218319 -14.9523818,65.0183558 -14.9590104,65.017873 -14.9797077,65.0108538 -14.9902025,65.0120955 -14.996929,65.0113285 -14.9996544,65.0089484 -14.9934084,65.0087965 -14.9871233,65.0069618 -14.9857517,65.0070101 -14.979238,65.0080239 -14.9748957,65.0102931 -14.9680376,65.0107759 -14.9631226,65.0147347 -14.9520354,65.0172454 -14.9421771,65.0212588 -14.9410582,65.0215423 -14.9328256,65.0223629 -14.9320253,65.0262737 -14.9296241,65.0283014 -14.9277946,65.0296533 -14.9273374,65.0299429 -14.9202482,65.0305706 -14.9197907,65.0309085 -14.9197907,65.0322604 -14.9176846,65.0349675 -14.9196341,65.0375603 -14.9151843,65.0378823 -14.9128957,65.0402963 -14.8963677,65.0476992 -14.8903923,65.0530099 -14.8818734,65.0556386 -14.8685164,65.062344 -14.850071,65.0672256 -14.8462532,65.0709271 -14.8393813,65.072 -14.8289462,65.0716245 -14.8187658,65.0735557 -14.8155835,65.0755405 -14.8088372,65.0760769 -14.804382,65.0787055 -14.804382,65.080422 -14.7986541,65.0811195 -14.7865595,65.0865912 -14.7770088,65.0877177 -14.7677128,65.0908291 -14.7650386,65.0932966 -14.752176,65.0964617 -14.7435133,65.1012361 -14.7338312,65.1018798 -14.7253004,65.1043473 -14.7224967,65.1081562 -14.7156155,65.109229 -14.7063128,65.1153445 -14.6929302,65.1278971 -14.6905065,65.1326715 -14.680046,65.135461 -14.6783876,65.1380897 -14.6746883,65.1378214 -14.662571,65.1477993 -14.6547856,65.1509106 -14.6508291,65.1561141 -14.6472555,65.1568114 -14.647383,65.155953 -14.6444476,65.1565433 -14.6420227,65.1552557 -14.6325778,65.1550412 -14.6267054,65.1585817 -14.6176412,65.1584208 -14.6161093,65.1608347 -14.6071727,65.1614248 -14.606023,65.1668429 -14.5973374,65.1695251 -14.5717751,65.1909828 -14.5659137,65.1931822 -14.5633563,65.1962935 -14.5573465,65.1975811 -14.5591367,65.1988685 -14.55594,65.2013361 -14.550058,65.201658 -14.5455827,65.2035892 -14.538034,65.2136205 -14.5322771,65.2141033 -14.5257525,65.2181267 -14.5160261,65.2185559 -14.5069386,65.22156 -14.4935008,65.2219355 -14.4924768,65.219736 -14.4863321,65.2179658 -14.4780114,65.2240276 -14.4768593,65.2292311 -14.4734029,65.2347563 -14.4695627,65.2356147 -14.4680212,65.2403891 -14.4567502,65.2469336 -14.4548193,65.2504742 -14.4494373,65.2530491 -14.4448243,65.2518153 -14.4368798,65.2534782 -14.4297043,65.253371 -14.4263728,65.2551413 -14.4256039,65.258038 -14.4185565,65.2593791 -14.4179165,65.2598083 -14.4159936,65.2613639 -14.4206085,65.2649581 -14.4167628,65.2666211 -14.4217622,65.2685523 -14.4227877,65.2704298 -14.4176636,65.2739702 -14.4184333,65.2783691 -14.4157398,65.2791739 -14.4133028,65.2767597 -14.4138159,65.2782618 -14.408814,65.2806222 -14.4089419,65.2853429 -14.4043221,65.2886152 -14.4017555,65.2868986 -14.4000872,65.2882932 -14.4039371,65.2907073 -14.4013705,65.2909219 -14.397264,65.2956426 -14.3986706,65.3019189 -14.390197,65.3071761 -14.3865944,65.3172612 -14.3873653,65.3235375 -14.3962235,65.3374314 -14.3945524,65.3459609 -14.3986589,65.3584599 -14.3940296,65.3639853 -14.3957028,65.3657556 -14.3935148,65.3690279 -14.3864355,65.3693497 -14.386693,65.3702616 -14.3892672,65.3701543 -14.3810296,65.373373 -14.38399,65.3713346 -14.3819305,65.3718709 -14.3761384,65.3781472 -14.3698256,65.3946697 -14.370478,65.4167711 -14.3770518,65.4172003 -14.379243,65.4183804 -14.372286,65.42235 -14.372286,65.4241204 -14.3771861,65.4248178 -14.3702229,65.4266953 -14.3695701,65.431416 -14.3798921,65.4353319 -14.3798921,65.4375314 -14.3678927,65.4391944 -14.3651708,65.4440759 -14.3682696,65.448314 -14.3760167,65.4493331 -14.3805358,65.4556632 -14.365429,65.4575943 -14.3642669,65.4587744 -14.3710979,65.4657483 -14.3615378,65.4670894 -14.3561116,65.4716491 -14.3521022,65.4791057 -14.3521022,65.4814124 -14.3589544,65.4862403 -14.3545587,65.4934287 -14.3566291,65.4963791 -14.3524895,65.5010461 -14.3549474,65.5028164 -14.3594751,65.5033528 -14.3602513,65.5059814 -14.3611935,65.5034044 -14.3634639,65.5035855 -14.3682661,65.5128479 -14.3661946,65.5170321 -14.3709847,65.5189096 -14.3674892,65.5207335 -14.3650295,65.5252933 -14.3642367,65.5319988 -14.3663096,65.5338227 -14.3660506,65.5344127 -14.3622931,65.5360221 -14.3564661,65.5368268 -14.3515412,65.5409575 -14.3523188,65.5462682 -14.3562068,65.5492722 -14.3352113,65.5522763 -14.3322304,65.5530273 -14.3310641,65.5539929 -14.3261361,65.5622005 -14.3262656,65.5656874 -14.3204308,65.5667603 -14.3155044,65.5735731 -14.3037006,65.5790448 -14.3056318,65.5827999 -14.3033056,65.5853748 -14.306545,65.5924557 -14.3058959,65.5928581 -14.3003782,65.5933946 -14.2995992,65.5933946 -14.2937895,65.5929279 -14.2704533,65.5917853 -14.2697392,65.5921608 -14.267013,65.598893 -14.2687705,65.6066715 -14.2666918,65.6092196 -14.2659771,65.6094878 -14.2620147,65.6103998 -14.2563636,65.6106679 -14.2553242,65.6103998 -14.2426589,65.6042844 -14.2311624,65.6055986 -14.2312273,65.6096488 -14.246307,65.6188219 -14.2474768,65.6200289 -14.2474118,65.6230062 -14.246254,65.6235694 -14.2416391,65.6242667 -14.222464,65.6240791 -14.2104923,65.6259727 -14.2071638,65.6260585 -14.1847758,65.6248548 -14.1612689,65.6189622 -14.1377621,65.6130697 -14.0998939,65.6073924 -14.0794762,65.5995368 -14.0625,65.5984933 -14.0399507,65.5961525 -14.0318362,65.5920267 -14.0284628,65.5879498 -14.0518172,65.5775427 -14.0564882,65.5742168 -14.0557097,65.5736804 -14.0525957,65.5740021 -14.0492223,65.5747532 -14.043254,65.5779719 -14.0346907,65.5789375 -14.0287224,65.582478 -14.0173047,65.582478 -14.0139273,65.5846238 -14.005881,65.5856966 -14.0017279,65.5885934 -13.9944601,65.5906318 -13.9908262,65.5955672 -13.9853754,65.5980349 -13.9498864,65.6073247 -13.9362379,65.6146967 -13.9035822,65.6145571 -13.897643,65.6158447 -13.8947525,65.6158447 -13.8874809,65.6152009 -13.8854032,65.6148791 -13.8737168,65.6106948 -13.8596931,65.6105875 -13.8581384,65.6099437 -13.8598011,65.6064033 -13.857201,65.599483 -13.8518134,65.5952417 -13.8442066,65.5929279 -13.8435771,65.5918926 -13.8449273,65.5884753 -13.8515553,65.5858126 -13.8650976,65.5833592 -13.8776124,65.5826926 -13.8809884,65.5820488 -13.8833256,65.5810832 -13.8846242,65.5796885 -13.883109,65.5732727 -13.8776124,65.5716419 -13.8659259,65.5722857 -13.8547587,65.5704617 -13.8368939,65.570097 -13.8158005,65.5662827 -13.8133752,65.5538909 -13.8158005,65.5495834 -13.8141845,65.5452919 -13.816722,65.5422878 -13.8094718,65.5415368 -13.8087469,65.5401849 -13.8139915,65.5294746 -13.8122138,65.5271475 -13.8003337,65.5270098 -13.7970184,65.5207443 -13.792315,65.5196821 -13.7791032,65.5196018 -13.7688715,65.5230618 -13.7666965,65.525465 -13.7677839,65.5292201 -13.7590839,65.5352283 -13.7550964,65.5403351 -13.758064,65.5438327 -13.7562172,65.5444335 -13.7514334,65.5433177 -13.7424088,65.5454421 -13.7377676,65.5480384 -13.7379751,65.5509567 -13.7342422,65.5525016 -13.7186882,65.5531883 -13.6948652,65.5516459 -13.6745152,65.5524158 -13.6755381,65.5453562 -13.6827162,65.5372425 -13.6843436,65.5276536 -13.6752328,65.5265808 -13.6599991,65.5334471 -13.6510423,65.5343055 -13.6442419,65.528512 -13.6397984,65.5199289 -13.632796,65.5150741 -13.6258132,65.5145645 -13.6214274,65.5125045 -13.6077532,65.5124187 -13.6056123,65.5115604 -13.6050944,65.5098438 -13.6063894,65.5070543 -13.6162307,65.4991149 -13.6140105,65.4904426 -13.6180187,65.4842842 -13.6171637,65.4756188 -13.6203179,65.465075 -13.6311491,65.4671671 -13.6325763,65.4652494 -13.6398811,65.4663652 -13.6433235,65.4651796 -13.6565945,65.4640731 -13.6595283,65.4621809 -13.6598639,65.4528012 -13.646595,65.4478149 -13.645672,65.4445722 -13.6484407,65.4409807 -13.6466789,65.4348787 -13.6418967,65.4364479 -13.6387085,65.4356458 -13.6340917,65.4307991 -13.6337562,65.4242088 -13.6384044,65.4180692 -13.6432304,65.4154218 -13.6539626,65.4142016 -13.6557364,65.4120612 -13.6691287,65.4112726 -13.6735694,65.4089363 -13.6735694,65.4066002 -13.6691287,65.4061468 -13.6723462,65.4010963 -13.667369,65.3992778 -13.6552186,65.3988593 -13.6563911,65.392583 -13.648876,65.387578 -13.6582671,65.3829216 -13.6673483,65.3817737 -13.6680202,65.3778146 -13.6732069,65.3761597 -13.6748607,65.3719568 -13.6835036,65.3697439 -13.6976423,65.3682446 -13.710862,65.3615926 -13.7206585,65.3608176 -13.7227424,65.3591895 -13.7291883,65.3580977 -13.7401431,65.3595972 -13.751572,65.3627943 -13.7571189,65.3617241 -13.7673841,65.3627943 -13.7965451,65.3614424 -13.8366925,65.3654336 -13.8561465,65.3631161 -13.8530585,65.3626871 -13.8512673,65.3603911 -13.8543967,65.3591681 -13.8455071,65.3540825 -13.8195862,65.347774 -13.7946483,65.3451706 -13.7697105,65.3425672 -13.7648607,65.3412724 -13.7555037,65.3413152 -13.7245451,65.3360366 -13.7195065,65.3334616 -13.7227424,65.3279471 -13.7403831,65.3187847 -13.7507727,65.3144931 -13.7595067,65.3127336 -13.7670075,65.3085707 -13.8087857,65.3084207 -13.8456312,65.3112316 -13.8659658,65.3091716 -13.8708953,65.308485 -13.8834248,65.3046227 -13.8975594,65.2974215 -13.9130296,65.2923325 -13.9333479,65.2889156 -13.9696791,65.2853965 -13.9734404,65.2834107 -13.979942,65.2832508 -13.9923168,65.2807539 -13.9989259,65.2788519 -14.0037978,65.2765989 -14.0087852,65.2714934 -14.0106837,65.2662456 -14.0064219,65.2645223 -14.0061324,65.2640998 -14.0088888,65.2613908 -14.0065171,65.2612835 -14.0032851,65.2619004 -14.0051832,65.2628552 -13.9994487,65.2638851 -13.9975256,65.2634131 -13.9825412,65.272415 -13.9604626,65.2777791 -13.9522572,65.2781008 -13.9404618,65.2805685 -13.9112298,65.2807831 -13.9002037,65.2820706 -13.8837919,65.2864695 -13.8827662,65.288186 -13.8750731,65.2885079 -13.857123,65.2929066 -13.8286591,65.2941942 -13.8166066,65.2925848 -13.810196,65.2927994 -13.7709618,65.2849674 -13.7601917,65.2849674 -13.7412158,65.2872204 -13.7308954,65.2857438 -13.7181221,65.2874553 -13.7175153,65.2887439 -13.7093511,65.2911472 -13.7052963,65.2961575 -13.6949027,65.2977991 -13.6656784,65.2932715 -13.6364542,65.2887439 -13.628041,65.2857398 -13.6204299,65.285933 -13.6196246,65.2834439 -13.6163446,65.282135 -13.5924788,65.2777147 -13.5870419,65.2747964 -13.5730907,65.2725219 -13.5717593,65.2706336 -13.5738102,65.2675437 -13.5832438,65.263381 -13.5856024,65.2616214 -13.5865252,65.2588748 -13.5924726,65.2566432 -13.5973943,65.2562999 -13.602829,65.2512788 -13.6046859,65.2444553 -13.617292,65.2350112 -13.6316971,65.2299901 -13.634832,65.2221428 -13.6395289,65.219779 -13.6702535,65.2129555 -13.6709859,65.2128243 -13.6956272,65.2095437 -13.7282991,65.2081918 -13.7621144,65.2031707 -13.7852318,65.2020549 -13.8230892,65.205295 -13.8529966,65.2059709 -13.8829041,65.2066469 -13.9059362,65.203514 -13.922474,65.1993083 -13.9634243,65.196315 -14.0043745,65.1933217 -14.0167975,65.1902318 -14.0131371,65.1877213 -14.0052947,65.1871418 -13.979068,65.1898454 -13.9698659,65.1894593 -13.9438694,65.1912939 -13.9178729,65.1931285 -13.8793387,65.1982784 -13.8731304,65.1966691 -13.8462175,65.1960825 -13.8161162,65.1914119 -13.7913162,65.1861548 -13.7644711,65.1875495 -13.7327663,65.1874423 -13.7202379,65.1904463 -13.6946697,65.1894807 -13.6910901,65.1904463 -13.685465,65.1892662 -13.6737036,65.1914119 -13.6698683,65.1905535 -13.6655217,65.1921629 -13.6558059,65.1928067 -13.6506922,65.1949524 -13.6386001,65.1921844 -13.6283715,65.1917552 -13.6238708,65.189867 -13.6220546,65.1858544 -13.6238416,65.1718854 -13.6370991,65.1587553 -13.6534121,65.1490974 -13.6613667,65.1471663 -13.6782418,65.1463507 -13.6962448,65.1476812 -13.7192214,65.1462253 -13.7274514,65.1448488 -13.7323467,65.1426601 -13.736324,65.1378965 -13.7326525,65.1344203 -13.7231683,65.1322317 -13.6941032,65.1339054 -13.6817132,65.1325321 -13.6492451,65.1315022 -13.6478446,65.1252069 -13.6516932,65.1228812 -13.6790307,65.115339 -13.6800119,65.1118577 -13.6937512,65.1114445 -13.6983776,65.1082581 -13.6953932,65.105966 -13.6767873,65.1063699 -13.6571087,65.1083134 -13.6387149,65.1126194 -13.624665,65.1131343 -13.6244611,65.1098728 -13.6430145,65.0880718 -13.6415873,65.0866127 -13.6360825,65.0856684 -13.6214027,65.0910758 -13.6012009,65.1030062 -13.5721775,65.1310604 -13.5670779,65.1405572 -13.558879,65.1427137 -13.5507838,65.1471769 -13.5414953,65.1485019 -13.5423079,65.1501917 -13.5374056,65.1530884 -13.5386312,65.1546978 -13.527088,65.1591711 -13.527141,65.1632595 -13.5124371,65.1679801 -13.5116678,65.1663494 -13.5184087,65.162487 -13.5157045,65.1597404 -13.5173362,65.1560497 -13.5141191,65.1534748 -13.5282261,65.1419466 -13.523416,65.1284176 -13.5267333,65.1241636 -13.5227526,65.1210951 -13.5250967,65.1148509 -13.5236694,65.1121902 -13.5340672,65.1012039 -13.5409598,65.0977331 -13.5461977,65.0891244 -13.5439079,65.0878777 -13.5439467,65.0879273 -13.5442303,65.0883512 -13.5443099,65.0887508 -13.5441923,65.0890675 -13.5437897,65.0888375 -13.5435286,65.0883512 -13.5432547,65.0879107 -13.5431908,65.0875442 -13.5432337,65.0875106 -13.5408204,65.0861965 -13.5314167,65.0849819 -13.51366,65.0860977 -13.507143,65.0850677 -13.5006548,65.0833849 -13.4940801,65.0777634 -13.494109,65.0767083 -13.4970109,65.073325 -13.5056196,65.0653749 -13.5203806,65.0586318 -13.5240508,65.0552659 -13.5290067,65.0540186 -13.5303633,65.0517426 -13.5399843,65.048611 -13.5474606,65.0431395 -13.5552418,65.0424957 -13.5720249,65.0384402 -13.5857565,65.0376678 -13.5898761,65.0358009 -13.6031646,65.0363159 -13.6194752,65.0313591 -13.6249804,65.023393 -13.6140128,65.0215425 -13.6030385,65.0160644 -13.5981075,65.0074416 -13.6012485,64.9995297 -13.6132897,64.9940013 -13.6207987,64.9944305 -13.6407938,64.9899673 -13.6420114,64.9885941 -13.6478964,64.9885941 -13.6606811,64.9853324 -13.675698,64.9874783 -13.6823949,64.9867057 -13.6882799,64.9879932 -13.7160817,64.9860191 -13.7187198,64.9860191 -13.7558565,64.9879932 -13.766206,64.9869632 -13.769047,64.9853324 -13.7698588,64.9853324 -13.7714822,64.9865341 -13.7777731,64.9856758 -13.7851452,64.9868774 -13.7949806,64.9917446 -13.7956073,64.9921364 -13.7966084,64.9967854 -13.7972403,64.9973218 -13.8012992,64.9981341 -13.8015332,64.9982814 -13.8034555,65.0022625 -13.8107073,65.005052 -13.8144938,65.0136673 -13.822732,65.0157326 -13.8304048,65.0212795 -13.8399045,65.0218105 -13.8466104,65.0240581 -13.8613079,65.033702 -13.8744134,65.0352939 -13.8761293,65.037366 -13.9090499,65.0454338 -13.9460417,65.049421 -13.9709234,65.0536087 -13.9759002,65.0558853 -13.9939177,65.0601339 -13.99178,65.0623869 -14.0033844,65.0661206 -14.0197281,65.0751899 -14.0237656,65.0753593 -14.0251499,65.0767655 -14.0372711,65.0780959 -14.0383638,65.0773658 -14.0408182,65.0786104 -14.041553,65.0783505 -14.0389338,65.0771245 -14.0431076,65.0757515 -14.0401902,65.0740199 -14.04103,65.0721569 -14.0199167,65.0602775 -14.0101972,65.052363 -14.0053551,65.0504301 -13.9931577,65.0487961 -13.9866588,65.0422544 -13.9873465,65.0416896 -13.9955815,65.0401782 -13.9989787,65.0399534 -14.0211734,65.0388908 -14.0350621,65.0399708 -14.0545034,65.0368309 -14.0625,65.0376033 -14.0693954,65.0375175 -14.0720282,65.0370423 -14.0951961,65.0308403 -14.1133126,65.0278186 -14.1200259,65.0288059 -14.155984,65.0251842 -14.1797929,65.0279223 -14.2036017,65.0306605 -14.2132573,65.031184 -14.2206022,65.0301923 -14.2290273,65.0315871 -14.2346441,65.0339931 -14.2385263,65.0335048 -14.2338181,65.0322496 -14.2309272,65.0292509 -14.2372475,65.0226206 -14.2366265,65.0203943 -14.2116349,65.0181657 -14.2025957,65.0184416 -14.1783963,65.013581 -14.1505191,65.013941 -14.1226418,65.0143011 -14.0925709,65.0166825 -14.0625,65.019064 -14.0479943,65.0175523 -14.0312272,65.0138175 -14.0252838,65.0113981 -14.0183496,65.0131416 -14.0157083,65.0118864 -14.0033261,65.0103521 -13.994246,65.0111192 -13.9768215,65.004934 -13.968592,65.0051271 -13.9461898,65.0085067 -13.9256316,65.0079058 -13.9163578,65.0058357 -13.9144996,65.0020694 -13.8964843,64.9980938 -13.8868389,64.9922404 -13.8835084,64.9879838 -13.8747731,64.9842607 -13.8743157,64.9839493 -13.8788447,64.9789233 -13.8765686,64.974967 -13.863115,64.9732034 -13.8553731,64.9698008 -13.8499194,64.9712241 -13.8416632,64.9652481 -13.8341594,64.9655914 -13.827264,64.9621582 -13.8169208,64.9607849 -13.8075916,64.9570082 -13.7944492,64.9477386 -13.7891814,64.9473094 -13.7885735,64.947052 -13.7869526,64.9443913 -13.7810769,64.9425888 -13.7581818,64.9373531 -13.7557504,64.9370956 -13.7328554,64.935894 -13.7261189,64.9370207 -13.7233359,64.9366956 -13.7136132,64.9331474 -13.6934971,64.9333699 -13.6927983,64.9335088 -13.6868739,64.935379 -13.6848481,64.9401855 -13.6797839,64.9418163 -13.6861287,64.933827 -13.6820122,64.9220752 -13.6854559,64.917097 -13.681392,64.9148654 -13.681392,64.9144363 -13.6817973,64.9134922 -13.6856585,64.9117755 -13.6891021,64.9128913 -13.7002434,64.9118614 -13.7091566,64.9091148 -13.7219185,64.9104022 -13.7276865,64.912033 -13.7384107,64.9096298 -13.747438,64.9091148 -13.7494636,64.9067974 -13.7508814,64.9096298 -13.7587807,64.9101448 -13.7628316,64.9093723 -13.764452,64.9114321 -13.7745795,64.912033 -13.7812635,64.9109172 -13.7871375,64.9081707 -13.7883896,64.9106597 -13.7928088,64.9102306 -13.7962523,64.912033 -13.8025312,64.9116039 -13.8141716,64.914035 -13.8256059,64.9140919 -13.8624943,64.9229335 -13.8675584,64.923191 -13.8851813,64.9183846 -13.8974241,64.9192821 -13.9166635,64.9171979 -13.9248354,64.9184572 -13.9402993,64.9177814 -13.9587156,64.919672 -13.9651982,64.9192429 -13.9688447,64.9207878 -13.9990745,64.9252912 -14.0326573,64.9337482 -14.0328599,64.9352931 -14.0385321,64.9366664 -14.0431916,64.935379 -14.0430263,64.9315488 -14.0370197,64.9302586 -14.0377603,64.929352 -14.042944,64.9297007 -14.0417098,64.9282014 -14.0443563,64.927497 -14.0365064,64.9209594 -14.0267825,64.9173545 -14.002169,64.9127196 -13.9775555,64.9080847 -13.9601336,64.9061965 -13.931383,64.9039649 -13.9194337,64.9043083 -13.8975604,64.9017333 -13.8789275,64.9019049 -13.8646069,64.8993982 -13.855839,64.8997592 -13.8457624,64.8966151 -13.8443311,64.8945236 -13.825913,64.8903179 -13.8206506,64.8854254 -13.8129596,64.8838806 -13.8083044,64.8848248 -13.8030556,64.8835372 -13.7982003,64.8803616 -13.7796289,64.8757178 -13.7725075,64.8749542 -13.7668431,64.8758982 -13.7642132,64.8720359 -13.7516754,64.8669719 -13.7512714,64.8653411 -13.758341,64.8600196 -13.7609934,64.8541442 -13.7693768,64.8515117 -13.7727062,64.8476171 -13.7824168,64.8453748 -13.7874275,64.8417377 -13.800355,64.8410511 -13.8147354,64.8302644 -13.823535,64.8277473 -13.8293862,64.8234558 -13.8299913,64.8262023 -13.836448,64.8267173 -13.8431061,64.8249149 -13.8459771,64.828198 -13.8541492,64.8290348 -13.8550572,64.8310947 -13.8753361,64.8321247 -13.8795733,64.8343776 -13.8874428,64.8345065 -13.8913774,64.8364377 -13.9195256,64.838047 -13.9474443,64.8412226 -13.9537007,64.8390769 -13.9556435,64.8352432 -13.952684,64.8332552 -13.9290803,64.8285303 -13.9054766,64.8238055 -13.8843004,64.8165894 -13.8785167,64.8157095 -13.8711001,64.8120403 -13.8585376,64.8090147 -13.8497605,64.8108816 -13.8432546,64.8082623 -13.8330789,64.8077487 -13.8322724,64.804058 -13.8403387,64.8002815 -13.8461868,64.799509 -13.8546565,64.800539 -13.8600955,64.8029422 -13.8641266,64.8015689 -13.8635219,64.8032855 -13.8653359,64.8034571 -13.8834763,64.797964 -13.902423,64.7969341 -13.9054465,64.7945307 -13.9209625,64.7950459 -13.9386959,64.7922992 -13.9481673,64.7934149 -13.9544142,64.7922134 -13.9608628,64.7961617 -13.9695281,64.7981358 -13.9775904,64.7962474 -13.9812179,64.7911834 -13.981621,64.7936724 -13.9844424,64.7925566 -13.9846439,64.7947882 -13.9894292,64.7950084 -13.9916975,64.7967623 -14.0070137,64.7861193 -14.0049984,64.790325 -14.0072159,64.7916985 -14.0176938,64.7881793 -14.0231342,64.788866 -14.0261565,64.7908401 -14.0412689,64.7900676 -14.0434855,64.7911834 -14.0426795,64.7965049 -14.0463066,64.7943592 -14.0557662,64.7958775 -14.060203,64.7943587 -14.0625,64.7943639 -14.0700833,64.7941017 -14.0701873,64.7908616 -14.0726991,64.7897598 -14.0712924,64.7827719 -14.0743626,64.7787563 -14.0731058,64.7772789 -14.0674638,64.7770214 -14.0625,64.7746181 -14.0604115,64.7743607 -14.0588585,64.7730563 -14.0596287,64.7719316 -14.0576195,64.7711864 -14.0565447,64.7712653 -14.0567271,64.7727859 -14.0563496,64.7727338 -14.0530725,64.7714885 -14.0531913,64.7702249 -14.0516436,64.771363 -14.049329,64.7673225 -14.0407963,64.7685676 -14.0313956,64.7654341 -14.0295821,64.7615718 -14.0227311,64.7622585 -14.0229326,64.7587394 -14.0089149,64.7533 -14.0089149,64.7458165 -13.9981632,64.7411495 -13.9894865,64.7405862 -13.9845821,64.7383332 -13.9861633,64.734621 -13.9845821,64.7311717 -14.0034378,64.7220896 -14.0070534,64.7210597 -14.0158916,64.7213172 -14.0215158,64.7190856 -14.0273411,64.7187423 -14.0367341,64.7147686 -14.0493314,64.7124552 -14.0584391,64.7079809 -14.0625,64.7070312 -14.0625,64.7067521 -14.0717328,64.705267 -14.0831822,64.6998596 -14.0851908,64.6996021 -14.086856,64.700093 -14.0895003,64.7040812 -14.0901324,64.7044141 -14.0960907,64.7055635 -14.1034697,64.7034645 -14.1109017,64.6987438 -14.1167268,64.700632 -14.1227368,64.6990061 -14.1267703,64.7005461 -14.1356084,64.7009754 -14.1472588,64.6997737 -14.1515294,64.697771 -14.1569004,64.6994303 -14.1607168,64.6988296 -14.163529,64.6982288 -14.1693542,64.6933364 -14.1767861,64.6910191 -14.1767861,64.6889591 -14.1826113,64.6889591 -14.1816679,64.6922681 -14.184796,64.6934535 -14.1887991,64.6929713 -14.1925621,64.690122 -14.1990544,64.6889963 -14.1968466,64.6916018 -14.1982696,64.6929049 -14.2103624,64.6935801 -14.2134938,64.693271 -14.223676,64.6883388 -14.2249572,64.6881506 -14.2277442,64.6880693 -14.2285304,64.6882653 -14.2343411,64.6932071 -14.2350028,64.6932513 -14.2412277,64.6927191 -14.2443768,64.6905388 -14.2511163,64.6889867 -14.2587956,64.6915231 -14.2624605,64.6911534 -14.2615511,64.6943269 -14.2629157,64.69523 -14.2636617,64.6954283 -14.2702941,64.6942827 -14.2787739,64.6958992 -14.2797774,64.6962628 -14.2786632,64.6988008 -14.2832006,64.7007809 -14.2894315,64.6984541 -14.2959815,64.6981 -14.2944762,64.6997898 -14.2996364,64.6999025 -14.2995563,64.7010773 -14.3027549,64.701721 -14.3061417,64.7012382 -14.3065712,64.7051811 -14.308682,64.7056961 -14.3171244,64.706726 -14.3231549,64.7035074 -14.3243608,64.7037649 -14.3252655,64.7058249 -14.334311,64.7072411 -14.334914,64.7114896 -14.3395452,64.7145687 -14.3385138,64.7199869 -14.3421355,64.7232054 -14.3419991,64.7262408 -14.348756,64.7296205 -14.3486245,64.7332906 -14.3493789,64.7338271 -14.3549122,64.7341489 -14.3588248,64.7313722 -14.3707947,64.7332478 -14.3729053,64.7351789 -14.3721296,64.7435474 -14.3763551,64.7505856 -14.3843331,64.7537934 -14.3920799,64.7469592 -14.3954252,64.7499632 -14.3964698,64.7547054 -14.4005311,64.7560465 -14.403524,64.760102 -14.4065171,64.7610033 -14.4114469,64.7672367 -14.4325186,64.7695541 -14.4397473,64.7840595 -14.4440131,64.7868896 -14.4474229,64.7883511 -14.4508469,64.7887802 -14.4766273,64.7886086 -14.4748147,64.7922134 -14.4780372,64.7940158 -14.489904,64.792482 -14.4971712,64.7929 -14.5090544,64.7911834 -14.50986,64.7904109 -14.5092558,64.7892092 -14.5030121,64.7872351 -14.5014008,64.7868061 -14.492136,64.7862911 -14.4804542,64.7824287 -14.4742105,64.7812271 -14.4659526,64.7813129 -14.4653484,64.7786521 -14.4574934,64.7743607 -14.4550034,64.7706438 -14.4584559,64.7681379 -14.4728931,64.7666358 -14.4769427,64.7646081 -14.4787719,64.7616577 -14.472541,64.7545444 -14.4621533,64.7504889 -14.4524698,64.7504889 -14.4463075,64.7473347 -14.4378566,64.745382 -14.4295436,64.7471429 -14.4253145,64.7464538 -14.4235953,64.7456073 -14.4159493,64.7345579 -14.4065675,64.7341059 -14.4011346,64.7323894 -14.3995565,64.7258872 -14.3949521,64.7201155 -14.3966084,64.7154492 -14.3933678,64.7056961 -14.3923633,64.7048377 -14.3871397,64.7033786 -14.3825188,64.698143 -14.3718708,64.6953105 -14.3680536,64.6923923 -14.3590128,64.6911048 -14.3529856,64.6919631 -14.3441457,64.6887873 -14.3441457,64.6875 -14.3442417,64.6830744 -14.3473407,64.6803545 -14.3415811,64.6778734 -14.3422844,64.6758215 -14.3400012,64.6737992 -14.3385332,64.673032 -14.330052,64.6721255 -14.324563,64.6697094 -14.3143944,64.6678715 -14.3046083,64.6696846 -14.2935177,64.6687084 -14.2946767,64.6618741 -14.290439,64.6611069 -14.2852234,64.662711 -14.2860383,64.6595031 -14.2739772,64.6595031 -14.2720215,64.6620137 -14.2640351,64.6641057 -14.2624052,64.662432 -14.2651761,64.6594332 -14.2622421,64.6555279 -14.2567006,64.6560858 -14.2547845,64.6503353 -14.2646098,64.6447563 -14.2714272,64.6440696 -14.2750365,64.641323 -14.2808514,64.6461296 -14.2872679,64.6435546 -14.2898653,64.6389198 -14.2960906,64.6396923 -14.3071053,64.6385765 -14.3059616,64.6420861 -14.310643,64.6404775 -14.3201106,64.6404647 -14.3206824,64.6425169 -14.3252027,64.6443866 -14.3227105,64.6483451 -14.3235449,64.6489421 -14.3291882,64.6468377 -14.3298064,64.6505117 -14.337797,64.6503369 -14.3435729,64.6486239 -14.3531892,64.6489728 -14.3606455,64.6517555 -14.3653173,64.6516808 -14.3651851,64.6536616 -14.369768,64.6536483 -14.3708754,64.6549915 -14.3813891,64.6537868 -14.3845419,64.6543298 -14.3945603,64.6588283 -14.4069867,64.6592371 -14.4119201,64.6583093 -14.4170161,64.6602073 -14.4345171,64.6578083 -14.456408,64.6572232 -14.4771667,64.6583003 -14.4782706,64.6582503 -14.4842343,64.6572469 -14.4946731,64.6542459 -14.4954247,64.6534413 -14.4929819,64.6465212 -14.4912862,64.644429 -14.4867755,64.6424013 -14.4819804,64.6419702 -14.4669265,64.6347656 -14.4444886,64.6340489 -14.4313374,64.6353363 -14.4299552,64.6300358 -14.4247432,64.623937 -14.4169228,64.6226656 -14.4072818,64.6237921 -14.4039512,64.6206378 -14.4093559,64.6111161 -14.4057391,64.6081879 -14.4090785,64.6076874 -14.4100426,64.6041634 -14.4064753,64.6033591 -14.4057885,64.6014682 -14.4077452,64.5992467 -14.4143949,64.5980035 -14.4153965,64.5954251 -14.4125822,64.5937353 -14.4198997,64.5934134 -14.426842,64.59108 -14.431908,64.5913213 -14.4382874,64.588344 -14.4414771,64.5887464 -14.4397883,64.5909994 -14.4472548,64.5910507 -14.4504652,64.5927482 -14.4683084,64.591965 -14.4707475,64.5903558 -14.4701848,64.5920455 -14.4733742,64.5926892 -14.4808795,64.5864933 -14.4885722,64.5851254 -14.4943886,64.5877002 -14.4906256,64.5933182 -14.4989988,64.5922033 -14.5113655,64.5938919 -14.5202672,64.5909874 -14.5277839,64.5909241 -14.5409197,64.5861715 -14.5442969,64.5860105 -14.5404127,64.5902439 -14.5572293,64.5937032 -14.5641615,64.5916271 -14.5613616,64.5884513 -14.5645614,64.5842456 -14.5695614,64.5815849 -14.5827614,64.5813274 -14.5883524,64.5765156 -14.588641,64.5756601 -14.5875489,64.5725368 -14.5776671,64.5725727 -14.5757926,64.5693541 -14.5770814,64.565786 -14.5813156,64.56533 -14.5788363,64.5646791 -14.5781381,64.5612431 -14.5681165,64.5578742 -14.5703439,64.5528317 -14.5851601,64.5417203 -14.5724778,64.5366842 -14.5674074,64.5370631 -14.5637665,64.5336093 -14.5610083,64.5329028 -14.5538499,64.5340492 -14.5422832,64.5392596 -14.5350105,64.5380301 -14.5241241,64.5428001 -14.5226258,64.5403861 -14.5160704,64.5386159 -14.514523,64.5370042 -14.5090272,64.5372099 -14.5058922,64.5350347 -14.5033246,64.5352281 -14.4985824,64.5332733 -14.5013037,64.5365396 -14.4936157,64.5366315 -14.4792073,64.5388567 -14.4748653,64.5421565 -14.4698083,64.5442485 -14.4675606,64.5438462 -14.471103,64.5395275 -14.4864279,64.5314538 -14.4872891,64.5306875 -14.4891375,64.5265369 -14.4892218,64.5203573 -14.4869288,64.5192719 -14.4891235,64.5154094 -14.4858825,64.5123909 -14.485759,64.5091499 -14.4850472,64.5084792 -14.4815418,64.506483 -14.4695703,64.5039939 -14.4663779,64.4988441 -14.4701689,64.4939517 -14.4794633,64.4889199 -14.4845051,64.486168 -14.4842811,64.483416 -14.4876419,64.4818228 -14.4901063,64.476512 -14.4933552,64.4759327 -14.5028772,64.4628971 -14.5066859,64.4614487 -14.5051177,64.4601452 -14.508351,64.4543999 -14.51003,64.4516479 -14.509918,64.4510686 -14.5079033,64.4462889 -14.4976053,64.43924 -14.4969443,64.4377434 -14.4979823,64.4368261 -14.5030149,64.4343317 -14.5200607,64.4293427 -14.5303026,64.4227766 -14.5319428,64.4213604 -14.5337321,64.4190429 -14.5325866,64.4133137 -14.5322387,64.4125843 -14.5291569,64.4100952 -14.5338293,64.4080352 -14.5390582,64.4009219 -14.540699,64.4004499 -14.5437073,64.4004499 -14.5449635,64.4009113 -14.5461565,64.4043446 -14.5521212,64.4052886 -14.5507295,64.4090652 -14.5576386,64.4105458 -14.5677787,64.4103527 -14.5750855,64.411447 -14.5861204,64.4168758 -14.6092579,64.4216985 -14.6288164,64.4278514 -14.6394296,64.4260489 -14.6420394,64.4267249 -14.6539299,64.4257644 -14.6600426,64.4238446 -14.6670165,64.4239908 -14.6719927,64.4229044 -14.6727161,64.4228814 -14.6728812,64.4243397 -14.6702679,64.4244732 -14.6690273,64.4260597 -14.6706516,64.4277343 -14.6797876,64.4242465 -14.6853487,64.4250298 -14.6891809,64.4283772 -14.6916161,64.4285274 -14.7097067,64.4252979 -14.7116202,64.424697 -14.7124898,64.4237959 -14.7155932,64.4171361 -14.7110983,64.4141829 -14.7121419,64.4108033 -14.7124898,64.4102776 -14.717748,64.4080544 -14.7183409,64.4075938 -14.7212878,64.4040136 -14.7216181,64.4031119 -14.7213145,64.4019569 -14.7187495,64.401243 -14.7197033,64.3979135 -14.7228405,64.3970993 -14.7256747,64.3980354 -14.7313933,64.3976206 -14.7393687,64.3927037 -14.7478035,64.3909287 -14.7593381,64.3913959 -14.7557796,64.3883179 -14.7617831,64.3858072 -14.7731872,64.3834862 -14.7758971,64.3814257 -14.7839304,64.3822398 -14.7805513,64.3793555 -14.78421,64.3768138 -14.7859253,64.3725013 -14.7964453,64.3671798 -14.8065681,64.3641757 -14.8208596,64.3640041 -14.8351156,64.3622196 -14.8502359,64.3545628 -14.8514268,64.3519878 -14.8662134,64.3489836 -14.8742173,64.3456362 -14.8945482,64.3460655 -14.908022,64.3446063 -14.9102017,64.340229 -14.9076259,64.33465 -14.9123814,64.3301868 -14.9161462,64.3284702 -14.9383385,64.3238353 -14.9458609,64.3188571 -14.9635733,64.311304 -14.9649591,64.3086433 -14.9623854,64.3055534 -14.9629794,64.3023777 -14.9730759,64.2992877 -14.9742637,64.2970561 -14.9558523,64.2960262 -14.9461517,64.2933654 -14.9404104,64.2933654 -14.9332834,64.2943954 -14.9172477,64.2937088 -14.9009184,64.2975872 -14.8990256,64.2954628 -14.9043134,64.2931938 -14.907541,64.2894762 -14.8955687,64.2815101 -14.8995736,64.2806894 -14.9011312,64.2817032 -14.9050246,64.2804478 -14.9093635,64.2814136 -14.9224166,64.2783719 -14.9345382,64.2729645 -14.9358727,64.2664951 -14.9333175,64.2636679 -14.9349972,64.2613077 -14.9414192,64.2592906 -14.9466558,64.2613935 -14.9627604,64.256072 -14.9636497,64.2538832 -14.9616736,64.2527246 -14.9683921,64.2510937 -14.9696766,64.2469739 -14.9561522,64.2438036 -14.960484,64.2400377 -14.973702,64.2386376 -14.9710363,64.2375755 -14.9825879,64.238348 -14.9848093,64.2393618 -14.9875861,64.2373824 -14.9924736,64.2382997 -14.9938064,64.2373824 -14.9936954,64.2387825 -14.9956948,64.2389756 -14.9968055,64.2365133 -15.0019149,64.2360305 -15.0048028,64.2373824 -15.0036922,64.2382997 -15.0095789,64.2393136 -15.0187982,64.2389756 -15.0192425,64.2363203 -15.0261291,64.2382514 -15.0592382,64.2390239 -15.0923473,64.2397963 -15.1254563,64.2405688 -15.1637425,64.2355798 -15.1796648,64.2366529 -15.1918843,64.2350435 -15.1935205,64.2356873 -15.1743575,64.2411588 -15.1639895,64.2401397 -15.1223456,64.2462176 -15.1060857,64.2469418 -15.1007521,64.246121 -15.0811954,64.2481005 -15.0577309,64.2475694 -15.0342664,64.2470382 -15.0333774,64.2478591 -15.0387115,64.2507559 -15.0334885,64.253894 -15.0271543,64.2537009 -15.0249317,64.2505627 -15.0201532,64.2520111 -15.0198199,64.2545217 -15.017264,64.2538458 -15.0092833,64.2546397 -15.0094192,64.256882 -15.014582,64.2576491 -15.0144573,64.2593014 -15.0239078,64.2661088 -15.0277992,64.265964 -15.0296896,64.2692471 -15.037317,64.2722189 -15.0388002,64.275223 -15.0472053,64.2791926 -15.0798336,64.2882586 -15.0923213,64.2897605 -15.0967724,64.2890095 -15.1009762,64.2904043 -15.102089,64.2894387 -15.1062928,64.2906188 -15.1128457,64.2903506 -15.1143295,64.290136 -15.1161839,64.2884731 -15.1181515,64.2784684 -15.1308649,64.276371 -15.1348457,64.2723906 -15.139519,64.2708133 -15.1419421,64.2707382 -15.1434999,64.2728412 -15.1473078,64.2729914 -15.1493849,64.2714893 -15.151808,64.2731416 -15.1575198,64.2720901 -15.160289,64.2735922 -15.1582121,64.2768216 -15.1658278,64.2753195 -15.1637508,64.2797505 -15.1597698,64.2817032 -15.164097,64.2816281 -15.1701549,64.2768967 -15.1741359,64.2761456 -15.176559,64.2766714 -15.176559,64.2781734 -15.1846941,64.2792999 -15.1834824,64.2806518 -15.1846941,64.2809522 -15.1871274,64.2806894 -15.1951354,64.277696 -15.1999182,64.2748475 -15.199807,64.2742198 -15.1834568,64.2724335 -15.1842355,64.2687159 -15.1761307,64.2682813 -15.1779099,64.2674607 -15.1754636,64.263743 -15.1760195,64.2631155 -15.1799116,64.2613775 -15.1812459,64.2635016 -15.1859163,64.2626327 -15.1868058,64.2615705 -15.1835811,64.2595428 -15.1901419,64.2566943 -15.1928424,64.2569357 -15.1910644,64.2598325 -15.1927313,64.2607498 -15.1965097,64.2594945 -15.1986212,64.2603152 -15.2015105,64.2589633 -15.1998436,64.2554873 -15.1920645,64.2558252 -15.1952873,64.2540389 -15.1913977,64.2527837 -15.1911753,64.249742 -15.1920645,64.2490661 -15.2058446,64.2500799 -15.2035109,64.2485833 -15.1979544,64.2488247 -15.1951762,64.2475694 -15.1930646,64.2482454 -15.1918423,64.2466521 -15.1926202,64.2461693 -15.2040147,64.2435139 -15.2081243,64.2413896 -15.212862,64.2412126 -15.2111337,64.2491519 -15.2174427,64.2504662 -15.2163115,64.2576277 -15.2211283,64.2629384 -15.2146441,64.2659962 -15.2142736,64.2698585 -15.2092652,64.2710655 -15.2109329,64.2743647 -15.2075974,64.275974 -15.2090641,64.2808824 -15.2162951,64.2841815 -15.2135139,64.2853885 -15.2149972,64.2869174 -15.2229698,64.2857105 -15.2233408,64.2825721 -15.2415107,64.2798364 -15.243365,64.2804801 -15.2376173,64.2868369 -15.253377,64.2869979 -15.2491127,64.2827332 -15.2502251,64.2786294 -15.254675,64.2765372 -15.2648726,64.2758935 -15.2693223,64.2776638 -15.2676537,64.2822504 -15.274143,64.2865955 -15.2889758,64.2868369 -15.2999153,64.2883658 -15.3088152,64.2921478 -15.3260592,64.2920672 -15.3314363,64.2948031 -15.3226943,64.3144369 -15.33012,64.3289208 -15.3479406,64.3478304 -15.3525776,64.3514513 -15.3648471,64.3564403 -15.3600267,64.3636822 -15.3628163,64.3648087 -15.3622584,64.3685907 -15.3663499,64.3705219 -15.3628163,64.374867 -15.3689185,64.3784236 -15.3668035,64.3815457 -15.3724936,64.3925858 -15.3711032,64.3957614 -15.3667337,64.3971347 -15.3671311,64.3987654 -15.3756713,64.4037437 -15.3748769,64.4064044 -15.3790478,64.4072628 -15.3828213,64.4103527 -15.3898889,64.4104376 -15.3826227,64.4092369 -15.3774588,64.405632 -15.3774588,64.4034863 -15.3720963,64.4009113 -15.3718976,64.399538 -15.3720963,64.3968772 -15.3758699,64.392414 -15.3756713,64.3910408 -15.3705074,64.3840885 -15.371699,64.3827152 -15.3762546,64.3743038 -15.3823316,64.3701732 -15.3820486,64.3644332 -15.3723012,64.358291 -15.3704414,64.3541067 -15.373417,64.3488764 -15.3735876,64.3391401 -15.3650397,64.3325418 -15.3590884,64.3202304 -15.3585314,64.3162876 -15.3616878,64.3149197 -15.3611308,64.3096089 -15.3646587,64.3071949 -15.3661377,64.2903774 -15.3796726,64.2831355 -15.3841224,64.2783076 -15.3841224,64.2772614 -15.3778185,64.2762154 -15.3776332,64.2752498 -15.3826392,64.2738014 -15.3807851,64.2696975 -15.3874598,64.2717897 -15.3882014,64.2742842 -15.3885723,64.2731577 -15.3935784,64.2721117 -15.3900555,64.2699389 -15.3987699,64.2686516 -15.4008092,64.2650306 -15.4039613,64.2643064 -15.407298,64.2649502 -15.4156409,64.2713069 -15.4174948,64.2689734 -15.4128599,64.2668008 -15.4174948,64.265272 -15.4200904,64.262536 -15.4262086,64.263743 -15.4297311,64.2620533 -15.4282479,64.260444 -15.4347109,64.2572253 -15.4397178,64.2504501 -15.4523743,64.2497634 -15.4547474,64.2435836 -15.4681948,64.2415237 -15.4745231,64.2449569 -15.4808514,64.2521667 -15.499836,64.2614363 -15.5131845,64.2649502 -15.5122584,64.2614096 -15.5146669,64.2602831 -15.5109615,64.2581909 -15.5150374,64.2554551 -15.5126289,64.2528802 -15.5094792,64.2524778 -15.5076267,64.249581 -15.5078119,64.246121 -15.504477,64.2444313 -15.5070707,64.2425805 -15.5041065,64.2419368 -15.498545,64.2359822 -15.4931756,64.2341315 -15.4885467,64.2292231 -15.4820663,64.2305911 -15.4755859,64.2347753 -15.4681798,64.2363846 -15.434383,64.2388388 -15.4005862,64.241293 -15.3981788,64.2438679 -15.3904006,64.2453969 -15.3835487,64.2449945 -15.384845,64.2425805 -15.3716964,64.2419368 -15.3700298,64.2424196 -15.3742892,64.2449945 -15.3659555,64.2488569 -15.3565052,64.2450749 -15.3455799,64.2445921 -15.3352102,64.2423391 -15.2964172,64.2406896 -15.2576241,64.23904 -15.2426238,64.238879 -15.2368839,64.2394423 -15.2337363,64.2403274 -15.2287372,64.2430633 -15.2265644,64.2431437 -15.2237251,64.2415344 -15.2182935,64.2410516 -15.2102069,64.236347 -15.2084423,64.2355798 -15.1962256,64.2313904 -15.1939179,64.2307411 -15.1859092,64.2311543 -15.1861807,64.2293839 -15.1933751,64.2284989 -15.201476,64.2308592 -15.2106071,64.2318785 -15.2551137,64.2342924 -15.2996203,64.2367064 -15.3329089,64.2366062 -15.3661976,64.2365061 -15.3994863,64.236406 -15.4326082,64.2352259 -15.4603357,64.233198 -15.4654672,64.2322218 -15.4726834,64.2297112 -15.4749284,64.2261546 -15.4789375,64.2269915 -15.5195943,64.223417 -15.5602511,64.2198425 -15.6009079,64.2162679 -15.6410257,64.2082697 -15.6725589,64.2038763 -15.6820503,64.2019987 -15.6899394,64.1986727 -15.702709,64.1904383 -15.7156823,64.1806697 -15.719426,64.1762924 -15.7535967,64.1723979 -15.7877674,64.1685033 -15.821938,64.1646087 -15.8343676,64.159566 -15.8625935,64.1558861 -15.8937018,64.1496097 -15.9248101,64.1433334 -15.9389787,64.1378402 -15.9704465,64.1290962 -15.9738882,64.1278625 -16.0088922,64.1133159 -16.0438962,64.0987694 -16.0789002,64.0842229 -16.1009306,64.0735611 -16.1229609,64.0628994 -16.1523195,64.0507087 -16.1816782,64.038518 -16.2125584,64.0282693 -16.2434387,64.0180206 -16.2742366,64.0057039 -16.303407,63.9910886 -16.3325775,63.9764732 -16.3689659,63.9548706 -16.4053543,63.9332681 -16.4086016,63.931935 -16.4095418,63.9318037 -16.4158231,63.9320664 -16.4174469,63.9323856 -16.4252197,63.9363548 -16.435288,63.9381462 -16.4358038,63.9369599 -16.4255183,63.9349018 -16.419838,63.9295881 -16.4225295,63.9270535 -16.4504485,63.9143438 -16.4783674,63.9016342 -16.5199804,63.8849078 -16.5419909,63.8728379 -16.5640013,63.860768 -16.5960044,63.8366683 -16.6280075,63.8125687 -16.6331152,63.8076603 -16.6369112,63.7992918 -16.6403739,63.7984871 -16.6746366,63.793981 -16.7153478,63.7907623 -16.756059,63.7875437 -16.7955757,63.7863367 -16.8352879,63.7842472 -16.875,63.7821578 -16.8826401,63.7814283 -16.926702,63.78057 -16.9707639,63.7797117 -17.0148258,63.7788534 -17.051797,63.7792155 -17.0887682,63.7795776 -17.1257394,63.7799397 -17.1627105,63.7803018 -17.1933068,63.7803018 -17.2354288,63.7788875 -17.2693526,63.7775025 -17.3032763,63.7761174 -17.3351265,63.7733817 -17.3669766,63.7706459 -17.392701,63.7672234 -17.4051911,63.7666225 -17.4455894,63.760668 -17.4859878,63.7547135 -17.5263861,63.748759 -17.5631449,63.7399077 -17.5927945,63.7352406 -17.6091405,63.7317001 -17.6451017,63.7230098 -17.6701657,63.7167335 -17.6919604,63.7098134 -17.7137551,63.7028933 -17.7377293,63.693881 -17.7471735,63.6884093 -17.7613401,63.6787533 -17.7782061,63.6650848 -17.7972651,63.6552572 -17.7987152,63.652119 -17.8081412,63.6471301 -17.8231446,63.6302644 -17.8499008,63.6075518 -17.8646792,63.5910698 -17.8792921,63.5698448 -17.9020795,63.5515522 -17.9041992,63.5474216 -17.9291451,63.5353838 -17.954091,63.5233461 -17.9750067,63.5150312 -17.9959224,63.5067164 -18.0303908,63.4974709 -18.0648592,63.4882253 -18.1015753,63.4797039 -18.1382914,63.4711825 -18.1572088,63.4632164 -18.1582654,63.4643965 -18.1583137,63.4644066 -18.1669151,63.4656947 -18.1778544,63.4659308 -18.1803637,63.4658718 -18.1889505,63.4642195 -18.1983225,63.4643965 -18.2045302,63.4654588 -18.2172098,63.4713596 -18.2262902,63.4856343 -18.2334905,63.5030364 -18.2384946,63.5056114 -18.2492725,63.507328 -18.257356,63.5114479 -18.2547005,63.5144413 -18.2569749,63.5212004 -18.2615234,63.5252076 -18.2574081,63.5316288 -18.2648602,63.5415798 -18.2778416,63.5510212 -18.2880414,63.5513752 -18.2904257,63.5502541 -18.2996982,63.5536175 -18.3058259,63.5602587 -18.3151727,63.578739 -18.3261077,63.5860401 -18.3404921,63.5890334 -18.3478754,63.5980618 -18.3531959,63.5988826 -18.3658994,63.6065108 -18.3832086,63.6061728 -18.3849461,63.6078143 -18.3887469,63.6069452 -18.3924388,63.6086349 -18.4074643,63.6104643 -18.4180856,63.614434 -18.4200897,63.6180818 -18.4265836,63.6208498 -18.4318,63.6228293 -18.4471228,63.6244708 -18.4498397,63.628816 -18.4565122,63.6301249 -18.4556673,63.6315482 -18.4611803,63.6343681 -18.4590061,63.6385685 -18.4629197,63.6383271 -18.4666278,63.6412452 -18.4677709,63.6482986 -18.4659649,63.650034 -18.4673818,63.6529833 -18.4628012,63.6563808 -18.4642431,63.6665564 -18.4591559,63.6692047 -18.4595751,63.6722087 -18.4666353,63.6738713 -18.4675736,63.6744921 -18.4641479,63.6750729 -18.4695241,63.6758294 -18.4831198,63.6829333 -18.4863673,63.6818569 -18.4904909,63.6852121 -18.491797,63.6930737 -18.4944412,63.6903754 -18.4923288,63.6879557 -18.4960484,63.6808587 -18.4865959,63.6736035 -18.4893339,63.6646717 -18.4857438,63.6611902 -18.485442,63.6527734 -18.4907891,63.6537498 -18.493456,63.6519259 -18.4881521,63.6459661 -18.4902647,63.6412452 -18.4881397,63.6389064 -18.4686812,63.6322438 -18.4629415,63.6265039 -18.4541298,63.6220514 -18.4493012,63.6214613 -18.4465281,63.615346 -18.4372303,63.6125565 -18.4310741,63.6079431 -18.4215382,63.6075139 -18.4095964,63.6046278 -18.3911358,63.6023104 -18.3839582,63.5973109 -18.3680102,63.5943604 -18.359906,63.5908198 -18.359327,63.5881805 -18.3544065,63.5848975 -18.3539959,63.5799515 -18.3339121,63.5647058 -18.3346008,63.5585904 -18.3227987,63.5519385 -18.3150913,63.5421752 -18.3131247,63.5386776 -18.3145328,63.5344774 -18.3109593,63.5271066 -18.3026685,63.5241427 -18.308925,63.522697 -18.3102244,63.5206693 -18.2989635,63.5141032 -18.2932249,63.5134273 -18.2894613,63.5029882 -18.2766342,63.4956121 -18.2759979,63.4823352 -18.2730784,63.4776037 -18.2747004,63.4760104 -18.2699426,63.4737896 -18.2645448,63.4632164 -18.2580733,63.4616822 -18.2518657,63.4566664 -18.2385263,63.4559582 -18.2354888,63.4559582 -18.1955549,63.4593807 -18.1703261,63.4632754 -18.1643291,63.4634491 -18.1578012,63.4623903 -18.1682528,63.4626209 -18.1979913,63.4576319 -18.2390548,63.4534585 -18.2801184,63.449285 -18.321182,63.4451115 -18.3439888,63.441587 -18.3667957,63.4380625 -18.4074084,63.4345391 -18.4480212,63.4310156 -18.4716647,63.427807 -18.4953082,63.4245985 -18.5286887,63.4185976 -18.5620693,63.4125968 -18.5954498,63.4065959 -18.6221291,63.4032105 -18.6488085,63.399825 -18.6709867,63.3958592 -18.6998651,63.3940012 -18.7287436,63.3921432 -18.7446601,63.3921109 -18.7833282,63.3962415 -18.8219963,63.4003721 -18.8488653,63.4019654 -18.866787,63.4045618 -18.8856308,63.4044437 -18.9002095,63.4078717 -18.9396269,63.4120076 -18.9425035,63.413456 -18.9656944,63.414663 -18.979717,63.4139388 -19.0016593,63.4148883 -19.0154943,63.4133542 -19.0188966,63.4074854 -19.0295112,63.3998036 -19.0634173,63.4035587 -19.0821064,63.403827 -19.0889372,63.4050393 -19.0993953,63.4040254 -19.1023062,63.401708 -19.1157833,63.4025286 -19.1224678,63.4007906 -19.1312948,63.4009355 -19.1547768,63.4058841 -19.1782587,63.4108328 -19.2138085,63.4197091 -19.2493583,63.4285855 -19.2849081,63.4374619 -19.3129104,63.4436578 -19.3409128,63.4498537 -19.3670605,63.4538555 -19.3932083,63.4578573 -19.3961248,63.4567469 -19.398825,63.4579056 -19.4127591,63.4579056 -19.4370431,63.4642785 -19.448667,63.4651046 -19.4523656,63.46717 -19.4647821,63.4683501 -19.5075433,63.4793257 -19.5186898,63.4809672 -19.5460631,63.4872918 -19.5734364,63.4936165 -19.5988204,63.498702 -19.6218148,63.5018455 -19.6305687,63.5046993 -19.6649435,63.5103374 -19.6875,63.5160291 -19.7091603,63.5166192 -19.719085,63.5190386 -19.73298,63.5201597 -19.7745935,63.5263824 -19.7871557,63.5265754 -19.792787,63.5281205 -19.801335,63.5280077 -19.8215882,63.5308563 -19.8526222,63.5318702 -19.8862324,63.5348153 -19.9162089,63.5355716 -19.9461853,63.536328 -19.9868774,63.5361671 -20.0124555,63.5351049 -20.0527666,63.5308563 -20.0537955,63.5310012 -20.054967,63.5314925 -20.0550953,63.5331737 -20.050786,63.540802 -20.0453883,63.5432051 -20.0423042,63.5521317 -20.0492438,63.5765074 -20.0299668,63.6026 -20.0237771,63.6053466 -20.0202878,63.6102068 -20.0136464,63.6132162 -20.0101931,63.6165797 -20.006474,63.6218905 -20.0036848,63.6332201 -20,63.6345773 -20.0047472,63.6346364 -20.0059427,63.6335742 -20.006474,63.6297386 -20.0100603,63.6284995 -20.0121855,63.6257261 -20.01099,63.6217725 -20.0135136,63.6166977 -20.0370259,63.6017096 -20.0418915,63.5933518 -20.0554124,63.5806274 -20.0578685,63.5749197 -20.0500149,63.5521317 -20.0524319,63.5466814 -20.0655516,63.5312783 -20.0657098,63.531146 -20.0697174,63.5302287 -20.0792307,63.5299444 -20.0890511,63.5300303 -20.1098808,63.5314035 -20.1294361,63.5318756 -20.1558837,63.5317736 -20.1734688,63.5338497 -20.1899672,63.53724 -20.2165757,63.5439883 -20.2260566,63.5481566 -20.2445669,63.5535585 -20.2637964,63.5623025 -20.2847015,63.5689973 -20.3164043,63.5837709 -20.3481071,63.5985446 -20.3798099,63.6133182 -20.3982756,63.6208498 -20.4002312,63.6205601 -20.4011003,63.6209464 -20.4020782,63.6225879 -20.4357243,63.637796 -20.4580459,63.6463389 -20.4803675,63.6548817 -20.4916095,63.6595488 -20.5191822,63.6712914 -20.546755,63.6830341 -20.5464441,63.6838607 -20.5463113,63.6872345 -20.5483807,63.6889725 -20.5646762,63.6979043 -20.5666378,63.7008494 -20.5666378,63.7014771 -20.557483,63.7079571 -20.5585489,63.7097167 -20.553863,63.7161802 -20.5586556,63.7194576 -20.5605913,63.7297744 -20.558259,63.7356373 -20.5424953,63.7450447 -20.5222207,63.7500492 -20.5091727,63.7553571 -20.4938366,63.7737058 -20.4909687,63.7728152 -20.4813994,63.7730705 -20.4684509,63.770238 -20.467383,63.7701201 -20.4429545,63.7675827 -20.4421535,63.7674648 -20.4326394,63.7649273 -20.4097036,63.7622988 -20.3939636,63.7590535 -20.37705,63.7551023 -20.373148,63.7537305 -20.3676815,63.7512859 -20.3658326,63.7496786 -20.3656448,63.749016 -20.3676398,63.7491134 -20.3686014,63.7465075 -20.3676021,63.7477564 -20.361479,63.746141 -20.3560615,63.7465603 -20.3610545,63.7473887 -20.3673695,63.7518628 -20.3680577,63.7548685 -20.3730468,63.7565568 -20.372546,63.7580543 -20.3645498,63.7564834 -20.3636442,63.7573491 -20.3641711,63.7575086 -20.372058,63.7586009 -20.3767515,63.7572994 -20.3800253,63.7598127 -20.3920432,63.7611229 -20.4074949,63.7646269 -20.4197145,63.769455 -20.4323387,63.7723731 -20.4434092,63.7737464 -20.4581696,63.7779521 -20.4704055,63.7781239 -20.471996,63.7788429 -20.4714206,63.7799817 -20.4578348,63.7840428 -20.4570317,63.784542 -20.4438871,63.7961498 -20.4332411,63.7994508 -20.4320027,63.8012621 -20.426688,63.8022964 -20.4191036,63.8063337 -20.4102263,63.8085938 -20.4121234,63.8085938 -20.4115833,63.8141191 -20.4173748,63.8186527 -20.412752,63.8203748 -20.4122384,63.8240978 -20.4192719,63.8256316 -20.4207705,63.827823 -20.4204969,63.8256913 -20.4142756,63.8235317 -20.4189107,63.8179197 -20.4131145,63.8132178 -20.4178141,63.8085938 -20.4260939,63.8066117 -20.4294084,63.8043689 -20.4222213,63.8056684 -20.4285607,63.8023651 -20.4304614,63.8022054 -20.4309715,63.8038548 -20.4346342,63.8009219 -20.4461832,63.7967792 -20.4509602,63.7939312 -20.4510761,63.7911028 -20.4588618,63.7846305 -20.4750611,63.7801641 -20.4878505,63.7780439 -20.5009509,63.7736208 -20.516708,63.7587368 -20.5214555,63.7580704 -20.5281782,63.7547237 -20.5542843,63.7468278 -20.5650843,63.7387403 -20.568754,63.7292538 -20.5677065,63.7168772 -20.5747331,63.7129782 -20.5802737,63.7033761 -20.5723428,63.6973249 -20.5503492,63.6881518 -20.5497528,63.6849499 -20.5500226,63.6841928 -20.5516562,63.6845791 -20.5899281,63.6998811 -20.6282001,63.7151831 -20.6670439,63.7292737 -20.7058877,63.7433642 -20.7447315,63.7574548 -20.7740298,63.7670408 -20.7841898,63.7697929 -20.790875,63.7712413 -20.8032191,63.7724483 -20.8013622,63.7738484 -20.8003789,63.7742347 -20.794589,63.7728828 -20.77722,63.7722069 -20.7743365,63.7774801 -20.7585026,63.7806129 -20.755679,63.7882518 -20.7438018,63.7930636 -20.7325408,63.7953329 -20.7254345,63.8002574 -20.720952,63.8015127 -20.7192467,63.8044577 -20.7150905,63.8042163 -20.7077622,63.806582 -20.7039343,63.8111686 -20.6987936,63.8127136 -20.6991842,63.8213557 -20.6931649,63.8253146 -20.6881686,63.8336992 -20.682475,63.8355016 -20.6785334,63.8351798 -20.6754677,63.8373684 -20.6779379,63.8381571 -20.6819901,63.8439989 -20.6819901,63.8481026 -20.691371,63.852614 -20.6936479,63.8601671 -20.7047646,63.8666582 -20.7017581,63.8758636 -20.7030985,63.8799351 -20.6998814,63.885836 -20.6945195,63.8879013 -20.6942514,63.8897305 -20.7001495,63.8880783 -20.7029645,63.8888454 -20.6998745,63.8945692 -20.6966546,63.9015322 -20.695313,63.9034204 -20.6845803,63.913865 -20.6712419,63.9219652 -20.6691921,63.928349 -20.6679964,63.9288747 -20.662701,63.9298511 -20.6457901,63.9311277 -20.6341897,63.9343142 -20.6324807,63.9342606 -20.63126,63.9339387 -20.6332932,63.932058 -20.629335,63.9275261 -20.6211594,63.9325579 -20.6204587,63.938139 -20.6155374,63.9412771 -20.6125211,63.9414167 -20.6087108,63.9385575 -20.6055357,63.9385575 -20.6007732,63.9407192 -20.596328,63.9373719 -20.5885491,63.9367443 -20.5798175,63.9387667 -20.5688545,63.9393138 -20.5605502,63.9425755 -20.5496081,63.9435625 -20.5344301,63.9538407 -20.5301535,63.9613509 -20.5098,63.9728093 -20.5071564,63.97812 -20.5082579,63.9842033 -20.5001045,63.9916404 -20.4963582,63.9990735 -20.4930522,64.0005218 -20.4884686,64.0066051 -20.4774432,64.0122056 -20.4721509,64.0124952 -20.4627761,64.010725 -20.4557924,64.0117013 -20.4480929,64.01124 -20.4370706,64.0153598 -20.4320871,64.0149468 -20.4085526,64.0181922 -20.3977749,64.0184873 -20.392399,64.0173796 -20.3718703,64.0192651 -20.3547791,64.0191828 -20.3537809,64.0181657 -20.3536788,64.0200399 -20.3630754,64.0196002 -20.3732781,64.020919 -20.3772157,64.0195977 -20.3863018,64.0188925 -20.3916941,64.0189275 -20.3958606,64.0196406 -20.3993866,64.0206062 -20.4008735,64.024152 -20.3975055,64.0260994 -20.3950804,64.0258044 -20.3747377,64.023208 -20.3568552,64.0268899 -20.345964,64.0262246 -20.3348842,64.0291091 -20.3196297,64.0246434 -20.3151898,64.0187263 -20.3066109,64.0164856 -20.2999489,64.0125687 -20.273447,64.0138553 -20.2725565,64.0137999 -20.2720464,64.0124213 -20.2725377,64.0108275 -20.2836134,64.0011488 -20.2957733,63.9994102 -20.3024079,63.997081 -20.3080064,63.9971299 -20.3048404,63.9966664 -20.3126189,63.9954158 -20.3130887,63.9933372 -20.3163806,63.992047 -20.3181431,63.9922072 -20.3181098,63.9949244 -20.3195091,63.9922318 -20.3256053,63.9929785 -20.3339998,63.991738 -20.3328739,64.0057917 -20.3356301,64.0071938 -20.3377922,64.0042723 -20.3383619,63.9979798 -20.3361099,63.9935069 -20.3377691,63.9907755 -20.3374944,63.9906303 -20.3325505,63.9907494 -20.330596,63.9893045 -20.3239651,63.9887619 -20.311217,63.9912462 -20.3062859,63.9951138 -20.2817833,64.0007164 -20.27161,64.0103962 -20.2542294,64.0185142 -20.2419999,64.0161632 -20.2371269,64.0087196 -20.2317394,64.0097264 -20.233577,64.0079935 -20.2248069,64.0037977 -20.2179163,64.0063912 -20.2194228,64.0081167 -20.2123214,64.0074596 -20.2095648,64.008462 -20.2134014,64.0108834 -20.2114611,64.0136518 -20.2060444,64.0146439 -20.2048661,64.0161315 -20.2058488,64.0229822 -20.2026919,64.0264546 -20.1967109,64.0285201 -20.1941545,64.0329916 -20.187777,64.0345304 -20.1790039,64.0338711 -20.1819392,64.034981 -20.1809719,64.0374852 -20.1945962,64.0339313 -20.2164623,64.0225015 -20.2205774,64.0224115 -20.2242002,64.0207742 -20.2518653,64.0215861 -20.2630841,64.0192027 -20.2689594,64.0147488 -20.2856117,64.0147064 -20.294726,64.0133547 -20.3128471,64.0208371 -20.3136756,64.0277371 -20.3147699,64.0284345 -20.315659,64.0288208 -20.3252474,64.0301647 -20.3271933,64.0317851 -20.3335639,64.0328581 -20.3344855,64.0329878 -20.3489619,64.033618 -20.3572491,64.0321565 -20.3608648,64.0326091 -20.3602647,64.0311152 -20.3651047,64.0298868 -20.364278,64.0328304 -20.3648098,64.0327483 -20.3685406,64.030584 -20.375546,64.0290498 -20.3859195,64.0273976 -20.3926556,64.0278697 -20.4016819,64.0283417 -20.4058624,64.0254825 -20.4166052,64.024756 -20.4197543,64.0235702 -20.4280388,64.0242209 -20.4328784,64.0229535 -20.456827,64.0224028 -20.4570709,64.0223798 -20.4590654,64.0209861 -20.473074,64.0211323 -20.4776577,64.0206003 -20.4839835,64.0188018 -20.5089834,64.0088367 -20.5152488,64.0043736 -20.5172067,64.0023136 -20.5179899,64.0012836 -20.5179899,63.9955329 -20.5259134,63.9872932 -20.523932,63.9836239 -20.5271983,63.9762371 -20.5432103,63.9658175 -20.5674133,63.9559909 -20.5702223,63.9498281 -20.5744199,63.946368 -20.5879141,63.9434391 -20.596963,63.9439272 -20.6083934,63.9421839 -20.6137911,63.9432299 -20.6218874,63.941835 -20.6299171,63.9353334 -20.6340677,63.9354407 -20.6495481,63.9315783 -20.6604803,63.9312028 -20.6695337,63.9291751 -20.6739749,63.926246 -20.6729501,63.9231669 -20.6826868,63.9163327 -20.6910198,63.9149272 -20.6941056,63.913806 -20.6958497,63.9123307 -20.7010818,63.90643 -20.7047042,63.8960444 -20.7068506,63.8948643 -20.710337,63.8925629 -20.7136883,63.8855999 -20.7193183,63.8819414 -20.7222675,63.8736802 -20.7126668,63.8634717 -20.7086488,63.8548564 -20.6926943,63.844192 -20.6931322,63.8407803 -20.7282319,63.823096 -20.7315888,63.814913 -20.7307057,63.8107769 -20.7396609,63.8058794 -20.7409974,63.8026928 -20.7499526,63.8025748 -20.7573037,63.8006275 -20.7566354,63.796733 -20.7662792,63.7929296 -20.7780371,63.7906981 -20.7921245,63.7837029 -20.7974668,63.7840461 -20.8075697,63.7824583 -20.8102899,63.7800978 -20.8086388,63.7776088 -20.8077645,63.7767934 -20.8035879,63.7754631 -20.8037705,63.7747968 -20.8049477,63.7743043 -20.8092215,63.7744331 -20.8457397,63.7864923 -20.8488481,63.7873507 -20.8629364,63.7895823 -20.8661429,63.7927579 -20.8758597,63.7957191 -20.896364,63.7987446 -20.896364,63.8013839 -20.9042381,63.8046669 -20.9180006,63.8092695 -20.9307638,63.8107181 -20.9443736,63.816238 -20.9483184,63.815589 -20.9629064,63.8176488 -20.9807032,63.8176918 -20.9835629,63.8193655 -20.9818124,63.8206528 -20.9869674,63.8204813 -20.9893019,63.8223695 -20.9951379,63.8218116 -20.996208,63.8230562 -20.997667,63.8221979 -20.9989314,63.8238286 -21.0048646,63.8219833 -21.0050592,63.8235712 -21.0099992,63.8226269 -21.0142794,63.8230991 -21.017976,63.8214254 -21.02605,63.8240432 -21.0311086,63.8232278 -21.0374315,63.8248585 -21.0509835,63.8257169 -21.0516644,63.8285493 -21.0551668,63.8290215 -21.0559453,63.8273478 -21.0599343,63.8286352 -21.0622693,63.830223 -21.0610045,63.8321114 -21.0638098,63.8325405 -21.0665349,63.8315963 -21.0653669,63.8333559 -21.0726666,63.8364458 -21.0789928,63.8355016 -21.089407,63.8395357 -21.0922296,63.8393641 -21.091964,63.8410054 -21.0993025,63.8431298 -21.1126651,63.8439023 -21.114089,63.8450609 -21.1145271,63.8440953 -21.1227418,63.8448679 -21.1271623,63.8475384 -21.123399,63.8478612 -21.1237276,63.848875 -21.1289198,63.8522737 -21.1354234,63.8537995 -21.1301987,63.8538165 -21.1350498,63.8559037 -21.1203322,63.8506132 -21.1236181,63.8534133 -21.1328502,63.8568865 -21.1491404,63.8621306 -21.1680672,63.8650194 -21.1717957,63.8676965 -21.1814988,63.8706907 -21.1845891,63.8705353 -21.2043635,63.8778226 -21.204366,63.8778269 -21.2053745,63.8796893 -21.2021312,63.8816628 -21.1962311,63.8824748 -21.1991602,63.8871365 -21.1938084,63.8912812 -21.2049547,63.9015265 -21.2038583,63.9070945 -21.2077618,63.9088078 -21.2098006,63.916428 -21.2176172,63.9234104 -21.2170919,63.927353 -21.2130436,63.9294608 -21.2066265,63.9308698 -21.2055407,63.9310153 -21.1736341,63.933794 -21.1720834,63.9337912 -21.1369829,63.9277323 -21.1221375,63.9277918 -21.1254565,63.9283707 -21.117381,63.9296296 -21.1142451,63.9291223 -21.1118338,63.9312425 -21.1048667,63.9319981 -21.1017059,63.9336408 -21.09375,63.9347097 -21.0950145,63.9334542 -21.0910345,63.9330993 -21.0859787,63.9361908 -21.0781491,63.9354486 -21.068517,63.9377408 -21.063439,63.9351559 -21.0558124,63.9373333 -21.0479494,63.9373484 -21.0447912,63.9339056 -21.0299782,63.9327939 -21.0220729,63.936873 -21.0104315,63.9404798 -21.0078309,63.9384348 -21.0016944,63.9380038 -20.9913296,63.9398597 -20.9903953,63.9401438 -20.9875923,63.9415987 -20.9840351,63.94712 -20.982397,63.9506006 -20.9816275,63.9508903 -20.9740433,63.9507453 -20.9693514,63.954886 -20.9655216,63.9556363 -20.9682868,63.9574558 -20.9664584,63.9591832 -20.9622577,63.9592533 -20.9591413,63.960673 -20.9579771,63.9635888 -20.9622209,63.9674501 -20.9646018,63.9767019 -20.9443678,63.990116 -20.9401954,63.9984818 -20.9332134,64.0010864 -20.9113451,63.9978126 -20.9067724,63.9987992 -20.8993891,63.9972484 -20.8928488,63.9985127 -20.8855459,63.9982938 -20.880408,63.9956626 -20.8646206,63.9928269 -20.8567752,63.9928315 -20.8500051,63.9961721 -20.8402866,63.9963032 -20.8389803,63.9971786 -20.8351372,63.9930692 -20.8268415,63.9917057 -20.8203945,63.9941207 -20.8157626,63.9938815 -20.8051391,63.9980149 -20.7996598,63.9985346 -20.7975724,63.9976453 -20.7976731,63.9948403 -20.8004931,63.9920431 -20.7924107,63.984375 -20.7843662,63.9856147 -20.775719,63.9909751 -20.7637258,63.9912027 -20.7601618,63.9892793 -20.7602113,63.9864013 -20.7555259,63.9847943 -20.7576028,63.9819895 -20.7569565,63.9816139 -20.751879,63.9803309 -20.7506679,63.9802024 -20.7381786,63.9811993 -20.7325822,63.9778808 -20.7064831,63.9706423 -20.6920863,63.9706736 -20.681805,63.9690585 -20.672193,63.9688209 -20.6690062,63.9694186 -20.6617734,63.9742144 -20.6518694,63.9778616 -20.6473414,63.984375 -20.6411786,63.9882429 -20.6402721,63.9895952 -20.6402646,63.9915121 -20.6473855,63.9996527 -20.6464185,64.0020775 -20.6410934,64.0029902 -20.6375149,64.0055747 -20.6378614,64.0173423 -20.623009,64.0377262 -20.6171468,64.0423784 -20.5943708,64.0525053 -20.58419,64.0733814 -20.5502995,64.0919207 -20.5454893,64.0973892 -20.5384438,64.1011477 -20.5372688,64.1022644 -20.5339868,64.1087865 -20.5302492,64.1092786 -20.5338311,64.1118612 -20.5360171,64.1134372 -20.538802,64.1082286 -20.559098,64.1005023 -20.5797837,64.0893162 -20.6004694,64.0781302 -20.6008012,64.0826989 -20.6050724,64.0858618 -20.6050754,64.0883919 -20.6034132,64.092223 -20.5927221,64.1020035 -20.5868363,64.1046841 -20.5786982,64.1062527 -20.5721656,64.1063925 -20.566473,64.1045218 -20.5637909,64.1048183 -20.5594513,64.1083375 -20.5592864,64.1086671 -20.5614293,64.1111501 -20.5622875,64.1116683 -20.5691277,64.1142116 -20.5754454,64.1249377 -20.5746104,64.1263766 -20.5658556,64.1276011 -20.5630723,64.1297386 -20.5646716,64.1313326 -20.5677071,64.1275134 -20.5762742,64.1267828 -20.5783385,64.1222113 -20.574101,64.1183627 -20.575106,64.1156765 -20.5677944,64.1108919 -20.5632219,64.1096978 -20.5622092,64.1061311 -20.565998,64.1052523 -20.5759249,64.1080554 -20.5842291,64.1088831 -20.5997416,64.1031559 -20.6000926,64.1005166 -20.6081241,64.0941243 -20.6111116,64.0821918 -20.6081384,64.0804883 -20.6078038,64.077316 -20.5985502,64.0731663 -20.5984021,64.0723608 -20.6024491,64.0702152 -20.6005784,64.0665447 -20.6012421,64.0637829 -20.6028244,64.0617098 -20.6089361,64.0573134 -20.6132693,64.055438 -20.6296325,64.0509104 -20.6299623,64.0492625 -20.6267895,64.0481004 -20.6277878,64.0458124 -20.6365721,64.0425152 -20.6439528,64.0367374 -20.6486392,64.0410615 -20.6461242,64.0346491 -20.6536649,64.0263265 -20.656177,64.0195791 -20.6534812,64.014327 -20.646228,64.0092731 -20.6498533,63.9998604 -20.641915,63.9906729 -20.6533341,63.9794838 -20.6540173,63.978983 -20.6622567,63.9763908 -20.6642972,63.9741181 -20.6709214,63.9701484 -20.6723202,63.9700717 -20.6909699,63.9720671 -20.7044616,63.9720002 -20.7089128,63.9729872 -20.7124048,63.9745222 -20.7158805,63.97758 -20.7304022,63.9796588 -20.7432436,63.9890915 -20.7507255,63.9897388 -20.7601027,63.9931459 -20.7635121,63.992677 -20.7644019,63.9951658 -20.7689646,63.996715 -20.7781729,63.9952714 -20.7858536,63.9892387 -20.7887996,63.9894845 -20.7941532,63.9934586 -20.791662,64.0006824 -20.7981257,64.0034837 -20.7992289,64.0036933 -20.8052523,64.0040512 -20.810757,64.0030349 -20.8125983,63.9981424 -20.8134471,63.9977028 -20.8157068,63.9967757 -20.8232557,63.9964103 -20.8237957,63.9964317 -20.8317291,63.9993765 -20.8349831,63.9980536 -20.8425583,63.9990615 -20.8484896,64.0026582 -20.8501652,64.002009 -20.8568948,64.0034739 -20.863613,64.0032161 -20.8707457,64.0056475 -20.8734998,64.0087857 -20.8773382,64.0089626 -20.8843243,64.0145596 -20.8882899,64.0126711 -20.8889173,64.0100671 -20.8889058,64.0093644 -20.886168,64.0061706 -20.8864433,63.9998137 -20.8950469,64.0010566 -20.9000082,63.9983643 -20.9049315,64.0017372 -20.9094326,63.9995604 -20.9145976,63.9997311 -20.9212481,64.0049973 -20.9287908,64.0055884 -20.94112,64.0017905 -20.9462655,63.9972821 -20.9517111,63.9965951 -20.9538825,63.9934742 -20.954262,63.993301 -20.9606318,63.9928553 -20.9611111,63.9927239 -20.9630393,63.9908891 -20.9636447,63.9908274 -20.9701912,63.9939696 -20.9743887,63.9978212 -20.9739321,64.0041484 -20.9764652,63.9964622 -20.9718647,63.9847801 -20.9804356,63.9787291 -20.9773995,63.971095 -20.9732184,63.9703352 -20.9740804,63.9680051 -20.9705853,63.9648449 -20.9734641,63.9626811 -20.9718364,63.9601099 -20.9730062,63.9583389 -20.9759165,63.9560258 -20.9768023,63.955597 -20.9848588,63.9535568 -20.9855905,63.9529821 -20.9880561,63.9484246 -20.9896514,63.9455312 -20.9972044,63.9433115 -21.0024939,63.9397656 -21.0055056,63.9392868 -21.0057532,63.9394249 -21.0072383,63.942507 -21.0148937,63.9411883 -21.022765,63.9430248 -21.031682,63.9395897 -21.0387641,63.9406496 -21.0511589,63.9389317 -21.0556871,63.9401973 -21.0622638,63.9387496 -21.0694745,63.939382 -21.0759372,63.9380962 -21.0910909,63.9393888 -21.1007527,63.9378325 -21.1048456,63.93843 -21.110002,63.9360805 -21.1123323,63.9364054 -21.1149318,63.9394016 -21.1168479,63.9396882 -21.1197131,63.9397647 -21.1222177,63.9394208 -21.1298558,63.9360203 -21.1389545,63.9356532 -21.1572192,63.9381129 -21.1593401,63.9397141 -21.1601241,63.9382466 -21.1704983,63.9418741 -21.1752779,63.9422709 -21.1851701,63.9400742 -21.1978275,63.941362 -21.2247494,63.9363377 -21.2222629,63.9350961 -21.2443706,63.9278241 -21.2577631,63.9278305 -21.257858,63.9287981 -21.2455785,63.9330971 -21.2435162,63.9362255 -21.236878,63.9376156 -21.2381175,63.9392099 -21.2574439,63.9315872 -21.2775511,63.9191107 -21.2802362,63.9188797 -21.2821645,63.9215271 -21.2824119,63.9197192 -21.2881823,63.9185729 -21.2930073,63.91998 -21.2972285,63.9198056 -21.2971013,63.920735 -21.2974981,63.9207299 -21.3012441,63.9199365 -21.2961382,63.9180582 -21.3020642,63.9166516 -21.3019958,63.9193569 -21.3044708,63.9168769 -21.3110486,63.9147232 -21.3118263,63.9138613 -21.3100178,63.9120404 -21.3048939,63.909196 -21.2969545,63.9062181 -21.29917,63.9046735 -21.2961615,63.900714 -21.3010919,63.8995274 -21.2981436,63.8971039 -21.2996485,63.8937104 -21.2953233,63.8938177 -21.3019621,63.8916023 -21.3016657,63.8913102 -21.2886811,63.8892595 -21.2636805,63.8874983 -21.2522788,63.8858159 -21.2362703,63.8820049 -21.2200511,63.878948 -21.2135506,63.8784369 -21.2121248,63.8778269 -21.2117465,63.8770443 -21.2128268,63.8767316 -21.2542282,63.8825039 -21.2770067,63.883002 -21.2779458,63.8830051 -21.3063551,63.8822759 -21.3145353,63.881765 -21.337044,63.8795928 -21.349402,63.8773865 -21.3597167,63.8745975 -21.3651977,63.8724536 -21.3745362,63.868071 -21.3759205,63.8667541 -21.3784317,63.8627225 -21.3746567,63.8616737 -21.3730772,63.8581556 -21.3609391,63.8511055 -21.3652222,63.8474504 -21.3793882,63.8446221 -21.3810589,63.8451312 -21.3817627,63.8436108 -21.4057519,63.8435322 -21.4179255,63.8458459 -21.4595394,63.8467897 -21.4988228,63.8379575 -21.5379227,63.8346092 -21.5770226,63.8312609 -21.586116,63.8319826 -21.5907878,63.8311243 -21.5928119,63.8291774 -21.6021833,63.8277963 -21.6063483,63.8260468 -21.6350799,63.8219074 -21.6511492,63.8203611 -21.6720986,63.8242089 -21.6782422,63.8229489 -21.702093,63.8338021 -21.7095698,63.8352731 -21.7104563,63.8377643 -21.7171969,63.8397754 -21.7183037,63.8432747 -21.7225761,63.8445299 -21.7211922,63.8470029 -21.7207052,63.8473892 -21.7200036,63.8477184 -21.7219713,63.8475608 -21.723343,63.8516753 -21.729368,63.8536547 -21.7338895,63.858 -21.7441921,63.8614761 -21.7441921,63.8642764 -21.7466033,63.8651454 -21.7635916,63.8644695 -21.7906847,63.8661593 -21.7985764,63.8660144 -21.8030215,63.8647699 -21.8101202,63.8655961 -21.8105218,63.8669533 -21.814406,63.8655961 -21.8134685,63.8636487 -21.8178883,63.8599312 -21.8188258,63.8550925 -21.8257904,63.852024 -21.8272637,63.85167 -21.8471407,63.849317 -21.8686242,63.845016 -21.8864197,63.8447829 -21.8988757,63.8434623 -21.9173312,63.8376045 -21.9426583,63.837256 -21.9622732,63.8375794 -21.9703929,63.8350672 -21.9773991,63.8346971 -21.9921184,63.8369665 -21.9952224,63.8369668 -22.0055454,63.8364081 -22.0102277,63.8359278 -22.0349445,63.8319753 -22.0427001,63.8325161 -22.0464619,63.8313457 -22.0703312,63.8299047 -22.0861344,63.8311876 -22.0868233,63.833401 -22.0955156,63.8332855 -22.0935758,63.8363708 -22.0891678,63.8382714 -22.0981423,63.8357186 -22.1050268,63.8359071 -22.1134647,63.8343054 -22.1315124,63.8369828 -22.1535279,63.8347896 -22.17193,63.8294827 -22.2081546,63.8350189 -22.2357033,63.8354588 -22.2489111,63.8396512 -22.2531098,63.8443974 -22.2661715,63.8455656 -22.2989233,63.8428428 -22.3061782,63.8455867 -22.3043025,63.8489449 -22.305827,63.8498117 -22.3182551,63.8493578 -22.3221993,63.8505166 -22.3252671,63.8537031 -22.3403674,63.8551354 -22.3489879,63.8544917 -22.3508874,63.851788 -22.3577543,63.84902 -22.3640372,63.8491487 -22.3673247,63.8469831 -22.3736901,63.8459684 -22.3808954,63.8397229 -22.3796525,63.8385148 -22.3907628,63.8395005 -22.3959838,63.8388793 -22.3975043,63.8345093 -22.3924785,63.8297307 -22.3975846,63.8270729 -22.3956966,63.826479 -22.3995224,63.823837 -22.4040757,63.8233432 -22.413359,63.8246566 -22.4150893,63.8271301 -22.4134607,63.8282121 -22.4168984,63.8296301 -22.4187794,63.8343149 -22.4242657,63.8367354 -22.4236575,63.8385057 -22.4179395,63.8383985 -22.4170879,63.8394176 -22.4208595,63.8414561 -22.4229276,63.8397932 -22.4282805,63.8391494 -22.4290106,63.837862 -22.4352444,63.8361825 -22.4360634,63.8349679 -22.4339042,63.8345779 -22.4470834,63.8330655 -22.4492903,63.8316367 -22.4459543,63.8322695 -22.4458069,63.8312976 -22.4489148,63.8299946 -22.457395,63.8303365 -22.4570622,63.8276299 -22.4705988,63.8245867 -22.4736753,63.8266406 -22.478922,63.8268425 -22.4787819,63.8277864 -22.481303,63.826647 -22.4871261,63.8273466 -22.4908248,63.8266011 -22.4977384,63.8271068 -22.4976366,63.8284984 -22.4978237,63.8285888 -22.5,63.8284039 -22.5,63.828125 -22.5029287,63.8283013 -22.5046371,63.8297994 -22.5088803,63.8289707 -22.5097256,63.828405 -22.5099959,63.8277702 -22.5055351,63.8257411 -22.5072278,63.8242964 -22.5100214,63.8247591 -22.5118163,63.8226656 -22.5068936,63.8212866 -22.5065243,63.8201323 -22.5100346,63.8181713 -22.5119309,63.8177118 -22.5129719,63.8176914 -22.5160948,63.8191071 -22.5167899,63.8191442 -22.5216439,63.8185436 -22.5209788,63.8171045 -22.5232036,63.8170515 -22.5202622,63.8155621 -22.5203235,63.8153032 -22.5226771,63.8132337 -22.52386,63.8127511 -22.5314096,63.8137316 -22.5322824,63.8136007 -22.5377609,63.8107717 -22.5401918,63.8103426 -22.5511312,63.8092695 -22.5540484,63.8102889 -22.5702143,63.8110934 -22.5909764,63.8147091 -22.6023554,63.8191509 -22.61461,63.8202451 -22.6204454,63.819344 -22.6294904,63.8199234 -22.6417449,63.8157392 -22.6482013,63.8148862 -22.6576074,63.8108789 -22.6760092,63.8064694 -22.6811122,63.8045382 -22.6821328,63.801899 -22.6851946,63.8007402 -22.6997746,63.7991309 -22.706044,63.7989377 -22.7049909,63.8031542 -22.7116637,63.8076925 -22.7111167,63.8094305 -22.7116637,63.8098168 -22.7185552,63.8116513 -22.7231494,63.8137757 -22.7256654,63.8153207 -22.7247903,63.8163346 -22.7259936,63.8169138 -22.7307442,63.8181531 -22.7318141,63.818271 -22.7359607,63.8166189 -22.7386358,63.8167369 -22.7390372,63.817209 -22.7399734,63.8202184 -22.7374321,63.824172 -22.7322155,63.8276535 -22.7267152,63.8294398 -22.7267152,63.8309419 -22.7072253,63.8412845 -22.7104377,63.8474214 -22.7066898,63.851729 -22.6973221,63.8572274 -22.7030363,63.8628602 -22.712164,63.8639867 -22.7174581,63.8665617 -22.7274985,63.8688951 -22.7318798,63.8720334 -22.7396032,63.8734818 -22.7409037,63.8841032 -22.7430981,63.8861632 -22.7403185,63.8929867 -22.7347826,63.8947784 -22.7169834,63.8953149 -22.7141793,63.8968169 -22.7104343,63.8967686 -22.7070318,63.9046382 -22.7094465,63.912025 -22.7025151,63.9158391 -22.7038335,63.9204741 -22.7019292,63.922019 -22.6957769,63.9220833 -22.694019,63.9241433 -22.6929936,63.9274907 -22.6959234,63.9326406 -22.6932867,63.9350867 -22.683248,63.9375474 -22.6779106,63.942039 -22.6727819,63.9422965 -22.6723481,63.9370917 -22.6692016,63.9369956 -22.6678596,63.9382683 -22.6577082,63.9373196 -22.6494219,63.9385087 -22.6490504,63.9395543 -22.6451505,63.9384067 -22.6415257,63.9395469 -22.6345828,63.9394979 -22.6444305,63.9432191 -22.6434535,63.9460515 -22.6468728,63.947897 -22.6633677,63.9458477 -22.6716976,63.9464968 -22.6730411,63.9445494 -22.6768028,63.9466738 -22.6792212,63.9465559 -22.678012,63.9451987 -22.6814275,63.9447426 -22.6821603,63.9430046 -22.6875737,63.9421033 -22.694176,63.9454507 -22.7063382,63.9470601 -22.7131087,63.9514213 -22.7182772,63.9505523 -22.7203668,63.9540766 -22.7274055,63.9533042 -22.7300448,63.9569736 -22.7266356,63.9586633 -22.7311447,63.9607877 -22.735104,63.9609324 -22.7363138,63.9628636 -22.7389534,63.9629118 -22.7373036,63.9643604 -22.7434624,63.9665329 -22.7539105,63.9628154 -22.75655,63.9639741 -22.7538006,63.9674019 -22.7484519,63.9689791 -22.756658,63.9725786 -22.7539675,63.975352 -22.7504699,63.9754111 -22.7484519,63.9799547 -22.7507389,63.9808398 -22.7506043,63.9844983 -22.7429366,63.989396 -22.7450762,63.9950662 -22.7340651,63.9986389 -22.7309819,64.0016323 -22.7197505,64.0004253 -22.71931,64.0024048 -22.7127765,64.0031933 -22.7104508,64.0058219 -22.7091044,64.0100598 -22.7147351,64.0126883 -22.7087032,64.0212253 -22.7085028,64.0249805 -22.7112447,64.0265774 -22.7115893,64.0300276 -22.7153301,64.0298224 -22.7192516,64.0324401 -22.7117028,64.0342426 -22.7106245,64.0358304 -22.7204281,64.0369462 -22.713708,64.0392317 -22.7157552,64.0487051 -22.7142107,64.0518914 -22.7064615,64.053654 -22.7067852,64.0558987 -22.7136296,64.0578299 -22.7140712,64.0617889 -22.7073371,64.0647821 -22.7086619,64.0670996 -22.7035838,64.0680652 -22.7063437,64.0690308 -22.7044669,64.072507 -22.7116426,64.0724587 -22.7140712,64.0743899 -22.710097,64.0756934 -22.7003564,64.0747439 -22.6923772,64.0797758 -22.6930952,64.0825653 -22.6985995,64.0831929 -22.7037048,64.0867146 -22.6719013,64.0805779 -22.6606069,64.0799421 -22.650115,64.0770936 -22.6456974,64.0771418 -22.6404978,64.069894 -22.6106828,64.057676 -22.6069942,64.0525178 -22.594227,64.0466022 -22.5884269,64.0472476 -22.5838705,64.0407127 -22.5795171,64.0391349 -22.5742114,64.0393698 -22.5644,64.0314531 -22.5594996,64.0297794 -22.5570744,64.0304554 -22.5555311,64.029538 -22.5564624,64.02751 -22.5534399,64.0252861 -22.5535777,64.0248423 -22.554539,64.0235996 -22.5589483,64.0231168 -22.55972,64.0211374 -22.5494781,64.0155346 -22.5475918,64.011712 -22.5559138,64.0072917 -22.5527807,64.0038584 -22.5422068,64.0027426 -22.5417174,64.0023994 -22.5411299,64.0016268 -22.5418152,63.9996099 -22.546319,63.997979 -22.5460252,63.9955329 -22.5411558,63.9887708 -22.5356267,63.9854023 -22.5404676,63.984375 -22.5405565,63.9764628 -22.5362802,63.9743468 -22.5334455,63.9741116 -22.5301504,63.9765269 -22.524648,63.9764785 -22.5239877,63.9783132 -22.5165042,63.9796166 -22.5173846,63.9818376 -22.5128725,63.9824651 -22.5099012,63.9808238 -22.5036283,63.9799547 -22.5013173,63.978458 -22.5022073,63.9766312 -22.5009503,63.9763138 -22.5,63.9762834 -22.4933714,63.9772295 -22.47442,63.9752984 -22.4664726,63.9758884 -22.4535598,63.972411 -22.4226183,63.9740645 -22.403693,63.9733886 -22.3990716,63.9720368 -22.3989615,63.9702504 -22.3959908,63.9702986 -22.3954241,63.9751621 -22.3862762,63.9778808 -22.3884484,63.97812 -22.3882633,63.9809476 -22.3934036,63.9849114 -22.3899053,63.9870358 -22.3892326,63.9923465 -22.3843889,63.9934676 -22.3854651,64.0006077 -22.3743401,64.0020669 -22.3753465,64.0050601 -22.3691773,64.0068465 -22.3684062,64.0081983 -22.3551869,64.0110468 -22.3551869,64.0130264 -22.3522125,64.0139436 -22.349128,64.0137988 -22.3456028,64.0113848 -22.3411962,64.0112882 -22.3388829,64.0085846 -22.3352475,64.0098398 -22.3303853,64.0080024 -22.3252718,64.0078506 -22.3186382,64.0108109 -22.3200935,64.0114331 -22.3178893,64.012785 -22.3109831,64.0134929 -22.3086321,64.0160679 -22.3021667,64.0169048 -22.3001095,64.0186429 -22.2974646,64.0182565 -22.2932034,64.0214753 -22.2886481,64.0216684 -22.2798316,64.0266895 -22.2758642,64.0267539 -22.2736601,64.0283632 -22.2622216,64.0309014 -22.2610416,64.0309007 -22.2475148,64.0291444 -22.2383409,64.0292828 -22.2305201,64.0251982 -22.2130824,64.023208 -22.2127455,64.0220279 -22.2157092,64.0213788 -22.2109388,64.0176165 -22.1984431,64.0153306 -22.1882352,64.0154386 -22.1835676,64.0136827 -22.1831388,64.0138236 -22.1809037,64.0152311 -22.1827648,64.0173768 -22.1819813,64.0177202 -22.165471,64.0195454 -22.1637223,64.0208921 -22.1494749,64.023753 -22.1481115,64.0242486 -22.1422508,64.0297328 -22.1322535,64.0322417 -22.1318733,64.0345314 -22.1268457,64.0369489 -22.1280406,64.0402883 -22.1184822,64.0418572 -22.113795,64.041133 -22.0968964,64.0443116 -22.0953521,64.0470153 -22.0943593,64.0476429 -22.0919325,64.0480291 -22.0764894,64.0462428 -22.0652382,64.0488015 -22.0640182,64.0488735 -22.0595802,64.0477546 -22.0577154,64.0484334 -22.0493623,64.0472637 -22.0456854,64.0433058 -22.0451244,64.0433007 -22.0361992,64.0448337 -22.0355453,64.045104 -22.035754,64.0462321 -22.0428447,64.047069 -22.0366303,64.0474873 -22.0356743,64.0484287 -22.0220504,64.0485682 -22.0127943,64.0496819 -22.011995,64.0498633 -22.0010658,64.0556769 -21.9976842,64.058464 -21.9950877,64.0617706 -21.9981411,64.06577 -21.9777144,64.0632886 -21.9836833,64.0633527 -21.9843144,64.0610278 -21.9757069,64.0621529 -21.9769145,64.0642833 -21.988833,64.0667295 -21.9889801,64.0682744 -21.9620534,64.0663433 -21.9601405,64.0635751 -21.9574916,64.0638862 -21.9579335,64.0686607 -21.966909,64.0693043 -21.9660733,64.071821 -21.9737751,64.0759785 -22.0003867,64.0823339 -22.0029072,64.086216 -22.0111423,64.0902112 -22.0285811,64.0905958 -22.0326293,64.0924823 -22.0292928,64.0937085 -22.0199029,64.0913137 -22.0165834,64.092454 -22.010518,64.0915989 -22.0059741,64.09294 -22.0061142,64.0952913 -22.0139143,64.0967534 -22.0293002,64.0965269 -22.0305736,64.0944328 -22.0342315,64.0953679 -22.0387861,64.0947816 -22.0420932,64.090687 -22.0433211,64.0904456 -22.0449786,64.0908747 -22.0454082,64.0913844 -22.0443034,64.0966682 -22.0317853,64.0974849 -22.0314546,64.097788 -22.0318604,64.0994697 -22.0321687,64.0996979 -22.0377964,64.1020035 -22.028625,64.1056302 -22.0294045,64.1086072 -22.0258368,64.1121991 -22.013934,64.1136312 -22.0103412,64.1171764 -22.0020829,64.1172504 -21.9926817,64.1197952 -21.9900147,64.1197693 -21.988192,64.1192834 -21.9878029,64.1185764 -21.9898301,64.1165431 -21.9934003,64.1164819 -21.9927157,64.1125853 -22.0038222,64.1115232 -22.0048193,64.1103303 -22.004122,64.108999 -22.0037211,64.108821 -21.9962707,64.1075574 -21.9940336,64.1089704 -21.9872231,64.1086369 -21.9860463,64.108932 -21.9864715,64.1126837 -21.9888473,64.1139557 -21.9885164,64.1140584 -21.9770532,64.1144634 -21.9712646,64.1162767 -21.9675128,64.1160377 -21.9623528,64.1145664 -21.9565837,64.1100631 -21.9586884,64.1088104 -21.9566351,64.1064457 -21.9577566,64.1031327 -21.966513,64.1048084 -21.9710743,64.1084568 -21.9739439,64.1090078 -21.9746667,64.1089411 -21.9758894,64.1081212 -21.9755144,64.1050628 -21.979166,64.1045349 -21.9798754,64.1032677 -21.9868201,64.1047738 -21.9911317,64.1033525 -21.9919589,64.1033638 -21.9959708,64.1048557 -22.0037931,64.1037151 -22.0071784,64.1022021 -22.0029038,64.098841 -21.989886,64.0955687 -21.9837863,64.0952177 -21.9829696,64.0952324 -21.9715486,64.0974934 -21.9591621,64.0984517 -21.9548661,64.1006339 -21.9477583,64.099785 -21.9559873,64.0975527 -21.952633,64.0940923 -21.9520559,64.0934901 -21.9357479,64.093734 -21.9311028,64.0943558 -21.9256306,64.0957834 -21.925366,64.0962842 -21.9259716,64.0984482 -21.9309933,64.1011457 -21.9279968,64.1043597 -21.912468,64.1019968 -21.9051744,64.1028833 -21.9043947,64.1036242 -21.9043779,64.1038764 -21.9154618,64.1066617 -21.9353082,64.1085895 -21.9438908,64.1162484 -21.9253269,64.1149878 -21.9211611,64.1160361 -21.9175138,64.1150227 -21.9011502,64.1173712 -21.9009053,64.1185325 -21.9013354,64.1189492 -21.9072779,64.1204464 -21.92751,64.1215252 -21.9363651,64.1205631 -21.9416252,64.1244 -21.9486827,64.1252338 -21.9572945,64.1275187 -21.958714,64.1283427 -21.9600095,64.1328274 -21.963012,64.134267 -21.9672614,64.1415987 -21.9677067,64.141764 -21.9699984,64.1409918 -21.9746222,64.1441936 -21.9791288,64.1455426 -21.9828345,64.1452926 -21.9910069,64.1485867 -21.9966081,64.148333 -22.0013039,64.1504873 -22.0053827,64.1502392 -22.0064085,64.1539114 -22.0159709,64.1553211 -22.0143727,64.1576244 -22.0240079,64.1529537 -22.0274667,64.148508 -22.0372629,64.1529411 -22.0373244,64.1538262 -22.0349252,64.1555429 -22.0339409,64.1558915 -22.0216914,64.1554484 -22.0156348,64.1600323 -22.015572,64.1628515 -22.0115921,64.1632963 -21.9879832,64.1571362 -21.9836932,64.1525248 -21.9793874,64.1504188 -21.97402,64.1497577 -21.9564888,64.1524583 -21.9550476,64.1562402 -21.947295,64.1564012 -21.9469645,64.1602314 -21.9381046,64.1617763 -21.9347019,64.1551673 -21.9395021,64.1542553 -21.9401175,64.1515731 -21.9358097,64.1498029 -21.9305536,64.1505485 -21.9155489,64.1461014 -21.8931497,64.1480756 -21.8878978,64.1511405 -21.8889875,64.1527086 -21.886481,64.1539086 -21.8667037,64.156562 -21.8637706,64.1522706 -21.8584805,64.1526997 -21.857619,64.1516804 -21.8605717,64.1507148 -21.8588495,64.1496956 -21.8509756,64.1504467 -21.8449236,64.1487836 -21.8477786,64.147258 -21.8379132,64.140501 -21.8368309,64.1373252 -21.8398807,64.1365957 -21.8370275,64.1337633 -21.8311145,64.1319931 -21.8293926,64.1337633 -21.825826,64.1343533 -21.8216445,64.1343533 -21.8185701,64.1327977 -21.8128647,64.1337575 -21.80931,64.1300957 -21.7945907,64.1275855 -21.7918565,64.1289339 -21.7917727,64.1303929 -21.7922292,64.1305736 -21.8118331,64.1339229 -21.8203582,64.1369045 -21.8212827,64.1373765 -21.8247241,64.1403995 -21.8255478,64.1429107 -21.8192329,64.1493768 -21.8215054,64.1515353 -21.8212631,64.1519315 -21.8177301,64.155175 -21.8162837,64.1555159 -21.8109337,64.1543649 -21.796875,64.157087 -21.7780344,64.1566038 -21.7712688,64.1578028 -21.7686871,64.1562756 -21.7466274,64.1650094 -21.7530897,64.1679935 -21.7506884,64.1696379 -21.7386721,64.169291 -21.7267718,64.1741143 -21.7107477,64.1744142 -21.7073796,64.1750891 -21.7045944,64.1776458 -21.7181814,64.1814961 -21.7158306,64.1845326 -21.7196443,64.1825591 -21.7286065,64.1807522 -21.7326045,64.1777939 -21.7496037,64.1763099 -21.7603133,64.1792653 -21.7672092,64.1735142 -21.7704341,64.1735712 -21.7763381,64.1774859 -21.769572,64.1795263 -21.7626829,64.1846369 -21.7579579,64.186222 -21.7688559,64.1922843 -21.7686454,64.1953222 -21.758773,64.1964285 -21.7452818,64.1953719 -21.7397546,64.1997826 -21.7176074,64.2001932 -21.7169249,64.2028878 -21.7086098,64.2028422 -21.7093679,64.206706 -21.7073652,64.2075617 -21.7082655,64.2079535 -21.7114241,64.2073603 -21.718419,64.2087858 -21.7223186,64.2085696 -21.7264589,64.2082191 -21.7637907,64.2028698 -21.7671618,64.2052563 -21.7760406,64.2058322 -21.7901005,64.2106206 -21.796875,64.2114955 -21.8152579,64.2079329 -21.8263649,64.2073197 -21.8274121,64.2107311 -21.8203197,64.2112013 -21.8185061,64.2123789 -21.8162094,64.2144979 -21.8118151,64.2230639 -21.8121423,64.224334 -21.8162189,64.2311943 -21.8170598,64.2320004 -21.8240631,64.235419 -21.8353344,64.2385048 -21.8395457,64.2390881 -21.8452228,64.2391183 -21.8467129,64.2369275 -21.8507268,64.2379156 -21.85739,64.2375699 -21.861232,64.2368556 -21.8645788,64.2358222 -21.8660502,64.2351288 -21.8680484,64.2309368 -21.8778352,64.2283967 -21.8884366,64.2312554 -21.8922197,64.230473 -21.8938714,64.2283632 -21.8991439,64.2284713 -21.9033607,64.2296509 -21.9027494,64.2311352 -21.9065754,64.2313555 -21.906918,64.2315696 -21.9078377,64.2334284 -21.9046359,64.2349021 -21.9014283,64.2356246 -21.8892798,64.2370791 -21.8964765,64.2414103 -21.9042543,64.2417865 -21.9069322,64.2431026 -21.9002212,64.243717 -21.8938293,64.2424288 -21.8823558,64.2443138 -21.8775775,64.2511185 -21.8773822,64.2562416 -21.8620903,64.2653826 -21.8586335,64.2714314 -21.8551911,64.2719448 -21.8446965,64.2793263 -21.842247,64.2839848 -21.8359855,64.2874342 -21.8352925,64.2897223 -21.8260967,64.2924271 -21.8139853,64.2940925 -21.808117,64.2992947 -21.7982397,64.3012466 -21.7812343,64.3126403 -21.766951,64.3187861 -21.753247,64.3277924 -21.7386361,64.3333846 -21.7287652,64.3347358 -21.7265229,64.3374853 -21.729847,64.3377988 -21.7315027,64.3429648 -21.7195725,64.338517 -21.7187821,64.3358515 -21.7115226,64.3346879 -21.6980277,64.3376899 -21.6914887,64.3369277 -21.6850004,64.338412 -21.6735016,64.3342937 -21.6633111,64.3347363 -21.6583583,64.3333114 -21.6513926,64.3348861 -21.6428916,64.3336582 -21.6341527,64.3348001 -21.6351306,64.337375 -21.6306535,64.3374134 -21.6297892,64.3391004 -21.6266388,64.3395476 -21.6246917,64.337491 -21.6190842,64.3410698 -21.6140136,64.3423337 -21.6063646,64.3406711 -21.6321638,64.3464916 -21.651736,64.3449273 -21.6645637,64.3453202 -21.6696771,64.3505774 -21.6763725,64.3525108 -21.6763914,64.3541681 -21.6754037,64.3556027 -21.6746364,64.3560255 -21.6671509,64.3560954 -21.6662596,64.3562449 -21.6555362,64.359446 -21.6547325,64.359593 -21.6388195,64.361271 -21.6377383,64.3615322 -21.6289606,64.3649265 -21.6224505,64.365694 -21.6147705,64.3699456 -21.5967824,64.3711677 -21.5893993,64.3741251 -21.5821077,64.3722978 -21.5815045,64.3706079 -21.5795749,64.3714855 -21.5803939,64.3740438 -21.586784,64.3760993 -21.5742164,64.3759835 -21.5706269,64.3771597 -21.5577217,64.3763314 -21.5574172,64.3759871 -21.5580924,64.3746043 -21.5633786,64.3735901 -21.5686347,64.3697499 -21.5664908,64.3681875 -21.5680012,64.3656518 -21.5640906,64.3627532 -21.5493056,64.3620796 -21.5428386,64.3602741 -21.5299565,64.3603392 -21.5217416,64.3637427 -21.5077755,64.3622277 -21.5018889,64.3648022 -21.501004,64.3650532 -21.4975668,64.3651983 -21.4967744,64.3651645 -21.4950588,64.3609415 -21.4944772,64.3605382 -21.4873166,64.3583928 -21.4732726,64.355499 -21.4528971,64.3538405 -21.435378,64.35619 -21.4300746,64.3558657 -21.4132043,64.3571894 -21.4051409,64.3583223 -21.4029028,64.3601213 -21.4030156,64.360394 -21.4071862,64.3607398 -21.4114383,64.3645443 -21.4163271,64.3657326 -21.4172761,64.3670717 -21.416261,64.3695616 -21.4081695,64.3727397 -21.4073851,64.3729779 -21.4032423,64.3727916 -21.384728,64.3781179 -21.3811557,64.3787456 -21.3620806,64.3801757 -21.3543817,64.3817173 -21.3539174,64.3818907 -21.3524874,64.3840957 -21.3526852,64.3853726 -21.3652766,64.3878059 -21.3688391,64.3882453 -21.3817021,64.3885858 -21.4003826,64.3879247 -21.4114797,64.3845198 -21.4182915,64.38402 -21.4264944,64.3756881 -21.4338386,64.3719568 -21.4482496,64.3706951 -21.4531524,64.3713232 -21.4571446,64.3703454 -21.4668771,64.3716644 -21.4642372,64.3752834 -21.4436173,64.376417 -21.4297221,64.3796831 -21.4235131,64.3828388 -21.4266651,64.389901 -21.4403858,64.3951281 -21.4430712,64.3975893 -21.4532495,64.3968112 -21.4687833,64.3977392 -21.4724379,64.3956178 -21.4898527,64.3964082 -21.4985169,64.3939211 -21.5148458,64.3952919 -21.5326082,64.3915539 -21.5435532,64.3921953 -21.5566214,64.3970749 -21.561814,64.3965514 -21.5763628,64.3978792 -21.5936123,64.4039673 -21.6265681,64.4021357 -21.6407493,64.4030435 -21.6414102,64.4029779 -21.6671493,64.3976007 -21.6900629,64.3885903 -21.6930242,64.3882797 -21.6954498,64.3898973 -21.7014781,64.38743 -21.7038587,64.3844854 -21.7190439,64.3831499 -21.7241985,64.380371 -21.7277288,64.3809005 -21.734109,64.3785337 -21.7326307,64.3762445 -21.7396525,64.3686461 -21.7483586,64.3638514 -21.7546988,64.3632466 -21.7603751,64.364633 -21.7681392,64.3635342 -21.7775697,64.3593447 -21.7744538,64.357953 -21.7763131,64.3561184 -21.7845685,64.3559253 -21.8028904,64.3396775 -21.810658,64.3384196 -21.8131431,64.3364131 -21.8184448,64.3360823 -21.8271635,64.3313837 -21.8517382,64.3265373 -21.8616033,64.3213387 -21.8735933,64.3190293 -21.8753215,64.3171564 -21.8947204,64.3125679 -21.9053957,64.3075016 -21.9241496,64.306192 -21.9273233,64.3041608 -21.9372295,64.3054467 -21.9438428,64.30334 -21.9480478,64.3041174 -21.9512219,64.3022774 -21.9703234,64.3019719 -21.9719281,64.3030467 -21.9770499,64.3031702 -21.9817193,64.3005474 -21.9940046,64.2976291 -21.9929488,64.2998377 -21.9969594,64.2994205 -21.9974687,64.3012367 -22.0033822,64.302599 -22.0084507,64.3013715 -22.0140944,64.3042221 -22.0254235,64.3025532 -22.0328254,64.3027961 -22.042675,64.3072886 -22.0416696,64.3126894 -22.0455929,64.313583 -22.0513253,64.3129302 -22.0541067,64.3152937 -22.0680445,64.3182907 -22.0828447,64.3154978 -22.0841321,64.3134089 -22.0877169,64.3132131 -22.0944554,64.3079152 -22.095751,64.3108078 -22.094488,64.3103065 -22.0921665,64.3117651 -22.0958126,64.3128577 -22.0939484,64.3128721 -22.092211,64.3154759 -22.0971825,64.3176453 -22.0918216,64.3170078 -22.0878515,64.3180594 -22.085025,64.3215104 -22.0829195,64.3211712 -22.0847954,64.3229688 -22.0769006,64.3273017 -22.073655,64.3277992 -22.0731421,64.3268324 -22.0679079,64.3264732 -22.0617805,64.3318942 -22.0566965,64.3333569 -22.0556368,64.3323452 -22.0505962,64.3335125 -22.047175,64.3331029 -22.0478477,64.3354992 -22.0316747,64.344456 -22.0321991,64.3458955 -22.0348358,64.3450357 -22.0337198,64.3475748 -22.0230505,64.352842 -22.0206091,64.3528 -22.0196613,64.3533583 -22.0221341,64.3537602 -22.017853,64.3554637 -22.0173032,64.3556123 -22.0160998,64.3552101 -22.0179839,64.3521403 -22.0163296,64.353159 -22.0106512,64.3531082 -22.010902,64.352753 -22.0162494,64.348787 -22.0258594,64.3469986 -22.0301532,64.3424786 -22.0289942,64.3410159 -22.0267915,64.342889 -22.0159059,64.3433512 -22.0101711,64.3470834 -22.0015926,64.350028 -21.9986196,64.3563071 -22.0006264,64.3575054 -22.0069185,64.3561943 -22.0070636,64.3569694 -21.999433,64.3605716 -21.9926645,64.3609622 -21.9819226,64.3687781 -21.9821484,64.3734649 -21.9796522,64.3733462 -21.9796909,64.3687299 -21.975548,64.3691055 -21.9717019,64.3720717 -21.9776092,64.3736749 -21.9755253,64.3745106 -21.9717848,64.3735952 -21.9695404,64.371356 -21.9713294,64.3699405 -21.9688262,64.3696525 -21.9678416,64.367215 -21.9646873,64.3710337 -21.9595326,64.3709726 -21.9553579,64.3683298 -21.9546728,64.371049 -21.945298,64.3732688 -21.9476231,64.3715358 -21.9465377,64.3696953 -21.9414834,64.3714163 -21.9414132,64.369948 -21.9276161,64.3713763 -21.9213936,64.3777256 -21.9167836,64.3775402 -21.9153867,64.3763566 -21.9190561,64.3726823 -21.9121383,64.3720914 -21.911099,64.3723474 -21.9068201,64.3757923 -21.9046117,64.3722188 -21.8861446,64.3741142 -21.8810509,64.3730363 -21.8714563,64.3759965 -21.8586494,64.3759946 -21.8633577,64.3777146 -21.8711241,64.3784308 -21.8756905,64.3810713 -21.8813778,64.3806465 -21.8817828,64.3809175 -21.8769519,64.386132 -21.8763576,64.3863142 -21.8721584,64.3861018 -21.869325,64.3840337 -21.8609577,64.3875129 -21.8553985,64.3878248 -21.8647896,64.3892847 -21.8735139,64.3965387 -21.8739842,64.3965102 -21.880421,64.3944277 -21.8810145,64.3940501 -21.882748,64.3896446 -21.8924866,64.3851408 -21.8934473,64.3851177 -21.8974499,64.3893851 -21.8973188,64.3937174 -21.9107264,64.3962783 -21.9105991,64.3992447 -21.9215943,64.3987747 -21.9353847,64.3934371 -21.9357831,64.3971003 -21.9333724,64.3992311 -21.9375474,64.400197 -21.9439038,64.3981293 -21.9606113,64.3875803 -21.9600914,64.3909324 -21.954446,64.3970273 -21.9578255,64.3952199 -21.9657521,64.3953611 -21.9784712,64.3928421 -21.985924,64.388082 -21.9915541,64.388465 -21.9985313,64.3908522 -22.0009217,64.3901587 -22.0002317,64.3888301 -22.0057988,64.3876202 -22.025339,64.3949289 -22.0390937,64.4045125 -22.0395108,64.4058281 -22.0335059,64.4057232 -22.0274549,64.4081976 -22.0243448,64.41137 -22.0241146,64.4206479 -22.0161314,64.421617 -22.0141804,64.4235018 -22.0152218,64.4382038 -22.010989,64.4402623 -22.0096964,64.4481432 -22.0051407,64.4477369 -22.0042763,64.4454554 -22.0074456,64.4401826 -22.0120093,64.4381192 -22.0064522,64.4340864 -22.0024313,64.4402966 -21.9958612,64.4396198 -21.9956104,64.4424253 -21.9886367,64.4444547 -21.9912575,64.4449739 -21.9918149,64.4466296 -21.9887974,64.4486058 -21.9881564,64.4527385 -21.9913545,64.4528201 -21.9937603,64.4554232 -21.9906284,64.4608113 -21.9853733,64.4610773 -21.9806002,64.4691778 -21.9782094,64.4697983 -21.9810116,64.470522 -21.9792386,64.4731792 -21.9815248,64.4776927 -21.9777178,64.4837669 -21.9639484,64.490863 -21.9650068,64.4948158 -21.9637864,64.4970881 -21.9616786,64.4983944 -21.9466496,64.5049169 -21.9439927,64.5046511 -21.9432983,64.5048482 -21.93483,64.5081486 -21.9320555,64.5093991 -21.9320914,64.5117187 -21.9288729,64.5131139 -21.9145314,64.5130348 -21.9028234,64.5153745 -21.8965218,64.5193263 -21.8818986,64.5166394 -21.8946071,64.5203477 -21.8835707,64.527159 -21.8832234,64.5287991 -21.8765494,64.526302 -21.8613489,64.5251882 -21.8545619,64.5269995 -21.8337759,64.5275646 -21.8315628,64.531805 -21.8185074,64.5331711 -21.8149993,64.5317264 -21.8068603,64.5346946 -21.8017411,64.5345569 -21.8011184,64.5331281 -21.7921178,64.5329902 -21.76801,64.5348558 -21.7660742,64.537545 -21.7695144,64.5404987 -21.7686393,64.5421283 -21.7711142,64.5411199 -21.7705342,64.5359083 -21.7773231,64.536683 -21.7792242,64.539241 -21.7775267,64.543189 -21.7831879,64.54369 -21.7845058,64.5454208 -21.7900238,64.5441443 -21.7896386,64.5461999 -21.8006587,64.5462797 -21.8126287,64.5441638 -21.8175619,64.5457718 -21.8253064,64.5458949 -21.8192518,64.5471658 -21.8068064,64.5467776 -21.796875,64.5516183 -21.796875,64.5538504 -21.7877699,64.5577735 -21.7844663,64.5624055 -21.7634038,64.5781049 -21.761626,64.5819952 -21.7615381,64.5820616 -21.7503279,64.5841821 -21.7348086,64.590762 -21.7290815,64.5946645 -21.7190387,64.5961545 -21.7052797,64.6041511 -21.702548,64.6048504 -21.6967655,64.6038079 -21.6928653,64.6046925 -21.68458,64.6132451 -21.678995,64.6142809 -21.683901,64.6140794 -21.6708798,64.624559 -21.6580919,64.6255972 -21.6485016,64.6239327 -21.6418031,64.6284134 -21.6293648,64.6286535 -21.6233608,64.6301229 -21.6206183,64.6319034 -21.6211429,64.6363449 -21.6185746,64.6371312 -21.6196094,64.6403402 -21.6170384,64.643442 -21.6051325,64.6484075 -21.593739,64.6515692 -21.5929137,64.6515709 -21.587333,64.6509211 -21.5786637,64.6473516 -21.5539824,64.6435651 -21.5513086,64.6435686 -21.5403513,64.6452914 -21.5395432,64.6454839 -21.5325094,64.6485662 -21.5224025,64.6427718 -21.5111495,64.642323 -21.5147364,64.6437635 -21.502599,64.6474488 -21.4985309,64.6514207 -21.498443,64.6582432 -21.4979461,64.6586546 -21.4844739,64.664167 -21.4804542,64.6674826 -21.4807336,64.6675292 -21.4812865,64.6676213 -21.4855899,64.6642359 -21.4986826,64.6594723 -21.4990553,64.6591768 -21.5005321,64.6510808 -21.5056622,64.6475223 -21.5183489,64.6444931 -21.5259763,64.6464847 -21.5305398,64.6493993 -21.5413244,64.6473833 -21.5430762,64.6457533 -21.5499932,64.6451604 -21.5584288,64.6453977 -21.571402,64.6482962 -21.5799592,64.6489809 -21.5851727,64.6528842 -21.5794306,64.6528652 -21.5732361,64.6503932 -21.5706524,64.6530025 -21.5866767,64.659469 -21.5841377,64.6650836 -21.588845,64.6604182 -21.5853432,64.6578212 -21.5744427,64.6542865 -21.5743817,64.6514165 -21.5785071,64.6534297 -21.5877038,64.6542259 -21.6078351,64.6498959 -21.6229997,64.6421998 -21.6254357,64.6311309 -21.6309007,64.6298035 -21.6448112,64.6293783 -21.6482681,64.6256067 -21.6645877,64.6271625 -21.6681404,64.6256666 -21.6739469,64.6252663 -21.6837265,64.6209402 -21.6968255,64.6262761 -21.6962672,64.630163 -21.6867228,64.6407681 -21.6746418,64.6402527 -21.6638113,64.6454977 -21.6619303,64.6470499 -21.6644489,64.656936 -21.6526448,64.6562781 -21.6445217,64.6572611 -21.6438673,64.6602728 -21.6535093,64.6679133 -21.6525378,64.6729124 -21.6440101,64.6782537 -21.6389279,64.6802135 -21.6329314,64.68069 -21.6216089,64.6852542 -21.615064,64.691536 -21.6184778,64.6913332 -21.6173342,64.6939077 -21.6234995,64.6858141 -21.6496069,64.678004 -21.6569775,64.6702933 -21.6549357,64.6650862 -21.6468201,64.6600809 -21.6477571,64.6578172 -21.6663392,64.6580232 -21.6672184,64.6459152 -21.6764057,64.6416709 -21.6836189,64.6427836 -21.6883589,64.6421781 -21.6910861,64.6382471 -21.7059404,64.6309423 -21.7055798,64.6279349 -21.6980957,64.6228847 -21.6899838,64.6214637 -21.6903365,64.6199703 -21.6900527,64.6198403 -21.6880401,64.6204934 -21.6849542,64.6192257 -21.6848202,64.6188076 -21.685316,64.6181805 -21.687869,64.6181107 -21.6870311,64.616257 -21.6905839,64.6125551 -21.7041903,64.6059595 -21.7089518,64.604174 -21.7097419,64.6039007 -21.7199811,64.6022921 -21.7296261,64.5979244 -21.7302821,64.5960584 -21.7309232,64.5958734 -21.7345521,64.5964144 -21.7352406,64.5985678 -21.7384852,64.5963644 -21.7383242,64.5930696 -21.7464885,64.5923439 -21.7507761,64.5907831 -21.7508543,64.5871971 -21.7523001,64.5863225 -21.7530572,64.5861381 -21.7680947,64.5841097 -21.7686524,64.5840662 -21.7853535,64.5850744 -21.7913209,64.5836784 -21.7917053,64.5811892 -21.796875,64.5809152 -21.8037978,64.5848057 -21.8109258,64.5814381 -21.8239294,64.5801615 -21.8262016,64.5775653 -21.8349268,64.5789917 -21.8424839,64.5749506 -21.8416409,64.5727814 -21.8421839,64.572552 -21.8488055,64.5719255 -21.8512121,64.569796 -21.8521441,64.5695797 -21.8555847,64.571842 -21.8565907,64.5719565 -21.8598452,64.5716875 -21.8633462,64.5699886 -21.8655407,64.5664722 -21.8652118,64.5657392 -21.855906,64.5609939 -21.8595335,64.5594714 -21.878293,64.5571959 -21.8734829,64.560358 -21.8702639,64.565874 -21.8806256,64.5662715 -21.884005,64.5651247 -21.8870882,64.5584121 -21.8911318,64.556015 -21.8897094,64.5529968 -21.8990098,64.5494107 -21.9062254,64.5496417 -21.9090234,64.5451185 -21.90714,64.5409346 -21.9110014,64.5410997 -21.9150079,64.5370721 -21.9196753,64.5372818 -21.9215883,64.5351806 -21.9290844,64.5380877 -21.9146302,64.5442137 -21.9174124,64.5472455 -21.9090329,64.5520746 -21.9119507,64.5567867 -21.9176937,64.5574924 -21.9224842,64.5504881 -21.9301993,64.5511565 -21.9341908,64.547725 -21.9495838,64.5491745 -21.951497,64.5516586 -21.9549165,64.5469521 -21.9574438,64.5467764 -21.9589525,64.5448709 -21.9644715,64.5474015 -21.9636297,64.541431 -21.9660853,64.5403003 -21.967683,64.5355597 -21.9778513,64.5281765 -21.9807419,64.5300525 -21.9842265,64.5285686 -21.9832427,64.5316257 -21.98689,64.5317668 -21.9861985,64.5340334 -21.9903336,64.5325279 -21.9900414,64.5306729 -21.9998277,64.5293462 -22.0010988,64.5255995 -22.0072058,64.5264406 -22.013966,64.5251716 -22.0154099,64.5257771 -22.0142819,64.5232337 -22.0199089,64.5224338 -22.0199939,64.519025 -22.0233806,64.519689 -22.0183221,64.5317196 -22.0225956,64.5315133 -22.0210601,64.5293725 -22.0279988,64.5241503 -22.0279911,64.5301793 -22.0334903,64.5308213 -22.0369031,64.5279293 -22.0365409,64.5325975 -22.0270838,64.5428829 -22.0203182,64.5461466 -22.0175852,64.5530983 -22.0078377,64.5601934 -22.0129358,64.5635341 -22.0112365,64.5690662 -22.0131226,64.5708998 -22.0063525,64.5735353 -22.0065212,64.5760151 -22.0105371,64.5735062</coordinates></LinearRing></innerBoundaryIs><innerBoundaryIs><LinearRing><coordinates>-22.0437748,64.5251582 -22.043268,64.5256352 -22.0426059,64.5254327 -22.0430393,64.5249661 -22.0435693,64.5246964 -22.0438899,64.5247806 -22.0437748,64.5251582</coordinates></LinearRing></innerBoundaryIs><innerBoundaryIs><LinearRing><coordinates>-22.0244818,64.5192492 -22.0243319,64.5195628 -22.0234656,64.5195628 -22.0233155,64.5192492 -22.0233614,64.5189193 -22.0236747,64.5187193 -22.0241228,64.5187193 -22.0244359,64.5189193 -22.0244818,64.5192492</coordinates></LinearRing></innerBoundaryIs><innerBoundaryIs><LinearRing><coordinates>-21.9433665,64.5133378 -21.9432837,64.5118111 -21.9466048,64.5099217 -21.9477628,64.5098118 -21.9481885,64.5117187 -21.9433665,64.5133378</coordinates></LinearRing></innerBoundaryIs><innerBoundaryIs><LinearRing><coordinates>-21.9912232,64.5075074 -21.9911526,64.5078601 -21.9899389,64.5072522 -21.9901795,64.5069309 -21.9905785,64.5068616 -21.9910377,64.5071142 -21.9912232,64.5075074</coordinates></LinearRing></innerBoundaryIs><innerBoundaryIs><LinearRing><coordinates>-21.9460295,64.5064207 -21.9455616,64.506218 -21.9457294,64.5060211 -21.9459606,64.5059363 -21.946155,64.5060205 -21.946173,64.5062133 -21.9460295,64.5064207</coordinates></LinearRing></innerBoundaryIs><innerBoundaryIs><LinearRing><coordinates>-22.0302654,64.5056481 -22.0308436,64.5053999 -22.0314509,64.5053461 -22.0318059,64.505524 -22.031846,64.505851 -22.031682,64.506168 -22.0301244,64.5061705 -22.0300499,64.5059298 -22.0302654,64.5056481</coordinates></LinearRing></innerBoundaryIs><innerBoundaryIs><LinearRing><coordinates>-22.0328197,64.5049386 -22.0324811,64.5052305 -22.0318075,64.5051172 -22.0320277,64.5048975 -22.0323761,64.5047621 -22.0327483,64.5047692 -22.0328197,64.5049386</coordinates></LinearRing></innerBoundaryIs><innerBoundaryIs><LinearRing><coordinates>-21.9925481,64.5036954 -21.992408,64.5039016 -21.9914889,64.5038944 -21.9917231,64.5036685 -21.9921499,64.5034992 -21.9924848,64.5035225 -21.9925481,64.5036954</coordinates></LinearRing></innerBoundaryIs><innerBoundaryIs><LinearRing><coordinates>-22.108602,64.4722267 -22.1091799,64.4720089 -22.1116575,64.4725708 -22.111546,64.4728304 -22.1094658,64.4734824 -22.108343,64.4728349 -22.108602,64.4722267</coordinates></LinearRing></innerBoundaryIs><innerBoundaryIs><LinearRing><coordinates>-22.1087352,64.4742004 -22.1086051,64.4739214 -22.108928,64.4737974 -22.1095484,64.4738734 -22.11014,64.4741244 -22.1103612,64.4744033 -22.1102879,64.474641 -22.1092523,64.474565 -22.1087352,64.4742004</coordinates></LinearRing></innerBoundaryIs><innerBoundaryIs><LinearRing><coordinates>-22.105583,64.4757833 -22.1069614,64.4755733 -22.1077132,64.476916 -22.1054513,64.4761102 -22.105583,64.4757833</coordinates></LinearRing></innerBoundaryIs><innerBoundaryIs><LinearRing><coordinates>-22.0987477,64.4663945 -22.0986853,64.4668651 -22.0977747,64.4668568 -22.0976355,64.4663184 -22.0977094,64.4657732 -22.0980765,64.4655889 -22.0985484,64.4658746 -22.0987477,64.4663945</coordinates></LinearRing></innerBoundaryIs><innerBoundaryIs><LinearRing><coordinates>-21.9938205,64.4599924 -21.9936771,64.4604272 -21.9932094,64.4600604 -21.9933772,64.4595516 -21.9936084,64.4593524 -21.9938027,64.4595441 -21.9938205,64.4599924</coordinates></LinearRing></innerBoundaryIs><innerBoundaryIs><LinearRing><coordinates>-22.1880021,64.4602947 -22.1885539,64.4605339 -22.1882091,64.460803 -22.1873811,64.4604442 -22.1880021,64.4602947</coordinates></LinearRing></innerBoundaryIs><innerBoundaryIs><LinearRing><coordinates>-22.1815931,64.4617248 -22.1871618,64.4616019 -22.1886798,64.4618802 -22.1985353,64.4679238 -22.2220203,64.4718286 -22.2249783,64.4706255 -22.2243233,64.4744766 -22.2220834,64.4730443 -22.2193849,64.4734622 -22.2220504,64.4763576 -22.2189574,64.4747245 -22.2114995,64.4745284 -22.2132874,64.4780849 -22.2105834,64.4839141 -22.2083362,64.4816644 -22.2043144,64.4808871 -22.2028342,64.4812037 -22.2026038,64.4809794 -22.1993184,64.4775167 -22.1996796,64.4716715 -22.199321,64.4712656 -22.1969088,64.4699153 -22.1904995,64.4676439 -22.1847851,64.4666179 -22.1826845,64.4674562 -22.1778862,64.4655243 -22.1699321,64.4644734 -22.1720284,64.4618675 -22.1815931,64.4617248</coordinates></LinearRing></innerBoundaryIs><innerBoundaryIs><LinearRing><coordinates>-22.2504812,64.475793 -22.2509533,64.47561 -22.2513204,64.4756916 -22.2513942,64.4759862 -22.251255,64.4763002 -22.2503445,64.4763087 -22.250282,64.4760624 -22.2504812,64.475793</coordinates></LinearRing></innerBoundaryIs><innerBoundaryIs><LinearRing><coordinates>-22.2290322,64.4812306 -22.2335312,64.4819616 -22.2338612,64.4875911 -22.2311625,64.4897962 -22.2304252,64.4877732 -22.2287036,64.4885377 -22.223386,64.480311 -22.2255802,64.4761395 -22.2261126,64.4763989 -22.2290322,64.4812306</coordinates></LinearRing></innerBoundaryIs><innerBoundaryIs><LinearRing><coordinates>-22.2637724,64.4772067 -22.2645952,64.4768697 -22.264021,64.4791377 -22.2632622,64.4791512 -22.2634739,64.4778372 -22.2637724,64.4772067</coordinates></LinearRing></innerBoundaryIs><innerBoundaryIs><LinearRing><coordinates>-22.241114,64.4787827 -22.2409478,64.4790909 -22.2406979,64.4792398 -22.2402622,64.4792398 -22.2400007,64.4789394 -22.2400329,64.4785182 -22.2406904,64.4783936 -22.2410694,64.4784902 -22.241114,64.4787827</coordinates></LinearRing></innerBoundaryIs><innerBoundaryIs><LinearRing><coordinates>-22.2294832,64.4789656 -22.22934,64.4794005 -22.2288721,64.4790335 -22.2290399,64.4785249 -22.2292711,64.4783257 -22.2294656,64.4785174 -22.2294832,64.4789656</coordinates></LinearRing></innerBoundaryIs><innerBoundaryIs><LinearRing><coordinates>-22.221541,64.478074 -22.2215815,64.4790703 -22.2211525,64.4800096 -22.2197965,64.4791259 -22.2200009,64.4779541 -22.2203996,64.4773763 -22.2210077,64.4774408 -22.221541,64.478074</coordinates></LinearRing></innerBoundaryIs><innerBoundaryIs><LinearRing><coordinates>-22.2171952,64.4753978 -22.217292,64.4757249 -22.2171417,64.4760358 -22.2161192,64.475962 -22.2156149,64.4756008 -22.2155358,64.475319 -22.2159792,64.4751728 -22.2167062,64.475195 -22.2171952,64.4753978</coordinates></LinearRing></innerBoundaryIs><innerBoundaryIs><LinearRing><coordinates>-22.2027527,64.4832675 -22.2030801,64.4835044 -22.2031147,64.4838285 -22.2029531,64.4841291 -22.2014511,64.4841408 -22.2012894,64.4837278 -22.2013241,64.4833014 -22.2016515,64.4830925 -22.202202,64.4831281 -22.2027527,64.4832675</coordinates></LinearRing></innerBoundaryIs><innerBoundaryIs><LinearRing><coordinates>-22.1924365,64.4766141 -22.1929206,64.4752963 -22.1939418,64.4752824 -22.1946322,64.4766381 -22.1924365,64.4766141</coordinates></LinearRing></innerBoundaryIs><innerBoundaryIs><LinearRing><coordinates>-22.1924803,64.474346 -22.1912533,64.4743531 -22.1900707,64.4733474 -22.1898421,64.4728982 -22.1909492,64.4714133 -22.1919262,64.4713022 -22.1953917,64.4728291 -22.1924803,64.474346</coordinates></LinearRing></innerBoundaryIs><innerBoundaryIs><LinearRing><coordinates>-22.2034714,64.4857866 -22.2037216,64.4864033 -22.2036604,64.4869689 -22.2028381,64.4869283 -22.2025516,64.4867185 -22.2022713,64.4864335 -22.2020512,64.4860471 -22.2022153,64.4856356 -22.2028323,64.4854727 -22.2034714,64.4857866</coordinates></LinearRing></innerBoundaryIs><innerBoundaryIs><LinearRing><coordinates>-22.2158802,64.4900877 -22.2139089,64.4938875 -22.2097135,64.4922823 -22.2129428,64.4862545 -22.2158802,64.4900877</coordinates></LinearRing></innerBoundaryIs><innerBoundaryIs><LinearRing><coordinates>-22.2199996,64.4881001 -22.2201973,64.4878063 -22.2204703,64.487848 -22.2207502,64.4881068 -22.221024,64.4884679 -22.2211008,64.4888521 -22.2209864,64.4891717 -22.2201374,64.4891891 -22.2199881,64.488663 -22.2199996,64.4881001</coordinates></LinearRing></innerBoundaryIs><innerBoundaryIs><LinearRing><coordinates>-22.2161622,64.4932497 -22.2163934,64.4931076 -22.2165877,64.4932456 -22.2166055,64.493566 -22.2164623,64.4938871 -22.2159944,64.4936023 -22.2161622,64.4932497</coordinates></LinearRing></innerBoundaryIs><innerBoundaryIs><LinearRing><coordinates>-22.2108465,64.4875438 -22.2106826,64.4880784 -22.209125,64.4880809 -22.2090505,64.4876226 -22.2092661,64.4870872 -22.2098444,64.4866973 -22.2104516,64.4866433 -22.2108066,64.486963 -22.2108465,64.4875438</coordinates></LinearRing></innerBoundaryIs><innerBoundaryIs><LinearRing><coordinates>-22.2660825,64.4852242 -22.2665178,64.4851822 -22.2667964,64.4854136 -22.2667634,64.4858139 -22.2664922,64.4862388 -22.2662203,64.4866335 -22.2659528,64.4869461 -22.2655349,64.4864944 -22.2657374,64.4856581 -22.2660825,64.4852242</coordinates></LinearRing></innerBoundaryIs><innerBoundaryIs><LinearRing><coordinates>-22.3005114,64.4856528 -22.3007426,64.485568 -22.3009371,64.4856523 -22.3009548,64.4858449 -22.3008114,64.4860525 -22.3003438,64.4858497 -22.3005114,64.4856528</coordinates></LinearRing></innerBoundaryIs><innerBoundaryIs><LinearRing><coordinates>-22.2550853,64.4879206 -22.2545824,64.4885803 -22.2529811,64.4886329 -22.2531543,64.4863594 -22.2539045,64.4864811 -22.2550853,64.4879206</coordinates></LinearRing></innerBoundaryIs><innerBoundaryIs><LinearRing><coordinates>-22.2657413,64.4876059 -22.2659727,64.4875211 -22.266167,64.4876055 -22.2661849,64.487798 -22.2660415,64.4880056 -22.2655739,64.4878027 -22.2657413,64.4876059</coordinates></LinearRing></innerBoundaryIs><innerBoundaryIs><LinearRing><coordinates>-22.2658597,64.4883015 -22.2661762,64.4885795 -22.2661358,64.4890717 -22.2658535,64.4895004 -22.2655762,64.4897949 -22.2653069,64.4900023 -22.2641962,64.4894089 -22.2646421,64.4887671 -22.265268,64.4883589 -22.2658597,64.4883015</coordinates></LinearRing></innerBoundaryIs><innerBoundaryIs><LinearRing><coordinates>-22.2647287,64.490646 -22.2647485,64.4909232 -22.2595505,64.4925298 -22.2581019,64.4907799 -22.2588477,64.4891926 -22.2590872,64.4892405 -22.2647287,64.490646</coordinates></LinearRing></innerBoundaryIs><innerBoundaryIs><LinearRing><coordinates>-22.2513179,64.4933686 -22.2482868,64.4938964 -22.2471628,64.5003784 -22.2454594,64.4941995 -22.2451814,64.493162 -22.2460904,64.4916681 -22.249474,64.4909377 -22.2499659,64.4914712 -22.2513179,64.4933686</coordinates></LinearRing></innerBoundaryIs><innerBoundaryIs><LinearRing><coordinates>-22.2567055,64.4926414 -22.2570778,64.4925696 -22.257624,64.4926372 -22.2581021,64.4927599 -22.2581981,64.4929585 -22.2578537,64.4932466 -22.2565075,64.4928238 -22.2567055,64.4926414</coordinates></LinearRing></innerBoundaryIs><innerBoundaryIs><LinearRing><coordinates>-22.263166,64.4941499 -22.2633972,64.4939507 -22.2635915,64.4941424 -22.2636094,64.4945906 -22.263466,64.4950255 -22.2629982,64.4946585 -22.263166,64.4941499</coordinates></LinearRing></innerBoundaryIs><innerBoundaryIs><LinearRing><coordinates>-22.2509255,64.4957538 -22.2516983,64.4955618 -22.2518876,64.4967061 -22.2507266,64.4961354 -22.2509255,64.4957538</coordinates></LinearRing></innerBoundaryIs><innerBoundaryIs><LinearRing><coordinates>-22.2972919,64.4973716 -22.2975231,64.4972867 -22.2977175,64.497371 -22.2977355,64.4975637 -22.297592,64.4977711 -22.2971241,64.4975684 -22.2972919,64.4973716</coordinates></LinearRing></innerBoundaryIs><innerBoundaryIs><LinearRing><coordinates>-22.2652518,64.4991556 -22.2655179,64.499379 -22.2653882,64.49979 -22.2648853,64.5002608 -22.2642446,64.4999917 -22.2644517,64.4994603 -22.2648057,64.4991719 -22.2652518,64.4991556</coordinates></LinearRing></innerBoundaryIs><innerBoundaryIs><LinearRing><coordinates>-22.253951,64.4995168 -22.2538075,64.4997243 -22.25334,64.4995216 -22.2535076,64.4993246 -22.2537388,64.4992399 -22.2539333,64.4993242 -22.253951,64.4995168</coordinates></LinearRing></innerBoundaryIs><innerBoundaryIs><LinearRing><coordinates>-22.242594,64.5009598 -22.243151,64.49974 -22.2439411,64.4994719 -22.2453424,64.5041853 -22.242594,64.5009598</coordinates></LinearRing></innerBoundaryIs><innerBoundaryIs><LinearRing><coordinates>-22.2332025,64.5054613 -22.2328196,64.5051583 -22.2325681,64.5046614 -22.232324,64.5041522 -22.2323246,64.5035992 -22.2325788,64.5031441 -22.2328615,64.5028595 -22.2331398,64.5028896 -22.23334,64.5034606 -22.2333519,64.5045127 -22.2332025,64.5054613</coordinates></LinearRing></innerBoundaryIs><innerBoundaryIs><LinearRing><coordinates>-22.2935311,64.5020188 -22.293919,64.5021609 -22.2919244,64.5049483 -22.2938879,64.5052803 -22.2931672,64.5073637 -22.2920055,64.5085785 -22.2914758,64.5087701 -22.2859647,64.5094558 -22.2852659,64.5094748 -22.2833267,64.5088316 -22.2825205,64.5069247 -22.2835624,64.5058765 -22.288976,64.5032378 -22.2935311,64.5020188</coordinates></LinearRing></innerBoundaryIs><innerBoundaryIs><LinearRing><coordinates>-22.2434161,64.5112098 -22.2417582,64.5102615 -22.23834,64.5097055 -22.238054,64.5091884 -22.2402596,64.507549 -22.2410047,64.5074878 -22.2424783,64.509427 -22.2434161,64.5112098</coordinates></LinearRing></innerBoundaryIs><innerBoundaryIs><LinearRing><coordinates>-22.2703092,64.5107595 -22.2706882,64.5108563 -22.2707328,64.5111486 -22.2705667,64.511457 -22.2696517,64.5108842 -22.2703092,64.5107595</coordinates></LinearRing></innerBoundaryIs><innerBoundaryIs><LinearRing><coordinates>-22.273488,64.5109167 -22.2785792,64.5115771 -22.2800233,64.5137914 -22.278203,64.513822 -22.2780069,64.5140508 -22.2753719,64.5189584 -22.2752825,64.5233278 -22.2739697,64.5236303 -22.2732192,64.5232515 -22.2725157,64.5224771 -22.2748961,64.5152622 -22.2728657,64.5139281 -22.2707422,64.5158925 -22.2672637,64.5142809 -22.2724524,64.5112785 -22.273488,64.5109167</coordinates></LinearRing></innerBoundaryIs><innerBoundaryIs><LinearRing><coordinates>-22.3619282,64.5132935 -22.3650584,64.5134667 -22.362861,64.5200086 -22.364282,64.5219485 -22.3662447,64.5217342 -22.3642625,64.5242269 -22.3646579,64.5246881 -22.3691999,64.5249357 -22.3685246,64.5266246 -22.3678927,64.5272219 -22.3531622,64.5350105 -22.3478879,64.5365796 -22.3466701,64.5355585 -22.3452395,64.5347729 -22.3349146,64.533833 -22.3302366,64.5344908 -22.3296735,64.5342575 -22.3305424,64.5319545 -22.3283191,64.5312405 -22.3275278,64.5273342 -22.3344204,64.521466 -22.3449695,64.5204364 -22.3511044,64.5211549 -22.3587567,64.5150306 -22.3609235,64.5140702 -22.3619282,64.5132935</coordinates></LinearRing></innerBoundaryIs><innerBoundaryIs><LinearRing><coordinates>-22.3731771,64.5324391 -22.373773,64.5321882 -22.3743979,64.5321121 -22.3747231,64.5322362 -22.3745923,64.532515 -22.3740712,64.5328797 -22.373028,64.5329558 -22.3729542,64.5327181 -22.3731771,64.5324391</coordinates></LinearRing></innerBoundaryIs><innerBoundaryIs><LinearRing><coordinates>-22.3522886,64.5358711 -22.3526704,64.5359679 -22.3527153,64.5362602 -22.352548,64.5365686 -22.3516262,64.5359958 -22.3522886,64.5358711</coordinates></LinearRing></innerBoundaryIs><innerBoundaryIs><LinearRing><coordinates>-22.2452197,64.5354887 -22.2459641,64.5357447 -22.24633,64.5361274 -22.2463495,64.5366848 -22.246165,64.5371853 -22.2453378,64.5371176 -22.2446352,64.5367225 -22.2440087,64.5363005 -22.2434111,64.5358189 -22.2432082,64.5353947 -22.2435219,64.5351953 -22.2442709,64.5352545 -22.2452197,64.5354887</coordinates></LinearRing></innerBoundaryIs><innerBoundaryIs><LinearRing><coordinates>-22.3025151,64.5366344 -22.3027111,64.5367723 -22.3027291,64.5370928 -22.3025846,64.537414 -22.3021134,64.537129 -22.3022823,64.5367764 -22.3025151,64.5366344</coordinates></LinearRing></innerBoundaryIs><innerBoundaryIs><LinearRing><coordinates>-22.294336,64.5421015 -22.2886016,64.5436947 -22.2863544,64.5458003 -22.2849733,64.5408667 -22.2878015,64.5402333 -22.2868689,64.5377119 -22.2890795,64.5380502 -22.2908247,64.5369971 -22.2910432,64.5375174 -22.294336,64.5421015</coordinates></LinearRing></innerBoundaryIs><innerBoundaryIs><LinearRing><coordinates>-22.3016318,64.5378979 -22.3019884,64.5376868 -22.3024375,64.5376681 -22.3027058,64.5378178 -22.3025753,64.538101 -22.3020685,64.5384626 -22.3014231,64.5382696 -22.3016318,64.5378979</coordinates></LinearRing></innerBoundaryIs><innerBoundaryIs><LinearRing><coordinates>-22.3040978,64.5379072 -22.3039314,64.5418701 -22.3035722,64.5421839 -22.3034332,64.5428816 -22.3032364,64.5431257 -22.3028219,64.543184 -22.3025807,64.5428082 -22.3024003,64.5422877 -22.3025743,64.541593 -22.3030225,64.5409985 -22.3031874,64.540614 -22.3030534,64.5403275 -22.3030378,64.5399601 -22.3032548,64.5393414 -22.3035088,64.5385422 -22.3037909,64.5380661 -22.3040978,64.5379072</coordinates></LinearRing></innerBoundaryIs><innerBoundaryIs><LinearRing><coordinates>-22.3441536,64.544048 -22.34405,64.5460296 -22.3484064,64.5465984 -22.348671,64.5469967 -22.3489352,64.5517952 -22.3656933,64.5562404 -22.3544244,64.5599558 -22.3520764,64.5580441 -22.344876,64.5546027 -22.3429219,64.5540462 -22.3318321,64.5526572 -22.3316873,64.5495644 -22.3230506,64.5511523 -22.3226603,64.549702 -22.3246967,64.550374 -22.3304853,64.5484366 -22.3319346,64.5454195 -22.3378419,64.5463995 -22.341732,64.5447824 -22.3441536,64.544048</coordinates></LinearRing></innerBoundaryIs><innerBoundaryIs><LinearRing><coordinates>-22.3509787,64.5465511 -22.3513141,64.5464692 -22.351559,64.5466979 -22.3514206,64.5470824 -22.3507379,64.5468767 -22.3509787,64.5465511</coordinates></LinearRing></innerBoundaryIs><innerBoundaryIs><LinearRing><coordinates>-22.3932923,64.5562497 -22.3952672,64.5570557 -22.3946185,64.5577837 -22.3923761,64.5571241 -22.3932923,64.5562497</coordinates></LinearRing></innerBoundaryIs><innerBoundaryIs><LinearRing><coordinates>-22.3855607,64.5580673 -22.3851339,64.5585899 -22.3844388,64.5582088 -22.3847005,64.5575728 -22.3851163,64.5573498 -22.3855458,64.5575883 -22.3855607,64.5580673</coordinates></LinearRing></innerBoundaryIs><innerBoundaryIs><LinearRing><coordinates>-22.3466192,64.5573313 -22.34666,64.557816 -22.346228,64.5583189 -22.3448619,64.5577399 -22.3450679,64.5572072 -22.3454694,64.5569381 -22.346082,64.5569922 -22.3466192,64.5573313</coordinates></LinearRing></innerBoundaryIs><innerBoundaryIs><LinearRing><coordinates>-22.3286616,64.5542188 -22.3270246,64.5542085 -22.326906,64.5537972 -22.3282179,64.5517188 -22.3285958,64.5515639 -22.3291693,64.5532283 -22.3286616,64.5542188</coordinates></LinearRing></innerBoundaryIs><innerBoundaryIs><LinearRing><coordinates>-22.273544,64.5505003 -22.271993,64.5505388 -22.2669678,64.547857 -22.2653679,64.5469961 -22.260003,64.5467972 -22.2635589,64.5459069 -22.2686641,64.5458363 -22.2719522,64.5463628 -22.272047,64.5476546 -22.2755004,64.5479227 -22.2755204,64.5483164 -22.273544,64.5505003</coordinates></LinearRing></innerBoundaryIs><innerBoundaryIs><LinearRing><coordinates>-22.2657936,64.5495738 -22.2656296,64.5499967 -22.2645864,64.5499254 -22.2641557,64.5495284 -22.2642016,64.5491679 -22.2647516,64.5489027 -22.2653764,64.548871 -22.2657477,64.5491226 -22.2657936,64.5495738</coordinates></LinearRing></innerBoundaryIs><innerBoundaryIs><LinearRing><coordinates>-22.2563941,64.5473965 -22.255672,64.5461611 -22.2591794,64.5467836 -22.2563941,64.5473965</coordinates></LinearRing></innerBoundaryIs><innerBoundaryIs><LinearRing><coordinates>-22.2737421,64.5459207 -22.2739753,64.5458359 -22.2741709,64.5459201 -22.2741889,64.5461128 -22.2740445,64.5463203 -22.2735732,64.5461175 -22.2737421,64.5459207</coordinates></LinearRing></innerBoundaryIs><innerBoundaryIs><LinearRing><coordinates>-22.2782809,64.5473846 -22.2786374,64.5471733 -22.2790865,64.5471545 -22.2793548,64.5473043 -22.2792242,64.5475876 -22.2787175,64.5479493 -22.2780721,64.5477561 -22.2782809,64.5473846</coordinates></LinearRing></innerBoundaryIs><innerBoundaryIs><LinearRing><coordinates>-22.2679543,64.544974 -22.2692387,64.5436345 -22.2712953,64.5434266 -22.2736504,64.5438932 -22.2679543,64.544974</coordinates></LinearRing></innerBoundaryIs><innerBoundaryIs><LinearRing><coordinates>-22.2433372,64.5409123 -22.2419703,64.5401072 -22.2427647,64.5393825 -22.2442946,64.5391405 -22.2448072,64.5394809 -22.2433372,64.5409123</coordinates></LinearRing></innerBoundaryIs><innerBoundaryIs><LinearRing><coordinates>-22.2696484,64.5388584 -22.269504,64.5390658 -22.2690328,64.5388631 -22.2692018,64.5386662 -22.2694346,64.5385814 -22.2696306,64.5386657 -22.2696484,64.5388584</coordinates></LinearRing></innerBoundaryIs><innerBoundaryIs><LinearRing><coordinates>-22.2314419,64.5384837 -22.2304891,64.5385334 -22.2296444,64.5375396 -22.2317801,64.5377415 -22.2314419,64.5384837</coordinates></LinearRing></innerBoundaryIs><innerBoundaryIs><LinearRing><coordinates>-22.2867053,64.5346407 -22.2864871,64.5340112 -22.2861366,64.5336843 -22.2856911,64.5335355 -22.2853858,64.5331163 -22.2853833,64.5323802 -22.2856832,64.5318843 -22.2861255,64.5317528 -22.2864949,64.5318819 -22.2867869,64.5322378 -22.2871209,64.5328892 -22.2874397,64.5337836 -22.2877258,64.5344841 -22.2878022,64.534947 -22.2876836,64.5352485 -22.2869105,64.5352361 -22.2867053,64.5346407</coordinates></LinearRing></innerBoundaryIs><innerBoundaryIs><LinearRing><coordinates>-22.27072,64.5343922 -22.2709428,64.5346713 -22.2708688,64.534909 -22.2698256,64.5348328 -22.2693048,64.5344682 -22.2691737,64.5341893 -22.2694989,64.5340652 -22.270124,64.5341414 -22.27072,64.5343922</coordinates></LinearRing></innerBoundaryIs><innerBoundaryIs><LinearRing><coordinates>-22.2564278,64.5316097 -22.2558641,64.5306869 -22.2557682,64.5297443 -22.2582622,64.5287337 -22.2597353,64.5310605 -22.25958,64.5312757 -22.2578411,64.5304446 -22.2570992,64.5315828 -22.2564278,64.5316097</coordinates></LinearRing></innerBoundaryIs><innerBoundaryIs><LinearRing><coordinates>-22.2639921,64.5294417 -22.2641344,64.5287836 -22.2668153,64.5278037 -22.2682015,64.527796 -22.2694404,64.5284414 -22.2693884,64.5290449 -22.2674638,64.5313184 -22.2659171,64.5312221 -22.2639921,64.5294417</coordinates></LinearRing></innerBoundaryIs><innerBoundaryIs><LinearRing><coordinates>-22.2639139,64.5253323 -22.263658,64.5249193 -22.2634438,64.5243614 -22.2635638,64.5236945 -22.2640209,64.5233746 -22.2643951,64.5237399 -22.2644758,64.5246531 -22.2643394,64.5255156 -22.2639139,64.5253323</coordinates></LinearRing></innerBoundaryIs><innerBoundaryIs><LinearRing><coordinates>-22.2557873,64.5251116 -22.2554961,64.5248404 -22.255244,64.5240678 -22.2549982,64.5234878 -22.2549959,64.5230407 -22.2552413,64.5227081 -22.2555093,64.5224823 -22.2557942,64.5223844 -22.2561001,64.5223957 -22.2561116,64.524972 -22.2557873,64.5251116</coordinates></LinearRing></innerBoundaryIs><innerBoundaryIs><LinearRing><coordinates>-22.2679045,64.5240048 -22.2681375,64.5238056 -22.2683331,64.5239973 -22.2683511,64.5244455 -22.2682067,64.5248804 -22.2677356,64.5245134 -22.2679045,64.5240048</coordinates></LinearRing></innerBoundaryIs><innerBoundaryIs><LinearRing><coordinates>-22.2848893,64.5151772 -22.285125,64.5156116 -22.2850298,64.516187 -22.2845598,64.5167632 -22.2832938,64.5162919 -22.2835271,64.51581 -22.2838236,64.5153743 -22.2840766,64.5150073 -22.2843364,64.5148382 -22.2846121,64.5149099 -22.2848893,64.5151772</coordinates></LinearRing></innerBoundaryIs><innerBoundaryIs><LinearRing><coordinates>-22.2819726,64.5151418 -22.281828,64.5153493 -22.2813569,64.5151466 -22.2815258,64.5149496 -22.2817589,64.5148649 -22.2819546,64.5149492 -22.2819726,64.5151418</coordinates></LinearRing></innerBoundaryIs><innerBoundaryIs><LinearRing><coordinates>-22.2430542,64.5220258 -22.2429097,64.522347 -22.2424386,64.5220623 -22.2426075,64.5217094 -22.2428405,64.5215673 -22.2430361,64.5217053 -22.2430542,64.5220258</coordinates></LinearRing></innerBoundaryIs><innerBoundaryIs><LinearRing><coordinates>-22.2583231,64.516571 -22.2585465,64.5168602 -22.2584394,64.5171893 -22.2579625,64.5175548 -22.2568569,64.5175579 -22.2563387,64.5171059 -22.2562001,64.5167125 -22.2564884,64.5164706 -22.2570395,64.51634 -22.257605,64.5162733 -22.2580214,64.5163528 -22.2583231,64.516571</coordinates></LinearRing></innerBoundaryIs><innerBoundaryIs><LinearRing><coordinates>-22.2521117,64.5161825 -22.2525035,64.5155662 -22.2530164,64.5152029 -22.2534525,64.5151927 -22.2537752,64.5154316 -22.2540072,64.5158072 -22.253901,64.5162683 -22.2534229,64.5167431 -22.2521117,64.5161825</coordinates></LinearRing></innerBoundaryIs><innerBoundaryIs><LinearRing><coordinates>-22.235688,64.5162317 -22.2337275,64.5162101 -22.2329115,64.5154833 -22.2356179,64.513548 -22.2380822,64.513116 -22.2390772,64.5139105 -22.2364839,64.5152125 -22.235688,64.5162317</coordinates></LinearRing></innerBoundaryIs><innerBoundaryIs><LinearRing><coordinates>-22.2320007,64.5156829 -22.2319378,64.5159292 -22.2310206,64.5159208 -22.2308803,64.5156068 -22.2309546,64.515312 -22.2313246,64.5152305 -22.2317998,64.5154135 -22.2320007,64.5156829</coordinates></LinearRing></innerBoundaryIs><innerBoundaryIs><LinearRing><coordinates>-22.2536361,64.5130409 -22.2550008,64.5109375 -22.25661,64.5132737 -22.2560881,64.5138118 -22.2548153,64.5137532 -22.2536361,64.5130409</coordinates></LinearRing></innerBoundaryIs><innerBoundaryIs><LinearRing><coordinates>-22.2625676,64.514001 -22.2633922,64.5139834 -22.26557,64.5152351 -22.2615191,64.515972 -22.2616928,64.5147575 -22.2625676,64.514001</coordinates></LinearRing></innerBoundaryIs><innerBoundaryIs><LinearRing><coordinates>-22.2438378,64.5073338 -22.24457,64.5069978 -22.246092,64.509232 -22.2436491,64.5080268 -22.2438378,64.5073338</coordinates></LinearRing></innerBoundaryIs><innerBoundaryIs><LinearRing><coordinates>-22.2462677,64.5069038 -22.24559,64.5066983 -22.2458289,64.5063725 -22.2461621,64.5062906 -22.2464051,64.5065193 -22.2462677,64.5069038</coordinates></LinearRing></innerBoundaryIs><innerBoundaryIs><LinearRing><coordinates>-22.2687604,64.5045393 -22.268617,64.5047466 -22.2681493,64.504544 -22.2683171,64.504347 -22.2685483,64.5042623 -22.2687426,64.5043464 -22.2687604,64.5045393</coordinates></LinearRing></innerBoundaryIs><innerBoundaryIs><LinearRing><coordinates>-22.252864,64.5026226 -22.2513049,64.5014092 -22.2521585,64.5011575 -22.2530286,64.50129 -22.2544661,64.5033954 -22.252864,64.5026226</coordinates></LinearRing></innerBoundaryIs><innerBoundaryIs><LinearRing><coordinates>-22.2392004,64.5027223 -22.2405188,64.5027819 -22.2392455,64.5041333 -22.2376359,64.5032715 -22.2392004,64.5027223</coordinates></LinearRing></innerBoundaryIs><innerBoundaryIs><LinearRing><coordinates>-22.2442636,64.4931027 -22.2442051,64.4936734 -22.2437696,64.4934885 -22.2435029,64.4931105 -22.2432392,64.4926589 -22.2432379,64.4922075 -22.2435848,64.4920957 -22.244059,64.4924637 -22.2442636,64.4931027</coordinates></LinearRing></innerBoundaryIs><innerBoundaryIs><LinearRing><coordinates>-22.2442927,64.4917043 -22.2441493,64.4919118 -22.2436815,64.4917091 -22.2438492,64.4915121 -22.2440805,64.4914274 -22.2442749,64.4915117 -22.2442927,64.4917043</coordinates></LinearRing></innerBoundaryIs><innerBoundaryIs><LinearRing><coordinates>-22.2548029,64.4907449 -22.2551447,64.4905378 -22.2555351,64.4905246 -22.2556952,64.4906702 -22.2555346,64.4909098 -22.2552911,64.4911593 -22.2550199,64.4913756 -22.2545927,64.4911143 -22.2548029,64.4907449</coordinates></LinearRing></innerBoundaryIs><innerBoundaryIs><LinearRing><coordinates>-22.2430347,64.4899319 -22.2431788,64.4894216 -22.2434016,64.4891824 -22.2436645,64.4892458 -22.2439336,64.489507 -22.2442033,64.4898655 -22.2442797,64.4902478 -22.244166,64.4905663 -22.2430347,64.4899319</coordinates></LinearRing></innerBoundaryIs><innerBoundaryIs><LinearRing><coordinates>-22.2554392,64.4893434 -22.2556705,64.4892014 -22.2558649,64.4893394 -22.2558827,64.4896597 -22.2557393,64.4899809 -22.2552716,64.4896961 -22.2554392,64.4893434</coordinates></LinearRing></innerBoundaryIs><innerBoundaryIs><LinearRing><coordinates>-22.2313463,64.518476 -22.2331277,64.5183843 -22.233362,64.5188397 -22.2325079,64.5193573 -22.2318271,64.5195227 -22.2306046,64.5190043 -22.2313463,64.518476</coordinates></LinearRing></innerBoundaryIs><innerBoundaryIs><LinearRing><coordinates>-22.2439458,64.5237485 -22.2443616,64.5235825 -22.2447911,64.5237674 -22.2448061,64.5241185 -22.244379,64.5245276 -22.2436841,64.5242285 -22.2439458,64.5237485</coordinates></LinearRing></innerBoundaryIs><innerBoundaryIs><LinearRing><coordinates>-22.2432886,64.5262092 -22.2436423,64.5256656 -22.2440834,64.5252116 -22.2446246,64.5249996 -22.244978,64.5252262 -22.2449738,64.5257939 -22.2446666,64.5263091 -22.2442172,64.5267047 -22.2435889,64.52707 -22.2430542,64.5268542 -22.2432886,64.5262092</coordinates></LinearRing></innerBoundaryIs><innerBoundaryIs><LinearRing><coordinates>-22.2220665,64.5321229 -22.2199543,64.5320649 -22.2188977,64.5313802 -22.2189029,64.5310683 -22.220692,64.5305088 -22.2223471,64.5303031 -22.2226706,64.5305279 -22.222858,64.5313057 -22.2220665,64.5321229</coordinates></LinearRing></innerBoundaryIs><innerBoundaryIs><LinearRing><coordinates>-22.2834718,64.551222 -22.2837048,64.5511373 -22.2839006,64.5512214 -22.2839184,64.5514143 -22.2837741,64.5516216 -22.2833029,64.551419 -22.2834718,64.551222</coordinates></LinearRing></innerBoundaryIs><innerBoundaryIs><LinearRing><coordinates>-22.2860664,64.5537332 -22.2862993,64.5536484 -22.2864952,64.5537326 -22.286513,64.5539253 -22.2863686,64.5541328 -22.2858974,64.55393 -22.2860664,64.5537332</coordinates></LinearRing></innerBoundaryIs><innerBoundaryIs><LinearRing><coordinates>-22.2570903,64.5555948 -22.2576202,64.5553823 -22.2579408,64.5554128 -22.2578259,64.5556628 -22.257319,64.5560261 -22.256657,64.5559055 -22.2570903,64.5555948</coordinates></LinearRing></innerBoundaryIs><innerBoundaryIs><LinearRing><coordinates>-22.26616,64.5565829 -22.2668989,64.5561985 -22.2677937,64.5560926 -22.2684028,64.5562201 -22.2686913,64.5564855 -22.268689,64.556797 -22.2682279,64.557079 -22.2675433,64.557278 -22.26682,64.5574687 -22.2659863,64.5575531 -22.2659045,64.5571047 -22.26616,64.5565829</coordinates></LinearRing></innerBoundaryIs><innerBoundaryIs><LinearRing><coordinates>-22.263562,64.5587646 -22.2644813,64.5584219 -22.2657593,64.5582035 -22.2668056,64.5580703 -22.2674857,64.5580842 -22.2678049,64.5582823 -22.2677346,64.5585887 -22.2672325,64.5588176 -22.2663966,64.5589573 -22.2655729,64.5590903 -22.2648561,64.5592248 -22.2641942,64.5593988 -22.263373,64.5594842 -22.2632743,64.5591553 -22.263562,64.5587646</coordinates></LinearRing></innerBoundaryIs><innerBoundaryIs><LinearRing><coordinates>-22.2878562,64.5595049 -22.286702,64.5601532 -22.2859079,64.5605993 -22.2852596,64.5610332 -22.284306,64.5615799 -22.2833054,64.5621535 -22.2822111,64.5630455 -22.2817115,64.563067 -22.2823461,64.5623459 -22.2827595,64.5618761 -22.2832602,64.5613074 -22.2848175,64.5605019 -22.2870851,64.5595165 -22.2875565,64.5593117 -22.2878562,64.5595049</coordinates></LinearRing></innerBoundaryIs><innerBoundaryIs><LinearRing><coordinates>-22.2724397,64.5637586 -22.2736744,64.5615839 -22.2772532,64.5602875 -22.2793636,64.5595264 -22.2796133,64.5597194 -22.2724397,64.5637586</coordinates></LinearRing></innerBoundaryIs><innerBoundaryIs><LinearRing><coordinates>-22.3817294,64.5603119 -22.3823529,64.560375 -22.3829401,64.5606881 -22.3831577,64.5610913 -22.3830819,64.5614378 -22.3821681,64.5611684 -22.3816603,64.5610452 -22.3813478,64.5608149 -22.3813604,64.5604999 -22.3817294,64.5603119</coordinates></LinearRing></innerBoundaryIs><innerBoundaryIs><LinearRing><coordinates>-22.3798974,64.5648609 -22.3799031,64.5654515 -22.3794553,64.5658019 -22.3771063,64.5661318 -22.37664,64.565733 -22.3730851,64.5657316 -22.3710942,64.5631393 -22.3761351,64.5611751 -22.3774033,64.5612539 -22.3798974,64.5648609</coordinates></LinearRing></innerBoundaryIs><innerBoundaryIs><LinearRing><coordinates>-22.3755631,64.5668052 -22.375948,64.566671 -22.3763908,64.5667011 -22.3766224,64.566938 -22.3764228,64.5673701 -22.37588,64.5678329 -22.3754348,64.5681781 -22.3750908,64.5684186 -22.3747493,64.5681154 -22.3749723,64.5675164 -22.3752691,64.567082 -22.3755631,64.5668052</coordinates></LinearRing></innerBoundaryIs><innerBoundaryIs><LinearRing><coordinates>-22.3688251,64.5687654 -22.3685508,64.5690418 -22.368277,64.569294 -22.3680077,64.5695035 -22.3672434,64.5695035 -22.3671226,64.569294 -22.3671905,64.5690418 -22.3674566,64.5687654 -22.3677573,64.5685205 -22.3681434,64.5683786 -22.3685859,64.5683786 -22.368862,64.5685205 -22.3688251,64.5687654</coordinates></LinearRing></innerBoundaryIs><innerBoundaryIs><LinearRing><coordinates>-22.3727475,64.5709707 -22.3693453,64.5730793 -22.3702461,64.5694669 -22.3727475,64.5709707</coordinates></LinearRing></innerBoundaryIs><innerBoundaryIs><LinearRing><coordinates>-22.3768758,64.5702584 -22.3771088,64.5701165 -22.3773046,64.5702544 -22.3773226,64.5705748 -22.3771781,64.5708961 -22.376707,64.5706114 -22.3768758,64.5702584</coordinates></LinearRing></innerBoundaryIs><innerBoundaryIs><LinearRing><coordinates>-22.3669444,64.5700167 -22.3667999,64.5703381 -22.3663287,64.5700533 -22.3664976,64.5697004 -22.3667305,64.5695585 -22.3669264,64.5696964 -22.3669444,64.5700167</coordinates></LinearRing></innerBoundaryIs><innerBoundaryIs><LinearRing><coordinates>-22.3630524,64.5677847 -22.3629081,64.5681059 -22.3624368,64.5678211 -22.3626058,64.5674684 -22.3628387,64.5673264 -22.3630346,64.5674644 -22.3630524,64.5677847</coordinates></LinearRing></innerBoundaryIs><innerBoundaryIs><LinearRing><coordinates>-22.3709199,64.5738167 -22.3665977,64.5762244 -22.3690357,64.5736377 -22.3709199,64.5738167</coordinates></LinearRing></innerBoundaryIs><innerBoundaryIs><LinearRing><coordinates>-22.3630714,64.5742157 -22.3629215,64.5745295 -22.3620553,64.5745295 -22.3619053,64.5742157 -22.3619512,64.5738859 -22.3622643,64.5736858 -22.3627125,64.5736858 -22.3630255,64.5738859 -22.3630714,64.5742157</coordinates></LinearRing></innerBoundaryIs><innerBoundaryIs><LinearRing><coordinates>-22.3652004,64.5777287 -22.3654333,64.5776439 -22.3656291,64.5777282 -22.365647,64.5779209 -22.3655025,64.5781283 -22.3650314,64.5779256 -22.3652004,64.5777287</coordinates></LinearRing></innerBoundaryIs><innerBoundaryIs><LinearRing><coordinates>-22.3496751,64.581935 -22.3499572,64.5814404 -22.3502237,64.5809624 -22.3505988,64.5806618 -22.3511587,64.5804996 -22.3518065,64.5803852 -22.3523731,64.5803922 -22.352675,64.5805906 -22.3526316,64.5809631 -22.3523372,64.5813859 -22.3520076,64.581808 -22.351633,64.5821683 -22.351207,64.5825001 -22.3506144,64.5828505 -22.3494571,64.5824382 -22.3496751,64.581935</coordinates></LinearRing></innerBoundaryIs><innerBoundaryIs><LinearRing><coordinates>-22.3470731,64.5836403 -22.3480005,64.5835226 -22.3487241,64.5842839 -22.346457,64.5854306 -22.3469566,64.584463 -22.3470731,64.5836403</coordinates></LinearRing></innerBoundaryIs><innerBoundaryIs><LinearRing><coordinates>-22.3560652,64.5903049 -22.3569535,64.5901178 -22.3561249,64.5922738 -22.3498518,64.5962857 -22.3494471,64.5960177 -22.3560652,64.5903049</coordinates></LinearRing></innerBoundaryIs><innerBoundaryIs><LinearRing><coordinates>-22.363903,64.5933537 -22.364136,64.5932689 -22.3643318,64.5933532 -22.3643498,64.5935459 -22.3642052,64.5937533 -22.3637341,64.5935506 -22.363903,64.5933537</coordinates></LinearRing></innerBoundaryIs><innerBoundaryIs><LinearRing><coordinates>-22.3625607,64.5947018 -22.3634026,64.5946174 -22.3637139,64.5973308 -22.3620193,64.5961461 -22.3625607,64.5947018</coordinates></LinearRing></innerBoundaryIs><innerBoundaryIs><LinearRing><coordinates>-22.3658974,64.5967743 -22.3662328,64.5966923 -22.3664778,64.5969212 -22.3663394,64.5973057 -22.3656567,64.5971 -22.3658974,64.5967743</coordinates></LinearRing></innerBoundaryIs><innerBoundaryIs><LinearRing><coordinates>-22.3689727,64.6011335 -22.3699183,64.6010776 -22.3662525,64.6036942 -22.367726,64.6017116 -22.3689727,64.6011335</coordinates></LinearRing></innerBoundaryIs><innerBoundaryIs><LinearRing><coordinates>-22.3595012,64.603686 -22.3562133,64.6047022 -22.3573565,64.6025676 -22.3584921,64.6021696 -22.3598188,64.6024338 -22.3595012,64.603686</coordinates></LinearRing></innerBoundaryIs><innerBoundaryIs><LinearRing><coordinates>-22.3677949,64.6040196 -22.3680279,64.6038777 -22.3682235,64.6040157 -22.3682415,64.6043361 -22.3680971,64.6046572 -22.367626,64.6043725 -22.3677949,64.6040196</coordinates></LinearRing></innerBoundaryIs><innerBoundaryIs><LinearRing><coordinates>-22.3580739,64.6067523 -22.3585016,64.6067116 -22.3522263,64.6120237 -22.352222,64.6113473 -22.3580739,64.6067523</coordinates></LinearRing></innerBoundaryIs><innerBoundaryIs><LinearRing><coordinates>-22.3645595,64.6096065 -22.3649036,64.6093994 -22.3652968,64.6093863 -22.3654582,64.6095318 -22.3652966,64.6097713 -22.365051,64.6100208 -22.3647779,64.6102372 -22.3643475,64.6099761 -22.3645595,64.6096065</coordinates></LinearRing></innerBoundaryIs><innerBoundaryIs><LinearRing><coordinates>-22.3626039,64.6107217 -22.3629605,64.6105103 -22.3634098,64.6104918 -22.3636779,64.6106414 -22.3635474,64.6109246 -22.3630406,64.6112864 -22.3623952,64.6110932 -22.3626039,64.6107217</coordinates></LinearRing></innerBoundaryIs><innerBoundaryIs><LinearRing><coordinates>-22.3481492,64.6119545 -22.348008,64.6121604 -22.3470823,64.6121534 -22.3473182,64.6119276 -22.3477482,64.6117581 -22.3480854,64.6117814 -22.3481492,64.6119545</coordinates></LinearRing></innerBoundaryIs><innerBoundaryIs><LinearRing><coordinates>-22.3984756,64.616976 -22.3989509,64.616793 -22.3993208,64.6168745 -22.3993952,64.6171693 -22.3992549,64.6174833 -22.3983376,64.6174917 -22.3982748,64.6172454 -22.3984756,64.616976</coordinates></LinearRing></innerBoundaryIs><innerBoundaryIs><LinearRing><coordinates>-22.3971784,64.6178762 -22.3976536,64.6176419 -22.3980236,64.6177748 -22.3980979,64.6181948 -22.3979576,64.6186208 -22.3970402,64.6186293 -22.3969775,64.6182708 -22.3971784,64.6178762</coordinates></LinearRing></innerBoundaryIs><innerBoundaryIs><LinearRing><coordinates>-22.4528276,64.6647773 -22.4532095,64.6648741 -22.4532543,64.6651666 -22.453087,64.6654748 -22.4521652,64.6649022 -22.4528276,64.6647773</coordinates></LinearRing></innerBoundaryIs><innerBoundaryIs><LinearRing><coordinates>-22.3683906,64.6671553 -22.3651204,64.6662616 -22.365262,64.6658734 -22.367161,64.6657143 -22.3683046,64.6661854 -22.3683906,64.6671553</coordinates></LinearRing></innerBoundaryIs><innerBoundaryIs><LinearRing><coordinates>-22.3982918,64.6654168 -22.3985896,64.6650696 -22.3990608,64.6646777 -22.3998063,64.6641473 -22.4007695,64.6635025 -22.401996,64.6629149 -22.40288,64.6626807 -22.4031571,64.6628084 -22.4029531,64.6632057 -22.4026221,64.6637344 -22.4022773,64.6641583 -22.4019852,64.6644678 -22.4015665,64.6647776 -22.400808,64.6652297 -22.3995075,64.6658831 -22.3983787,64.6660614 -22.3982385,64.6657667 -22.3982918,64.6654168</coordinates></LinearRing></innerBoundaryIs><innerBoundaryIs><LinearRing><coordinates>-22.3593096,64.6727672 -22.3597215,64.6724348 -22.360447,64.672212 -22.3612732,64.6720299 -22.3617132,64.672062 -22.361569,64.6723334 -22.3609818,64.6727406 -22.3603498,64.6731482 -22.3596404,64.6735494 -22.3591222,64.6732846 -22.3593096,64.6727672</coordinates></LinearRing></innerBoundaryIs><innerBoundaryIs><LinearRing><coordinates>-22.3634405,64.6725748 -22.364071,64.6722472 -22.3646786,64.6721891 -22.3650337,64.6723808 -22.3650434,64.6726959 -22.3647196,64.6729321 -22.3641573,64.6730849 -22.3635007,64.6732488 -22.3629944,64.6730543 -22.3634405,64.6725748</coordinates></LinearRing></innerBoundaryIs><innerBoundaryIs><LinearRing><coordinates>-22.3504453,64.6799665 -22.3474652,64.6798774 -22.3459988,64.6798418 -22.3457285,64.6796892 -22.3471754,64.6783766 -22.3477685,64.6781433 -22.3476965,64.6789262 -22.350755,64.6786416 -22.3557893,64.6762913 -22.3504453,64.6799665</coordinates></LinearRing></innerBoundaryIs><innerBoundaryIs><LinearRing><coordinates>-22.3806128,64.6805878 -22.3804486,64.6810809 -22.3798079,64.6815066 -22.3787491,64.6818845 -22.3773164,64.6823787 -22.3767585,64.6823381 -22.3767585,64.68178 -22.3804806,64.6801728 -22.3806128,64.6805878</coordinates></LinearRing></innerBoundaryIs><innerBoundaryIs><LinearRing><coordinates>-22.3468364,64.6808785 -22.346692,64.6810859 -22.3462209,64.6808832 -22.3463898,64.6806864 -22.3466228,64.6806015 -22.3468184,64.6806858 -22.3468364,64.6808785</coordinates></LinearRing></innerBoundaryIs><innerBoundaryIs><LinearRing><coordinates>-22.3684436,64.6834764 -22.3686765,64.6833916 -22.3688724,64.6834759 -22.3688902,64.6836686 -22.3687458,64.6838762 -22.3682746,64.6836735 -22.3684436,64.6834764</coordinates></LinearRing></innerBoundaryIs><innerBoundaryIs><LinearRing><coordinates>-22.3529195,64.6859508 -22.3531857,64.685672 -22.3534893,64.6854213 -22.3538842,64.6852731 -22.3543376,64.6852854 -22.3546013,64.6854993 -22.3544672,64.6858991 -22.3539586,64.6863629 -22.3529733,64.6864123 -22.3528523,64.6862031 -22.3529195,64.6859508</coordinates></LinearRing></innerBoundaryIs><innerBoundaryIs><LinearRing><coordinates>-22.4106051,64.6751059 -22.4108381,64.6750211 -22.4110337,64.6751055 -22.4110517,64.675298 -22.4109073,64.6755056 -22.4104362,64.6753027 -22.4106051,64.6751059</coordinates></LinearRing></innerBoundaryIs><innerBoundaryIs><LinearRing><coordinates>-22.406194,64.6888411 -22.4064283,64.6886991 -22.4066252,64.6888371 -22.4066432,64.6891574 -22.406498,64.6894788 -22.4060242,64.6891938 -22.406194,64.6888411</coordinates></LinearRing></innerBoundaryIs><innerBoundaryIs><LinearRing><coordinates>-22.3945976,64.726336 -22.4056067,64.72852 -22.4097126,64.7300409 -22.4125305,64.7313265 -22.4382704,64.745798 -22.4640104,64.7602695 -22.4655601,64.7644202 -22.4568427,64.7673362 -22.4542809,64.7676815 -22.458811,64.7640514 -22.4562212,64.7616965 -22.4448075,64.7570208 -22.4401817,64.7524844 -22.4066296,64.7340952 -22.4038115,64.7327749 -22.3874398,64.7314658 -22.387253,64.7304811 -22.3810087,64.7325751 -22.3796759,64.7346462 -22.3790175,64.7343862 -22.3743789,64.7302949 -22.3807423,64.7284667 -22.3947895,64.727491 -22.39373,64.7265323 -22.3945976,64.726336</coordinates></LinearRing></innerBoundaryIs><innerBoundaryIs><LinearRing><coordinates>-22.5940419,64.7613224 -22.5942761,64.7612377 -22.5944731,64.7613219 -22.5944911,64.7615145 -22.5943459,64.761722 -22.593872,64.7615194 -22.5940419,64.7613224</coordinates></LinearRing></innerBoundaryIs><innerBoundaryIs><LinearRing><coordinates>-22.468804,64.7672452 -22.469119,64.7670453 -22.4695694,64.7670453 -22.4698845,64.7672452 -22.4699306,64.767575 -22.4697798,64.7678889 -22.4689085,64.7678889 -22.4687577,64.767575 -22.468804,64.7672452</coordinates></LinearRing></innerBoundaryIs><innerBoundaryIs><LinearRing><coordinates>-22.396526,64.7560211 -22.3939,64.7561744 -22.3941191,64.755282 -22.3949395,64.7551029 -22.3966631,64.7554291 -22.396526,64.7560211</coordinates></LinearRing></innerBoundaryIs><innerBoundaryIs><LinearRing><coordinates>-22.3336048,64.7451921 -22.3324817,64.7452672 -22.332985,64.7449276 -22.3337162,64.7446303 -22.3341807,64.7446001 -22.334111,64.7448303 -22.3336048,64.7451921</coordinates></LinearRing></innerBoundaryIs><innerBoundaryIs><LinearRing><coordinates>-22.3601969,64.7417786 -22.3596731,64.7421432 -22.3586241,64.7422192 -22.3585498,64.7419815 -22.3587739,64.7417026 -22.3593732,64.7414516 -22.3600016,64.7413754 -22.3603286,64.7414995 -22.3601969,64.7417786</coordinates></LinearRing></innerBoundaryIs><innerBoundaryIs><LinearRing><coordinates>-22.3602087,64.7400119 -22.3596013,64.7403688 -22.3588582,64.7405976 -22.358121,64.7407944 -22.3576118,64.7405998 -22.3583153,64.7400115 -22.3592455,64.7395571 -22.3600199,64.7394289 -22.3603708,64.7396233 -22.3602087,64.7400119</coordinates></LinearRing></innerBoundaryIs><innerBoundaryIs><LinearRing><coordinates>-22.3642319,64.7393728 -22.3624755,64.7393647 -22.3617975,64.738546 -22.3620765,64.7384036 -22.3649098,64.7385212 -22.3642319,64.7393728</coordinates></LinearRing></innerBoundaryIs><innerBoundaryIs><LinearRing><coordinates>-22.3843215,64.7349364 -22.3838477,64.7347337 -22.3840175,64.7345366 -22.3842518,64.734452 -22.3844486,64.7345362 -22.3844666,64.7347289 -22.3843215,64.7349364</coordinates></LinearRing></innerBoundaryIs><innerBoundaryIs><LinearRing><coordinates>-22.3872429,64.7336918 -22.3907114,64.7328752 -22.3920726,64.7328782 -22.4014399,64.7341731 -22.3933629,64.733677 -22.3854233,64.7346621 -22.3852403,64.7344778 -22.3872429,64.7336918</coordinates></LinearRing></innerBoundaryIs><innerBoundaryIs><LinearRing><coordinates>-22.386939,64.7269396 -22.3870788,64.7271806 -22.3866438,64.7273567 -22.3857902,64.727488 -22.3848686,64.727649 -22.3844481,64.727455 -22.38462,64.7270838 -22.3849763,64.7268462 -22.385578,64.7267377 -22.3863155,64.7267473 -22.386939,64.7269396</coordinates></LinearRing></innerBoundaryIs><innerBoundaryIs><LinearRing><coordinates>-22.3364033,64.7585955 -22.3366376,64.7584536 -22.3368345,64.7585915 -22.3368526,64.7589118 -22.3367074,64.7592332 -22.3362334,64.7589484 -22.3364033,64.7585955</coordinates></LinearRing></innerBoundaryIs><innerBoundaryIs><LinearRing><coordinates>-22.3487961,64.7638969 -22.3490303,64.7637548 -22.3492273,64.7638928 -22.3492453,64.7642133 -22.3491001,64.7645345 -22.3486263,64.7642498 -22.3487961,64.7638969</coordinates></LinearRing></innerBoundaryIs><innerBoundaryIs><LinearRing><coordinates>-22.4945296,64.7705818 -22.5,64.7717634 -22.5361089,64.7814792 -22.5520416,64.7841641 -22.5568315,64.7869266 -22.5508646,64.7874556 -22.5498147,64.7872672 -22.5445094,64.7846509 -22.5434783,64.7844949 -22.5316365,64.7836726 -22.5263674,64.784005 -22.5252281,64.7837355 -22.5172019,64.7798744 -22.5056685,64.7780544 -22.5,64.7762277 -22.4955912,64.7753638 -22.493892,64.7737222 -22.4898134,64.7731429 -22.4880019,64.7730498 -22.4828684,64.7751373 -22.4826235,64.7753159 -22.4830363,64.7784141 -22.4805665,64.7787178 -22.4798969,64.7786134 -22.4731886,64.7724384 -22.4845169,64.7698779 -22.4945296,64.7705818</coordinates></LinearRing></innerBoundaryIs><innerBoundaryIs><LinearRing><coordinates>-22.5581839,64.7750068 -22.5585229,64.7749835 -22.5589554,64.775153 -22.5591927,64.7753788 -22.5582618,64.7753859 -22.5581197,64.7751797 -22.5581839,64.7750068</coordinates></LinearRing></innerBoundaryIs><innerBoundaryIs><LinearRing><coordinates>-22.5175496,64.7880465 -22.5171102,64.7884312 -22.5134643,64.7892545 -22.5123158,64.7888982 -22.5146718,64.7869691 -22.5173796,64.7874377 -22.5175496,64.7880465</coordinates></LinearRing></innerBoundaryIs><innerBoundaryIs><LinearRing><coordinates>-22.5255557,64.7867131 -22.5257899,64.7866282 -22.5259869,64.7867125 -22.5260049,64.7869052 -22.5258597,64.7871127 -22.5253859,64.7869101 -22.5255557,64.7867131</coordinates></LinearRing></innerBoundaryIs><innerBoundaryIs><LinearRing><coordinates>-22.5308148,64.7863044 -22.531233,64.7861384 -22.531665,64.7863231 -22.5316801,64.7866744 -22.5312507,64.7870831 -22.5305516,64.7867842 -22.5308148,64.7863044</coordinates></LinearRing></innerBoundaryIs><innerBoundaryIs><LinearRing><coordinates>-22.5114897,64.7849178 -22.5042369,64.7857761 -22.5052443,64.7812271 -22.5066545,64.7807121 -22.5088707,64.7801971 -22.5124971,64.780798 -22.5145118,64.7833728 -22.5137058,64.784317 -22.5114897,64.7849178</coordinates></LinearRing></innerBoundaryIs><innerBoundaryIs><LinearRing><coordinates>-22.4547778,64.7825162 -22.4542422,64.7828795 -22.453142,64.782409 -22.4539915,64.7821798 -22.4546413,64.782113 -22.4549342,64.7822382 -22.4547778,64.7825162</coordinates></LinearRing></innerBoundaryIs><innerBoundaryIs><LinearRing><coordinates>-22.4594153,64.7793254 -22.4586048,64.7795244 -22.4577417,64.7797368 -22.4567307,64.7800545 -22.4561537,64.7799319 -22.4565589,64.7794753 -22.4571683,64.7791309 -22.4578764,64.7789212 -22.4586546,64.7787371 -22.4595572,64.7785617 -22.4604523,64.7784708 -22.4607818,64.7786806 -22.4602407,64.7790529 -22.4594153,64.7793254</coordinates></LinearRing></innerBoundaryIs><innerBoundaryIs><LinearRing><coordinates>-22.465448,64.7760053 -22.4650418,64.7762007 -22.4641101,64.776462 -22.4627481,64.7768286 -22.4614433,64.7771158 -22.4603775,64.7773578 -22.4601171,64.7771186 -22.4602884,64.7767645 -22.4606256,64.7765421 -22.4611654,64.7764137 -22.4618109,64.7762856 -22.4624825,64.7761573 -22.4631557,64.7760046 -22.4638323,64.7758594 -22.4644969,64.7757316 -22.4650733,64.7757115 -22.4654263,64.7758219 -22.465448,64.7760053</coordinates></LinearRing></innerBoundaryIs><innerBoundaryIs><LinearRing><coordinates>-22.4293054,64.7716519 -22.4280351,64.7719682 -22.4274842,64.771924 -22.4279386,64.7715251 -22.4285125,64.7711173 -22.4290049,64.7708051 -22.4295917,64.7706521 -22.4303256,64.7706782 -22.4308156,64.7708815 -22.430845,64.7711849 -22.4303334,64.7714283 -22.4293054,64.7716519</coordinates></LinearRing></innerBoundaryIs><innerBoundaryIs><LinearRing><coordinates>-22.437502,64.7705934 -22.4377362,64.7704514 -22.4379332,64.7705894 -22.4379512,64.7709097 -22.437806,64.7712309 -22.4373322,64.7709461 -22.437502,64.7705934</coordinates></LinearRing></innerBoundaryIs><innerBoundaryIs><LinearRing><coordinates>-22.5144851,64.7914488 -22.5148377,64.7913134 -22.515215,64.7913204 -22.5152875,64.79149 -22.5149444,64.791782 -22.514262,64.7916685 -22.5144851,64.7914488</coordinates></LinearRing></innerBoundaryIs><innerBoundaryIs><LinearRing><coordinates>-22.4824659,64.7976882 -22.4827914,64.7974635 -22.4833748,64.7973186 -22.4840459,64.7972007 -22.4845907,64.7971841 -22.4847848,64.797308 -22.4845753,64.7975519 -22.4841439,64.7978725 -22.483505,64.798242 -22.482609,64.7983007 -22.4824395,64.7980041 -22.4824659,64.7976882</coordinates></LinearRing></innerBoundaryIs><innerBoundaryIs><LinearRing><coordinates>-22.6681722,64.7818815 -22.6656792,64.7830884 -22.6630727,64.7825092 -22.6666991,64.781109 -22.6678323,64.7814471 -22.6681722,64.7818815</coordinates></LinearRing></innerBoundaryIs><innerBoundaryIs><LinearRing><coordinates>-22.6614596,64.7832828 -22.6621624,64.783143 -22.6627531,64.7832882 -22.6628072,64.7836108 -22.6623715,64.7840056 -22.6609499,64.7835619 -22.6614596,64.7832828</coordinates></LinearRing></innerBoundaryIs><innerBoundaryIs><LinearRing><coordinates>-22.6568543,64.7852209 -22.6570407,64.7853007 -22.6569242,64.7853903 -22.6566447,64.7852708 -22.6568543,64.7852209</coordinates></LinearRing></innerBoundaryIs><innerBoundaryIs><LinearRing><coordinates>-22.681222,64.7943388 -22.6829588,64.7943239 -22.6826097,64.7954816 -22.6804661,64.7947288 -22.681222,64.7943388</coordinates></LinearRing></innerBoundaryIs><innerBoundaryIs><LinearRing><coordinates>-22.6853501,64.7951391 -22.6857111,64.7949548 -22.6862593,64.7950124 -22.6866297,64.7953058 -22.686541,64.7957096 -22.6854506,64.79579 -22.6852955,64.7954708 -22.6853501,64.7951391</coordinates></LinearRing></innerBoundaryIs><innerBoundaryIs><LinearRing><coordinates>-22.9025559,64.7908984 -22.9027901,64.7908134 -22.9029871,64.7908978 -22.9030051,64.7910904 -22.9028599,64.791298 -22.9023859,64.7910953 -22.9025559,64.7908984</coordinates></LinearRing></innerBoundaryIs><innerBoundaryIs><LinearRing><coordinates>-22.9078226,64.7915288 -22.9081599,64.7914468 -22.9084063,64.7916754 -22.9082671,64.7920601 -22.9075806,64.7918545 -22.9078226,64.7915288</coordinates></LinearRing></innerBoundaryIs><innerBoundaryIs><LinearRing><coordinates>-22.9377774,64.7931305 -22.9380116,64.7930458 -22.9382085,64.79313 -22.9382266,64.7933226 -22.9380813,64.7935301 -22.9376075,64.7933275 -22.9377774,64.7931305</coordinates></LinearRing></innerBoundaryIs><innerBoundaryIs><LinearRing><coordinates>-22.915601,64.7936885 -22.9158351,64.7936037 -22.916032,64.7936881 -22.9160501,64.7938807 -22.9159048,64.7940882 -22.9154311,64.7938854 -22.915601,64.7936885</coordinates></LinearRing></innerBoundaryIs><innerBoundaryIs><LinearRing><coordinates>-23.0819733,64.8010153 -23.0823106,64.8009334 -23.0825568,64.8011622 -23.0824177,64.8015466 -23.0817312,64.8013411 -23.0819733,64.8010153</coordinates></LinearRing></innerBoundaryIs><innerBoundaryIs><LinearRing><coordinates>-23.6094892,64.8983541 -23.6092274,64.8986456 -23.6081089,64.8987257 -23.6079659,64.898519 -23.6080744,64.8983126 -23.6085646,64.8981797 -23.6092294,64.8981858 -23.6094892,64.8983541</coordinates></LinearRing></innerBoundaryIs><innerBoundaryIs><LinearRing><coordinates>-23.6173832,64.8937916 -23.6167303,64.8942101 -23.6157162,64.8947389 -23.6146262,64.8948611 -23.6146777,64.894644 -23.6150416,64.8943343 -23.6158087,64.8938941 -23.6169189,64.8934441 -23.6176335,64.8933125 -23.6177368,64.8934777 -23.6173832,64.8937916</coordinates></LinearRing></innerBoundaryIs><innerBoundaryIs><LinearRing><coordinates>-23.284523,64.9274387 -23.2843766,64.92776 -23.2838993,64.9274752 -23.2840703,64.9271224 -23.2843064,64.9269803 -23.2845047,64.9271183 -23.284523,64.9274387</coordinates></LinearRing></innerBoundaryIs><innerBoundaryIs><LinearRing><coordinates>-23.2997874,64.98341 -23.3016272,64.9833031 -23.3040937,64.9838974 -23.3045197,64.9842387 -23.3048863,64.9863194 -23.3021365,64.9859958 -23.2999731,64.9847414 -23.2994461,64.9836469 -23.2997874,64.98341</coordinates></LinearRing></innerBoundaryIs><innerBoundaryIs><LinearRing><coordinates>-23.2297884,64.9845033 -23.2293735,64.9848989 -23.2286897,64.9847862 -23.2285637,64.9844652 -23.228627,64.9841758 -23.2291439,64.9840339 -23.2297122,64.9841799 -23.2297884,64.9845033</coordinates></LinearRing></innerBoundaryIs><innerBoundaryIs><LinearRing><coordinates>-23.2365899,64.9884561 -23.2368699,64.9886895 -23.2352499,64.9907368 -23.2333527,64.9895368 -23.2365899,64.9884561</coordinates></LinearRing></innerBoundaryIs><innerBoundaryIs><LinearRing><coordinates>-23.2315001,64.9931864 -23.2317363,64.9931015 -23.2319345,64.9931858 -23.2319529,64.9933785 -23.2318065,64.9935859 -23.2313292,64.9933832 -23.2315001,64.9931864</coordinates></LinearRing></innerBoundaryIs><innerBoundaryIs><LinearRing><coordinates>-23.2310024,64.9953037 -23.2310143,64.9948369 -23.2314558,64.9945734 -23.2319133,64.9946578 -23.2322576,64.9949975 -23.2325376,64.9953569 -23.2326047,64.9956399 -23.2324789,64.9958547 -23.2314394,64.9958102 -23.2310024,64.9953037</coordinates></LinearRing></innerBoundaryIs><innerBoundaryIs><LinearRing><coordinates>-23.2310559,64.997564 -23.2318189,64.9973207 -23.2327272,64.9972535 -23.2332735,64.9973646 -23.2333362,64.9975557 -23.2330042,64.9977182 -23.2324216,64.9978511 -23.231747,64.9980167 -23.2308688,64.9980775 -23.2307891,64.9978402 -23.2310559,64.997564</coordinates></LinearRing></innerBoundaryIs><innerBoundaryIs><LinearRing><coordinates>-23.0215009,65.0157706 -23.0209244,65.0162904 -23.0178872,65.016434 -23.0187894,65.0177855 -23.0142982,65.0186697 -23.0117683,65.0180281 -23.0076262,65.0175807 -23.0073971,65.0172796 -23.0116683,65.0146126 -23.0154721,65.0147591 -23.0154337,65.0145423 -23.0116434,65.0141549 -23.0109349,65.0130649 -23.0080097,65.0136029 -23.0076588,65.0123096 -23.010028,65.0117878 -23.0123283,65.0117532 -23.0136805,65.0120943 -23.0128449,65.0132641 -23.0204962,65.0132498 -23.0216149,65.0149916 -23.0215009,65.0157706</coordinates></LinearRing></innerBoundaryIs><innerBoundaryIs><LinearRing><coordinates>-22.9091964,65.0182914 -22.9122465,65.0169181 -22.9155,65.0171756 -22.9100097,65.0192356 -22.9091964,65.0182914</coordinates></LinearRing></innerBoundaryIs><innerBoundaryIs><LinearRing><coordinates>-22.9385412,65.017771 -22.9480345,65.0175856 -22.9460191,65.0180658 -22.9376429,65.0186572 -22.9375209,65.0182776 -22.9385412,65.017771</coordinates></LinearRing></innerBoundaryIs><innerBoundaryIs><LinearRing><coordinates>-22.8492829,65.0161088 -22.8461748,65.0160958 -22.8426381,65.0148591 -22.8585145,65.0066224 -22.8590015,65.0067056 -22.8605679,65.0088412 -22.8587472,65.0146254 -22.8583959,65.0150049 -22.8544995,65.0159814 -22.8492829,65.0161088</coordinates></LinearRing></innerBoundaryIs><innerBoundaryIs><LinearRing><coordinates>-22.8554196,65.0073293 -22.8552732,65.0075368 -22.8547959,65.0073341 -22.8549669,65.0071371 -22.855203,65.0070524 -22.8554013,65.0071367 -22.8554196,65.0073293</coordinates></LinearRing></innerBoundaryIs><innerBoundaryIs><LinearRing><coordinates>-22.8813384,65.0061893 -22.8868285,65.0069618 -22.8807282,65.0092793 -22.8776782,65.0089359 -22.8813384,65.0061893</coordinates></LinearRing></innerBoundaryIs><innerBoundaryIs><LinearRing><coordinates>-23.0967162,65.0079705 -23.0971535,65.0079418 -23.0991381,65.0098401 -23.0967953,65.0090752 -23.0967162,65.0079705</coordinates></LinearRing></innerBoundaryIs><innerBoundaryIs><LinearRing><coordinates>-23.0207952,65.0098325 -23.0208364,65.0101894 -23.0203989,65.0105832 -23.019015,65.0100802 -23.0192235,65.0097075 -23.0196303,65.0095155 -23.020251,65.0095671 -23.0207952,65.0098325</coordinates></LinearRing></innerBoundaryIs><innerBoundaryIs><LinearRing><coordinates>-22.8884553,65.0097084 -22.893539,65.0095367 -22.8937423,65.0102233 -22.8880486,65.0107383 -22.8884553,65.0097084</coordinates></LinearRing></innerBoundaryIs><innerBoundaryIs><LinearRing><coordinates>-22.9859323,65.0098332 -22.9864138,65.0096502 -22.9867886,65.0097317 -22.9868639,65.0100265 -22.9867218,65.0103403 -22.9857925,65.0103487 -22.9857289,65.0101026 -22.9859323,65.0098332</coordinates></LinearRing></innerBoundaryIs><innerBoundaryIs><LinearRing><coordinates>-22.9836646,65.0119221 -22.9805378,65.0120295 -22.9837795,65.0107095 -22.9836646,65.0119221</coordinates></LinearRing></innerBoundaryIs><innerBoundaryIs><LinearRing><coordinates>-23.1094517,65.0117968 -23.1097015,65.0120484 -23.1096525,65.0122944 -23.1084877,65.0121909 -23.1084406,65.0118436 -23.1088732,65.0116729 -23.1094517,65.0117968</coordinates></LinearRing></innerBoundaryIs><innerBoundaryIs><LinearRing><coordinates>-22.9207869,65.0138282 -22.926684,65.0135707 -22.9211937,65.0158882 -22.9203804,65.0150299 -22.9207869,65.0138282</coordinates></LinearRing></innerBoundaryIs><innerBoundaryIs><LinearRing><coordinates>-23.0015062,65.0149496 -23.0017421,65.0148649 -23.0019404,65.0149492 -23.0019587,65.0151418 -23.0018123,65.0153493 -23.001335,65.0151466 -23.0015062,65.0149496</coordinates></LinearRing></innerBoundaryIs><innerBoundaryIs><LinearRing><coordinates>-23.0926419,64.9727311 -23.0924957,64.9729387 -23.0920184,64.972736 -23.0921895,64.9725389 -23.0924255,64.9724541 -23.0926239,64.9725384 -23.0926419,64.9727311</coordinates></LinearRing></innerBoundaryIs><innerBoundaryIs><LinearRing><coordinates>-23.1028655,64.9682339 -23.1031477,64.96845 -23.1016039,64.9704716 -23.0939697,64.9663351 -23.0948024,64.9660674 -23.09712,64.9661164 -23.1028655,64.9682339</coordinates></LinearRing></innerBoundaryIs><innerBoundaryIs><LinearRing><coordinates>-23.1032016,64.9637116 -23.1028736,64.9639478 -23.1023039,64.9641005 -23.1016387,64.9642645 -23.1011258,64.9640698 -23.1015778,64.9635905 -23.1022164,64.9632629 -23.102832,64.9632047 -23.1031919,64.9633964 -23.1032016,64.9637116</coordinates></LinearRing></innerBoundaryIs><innerBoundaryIs><LinearRing><coordinates>-23.1441668,64.9415085 -23.1444869,64.9418123 -23.1445591,64.9420682 -23.1444277,64.942274 -23.1425613,64.9414113 -23.1427844,64.9410895 -23.1431853,64.9410028 -23.1437261,64.9411991 -23.1441668,64.9415085</coordinates></LinearRing></innerBoundaryIs><innerBoundaryIs><LinearRing><coordinates>-23.1347584,64.9385236 -23.1360749,64.9386671 -23.1370739,64.9388101 -23.1377058,64.938929 -23.1380622,64.9390856 -23.1382879,64.9393069 -23.138476,64.9395432 -23.1385146,64.9397535 -23.1371686,64.9397258 -23.1364313,64.9395204 -23.1355224,64.9393051 -23.1343464,64.9390293 -23.1331725,64.9387724 -23.1324859,64.9385256 -23.1326568,64.9383816 -23.1335462,64.9383945 -23.1347584,64.9385236</coordinates></LinearRing></innerBoundaryIs><innerBoundaryIs><LinearRing><coordinates>-22.902486,64.9993228 -22.9051296,64.9991512 -22.9075696,65.0017262 -22.902486,64.9993228</coordinates></LinearRing></innerBoundaryIs><innerBoundaryIs><LinearRing><coordinates>-22.88041,65.0214831 -22.8725533,65.0252544 -22.8665034,65.0241725 -22.8637516,65.0254158 -22.8637939,65.0244776 -22.86351,65.0226365 -22.8637939,65.0223523 -22.866478,65.0210108 -22.8705912,65.0211422 -22.8676383,65.0193622 -22.88041,65.0214831</coordinates></LinearRing></innerBoundaryIs><innerBoundaryIs><LinearRing><coordinates>-22.8747888,65.025141 -22.8751062,65.0252702 -22.8751527,65.0254731 -22.8750007,65.0256782 -22.874123,65.0256782 -22.8739711,65.0254731 -22.8740175,65.0252702 -22.8743349,65.025141 -22.8747888,65.025141</coordinates></LinearRing></innerBoundaryIs><innerBoundaryIs><LinearRing><coordinates>-22.8492492,65.0233645 -22.849243,65.0241661 -22.8478546,65.0240932 -22.8456146,65.0234838 -22.8452709,65.0230396 -22.8493283,65.0217729 -22.8527828,65.0219079 -22.8532522,65.0221968 -22.8491548,65.0231142 -22.8492492,65.0233645</coordinates></LinearRing></innerBoundaryIs><innerBoundaryIs><LinearRing><coordinates>-22.840569,65.0232971 -22.841314,65.0230644 -22.8423048,65.0230623 -22.8428133,65.0237389 -22.840569,65.0232971</coordinates></LinearRing></innerBoundaryIs><innerBoundaryIs><LinearRing><coordinates>-22.8548157,65.0221227 -22.8578084,65.0208338 -22.8586273,65.0207078 -22.8626924,65.0218154 -22.8583483,65.0229285 -22.8572916,65.0226867 -22.8548157,65.0221227</coordinates></LinearRing></innerBoundaryIs><innerBoundaryIs><LinearRing><coordinates>-22.8631359,65.0209677 -22.8635716,65.0207982 -22.8639131,65.0208216 -22.8639777,65.0209945 -22.8638349,65.0212007 -22.8628969,65.0211936 -22.8631359,65.0209677</coordinates></LinearRing></innerBoundaryIs><innerBoundaryIs><LinearRing><coordinates>-22.854418,65.025699 -22.8547353,65.0258282 -22.8547817,65.0260311 -22.8546298,65.0262361 -22.8537521,65.0262361 -22.8536001,65.0260311 -22.8536468,65.0258282 -22.8539639,65.025699 -22.854418,65.025699</coordinates></LinearRing></innerBoundaryIs><innerBoundaryIs><LinearRing><coordinates>-22.8771276,65.0265406 -22.8732653,65.0285921 -22.8688023,65.0279462 -22.8683527,65.0286475 -22.8679146,65.0283952 -22.8660897,65.0282955 -22.866273,65.0279865 -22.8691753,65.0265731 -22.8771276,65.0265406</coordinates></LinearRing></innerBoundaryIs><innerBoundaryIs><LinearRing><coordinates>-22.8743349,65.0298843 -22.8747888,65.0298843 -22.8751062,65.0300134 -22.8751527,65.0302165 -22.8750007,65.0304213 -22.874123,65.0304213 -22.8739711,65.0302165 -22.8740175,65.0300134 -22.8743349,65.0298843</coordinates></LinearRing></innerBoundaryIs><innerBoundaryIs><LinearRing><coordinates>-22.8069446,65.0441496 -22.8071333,65.0442292 -22.8070152,65.044319 -22.8067321,65.0441993 -22.8069446,65.0441496</coordinates></LinearRing></innerBoundaryIs><innerBoundaryIs><LinearRing><coordinates>-22.8189389,65.0478172 -22.8215855,65.047388 -22.8248429,65.0479029 -22.8248429,65.048418 -22.8148673,65.0515937 -22.8148673,65.0499629 -22.8189389,65.0478172</coordinates></LinearRing></innerBoundaryIs><innerBoundaryIs><LinearRing><coordinates>-22.8099813,65.0556278 -22.8063169,65.0565718 -22.8032633,65.0570869 -22.8048919,65.0555419 -22.8099813,65.0556278</coordinates></LinearRing></innerBoundaryIs><innerBoundaryIs><LinearRing><coordinates>-22.9097365,65.0565718 -22.9028147,65.0565718 -22.9017968,65.0557137 -22.9097365,65.0565718</coordinates></LinearRing></innerBoundaryIs><innerBoundaryIs><LinearRing><coordinates>-22.8156816,65.0567436 -22.8156816,65.0571727 -22.8091671,65.0586318 -22.8012275,65.0592327 -22.8020416,65.0587177 -22.8077419,65.0568295 -22.8156816,65.0567436</coordinates></LinearRing></innerBoundaryIs><innerBoundaryIs><LinearRing><coordinates>-22.8930428,65.0612068 -22.8883603,65.0593185 -22.8928391,65.0588893 -22.8930428,65.0612068</coordinates></LinearRing></innerBoundaryIs><innerBoundaryIs><LinearRing><coordinates>-22.7888089,65.0610352 -22.7869766,65.0600051 -22.790234,65.0600051 -22.79512,65.0576019 -22.8006167,65.0579453 -22.7977664,65.0594902 -22.7888089,65.0610352</coordinates></LinearRing></innerBoundaryIs><innerBoundaryIs><LinearRing><coordinates>-22.8429617,65.0650691 -22.8452011,65.0644683 -22.8492727,65.0647258 -22.8488656,65.0663567 -22.846626,65.0671291 -22.8427581,65.0668716 -22.8429617,65.0650691</coordinates></LinearRing></innerBoundaryIs><innerBoundaryIs><LinearRing><coordinates>-22.9026111,65.0687599 -22.9007788,65.0674725 -22.908922,65.0669574 -22.9026111,65.0687599</coordinates></LinearRing></innerBoundaryIs><innerBoundaryIs><LinearRing><coordinates>-22.7995988,65.0708199 -22.8024487,65.0701332 -22.8083528,65.0695323 -22.8093706,65.0699615 -22.8046883,65.0722789 -22.8020416,65.0726222 -22.8004131,65.0722789 -22.7995988,65.0708199</coordinates></LinearRing></innerBoundaryIs><innerBoundaryIs><LinearRing><coordinates>-22.8409258,65.0724506 -22.8384829,65.074253 -22.8362433,65.0729656 -22.8390934,65.0718498 -22.8409258,65.0724506</coordinates></LinearRing></innerBoundaryIs><innerBoundaryIs><LinearRing><coordinates>-22.7647656,65.0742968 -22.7586807,65.0758086 -22.7515532,65.0813447 -22.7506372,65.0816339 -22.7459506,65.0827425 -22.7449861,65.0829387 -22.7409873,65.0823704 -22.7384012,65.0833302 -22.7378286,65.0832269 -22.7380664,65.0825779 -22.7394036,65.0796186 -22.7386659,65.0778162 -22.7402011,65.0760401 -22.7422878,65.0748239 -22.7453187,65.0740879 -22.7555954,65.0728908 -22.7594,65.0729007 -22.7647656,65.0742968</coordinates></LinearRing></innerBoundaryIs><innerBoundaryIs><LinearRing><coordinates>-22.8421473,65.0758837 -22.8417401,65.0764846 -22.8344111,65.0756263 -22.836447,65.0751113 -22.8421473,65.0758837</coordinates></LinearRing></innerBoundaryIs><innerBoundaryIs><LinearRing><coordinates>-22.8297288,65.0771713 -22.8285073,65.0764846 -22.8291181,65.0756263 -22.8301359,65.0754547 -22.8319681,65.076313 -22.8297288,65.0771713</coordinates></LinearRing></innerBoundaryIs><innerBoundaryIs><LinearRing><coordinates>-22.822807,65.0779438 -22.822807,65.0770854 -22.82525,65.076828 -22.8285073,65.0774288 -22.822807,65.0779438</coordinates></LinearRing></innerBoundaryIs><innerBoundaryIs><LinearRing><coordinates>-22.7331516,65.0833708 -22.7322381,65.0834287 -22.7310116,65.0830744 -22.7310264,65.081377 -22.7342877,65.0802439 -22.7348064,65.0801812 -22.735553,65.0819483 -22.7331516,65.0833708</coordinates></LinearRing></innerBoundaryIs><innerBoundaryIs><LinearRing><coordinates>-22.5186212,65.0845547 -22.5191071,65.0866926 -22.5109679,65.0879331 -22.513043,65.0895036 -22.5117553,65.0910724 -22.5109872,65.0900896 -22.5075886,65.0901165 -22.5060403,65.09103 -22.5082368,65.0923018 -22.5035083,65.094179 -22.5,65.09375 -22.4994378,65.0937561 -22.4989727,65.095082 -22.4892708,65.0950618 -22.4855711,65.0944036 -22.4879462,65.0924532 -22.4779065,65.092712 -22.4762632,65.0906372 -22.4765689,65.0904167 -22.4836184,65.0895349 -22.4845002,65.0882455 -22.4920669,65.0884033 -22.4947926,65.0855469 -22.4982268,65.0846254 -22.5,65.0845423 -22.5137037,65.0826309 -22.5152195,65.0831397 -22.5117894,65.0841262 -22.5120686,65.0843348 -22.5142061,65.084549 -22.5207629,65.0829068 -22.5210465,65.0834856 -22.5186212,65.0845547</coordinates></LinearRing></innerBoundaryIs><innerBoundaryIs><LinearRing><coordinates>-22.678865,65.0866576 -22.6760355,65.0860631 -22.6773467,65.0838133 -22.6779613,65.083662 -22.678865,65.0866576</coordinates></LinearRing></innerBoundaryIs><innerBoundaryIs><LinearRing><coordinates>-22.7351896,65.0845526 -22.7354031,65.0841281 -22.737101,65.0837678 -22.7379614,65.0837497 -22.7395688,65.0844669 -22.7372264,65.0862263 -22.7365136,65.0861406 -22.7351896,65.0845526</coordinates></LinearRing></innerBoundaryIs><innerBoundaryIs><LinearRing><coordinates>-22.6704084,65.0842468 -22.6702611,65.084568 -22.6697812,65.0842832 -22.6699533,65.0839303 -22.6701906,65.0837883 -22.6703901,65.0839263 -22.6704084,65.0842468</coordinates></LinearRing></innerBoundaryIs><innerBoundaryIs><LinearRing><coordinates>-23.0170238,65.09305 -23.0182453,65.0943373 -23.0155987,65.0959682 -23.0184488,65.0983715 -23.0147845,65.098114 -23.0113235,65.0957108 -23.0133593,65.09305 -23.0170238,65.09305</coordinates></LinearRing></innerBoundaryIs><innerBoundaryIs><LinearRing><coordinates>-22.4898722,65.1000534 -22.4836435,65.1016066 -22.4840997,65.1004264 -22.4800267,65.10022 -22.4820256,65.1025404 -22.4778692,65.102055 -22.4737298,65.1032871 -22.4745057,65.1022528 -22.4761146,65.1012949 -22.4738322,65.0999311 -22.4836864,65.0990658 -22.4873198,65.0974966 -22.491328,65.0968722 -22.4886085,65.0988334 -22.4898722,65.1000534</coordinates></LinearRing></innerBoundaryIs><innerBoundaryIs><LinearRing><coordinates>-22.6287593,65.1021414 -22.629178,65.1032223 -22.6242964,65.1033982 -22.6265863,65.1047 -22.6223516,65.1063163 -22.6227376,65.1073912 -22.6126724,65.1049556 -22.6157447,65.106359 -22.6119928,65.1079869 -22.6090266,65.1077346 -22.6019964,65.109708 -22.5960085,65.1096205 -22.5972406,65.1106156 -22.5993733,65.1099991 -22.5992987,65.1109023 -22.6083277,65.1117657 -22.6075772,65.1157596 -22.6119384,65.1169055 -22.6176254,65.1175624 -22.6226944,65.1152093 -22.6228644,65.1154881 -22.6166458,65.1202208 -22.6072063,65.1195937 -22.611672,65.1231104 -22.6051008,65.1246135 -22.6028531,65.1271394 -22.6014283,65.127497 -22.5990483,65.1262795 -22.5954078,65.1260104 -22.5907731,65.1237783 -22.5903178,65.1234897 -22.590152,65.1214749 -22.5852118,65.1208211 -22.5849525,65.1205047 -22.5856562,65.1161664 -22.5870106,65.1145061 -22.5874887,65.1142113 -22.5964558,65.1117188 -22.5964556,65.1111748 -22.5953211,65.1108789 -22.5867226,65.1134382 -22.5876194,65.1105257 -22.5949084,65.1099119 -22.586917,65.1087776 -22.5879676,65.1064944 -22.5888113,65.106003 -22.5972396,65.106379 -22.6001275,65.1076692 -22.6073322,65.105116 -22.6056699,65.1038845 -22.6121027,65.1034493 -22.6149597,65.1045542 -22.6152461,65.1032816 -22.6228387,65.1035768 -22.6209851,65.1026778 -22.6225651,65.1018848 -22.6287593,65.1021414</coordinates></LinearRing></innerBoundaryIs><innerBoundaryIs><LinearRing><coordinates>-22.6503388,65.1032956 -22.6494462,65.1042829 -22.6481487,65.1032503 -22.6503388,65.1032956</coordinates></LinearRing></innerBoundaryIs><innerBoundaryIs><LinearRing><coordinates>-22.6344336,65.1048654 -22.6297873,65.1048084 -22.6323053,65.1036261 -22.6330473,65.1035711 -22.6347516,65.1047198 -22.6344336,65.1048654</coordinates></LinearRing></innerBoundaryIs><innerBoundaryIs><LinearRing><coordinates>-22.8077801,65.1050662 -22.8041058,65.1069545 -22.7998188,65.1083277 -22.7949196,65.1088428 -22.8022686,65.1053237 -22.8069636,65.1042938 -22.8077801,65.1050662</coordinates></LinearRing></innerBoundaryIs><innerBoundaryIs><LinearRing><coordinates>-22.6402264,65.1084489 -22.6399091,65.1087081 -22.6373523,65.1099777 -22.636986,65.11006 -22.6335285,65.1089478 -22.6330463,65.1129653 -22.6320854,65.1133888 -22.6239005,65.1149219 -22.6234893,65.114871 -22.6245373,65.1134835 -22.6292943,65.1108629 -22.6232537,65.111413 -22.6209204,65.1104563 -22.6212589,65.1102784 -22.6285793,65.1098344 -22.6323853,65.108505 -22.6334097,65.1078593 -22.6326016,65.1058404 -22.6332287,65.105558 -22.6361113,65.1057687 -22.6387628,65.1076643 -22.6402264,65.1084489</coordinates></LinearRing></innerBoundaryIs><innerBoundaryIs><LinearRing><coordinates>-22.6400681,65.1096879 -22.6412711,65.1098766 -22.6404299,65.1110868 -22.6396332,65.1111254 -22.639575,65.1100254 -22.6400681,65.1096879</coordinates></LinearRing></innerBoundaryIs><innerBoundaryIs><LinearRing><coordinates>-22.6367437,65.1112368 -22.6365767,65.1116596 -22.6355139,65.1115884 -22.6350749,65.1111915 -22.6351218,65.1108309 -22.6356821,65.1105659 -22.6363188,65.110534 -22.6366971,65.1107856 -22.6367437,65.1112368</coordinates></LinearRing></innerBoundaryIs><innerBoundaryIs><LinearRing><coordinates>-22.6414812,65.1126797 -22.6396116,65.112769 -22.6396329,65.1117221 -22.6402645,65.1116449 -22.6414812,65.1126797</coordinates></LinearRing></innerBoundaryIs><innerBoundaryIs><LinearRing><coordinates>-22.6395531,65.1132996 -22.6399164,65.1130112 -22.6403739,65.112995 -22.6406472,65.1132183 -22.6405143,65.1136293 -22.639998,65.1141002 -22.6393405,65.113831 -22.6395531,65.1132996</coordinates></LinearRing></innerBoundaryIs><innerBoundaryIs><LinearRing><coordinates>-22.6218132,65.1125464 -22.6218239,65.1128352 -22.621596,65.1130857 -22.6211944,65.1132497 -22.6206253,65.1133717 -22.6199768,65.113528 -22.6195046,65.1132853 -22.6196871,65.1127604 -22.6200557,65.1124477 -22.6206563,65.1123222 -22.6213378,65.1123362 -22.6218132,65.1125464</coordinates></LinearRing></innerBoundaryIs><innerBoundaryIs><LinearRing><coordinates>-22.619122,65.109341 -22.6220673,65.1091743 -22.6199539,65.1099294 -22.619122,65.109341</coordinates></LinearRing></innerBoundaryIs><innerBoundaryIs><LinearRing><coordinates>-22.6118793,65.1094067 -22.6117238,65.109093 -22.6118174,65.1087632 -22.6123054,65.1085629 -22.6130381,65.1085629 -22.6135262,65.1087632 -22.6136196,65.109093 -22.6134644,65.1094067 -22.6118793,65.1094067</coordinates></LinearRing></innerBoundaryIs><innerBoundaryIs><LinearRing><coordinates>-22.639555,65.1056938 -22.6397924,65.1055518 -22.6399918,65.1056896 -22.6400101,65.1060101 -22.639863,65.1063313 -22.639383,65.1060466 -22.639555,65.1056938</coordinates></LinearRing></innerBoundaryIs><innerBoundaryIs><LinearRing><coordinates>-22.6667578,65.1063308 -22.6670769,65.106531 -22.6671236,65.1068608 -22.6669708,65.1071746 -22.6660883,65.1071746 -22.6659355,65.1068608 -22.6659822,65.106531 -22.6663012,65.1063308 -22.6667578,65.1063308</coordinates></LinearRing></innerBoundaryIs><innerBoundaryIs><LinearRing><coordinates>-22.6252156,65.1161361 -22.6254045,65.1162159 -22.6252865,65.1163055 -22.6250035,65.116186 -22.6252156,65.1161361</coordinates></LinearRing></innerBoundaryIs><innerBoundaryIs><LinearRing><coordinates>-22.6230785,65.1170326 -22.6233782,65.1167461 -22.6236701,65.1165014 -22.6240507,65.116365 -22.6245081,65.1163903 -22.624826,65.1165946 -22.6248403,65.1169016 -22.6245213,65.1171306 -22.6239539,65.1172808 -22.6232868,65.1174442 -22.6228513,65.1173261 -22.6230785,65.1170326</coordinates></LinearRing></innerBoundaryIs><innerBoundaryIs><LinearRing><coordinates>-22.7127705,65.1194386 -22.7139719,65.1197044 -22.7133729,65.1208189 -22.7123235,65.1208926 -22.7122687,65.1197832 -22.7127705,65.1194386</coordinates></LinearRing></innerBoundaryIs><innerBoundaryIs><LinearRing><coordinates>-22.6170866,65.1218135 -22.6173241,65.1217287 -22.6175236,65.1218131 -22.6175419,65.1220057 -22.6173946,65.1222132 -22.6169146,65.1220104 -22.6170866,65.1218135</coordinates></LinearRing></innerBoundaryIs><innerBoundaryIs><LinearRing><coordinates>-22.7117308,65.1218497 -22.7149572,65.1219376 -22.7201688,65.1240869 -22.7182817,65.1261148 -22.7171032,65.1263176 -22.714541,65.1263458 -22.7119991,65.1245918 -22.7116067,65.1246763 -22.7078568,65.1272506 -22.6988707,65.126563 -22.6978763,65.1262063 -22.6989276,65.1248296 -22.6998485,65.12407 -22.7108848,65.12193 -22.7117308,65.1218497</coordinates></LinearRing></innerBoundaryIs><innerBoundaryIs><LinearRing><coordinates>-22.6735861,65.1267306 -22.6729707,65.1270875 -22.6722178,65.1273164 -22.6714709,65.127513 -22.6709551,65.1273185 -22.6716678,65.1267302 -22.6726102,65.1262758 -22.6733947,65.1261477 -22.6737504,65.1263421 -22.6735861,65.1267306</coordinates></LinearRing></innerBoundaryIs><innerBoundaryIs><LinearRing><coordinates>-22.5799826,65.133054 -22.5743347,65.1333942 -22.5740407,65.1332062 -22.5757155,65.1300848 -22.5698202,65.1301984 -22.5722237,65.1272646 -22.5643148,65.1316561 -22.561478,65.1310505 -22.5647482,65.1305021 -22.5614818,65.129778 -22.548148,65.1328735 -22.5472513,65.1342804 -22.5453432,65.1336946 -22.5452331,65.1358308 -22.5382258,65.1366752 -22.5373495,65.1347402 -22.530784,65.1379369 -22.5335668,65.1392987 -22.5292664,65.1402758 -22.5285035,65.1425483 -22.5256402,65.1410222 -22.5247433,65.1416699 -22.5251662,65.1435922 -22.5273355,65.1428654 -22.5275663,65.1440064 -22.5242633,65.1463832 -22.5334743,65.1478673 -22.5334343,65.1484241 -22.5255938,65.1499503 -22.5213356,65.1506453 -22.5181409,65.1487896 -22.5188291,65.1474335 -22.5156173,65.14783 -22.5160005,65.1451275 -22.5133386,65.1442577 -22.5149614,65.1426028 -22.5188313,65.1420134 -22.5176616,65.1442384 -22.519659,65.1448898 -22.5175867,65.1463888 -22.5200042,65.1463717 -22.5229636,65.1448965 -22.522117,65.1404274 -22.5126821,65.1412132 -22.5137866,65.139683 -22.5106986,65.1393766 -22.5098348,65.135021 -22.5060254,65.1351571 -22.5059851,65.1349772 -22.5126532,65.1320878 -22.5180186,65.1307027 -22.5189416,65.1307518 -22.5198233,65.1337349 -22.5206592,65.133965 -22.52477,65.1343237 -22.5287139,65.133412 -22.5290883,65.1335084 -22.5265363,65.1348391 -22.5279903,65.1352562 -22.5348067,65.1346043 -22.5355473,65.1321188 -22.5395915,65.1319478 -22.5397729,65.133368 -22.5430527,65.1335014 -22.5466173,65.1310309 -22.5532212,65.1308155 -22.5539356,65.1295708 -22.5493426,65.1287984 -22.5457892,65.130264 -22.5443532,65.1296222 -22.5490335,65.1255128 -22.5495783,65.1252958 -22.5551457,65.1270269 -22.5556867,65.1286141 -22.5648847,65.1231642 -22.5676616,65.1219544 -22.5707,65.1215255 -22.5735596,65.1219136 -22.5725892,65.1233357 -22.5751152,65.1238722 -22.5751516,65.1242496 -22.5714097,65.1250196 -22.5744112,65.1279294 -22.5771,65.1264839 -22.5845503,65.1269054 -22.5805665,65.132923 -22.5799826,65.133054</coordinates></LinearRing></innerBoundaryIs><innerBoundaryIs><LinearRing><coordinates>-22.5589374,65.1332718 -22.5589797,65.1340322 -22.5578299,65.1347464 -22.5546391,65.1358333 -22.5509191,65.135444 -22.5503751,65.134938 -22.5507013,65.1342515 -22.5521919,65.132989 -22.5527416,65.132793 -22.5553828,65.1325705 -22.5574805,65.1327317 -22.5589374,65.1332718</coordinates></LinearRing></innerBoundaryIs><innerBoundaryIs><LinearRing><coordinates>-22.5920289,65.1321357 -22.5936738,65.1323144 -22.594014,65.1330163 -22.5913128,65.1351706 -22.5948029,65.1345297 -22.5973827,65.1354454 -22.5971944,65.1357232 -22.5925716,65.1371872 -22.5921173,65.137238 -22.5867471,65.1368856 -22.574235,65.1400952 -22.5769937,65.1382809 -22.5809137,65.1369296 -22.5865645,65.1360887 -22.5841182,65.1343811 -22.5892696,65.1324518 -22.5920289,65.1321357</coordinates></LinearRing></innerBoundaryIs><innerBoundaryIs><LinearRing><coordinates>-22.6004549,65.1312271 -22.6000549,65.1307284 -22.6031812,65.1290427 -22.6035661,65.1289077 -22.6082494,65.1313024 -22.6076585,65.1325504 -22.6044449,65.1320006 -22.6004549,65.1312271</coordinates></LinearRing></innerBoundaryIs><innerBoundaryIs><LinearRing><coordinates>-22.67524,65.1296893 -22.6754771,65.1295474 -22.6756768,65.1296852 -22.6756949,65.1300057 -22.675548,65.1303269 -22.6750679,65.1300421 -22.67524,65.1296893</coordinates></LinearRing></innerBoundaryIs><innerBoundaryIs><LinearRing><coordinates>-22.6985728,65.1303663 -22.7060894,65.1328953 -22.700613,65.1320102 -22.700935,65.1338688 -22.6944468,65.1320283 -22.6985728,65.1303663</coordinates></LinearRing></innerBoundaryIs><innerBoundaryIs><LinearRing><coordinates>-22.7329015,65.1318278 -22.7309633,65.1328032 -22.7302669,65.13144 -22.7329015,65.1318278</coordinates></LinearRing></innerBoundaryIs><innerBoundaryIs><LinearRing><coordinates>-22.722591,65.1321256 -22.7226328,65.1328344 -22.7224789,65.1334722 -22.7212873,65.1327493 -22.7214915,65.1320481 -22.7218401,65.1316817 -22.7222846,65.131707 -22.722591,65.1321256</coordinates></LinearRing></innerBoundaryIs><innerBoundaryIs><LinearRing><coordinates>-22.7087137,65.1327657 -22.7087553,65.1330907 -22.7086014,65.1334012 -22.7074099,65.1329066 -22.7076139,65.1326848 -22.7079628,65.13255 -22.708407,65.1325675 -22.7087137,65.1327657</coordinates></LinearRing></innerBoundaryIs><innerBoundaryIs><LinearRing><coordinates>-22.6166027,65.1329122 -22.6173272,65.1331917 -22.61694,65.1339066 -22.6121442,65.1339135 -22.6116914,65.1337453 -22.6094764,65.1320819 -22.6115323,65.1322602 -22.6166027,65.1329122</coordinates></LinearRing></innerBoundaryIs><innerBoundaryIs><LinearRing><coordinates>-22.6041957,65.1351141 -22.5982614,65.1337546 -22.6008255,65.1325862 -22.6024808,65.132586 -22.6030014,65.13278 -22.6041957,65.1351141</coordinates></LinearRing></innerBoundaryIs><innerBoundaryIs><LinearRing><coordinates>-22.738236,65.133931 -22.7410895,65.1343938 -22.7415518,65.1348814 -22.7406156,65.1361293 -22.7370163,65.1354533 -22.7367107,65.1350915 -22.738236,65.133931</coordinates></LinearRing></innerBoundaryIs><innerBoundaryIs><LinearRing><coordinates>-22.7465966,65.134912 -22.7484782,65.1346235 -22.7494583,65.1362618 -22.7444798,65.1401802 -22.7401077,65.1408718 -22.7359271,65.1407812 -22.7356259,65.1376172 -22.7296708,65.1380159 -22.7268217,65.1353019 -22.7342036,65.1358031 -22.7372496,65.1375219 -22.7441521,65.1366156 -22.7441468,65.1353064 -22.7465966,65.134912</coordinates></LinearRing></innerBoundaryIs><innerBoundaryIs><LinearRing><coordinates>-22.6731855,65.1400148 -22.673285,65.1401925 -22.6731449,65.1403515 -22.6730297,65.1404821 -22.6720855,65.140729 -22.6711547,65.1408958 -22.67035,65.14104 -22.6694058,65.1410937 -22.669329,65.1409543 -22.6697212,65.1408072 -22.6700438,65.140686 -22.6701678,65.140578 -22.670401,65.1403748 -22.6710135,65.1402783 -22.6718047,65.1400744 -22.6720097,65.1399308 -22.672264,65.1397526 -22.672749,65.1397418 -22.6730808,65.1398277 -22.6731855,65.1400148</coordinates></LinearRing></innerBoundaryIs><innerBoundaryIs><LinearRing><coordinates>-22.6408751,65.1422629 -22.6378345,65.1431041 -22.6374232,65.1423352 -22.6371026,65.1420876 -22.6327184,65.1417615 -22.6323859,65.139899 -22.6329196,65.1394361 -22.6350477,65.1386091 -22.6409322,65.1380743 -22.6429036,65.1386346 -22.6452523,65.1371481 -22.6498576,65.1402881 -22.6497496,65.1405481 -22.6437947,65.1400973 -22.6438912,65.1410478 -22.6408751,65.1422629</coordinates></LinearRing></innerBoundaryIs><innerBoundaryIs><LinearRing><coordinates>-22.6737283,65.1414903 -22.6754808,65.1412495 -22.6838768,65.1420918 -22.6872261,65.1485811 -22.6820168,65.1487004 -22.6786675,65.1467149 -22.6724585,65.1492972 -22.672448,65.1495614 -22.6802566,65.1490666 -22.6810626,65.1494033 -22.6810411,65.1499403 -22.6768373,65.1519581 -22.6729608,65.1528443 -22.6749464,65.1507912 -22.6739264,65.1508399 -22.6729228,65.1512393 -22.672236,65.1530538 -22.6655862,65.156215 -22.6596208,65.1550148 -22.6512359,65.1542054 -22.6513503,65.1517487 -22.6554043,65.149963 -22.6537846,65.1492727 -22.6604688,65.1491003 -22.6603698,65.1479965 -22.666759,65.1443639 -22.6715339,65.1428539 -22.6737283,65.1414903</coordinates></LinearRing></innerBoundaryIs><innerBoundaryIs><LinearRing><coordinates>-22.8145167,65.1423168 -22.8167623,65.1424884 -22.8152493,65.14472 -22.8095387,65.1470375 -22.8008395,65.1460075 -22.8022686,65.1441191 -22.8075761,65.1453208 -22.8112504,65.1439476 -22.8145167,65.1423168</coordinates></LinearRing></innerBoundaryIs><innerBoundaryIs><LinearRing><coordinates>-22.6478255,65.1552612 -22.6469008,65.1573253 -22.6452757,65.1580313 -22.6396545,65.1588114 -22.6398731,65.1577044 -22.640671,65.1572746 -22.6381789,65.1559684 -22.6399269,65.1555773 -22.6389374,65.1554347 -22.6328934,65.1568739 -22.6341645,65.154744 -22.6395009,65.1538341 -22.6417164,65.1537007 -22.6473712,65.1547579 -22.6478255,65.1552612</coordinates></LinearRing></innerBoundaryIs><innerBoundaryIs><LinearRing><coordinates>-22.6629046,65.1606699 -22.6676677,65.1607596 -22.6664985,65.1639671 -22.6573488,65.1674091 -22.6483566,65.1746652 -22.6265869,65.1816607 -22.6242371,65.1813924 -22.6178249,65.1849279 -22.6156394,65.1849504 -22.6126775,65.1854599 -22.6129549,65.1849616 -22.6141856,65.1840829 -22.6137449,65.1840366 -22.608445,65.1847763 -22.5990732,65.1829948 -22.5971771,65.1816419 -22.6054337,65.1788212 -22.6082577,65.1781985 -22.6109374,65.1791704 -22.6121072,65.1775146 -22.6172087,65.1769553 -22.6167082,65.1744184 -22.6208982,65.1753994 -22.6224006,65.1743408 -22.6245695,65.1759686 -22.629106,65.1744483 -22.6344599,65.1761763 -22.6354383,65.175083 -22.6329385,65.1741904 -22.6352663,65.1713597 -22.6490427,65.1671553 -22.6377825,65.1696496 -22.6267029,65.1699023 -22.6310825,65.1664906 -22.6352739,65.1675816 -22.6375931,65.1669856 -22.6335765,65.1663057 -22.6347808,65.165197 -22.6412508,65.1676052 -22.644819,65.1658232 -22.6415935,65.1647584 -22.6384009,65.1655408 -22.6308736,65.1625508 -22.6352339,65.1624213 -22.6412476,65.1601814 -22.6450419,65.1612751 -22.648733,65.1585829 -22.6519098,65.1588778 -22.6561517,65.1566627 -22.6629046,65.1606699</coordinates></LinearRing></innerBoundaryIs><innerBoundaryIs><LinearRing><coordinates>-22.6712149,65.1597788 -22.6715348,65.159622 -22.6721627,65.1594949 -22.6730096,65.1593797 -22.6738814,65.1593672 -22.6743917,65.1594858 -22.6744401,65.1596711 -22.674105,65.1598289 -22.6735215,65.1599602 -22.672845,65.1601253 -22.6713814,65.160165 -22.6712013,65.1599735 -22.6712149,65.1597788</coordinates></LinearRing></innerBoundaryIs><innerBoundaryIs><LinearRing><coordinates>-22.5230805,65.1843625 -22.522673,65.1846694 -22.5188248,65.185569 -22.5190262,65.1828089 -22.5198092,65.1821918 -22.5235172,65.1809692 -22.5240539,65.1808929 -22.5246236,65.1820112 -22.5230805,65.1843625</coordinates></LinearRing></innerBoundaryIs><innerBoundaryIs><LinearRing><coordinates>-22.5595924,65.1838244 -22.5599558,65.1836129 -22.5604132,65.1835943 -22.5606867,65.1837441 -22.5605535,65.1840273 -22.5600373,65.1843889 -22.5593799,65.1841959 -22.5595924,65.1838244</coordinates></LinearRing></innerBoundaryIs><innerBoundaryIs><LinearRing><coordinates>-22.5746058,65.1838738 -22.575352,65.1838959 -22.5758539,65.1841698 -22.5759531,65.1846237 -22.5757989,65.1850435 -22.5747495,65.1849697 -22.5742317,65.1844996 -22.5741508,65.184091 -22.5746058,65.1838738</coordinates></LinearRing></innerBoundaryIs><innerBoundaryIs><LinearRing><coordinates>-22.5626928,65.1845057 -22.5625457,65.1847132 -22.5620656,65.1845104 -22.5622377,65.1843135 -22.562475,65.1842287 -22.5626745,65.1843131 -22.5626928,65.1845057</coordinates></LinearRing></innerBoundaryIs><innerBoundaryIs><LinearRing><coordinates>-22.5787109,65.1804986 -22.5790381,65.1802655 -22.5796424,65.1801096 -22.5803759,65.1800029 -22.5810238,65.1800801 -22.58123,65.1804343 -22.580752,65.1809791 -22.5788625,65.1811144 -22.5786881,65.1808174 -22.5787109,65.1804986</coordinates></LinearRing></innerBoundaryIs><innerBoundaryIs><LinearRing><coordinates>-22.5730675,65.180505 -22.5726243,65.1804054 -22.573481,65.1793724 -22.5739315,65.1793054 -22.5743104,65.1801912 -22.5730675,65.180505</coordinates></LinearRing></innerBoundaryIs><innerBoundaryIs><LinearRing><coordinates>-22.590902,65.1790797 -22.5905838,65.1789252 -22.5905966,65.1787307 -22.5909725,65.1786162 -22.5916078,65.178682 -22.5922058,65.1789252 -22.5924276,65.1792017 -22.5923502,65.1794391 -22.5914195,65.1791697 -22.590902,65.1790797</coordinates></LinearRing></innerBoundaryIs><innerBoundaryIs><LinearRing><coordinates>-22.5949432,65.1783425 -22.5960481,65.1780657 -22.5973078,65.178037 -22.5982072,65.1781547 -22.5984604,65.1784996 -22.5979602,65.1790268 -22.5973023,65.1788499 -22.5970321,65.1785649 -22.5964787,65.1785157 -22.5956165,65.1786863 -22.5948591,65.178773 -22.5945526,65.1786427 -22.5949432,65.1783425</coordinates></LinearRing></innerBoundaryIs><innerBoundaryIs><LinearRing><coordinates>-22.6198332,65.1725256 -22.6217515,65.1703441 -22.6225808,65.1702322 -22.6235074,65.1711485 -22.6227368,65.1716762 -22.6198332,65.1725256</coordinates></LinearRing></innerBoundaryIs><innerBoundaryIs><LinearRing><coordinates>-22.5732661,65.1716709 -22.573119,65.1718783 -22.5726389,65.1716756 -22.572811,65.1714787 -22.5730484,65.1713939 -22.5732479,65.1714782 -22.5732661,65.1716709</coordinates></LinearRing></innerBoundaryIs><innerBoundaryIs><LinearRing><coordinates>-22.5629888,65.1705182 -22.5628458,65.1700921 -22.5629216,65.1696721 -22.5632985,65.1695392 -22.5637828,65.1697735 -22.5639873,65.170168 -22.5639234,65.1705266 -22.5629888,65.1705182</coordinates></LinearRing></innerBoundaryIs><innerBoundaryIs><LinearRing><coordinates>-22.5840365,65.1695799 -22.5844177,65.1691782 -22.5850428,65.1687788 -22.586024,65.1684309 -22.5869927,65.1683599 -22.5876833,65.168565 -22.587846,65.1688684 -22.5874913,65.1692154 -22.5866715,65.169691 -22.5852906,65.1703546 -22.5838232,65.1700263 -22.5840365,65.1695799</coordinates></LinearRing></innerBoundaryIs><innerBoundaryIs><LinearRing><coordinates>-22.6159569,65.1680365 -22.6165502,65.1677885 -22.6171734,65.1677345 -22.6175377,65.1679124 -22.6175787,65.1682394 -22.6174105,65.1685565 -22.6158119,65.1685588 -22.6157355,65.1683182 -22.6159569,65.1680365</coordinates></LinearRing></innerBoundaryIs><innerBoundaryIs><LinearRing><coordinates>-22.5679754,65.1671876 -22.5648473,65.1656485 -22.5683569,65.163381 -22.5725048,65.1628228 -22.5697262,65.1680378 -22.5679754,65.1671876</coordinates></LinearRing></innerBoundaryIs><innerBoundaryIs><LinearRing><coordinates>-22.5583667,65.1657892 -22.5582407,65.164901 -22.5586456,65.1646653 -22.5601856,65.1657088 -22.5583667,65.1657892</coordinates></LinearRing></innerBoundaryIs><innerBoundaryIs><LinearRing><coordinates>-22.6282769,65.1710237 -22.6288177,65.1707766 -22.6298516,65.1705548 -22.6309916,65.1703188 -22.6318182,65.1702569 -22.6321632,65.1704485 -22.6319439,65.1708235 -22.631162,65.1711729 -22.6301205,65.1714 -22.6291249,65.1715971 -22.6284018,65.1716279 -22.6282111,65.171338 -22.6282769,65.1710237</coordinates></LinearRing></innerBoundaryIs><innerBoundaryIs><LinearRing><coordinates>-22.6116321,65.1619126 -22.6114948,65.1624422 -22.6103601,65.1623828 -22.61001,65.161938 -22.6102144,65.1615144 -22.6109393,65.1612349 -22.6114959,65.1613874 -22.6116321,65.1619126</coordinates></LinearRing></innerBoundaryIs><innerBoundaryIs><LinearRing><coordinates>-22.6085536,65.1604604 -22.6084898,65.1602141 -22.6086943,65.1599447 -22.6091785,65.1597617 -22.6095552,65.1598433 -22.6096311,65.1601381 -22.6094882,65.160452 -22.6085536,65.1604604</coordinates></LinearRing></innerBoundaryIs><innerBoundaryIs><LinearRing><coordinates>-22.5614916,65.1584793 -22.5685495,65.1549124 -22.5694419,65.1548924 -22.5696166,65.1560841 -22.5633156,65.1601318 -22.5614916,65.1584793</coordinates></LinearRing></innerBoundaryIs><innerBoundaryIs><LinearRing><coordinates>-22.5366462,65.1587665 -22.5339634,65.1577253 -22.5319602,65.1557966 -22.5396448,65.1576447 -22.5366462,65.1587665</coordinates></LinearRing></innerBoundaryIs><innerBoundaryIs><LinearRing><coordinates>-22.5207685,65.1577066 -22.5193703,65.1577373 -22.5196484,65.1569395 -22.5201505,65.1560977 -22.5223124,65.1562399 -22.5207685,65.1577066</coordinates></LinearRing></innerBoundaryIs><innerBoundaryIs><LinearRing><coordinates>-22.5569227,65.1550107 -22.5591551,65.1553062 -22.5591937,65.1557579 -22.5570439,65.1567647 -22.5537306,65.1571136 -22.5535713,65.1568185 -22.5569227,65.1550107</coordinates></LinearRing></innerBoundaryIs><innerBoundaryIs><LinearRing><coordinates>-22.5348433,65.1556731 -22.5338832,65.1556731 -22.5339081,65.1555383 -22.5341637,65.1554458 -22.5345627,65.1554458 -22.5348184,65.1555383 -22.5348433,65.1556731</coordinates></LinearRing></innerBoundaryIs><innerBoundaryIs><LinearRing><coordinates>-22.5,65.1551338 -22.4984004,65.1548744 -22.4981298,65.1549997 -22.4982504,65.1564941 -22.4936805,65.1582344 -22.489309,65.1567878 -22.4894809,65.1594549 -22.4875743,65.1572154 -22.4847354,65.1550394 -22.484238,65.1548821 -22.4752887,65.1538732 -22.4950782,65.1455703 -22.495784,65.1453837 -22.5,65.1453683 -22.5005782,65.1456074 -22.5,65.1462053 -22.4977731,65.147404 -22.4981122,65.1496235 -22.5,65.1492745 -22.5080173,65.1462258 -22.5063475,65.1489398 -22.5104209,65.1479775 -22.5164936,65.1503021 -22.5174927,65.1513658 -22.5170608,65.1520123 -22.5028083,65.1579251 -22.5,65.1551338</coordinates></LinearRing></innerBoundaryIs><innerBoundaryIs><LinearRing><coordinates>-22.4761525,65.1551247 -22.4759954,65.1554439 -22.4748907,65.1553636 -22.4748008,65.1549599 -22.4751762,65.1546664 -22.4757316,65.1546088 -22.4760973,65.1547931 -22.4761525,65.1551247</coordinates></LinearRing></innerBoundaryIs><innerBoundaryIs><LinearRing><coordinates>-22.4691679,65.154561 -22.4684219,65.1530913 -22.468734,65.1528019 -22.4700496,65.155229 -22.4691679,65.154561</coordinates></LinearRing></innerBoundaryIs><innerBoundaryIs><LinearRing><coordinates>-22.47205,65.1502312 -22.4718877,65.1507531 -22.471877,65.1513954 -22.4720304,65.1518987 -22.471939,65.1522725 -22.4714859,65.1526231 -22.4706372,65.1527028 -22.4702693,65.1523721 -22.4698108,65.1519182 -22.4693129,65.1513686 -22.4693021,65.1507967 -22.4698395,65.1502799 -22.4705218,65.1499029 -22.4713027,65.1497389 -22.471915,65.1498816 -22.47205,65.1502312</coordinates></LinearRing></innerBoundaryIs><innerBoundaryIs><LinearRing><coordinates>-22.4655505,65.15149 -22.4654034,65.1518112 -22.4649233,65.1515265 -22.4650955,65.1511737 -22.4653327,65.1510317 -22.4655323,65.1511697 -22.4655505,65.15149</coordinates></LinearRing></innerBoundaryIs><innerBoundaryIs><LinearRing><coordinates>-22.4625331,65.150213 -22.4625704,65.1505399 -22.4622509,65.1509202 -22.4608992,65.1504933 -22.4613088,65.1501848 -22.4618422,65.1499718 -22.4622799,65.1499923 -22.4625331,65.150213</coordinates></LinearRing></innerBoundaryIs><innerBoundaryIs><LinearRing><coordinates>-22.4873832,65.147315 -22.4872297,65.1479635 -22.4860177,65.1472874 -22.4864393,65.146668 -22.4869651,65.1463804 -22.4873255,65.1466399 -22.4873832,65.147315</coordinates></LinearRing></innerBoundaryIs><innerBoundaryIs><LinearRing><coordinates>-22.4639661,65.144666 -22.4644017,65.1444017 -22.4678868,65.14604 -22.4667861,65.1470187 -22.4639661,65.144666</coordinates></LinearRing></innerBoundaryIs><innerBoundaryIs><LinearRing><coordinates>-22.4358131,65.1464678 -22.4356658,65.146789 -22.4351859,65.146504 -22.435358,65.1461514 -22.4355953,65.1460094 -22.4357948,65.1461473 -22.4358131,65.1464678</coordinates></LinearRing></innerBoundaryIs><innerBoundaryIs><LinearRing><coordinates>-22.4338185,65.1481442 -22.4296628,65.1506971 -22.4274884,65.1477137 -22.4312865,65.1461912 -22.4329886,65.1461353 -22.4336181,65.1465352 -22.4338185,65.1481442</coordinates></LinearRing></innerBoundaryIs><innerBoundaryIs><LinearRing><coordinates>-22.4370666,65.148701 -22.4380025,65.1483253 -22.4387937,65.1482131 -22.439202,65.1483829 -22.4391654,65.1486953 -22.4386634,65.1489341 -22.4377968,65.1490889 -22.4368765,65.1492538 -22.4363607,65.1491327 -22.4370666,65.148701</coordinates></LinearRing></innerBoundaryIs><innerBoundaryIs><LinearRing><coordinates>-22.4012485,65.150757 -22.4009343,65.1505579 -22.3994399,65.1482604 -22.4024953,65.1468182 -22.4039114,65.1468375 -22.4066939,65.1481813 -22.406673,65.1486979 -22.4031881,65.1506696 -22.4012485,65.150757</coordinates></LinearRing></innerBoundaryIs><innerBoundaryIs><LinearRing><coordinates>-22.408859,65.1467508 -22.4104124,65.1462663 -22.4133033,65.1468354 -22.4111205,65.1490206 -22.4088767,65.1470416 -22.408859,65.1467508</coordinates></LinearRing></innerBoundaryIs><innerBoundaryIs><LinearRing><coordinates>-22.4164459,65.1488234 -22.4170855,65.1490556 -22.4173152,65.1493388 -22.4172344,65.1495848 -22.4153953,65.149496 -22.4153028,65.149098 -22.4157238,65.1488273 -22.4164459,65.1488234</coordinates></LinearRing></innerBoundaryIs><innerBoundaryIs><LinearRing><coordinates>-22.3536144,65.1452763 -22.3506408,65.1448241 -22.3539428,65.1439934 -22.3545949,65.1441174 -22.355767,65.1460218 -22.3536144,65.1452763</coordinates></LinearRing></innerBoundaryIs><innerBoundaryIs><LinearRing><coordinates>-22.3492442,65.1457222 -22.349097,65.1459296 -22.348617,65.145727 -22.348789,65.1455301 -22.3490264,65.1454453 -22.3492258,65.1455295 -22.3492442,65.1457222</coordinates></LinearRing></innerBoundaryIs><innerBoundaryIs><LinearRing><coordinates>-22.3427633,65.1445858 -22.3430949,65.1443326 -22.3456672,65.1443797 -22.345264,65.1456369 -22.3427633,65.1445858</coordinates></LinearRing></innerBoundaryIs><innerBoundaryIs><LinearRing><coordinates>-22.3576787,65.1440833 -22.3574427,65.1436387 -22.3575381,65.1430908 -22.3579975,65.1427264 -22.3585075,65.142722 -22.3590257,65.1430236 -22.3595453,65.1435127 -22.3596129,65.1440479 -22.3592007,65.1445556 -22.3582426,65.1445791 -22.3579578,65.1443766 -22.3576787,65.1440833</coordinates></LinearRing></innerBoundaryIs><innerBoundaryIs><LinearRing><coordinates>-22.3237773,65.1428956 -22.3203105,65.1417392 -22.3206155,65.1415443 -22.323819,65.1413118 -22.3241925,65.1429816 -22.3237773,65.1428956</coordinates></LinearRing></innerBoundaryIs><innerBoundaryIs><LinearRing><coordinates>-22.3158035,65.1417689 -22.3157047,65.1415485 -22.3202612,65.1399823 -22.3211915,65.1398841 -22.3208292,65.1411027 -22.3179042,65.1415406 -22.3158035,65.1417689</coordinates></LinearRing></innerBoundaryIs><innerBoundaryIs><LinearRing><coordinates>-22.3236125,65.1401619 -22.3236479,65.1399617 -22.323984,65.1397974 -22.3245491,65.1396776 -22.3251142,65.1396225 -22.3254503,65.1397587 -22.3254859,65.1400611 -22.3253198,65.1403679 -22.3237783,65.1403563 -22.3236125,65.1401619</coordinates></LinearRing></innerBoundaryIs><innerBoundaryIs><LinearRing><coordinates>-22.4239929,65.136138 -22.4303443,65.1359026 -22.4305946,65.1362811 -22.4276626,65.13835 -22.4375333,65.1379082 -22.4410737,65.138736 -22.4404824,65.1399674 -22.43841,65.1404591 -22.4335532,65.1408011 -22.4271218,65.1398351 -22.4240465,65.1410962 -22.4271863,65.1424688 -22.4269629,65.1427943 -22.424353,65.1436321 -22.4238122,65.1436446 -22.4191694,65.1398216 -22.4177405,65.1459692 -22.4170922,65.1430451 -22.4167888,65.1428334 -22.4108911,65.144152 -22.4101849,65.1436942 -22.4125633,65.1412401 -22.4233049,65.1363782 -22.4239929,65.136138</coordinates></LinearRing></innerBoundaryIs><innerBoundaryIs><LinearRing><coordinates>-22.4084376,65.1354156 -22.4107712,65.1351634 -22.4119894,65.1362134 -22.4084376,65.1354156</coordinates></LinearRing></innerBoundaryIs><innerBoundaryIs><LinearRing><coordinates>-22.302986,65.1359566 -22.3028388,65.1361639 -22.3023587,65.1359614 -22.3025308,65.1357644 -22.3027682,65.1356797 -22.3029675,65.1357638 -22.302986,65.1359566</coordinates></LinearRing></innerBoundaryIs><innerBoundaryIs><LinearRing><coordinates>-22.4148575,65.1353399 -22.415224,65.1350929 -22.4158062,65.1351314 -22.4162598,65.1353933 -22.4162693,65.1357077 -22.4160664,65.1359791 -22.4157847,65.1361953 -22.4149683,65.1362127 -22.4148068,65.1357898 -22.4148575,65.1353399</coordinates></LinearRing></innerBoundaryIs><innerBoundaryIs><LinearRing><coordinates>-22.4502655,65.1338758 -22.4504151,65.1333308 -22.4526017,65.1324728 -22.4536486,65.1324449 -22.4593751,65.1329668 -22.4669013,65.1362342 -22.4630023,65.1357803 -22.4540544,65.1357944 -22.4533857,65.1355062 -22.4502655,65.1338758</coordinates></LinearRing></innerBoundaryIs><innerBoundaryIs><LinearRing><coordinates>-22.3153175,65.1344261 -22.3169429,65.1338741 -22.3179799,65.1336472 -22.3182766,65.1337724 -22.3177396,65.1342103 -22.3164321,65.1348968 -22.3153175,65.1344261</coordinates></LinearRing></innerBoundaryIs><innerBoundaryIs><LinearRing><coordinates>-22.4106413,65.1331601 -22.4114623,65.13279 -22.4129806,65.1331877 -22.4133145,65.1337053 -22.4132134,65.1348654 -22.4118474,65.134674 -22.4106413,65.1331601</coordinates></LinearRing></innerBoundaryIs><innerBoundaryIs><LinearRing><coordinates>-22.4156538,65.1323106 -22.4151126,65.1319053 -22.4149442,65.1315495 -22.4151524,65.1312495 -22.4154518,65.1310081 -22.4158288,65.1308643 -22.4162772,65.1308534 -22.4167079,65.1310025 -22.4171824,65.131344 -22.4176917,65.1318856 -22.4177614,65.1325285 -22.4173536,65.1331342 -22.4161612,65.1326965 -22.4156538,65.1323106</coordinates></LinearRing></innerBoundaryIs><innerBoundaryIs><LinearRing><coordinates>-22.3592565,65.1321979 -22.3579074,65.1321979 -22.3578326,65.1317936 -22.3582551,65.1315162 -22.3589087,65.1315162 -22.3593312,65.1317936 -22.3592565,65.1321979</coordinates></LinearRing></innerBoundaryIs><innerBoundaryIs><LinearRing><coordinates>-22.4830538,65.1306838 -22.4844615,65.1303515 -22.4870034,65.1311193 -22.4880608,65.1316324 -22.4876276,65.1327817 -22.4828256,65.1315182 -22.4830538,65.1306838</coordinates></LinearRing></innerBoundaryIs><innerBoundaryIs><LinearRing><coordinates>-22.4988372,65.1290756 -22.5,65.1291853 -22.5004129,65.1302016 -22.5,65.1303014 -22.4933069,65.132484 -22.4927675,65.1323148 -22.4988372,65.1290756</coordinates></LinearRing></innerBoundaryIs><innerBoundaryIs><LinearRing><coordinates>-22.4913229,65.1295393 -22.4911758,65.1297466 -22.4906958,65.129544 -22.4908679,65.129347 -22.4911051,65.1292623 -22.4913048,65.1293464 -22.4913229,65.1295393</coordinates></LinearRing></innerBoundaryIs><innerBoundaryIs><LinearRing><coordinates>-22.5108627,65.1298954 -22.5122519,65.1298954 -22.5153836,65.1307054 -22.5150467,65.1310141 -22.5102937,65.1317447 -22.5086554,65.1305012 -22.5108627,65.1298954</coordinates></LinearRing></innerBoundaryIs><innerBoundaryIs><LinearRing><coordinates>-22.5351661,65.1300411 -22.5355755,65.1299146 -22.5360467,65.130221 -22.5362371,65.1307418 -22.5361646,65.1312084 -22.5349191,65.1305181 -22.5351661,65.1300411</coordinates></LinearRing></innerBoundaryIs><innerBoundaryIs><LinearRing><coordinates>-22.5049959,65.1323153 -22.5059435,65.1328084 -22.5043052,65.1336545 -22.5036509,65.133617 -22.5010453,65.1329329 -22.502339,65.1323487 -22.5049959,65.1323153</coordinates></LinearRing></innerBoundaryIs><innerBoundaryIs><LinearRing><coordinates>-22.4923313,65.1332312 -22.4914351,65.1338547 -22.4903041,65.1339577 -22.4901642,65.1337554 -22.4902265,65.1335059 -22.4905444,65.1332073 -22.4910285,65.132883 -22.4917215,65.1326119 -22.4923663,65.1325473 -22.4926481,65.1327553 -22.4923313,65.1332312</coordinates></LinearRing></innerBoundaryIs><innerBoundaryIs><LinearRing><coordinates>-22.4848104,65.1357965 -22.4844272,65.135989 -22.4795576,65.1363112 -22.477299,65.1355617 -22.4763644,65.1343333 -22.4765981,65.1340575 -22.4793065,65.1334252 -22.481222,65.1335618 -22.4848104,65.1357965</coordinates></LinearRing></innerBoundaryIs><innerBoundaryIs><LinearRing><coordinates>-22.4206334,65.1322513 -22.4204807,65.1325651 -22.4195979,65.1325651 -22.4194452,65.1322513 -22.419492,65.1319216 -22.4198111,65.1317214 -22.4202675,65.1317214 -22.4205867,65.1319216 -22.4206334,65.1322513</coordinates></LinearRing></innerBoundaryIs><innerBoundaryIs><LinearRing><coordinates>-22.475594,65.1378829 -22.4733924,65.13859 -22.4710748,65.1375164 -22.475594,65.1378829</coordinates></LinearRing></innerBoundaryIs><innerBoundaryIs><LinearRing><coordinates>-22.4560189,65.1389211 -22.4544125,65.1384546 -22.4558662,65.1379424 -22.4573494,65.1378905 -22.4583977,65.1383781 -22.4580533,65.1386122 -22.4560189,65.1389211</coordinates></LinearRing></innerBoundaryIs><innerBoundaryIs><LinearRing><coordinates>-22.4454908,65.1385982 -22.4434087,65.1385673 -22.441259,65.1377614 -22.446202,65.1377276 -22.4470561,65.1380873 -22.4454908,65.1385982</coordinates></LinearRing></innerBoundaryIs><innerBoundaryIs><LinearRing><coordinates>-22.4627872,65.1376005 -22.4634104,65.1376545 -22.4640038,65.1379026 -22.4642251,65.1381843 -22.4641486,65.1384248 -22.46255,65.1384224 -22.4623817,65.1381055 -22.4624228,65.1377785 -22.4627872,65.1376005</coordinates></LinearRing></innerBoundaryIs><innerBoundaryIs><LinearRing><coordinates>-22.4872564,65.1407268 -22.4878947,65.1411223 -22.4874806,65.1417114 -22.4838281,65.1426733 -22.4819316,65.142801 -22.4774463,65.1423438 -22.4769573,65.1436363 -22.475219,65.1439596 -22.4734404,65.1439214 -22.4726979,65.14336 -22.4735018,65.1424669 -22.4787732,65.1413912 -22.4770532,65.1391736 -22.4872564,65.1407268</coordinates></LinearRing></innerBoundaryIs><innerBoundaryIs><LinearRing><coordinates>-22.5115407,65.1404229 -22.5107945,65.142839 -22.5083528,65.1415814 -22.5056924,65.1418595 -22.5088613,65.1428809 -22.5091639,65.1439428 -22.5063967,65.1438909 -22.5040618,65.1401804 -22.5115407,65.1404229</coordinates></LinearRing></innerBoundaryIs><innerBoundaryIs><LinearRing><coordinates>-22.4819318,65.1458889 -22.4792814,65.1456662 -22.4787487,65.1467357 -22.4767394,65.1460525 -22.4771664,65.1457793 -22.4803276,65.1436265 -22.4814407,65.1436203 -22.4824306,65.145507 -22.4819318,65.1458889</coordinates></LinearRing></innerBoundaryIs><innerBoundaryIs><LinearRing><coordinates>-22.4746639,65.1461833 -22.4741331,65.1467655 -22.4730703,65.1468416 -22.472995,65.1463861 -22.473222,65.1458536 -22.4738292,65.1454608 -22.4744658,65.1453847 -22.4747972,65.1456506 -22.4746639,65.1461833</coordinates></LinearRing></innerBoundaryIs><innerBoundaryIs><LinearRing><coordinates>-22.4675331,65.1448851 -22.4673858,65.1450926 -22.4669058,65.14489 -22.4670779,65.144693 -22.4673153,65.1446083 -22.4675148,65.1446925 -22.4675331,65.1448851</coordinates></LinearRing></innerBoundaryIs><innerBoundaryIs><LinearRing><coordinates>-22.4613817,65.145075 -22.4566756,65.1451148 -22.4564385,65.1449229 -22.453227,65.1412876 -22.4620908,65.143629 -22.4627701,65.1439933 -22.4626517,65.1447523 -22.4613817,65.145075</coordinates></LinearRing></innerBoundaryIs><innerBoundaryIs><LinearRing><coordinates>-22.4336739,65.1452438 -22.4331576,65.1456054 -22.4325002,65.1454124 -22.4327127,65.1450408 -22.4330761,65.1448296 -22.4335335,65.1448109 -22.433807,65.1449606 -22.4336739,65.1452438</coordinates></LinearRing></innerBoundaryIs><innerBoundaryIs><LinearRing><coordinates>-22.4219294,65.1447979 -22.4207278,65.144392 -22.4212162,65.1440588 -22.4216971,65.143743 -22.4222445,65.1435641 -22.4225682,65.1437304 -22.4224478,65.1442236 -22.4219294,65.1447979</coordinates></LinearRing></innerBoundaryIs><innerBoundaryIs><LinearRing><coordinates>-22.4488542,65.1436108 -22.4491155,65.1434425 -22.449784,65.1434364 -22.4502769,65.1435694 -22.450386,65.1437757 -22.4502422,65.1439826 -22.4491175,65.1439023 -22.4488542,65.1436108</coordinates></LinearRing></innerBoundaryIs><innerBoundaryIs><LinearRing><coordinates>-22.4496905,65.14247 -22.4495434,65.1429049 -22.4490634,65.142538 -22.4492356,65.1420294 -22.4494729,65.1418302 -22.4496723,65.1420218 -22.4496905,65.14247</coordinates></LinearRing></innerBoundaryIs><innerBoundaryIs><LinearRing><coordinates>-22.4646496,65.1419733 -22.4643716,65.1417248 -22.4653642,65.1410228 -22.4662721,65.1409225 -22.467396,65.1423506 -22.4659259,65.1422777 -22.4646496,65.1419733</coordinates></LinearRing></innerBoundaryIs><innerBoundaryIs><LinearRing><coordinates>-22.4710429,65.1424609 -22.4712803,65.1423759 -22.4714797,65.1424603 -22.4714981,65.1426529 -22.4713509,65.1428605 -22.4708709,65.1426578 -22.4710429,65.1424609</coordinates></LinearRing></innerBoundaryIs><innerBoundaryIs><LinearRing><coordinates>-22.4684169,65.1436403 -22.4689049,65.1434402 -22.4696378,65.1434402 -22.4701256,65.1436403 -22.4702193,65.1439701 -22.4700638,65.144284 -22.4684787,65.144284 -22.4683233,65.1439701 -22.4684169,65.1436403</coordinates></LinearRing></innerBoundaryIs><innerBoundaryIs><LinearRing><coordinates>-22.5063385,65.1448737 -22.5069087,65.1448559 -22.5075985,65.1448945 -22.5082927,65.1448659 -22.5088773,65.1448725 -22.5092098,65.144986 -22.5092089,65.1451648 -22.5088783,65.1453197 -22.5083073,65.1454505 -22.5076398,65.1456161 -22.5061719,65.1456747 -22.506,65.1453685 -22.5060226,65.1450541 -22.5063385,65.1448737</coordinates></LinearRing></innerBoundaryIs><innerBoundaryIs><LinearRing><coordinates>-22.4680587,65.1406754 -22.4657663,65.1394618 -22.4661709,65.1392319 -22.4675078,65.1393712 -22.4680587,65.1406754</coordinates></LinearRing></innerBoundaryIs><innerBoundaryIs><LinearRing><coordinates>-22.3293467,65.1408572 -22.329488,65.1411817 -22.3293284,65.1414922 -22.3282784,65.141223 -22.3273756,65.1411356 -22.3268836,65.1409841 -22.3269606,65.1407866 -22.3276433,65.1406502 -22.3286792,65.140662 -22.3293467,65.1408572</coordinates></LinearRing></innerBoundaryIs><innerBoundaryIs><LinearRing><coordinates>-22.4064924,65.1395088 -22.4046123,65.1391363 -22.4063861,65.137448 -22.411853,65.136543 -22.4120314,65.1367719 -22.4064924,65.1395088</coordinates></LinearRing></innerBoundaryIs><innerBoundaryIs><LinearRing><coordinates>-22.3248562,65.1375428 -22.3245221,65.1377667 -22.3240392,65.1378926 -22.3236696,65.1380287 -22.3234456,65.1382113 -22.323238,65.1383978 -22.3225116,65.1383601 -22.32184,65.1382048 -22.3213003,65.1380846 -22.3210936,65.137923 -22.3213094,65.137669 -22.3218691,65.1373587 -22.3228902,65.1370995 -22.3240802,65.1370499 -22.3247731,65.1372346 -22.3248562,65.1375428</coordinates></LinearRing></innerBoundaryIs><innerBoundaryIs><LinearRing><coordinates>-22.5274457,65.1505094 -22.527974,65.1502839 -22.5330982,65.1500171 -22.5356092,65.1501603 -22.5349926,65.1513354 -22.5315109,65.1522598 -22.5285927,65.1523877 -22.5279281,65.1516999 -22.5274457,65.1505094</coordinates></LinearRing></innerBoundaryIs><innerBoundaryIs><LinearRing><coordinates>-22.5712962,65.1491942 -22.5722573,65.1490539 -22.5726691,65.1499522 -22.5722334,65.1505142 -22.568278,65.1520956 -22.5700448,65.1496903 -22.5712962,65.1491942</coordinates></LinearRing></innerBoundaryIs><innerBoundaryIs><LinearRing><coordinates>-22.5249718,65.153383 -22.5248936,65.1540763 -22.5226711,65.1540471 -22.5212131,65.1520015 -22.5215183,65.1518075 -22.5242147,65.1525182 -22.5249718,65.153383</coordinates></LinearRing></innerBoundaryIs><innerBoundaryIs><LinearRing><coordinates>-22.5510035,65.1533426 -22.5512409,65.1532578 -22.5514404,65.153342 -22.5514587,65.1535347 -22.5513114,65.1537421 -22.5508316,65.1535395 -22.5510035,65.1533426</coordinates></LinearRing></innerBoundaryIs><innerBoundaryIs><LinearRing><coordinates>-22.5402058,65.1528995 -22.5404527,65.1525782 -22.540862,65.1525089 -22.5413334,65.1527616 -22.5415238,65.1531547 -22.5414515,65.1535075 -22.5402058,65.1528995</coordinates></LinearRing></innerBoundaryIs><innerBoundaryIs><LinearRing><coordinates>-22.5150287,65.1540563 -22.514755,65.154406 -22.5144845,65.1546816 -22.5142159,65.1548928 -22.5131294,65.1544009 -22.5133234,65.1542046 -22.5136561,65.1540632 -22.5140876,65.1539539 -22.5144373,65.1537985 -22.5146815,65.1536161 -22.514924,65.1535475 -22.5150924,65.1537086 -22.5150287,65.1540563</coordinates></LinearRing></innerBoundaryIs><innerBoundaryIs><LinearRing><coordinates>-22.617083,65.1592171 -22.6179121,65.1590868 -22.6182799,65.1591862 -22.6182427,65.1593809 -22.6179003,65.159538 -22.6174347,65.1596465 -22.6170768,65.1597852 -22.6168562,65.1599724 -22.6166487,65.1601623 -22.6158721,65.1595879 -22.617083,65.1592171</coordinates></LinearRing></innerBoundaryIs><innerBoundaryIs><LinearRing><coordinates>-22.6499671,65.1450653 -22.6496511,65.1452819 -22.649194,65.1454082 -22.6487977,65.1455621 -22.6484005,65.1458193 -22.6478302,65.1461588 -22.6468701,65.146261 -22.6467642,65.1459352 -22.6469682,65.1455415 -22.6476254,65.1451747 -22.6485308,65.1449 -22.6494271,65.1447196 -22.6499325,65.1447968 -22.6499671,65.1450653</coordinates></LinearRing></innerBoundaryIs><innerBoundaryIs><LinearRing><coordinates>-22.5496094,65.1453695 -22.5491807,65.1444244 -22.5511909,65.1437228 -22.5517611,65.1437131 -22.5533885,65.1448891 -22.5496094,65.1453695</coordinates></LinearRing></innerBoundaryIs><innerBoundaryIs><LinearRing><coordinates>-22.5305873,65.1443293 -22.5312732,65.1415455 -22.5335022,65.1418017 -22.5339211,65.1401581 -22.5412323,65.1370811 -22.5427727,65.1385463 -22.5391356,65.1413296 -22.5521868,65.136934 -22.5577023,65.1375862 -22.5588599,65.1383789 -22.5591913,65.1397517 -22.5545557,65.139623 -22.5545523,65.1408414 -22.5529667,65.1399276 -22.552316,65.1416602 -22.5488722,65.1429209 -22.5426315,65.1446325 -22.5418961,65.1447846 -22.5414408,65.1426976 -22.5345668,65.1447825 -22.5314877,65.1450613 -22.5305873,65.1443293</coordinates></LinearRing></innerBoundaryIs><innerBoundaryIs><LinearRing><coordinates>-22.5349574,65.1375527 -22.5348045,65.1378664 -22.533922,65.1378664 -22.5337691,65.1375527 -22.5338157,65.137223 -22.5341349,65.1370229 -22.5345916,65.1370229 -22.5349104,65.137223 -22.5349574,65.1375527</coordinates></LinearRing></innerBoundaryIs><innerBoundaryIs><LinearRing><coordinates>-22.5642434,65.1379611 -22.5658544,65.1376829 -22.5665752,65.1399307 -22.5633771,65.1390264 -22.5642434,65.1379611</coordinates></LinearRing></innerBoundaryIs><innerBoundaryIs><LinearRing><coordinates>-22.5909816,65.1398154 -22.5931234,65.1405596 -22.5911151,65.1428151 -22.5894097,65.141209 -22.5906038,65.1399446 -22.5909816,65.1398154</coordinates></LinearRing></innerBoundaryIs><innerBoundaryIs><LinearRing><coordinates>-22.6051918,65.1405078 -22.6054291,65.1404229 -22.6056286,65.1405072 -22.6056468,65.1406997 -22.6054997,65.1409074 -22.6050196,65.1407048 -22.6051918,65.1405078</coordinates></LinearRing></innerBoundaryIs><innerBoundaryIs><LinearRing><coordinates>-22.5969969,65.1412851 -22.6016154,65.1417381 -22.5954545,65.1445831 -22.5949225,65.1444783 -22.5910233,65.1439483 -22.5908263,65.1435555 -22.5926338,65.1427844 -22.5969969,65.1412851</coordinates></LinearRing></innerBoundaryIs><innerBoundaryIs><LinearRing><coordinates>-22.5633537,65.1409789 -22.5632066,65.1411864 -22.5627264,65.1409837 -22.5628986,65.1407866 -22.5631357,65.140702 -22.5633354,65.1407862 -22.5633537,65.1409789</coordinates></LinearRing></innerBoundaryIs><innerBoundaryIs><LinearRing><coordinates>-22.5697767,65.1348593 -22.5703197,65.1351674 -22.5697238,65.1364654 -22.5660642,65.1356616 -22.5651509,65.1351948 -22.5656248,65.1343713 -22.567486,65.1344033 -22.5697767,65.1348593</coordinates></LinearRing></innerBoundaryIs><innerBoundaryIs><LinearRing><coordinates>-22.5225878,65.1313002 -22.5228251,65.1312155 -22.5230246,65.1312996 -22.5230429,65.1314923 -22.5228958,65.1316998 -22.5224158,65.1314971 -22.5225878,65.1313002</coordinates></LinearRing></innerBoundaryIs><innerBoundaryIs><LinearRing><coordinates>-22.5179389,65.1289047 -22.5173404,65.128185 -22.5205694,65.1251353 -22.5209155,65.1250633 -22.5195103,65.1289814 -22.5179389,65.1289047</coordinates></LinearRing></innerBoundaryIs><innerBoundaryIs><LinearRing><coordinates>-22.2930462,65.1286852 -22.2929823,65.1289314 -22.2920479,65.1289229 -22.2919048,65.1286089 -22.2919807,65.1283143 -22.2923574,65.1282328 -22.2928417,65.1284158 -22.2930462,65.1286852</coordinates></LinearRing></innerBoundaryIs><innerBoundaryIs><LinearRing><coordinates>-22.2858043,65.128702 -22.285657,65.1289095 -22.2851771,65.1287069 -22.2853493,65.1285099 -22.2855865,65.1284252 -22.285786,65.1285094 -22.2858043,65.128702</coordinates></LinearRing></innerBoundaryIs><innerBoundaryIs><LinearRing><coordinates>-22.2563518,65.1281008 -22.2561963,65.1277871 -22.25629,65.1274573 -22.2567778,65.1272572 -22.2575107,65.1272572 -22.2579987,65.1274573 -22.2580922,65.1277871 -22.2579368,65.1281008 -22.2563518,65.1281008</coordinates></LinearRing></innerBoundaryIs><innerBoundaryIs><LinearRing><coordinates>-22.273162,65.1265041 -22.2680728,65.1264231 -22.2681103,65.1261241 -22.2711691,65.1253942 -22.2716929,65.1254736 -22.2797176,65.1280987 -22.2716904,65.1275035 -22.273162,65.1265041</coordinates></LinearRing></innerBoundaryIs><innerBoundaryIs><LinearRing><coordinates>-22.5094047,65.1262344 -22.5105251,65.126271 -22.5069025,65.1278195 -22.5070627,65.126766 -22.5094047,65.1262344</coordinates></LinearRing></innerBoundaryIs><innerBoundaryIs><LinearRing><coordinates>-22.5284404,65.1263136 -22.5288972,65.1261258 -22.5345469,65.124886 -22.5352827,65.1248661 -22.5353336,65.1260118 -22.5312688,65.1280193 -22.5266463,65.1286988 -22.526511,65.1282917 -22.5284404,65.1263136</coordinates></LinearRing></innerBoundaryIs><innerBoundaryIs><LinearRing><coordinates>-22.5544131,65.123426 -22.5575166,65.1224217 -22.5587794,65.1224155 -22.5600373,65.1233519 -22.559265,65.1244719 -22.5564328,65.1252834 -22.5548795,65.1245322 -22.5544131,65.123426</coordinates></LinearRing></innerBoundaryIs><innerBoundaryIs><LinearRing><coordinates>-22.5182787,65.1239475 -22.5177481,65.1244208 -22.5166852,65.1244969 -22.5166099,65.1241503 -22.516837,65.1237446 -22.5174441,65.1234227 -22.5180809,65.1233466 -22.5184122,65.1235415 -22.5182787,65.1239475</coordinates></LinearRing></innerBoundaryIs><innerBoundaryIs><LinearRing><coordinates>-22.2838006,65.1243947 -22.2838717,65.1239942 -22.2846105,65.1236979 -22.2857271,65.1236182 -22.2863928,65.1237485 -22.2863649,65.1240323 -22.2858397,65.1243989 -22.2838006,65.1243947</coordinates></LinearRing></innerBoundaryIs><innerBoundaryIs><LinearRing><coordinates>-22.3606313,65.1237751 -22.360707,65.1233551 -22.3610839,65.1232222 -22.3615683,65.1234565 -22.3617727,65.1238512 -22.3617088,65.1242096 -22.3607743,65.1242012 -22.3606313,65.1237751</coordinates></LinearRing></innerBoundaryIs><innerBoundaryIs><LinearRing><coordinates>-22.4550219,65.1230241 -22.4497663,65.1210281 -22.4520971,65.1191716 -22.4487267,65.1193277 -22.4513499,65.1160794 -22.444225,65.1173325 -22.4392565,65.1163543 -22.4480916,65.1141551 -22.4462012,65.1159986 -22.4573839,65.1145238 -22.4580773,65.1146086 -22.4607453,65.1162519 -22.4568676,65.1164542 -22.4535011,65.1188304 -22.4577276,65.1170835 -22.4625337,65.1177207 -22.4653502,65.1167452 -22.4663877,65.1168189 -22.4691957,65.1175965 -22.4679347,65.1185303 -22.4717996,65.1198992 -22.4719667,65.1205248 -22.471455,65.1209714 -22.4583914,65.1241761 -22.4641764,65.1206235 -22.4550219,65.1230241</coordinates></LinearRing></innerBoundaryIs><innerBoundaryIs><LinearRing><coordinates>-22.3188459,65.1225637 -22.3186986,65.1227711 -22.3182187,65.1225684 -22.3183908,65.1223716 -22.3186281,65.1222867 -22.3188276,65.122371 -22.3188459,65.1225637</coordinates></LinearRing></innerBoundaryIs><innerBoundaryIs><LinearRing><coordinates>-22.1692172,65.122179 -22.1685321,65.1220146 -22.1679401,65.1218836 -22.1676127,65.1217237 -22.1677268,65.1215299 -22.1684002,65.1213965 -22.1694236,65.12141 -22.1700857,65.1216053 -22.1702265,65.1219296 -22.1700674,65.1222401 -22.1692172,65.122179</coordinates></LinearRing></innerBoundaryIs><innerBoundaryIs><LinearRing><coordinates>-22.2583539,65.1199157 -22.2604161,65.1197025 -22.261238,65.1199921 -22.2604464,65.1220208 -22.2594652,65.1215837 -22.2583539,65.1199157</coordinates></LinearRing></innerBoundaryIs><innerBoundaryIs><LinearRing><coordinates>-22.2037045,65.1206902 -22.2031883,65.121052 -22.2025307,65.1208589 -22.2027432,65.1204873 -22.2031066,65.120276 -22.2035642,65.1202573 -22.2038375,65.1204071 -22.2037045,65.1206902</coordinates></LinearRing></innerBoundaryIs><innerBoundaryIs><LinearRing><coordinates>-22.1615593,65.120422 -22.1615903,65.12062 -22.16143,65.120822 -22.1603152,65.1203513 -22.1607935,65.1202836 -22.1612626,65.1202967 -22.1615593,65.120422</coordinates></LinearRing></innerBoundaryIs><innerBoundaryIs><LinearRing><coordinates>-22.4452705,65.1198604 -22.4455078,65.1197757 -22.4457073,65.1198599 -22.4457256,65.1200525 -22.4455785,65.1202601 -22.4450984,65.1200573 -22.4452705,65.1198604</coordinates></LinearRing></innerBoundaryIs><innerBoundaryIs><LinearRing><coordinates>-22.1344513,65.1186481 -22.134379,65.1188869 -22.1331334,65.1183611 -22.1333804,65.1181957 -22.1337897,65.1181837 -22.1342611,65.1183826 -22.1344513,65.1186481</coordinates></LinearRing></innerBoundaryIs><innerBoundaryIs><LinearRing><coordinates>-22.1523678,65.1167017 -22.1520447,65.1168617 -22.1514654,65.1169924 -22.1507896,65.1171567 -22.1502737,65.1169505 -22.1505548,65.1165832 -22.1510833,65.1163797 -22.151816,65.1163697 -22.1523056,65.1165065 -22.1523678,65.1167017</coordinates></LinearRing></innerBoundaryIs><innerBoundaryIs><LinearRing><coordinates>-22.1297112,65.1169375 -22.127514,65.1169174 -22.1273427,65.1167262 -22.1273688,65.1165313 -22.1276942,65.1163722 -22.1282759,65.1162401 -22.128949,65.1161201 -22.1295307,65.1161208 -22.1298562,65.1163064 -22.1298823,65.1166273 -22.1297112,65.1169375</coordinates></LinearRing></innerBoundaryIs><innerBoundaryIs><LinearRing><coordinates>-22.4362977,65.1148949 -22.4309359,65.1150056 -22.4288501,65.1134256 -22.4288763,65.1131117 -22.436219,65.1125102 -22.4368058,65.1110879 -22.4427851,65.11035 -22.4469152,65.1103807 -22.4458379,65.1119598 -22.4496771,65.1118623 -22.4384419,65.1142443 -22.4362977,65.1148949</coordinates></LinearRing></innerBoundaryIs><innerBoundaryIs><LinearRing><coordinates>-22.1220438,65.1135314 -22.1220567,65.113644 -22.1218272,65.1138049 -22.1197884,65.1138426 -22.1193798,65.1138049 -22.1193084,65.1136399 -22.1194804,65.113443 -22.1197178,65.1133583 -22.1218655,65.1134186 -22.1220438,65.1135314</coordinates></LinearRing></innerBoundaryIs><innerBoundaryIs><LinearRing><coordinates>-22.4250153,65.1107922 -22.4231564,65.1100842 -22.4156365,65.1070466 -22.4155304,65.1067309 -22.4175634,65.1055254 -22.4217711,65.1065232 -22.4224344,65.1035393 -22.432605,65.1074862 -22.4274493,65.1084369 -22.4288332,65.1100653 -22.4252022,65.1104894 -22.4250153,65.1107922</coordinates></LinearRing></innerBoundaryIs><innerBoundaryIs><LinearRing><coordinates>-21.7735126,65.1060523 -21.7730325,65.1057676 -21.7732046,65.1054147 -21.7734419,65.1052727 -21.7736413,65.1054106 -21.7736597,65.1057311 -21.7735126,65.1060523</coordinates></LinearRing></innerBoundaryIs><innerBoundaryIs><LinearRing><coordinates>-22.3968154,65.1045181 -22.3968464,65.1047159 -22.396686,65.104918 -22.3955713,65.1044472 -22.3960496,65.1043797 -22.3965187,65.1043926 -22.3968154,65.1045181</coordinates></LinearRing></innerBoundaryIs><innerBoundaryIs><LinearRing><coordinates>-22.4167858,65.1032501 -22.4168103,65.1029344 -22.4171371,65.1027092 -22.4177299,65.1025609 -22.4184308,65.1024355 -22.4190394,65.1024134 -22.419299,65.1025614 -22.4189759,65.1029083 -22.4180799,65.1034188 -22.4169585,65.1035463 -22.4167858,65.1032501</coordinates></LinearRing></innerBoundaryIs><innerBoundaryIs><LinearRing><coordinates>-22.380313,65.1024013 -22.3805583,65.1020756 -22.3809001,65.1019936 -22.3811496,65.1022224 -22.3810086,65.102607 -22.380313,65.1024013</coordinates></LinearRing></innerBoundaryIs><innerBoundaryIs><LinearRing><coordinates>-22.4316349,65.1021909 -22.4311159,65.1014407 -22.4415239,65.098698 -22.4383794,65.0979257 -22.43375,65.1001822 -22.4289745,65.100062 -22.4238861,65.1017706 -22.4234622,65.1013288 -22.4241745,65.1000751 -22.4299741,65.0977985 -22.4306167,65.0938978 -22.4310327,65.0937393 -22.437667,65.0924097 -22.4381027,65.0923867 -22.4409884,65.0947748 -22.4419962,65.0949939 -22.4524679,65.0943425 -22.4529899,65.0944631 -22.4544702,65.0962985 -22.4493052,65.0995581 -22.4449968,65.101512 -22.4438714,65.1016721 -22.4367641,65.1011866 -22.436658,65.1026622 -22.4371407,65.1029776 -22.4429618,65.1044859 -22.4406826,65.1058785 -22.4414997,65.1060011 -22.4496545,65.104653 -22.4615042,65.1046031 -22.4584122,65.1067115 -22.4616539,65.1066277 -22.4592156,65.1078289 -22.4615288,65.1088463 -22.4590008,65.108217 -22.4411089,65.1076788 -22.4395599,65.1058378 -22.4382629,65.1064162 -22.4249606,65.1032016 -22.4282964,65.1017342 -22.4316349,65.1021909</coordinates></LinearRing></innerBoundaryIs><innerBoundaryIs><LinearRing><coordinates>-22.3788344,65.1018449 -22.3783544,65.1016422 -22.3785264,65.1014453 -22.3787637,65.1013604 -22.3789634,65.1014447 -22.3789815,65.1016372 -22.3788344,65.1018449</coordinates></LinearRing></innerBoundaryIs><innerBoundaryIs><LinearRing><coordinates>-22.4124435,65.1008242 -22.4130969,65.1008242 -22.4135196,65.1011016 -22.4134448,65.1015061 -22.4120955,65.1015061 -22.4120208,65.1011016 -22.4124435,65.1008242</coordinates></LinearRing></innerBoundaryIs><innerBoundaryIs><LinearRing><coordinates>-22.4005266,65.097674 -22.4001117,65.0990525 -22.3985606,65.0990971 -22.3976823,65.0977051 -22.3981564,65.0974301 -22.3998829,65.0975087 -22.4005266,65.097674</coordinates></LinearRing></innerBoundaryIs><innerBoundaryIs><LinearRing><coordinates>-22.3865467,65.0974154 -22.3864037,65.0969893 -22.3864796,65.0965694 -22.3868564,65.0964365 -22.3873407,65.0966707 -22.3875452,65.0970654 -22.3874813,65.097424 -22.3865467,65.0974154</coordinates></LinearRing></innerBoundaryIs><innerBoundaryIs><LinearRing><coordinates>-22.3963848,65.0964355 -22.3967283,65.0964119 -22.3971664,65.0965815 -22.3974069,65.0968072 -22.3964636,65.0968145 -22.3963197,65.0966085 -22.3963848,65.0964355</coordinates></LinearRing></innerBoundaryIs><innerBoundaryIs><LinearRing><coordinates>-22.4191515,65.0930187 -22.4192581,65.0960996 -22.4153877,65.0960249 -22.414416,65.0971506 -22.4136044,65.0964535 -22.4191515,65.0930187</coordinates></LinearRing></innerBoundaryIs><innerBoundaryIs><LinearRing><coordinates>-22.363802,65.0957 -22.3636491,65.0960139 -22.3627665,65.0960139 -22.3626136,65.0957 -22.3626605,65.0953702 -22.3629795,65.0951703 -22.3634361,65.0951703 -22.3637551,65.0953702 -22.363802,65.0957</coordinates></LinearRing></innerBoundaryIs><innerBoundaryIs><LinearRing><coordinates>-22.336722,65.0948859 -22.3368942,65.094533 -22.3371315,65.0943911 -22.3373309,65.094529 -22.3373491,65.0948493 -22.337202,65.0951707 -22.336722,65.0948859</coordinates></LinearRing></innerBoundaryIs><innerBoundaryIs><LinearRing><coordinates>-22.3846583,65.0929586 -22.3877209,65.0933086 -22.3886592,65.0937901 -22.3888516,65.0949639 -22.3866574,65.0948708 -22.3846583,65.0929586</coordinates></LinearRing></innerBoundaryIs><innerBoundaryIs><LinearRing><coordinates>-22.3923711,65.0926051 -22.3926665,65.0924617 -22.3955135,65.0932461 -22.395364,65.0940804 -22.3932712,65.0940887 -22.3929965,65.0937713 -22.3923711,65.0926051</coordinates></LinearRing></innerBoundaryIs><innerBoundaryIs><LinearRing><coordinates>-22.4042929,65.093417 -22.4046119,65.0932171 -22.4050685,65.0932171 -22.4053875,65.093417 -22.4054342,65.0937469 -22.4052815,65.0940607 -22.4043989,65.0940607 -22.404246,65.0937469 -22.4042929,65.093417</coordinates></LinearRing></innerBoundaryIs><innerBoundaryIs><LinearRing><coordinates>-22.411562,65.0936962 -22.411881,65.093496 -22.4123375,65.093496 -22.4126565,65.0936962 -22.4127035,65.0940258 -22.4125506,65.0943397 -22.4116679,65.0943397 -22.4115152,65.0940258 -22.411562,65.0936962</coordinates></LinearRing></innerBoundaryIs><innerBoundaryIs><LinearRing><coordinates>-22.4236495,65.0943902 -22.4242681,65.0943342 -22.423907,65.0954022 -22.4225354,65.0949838 -22.4236495,65.0943902</coordinates></LinearRing></innerBoundaryIs><innerBoundaryIs><LinearRing><coordinates>-22.4264483,65.0948722 -22.4268928,65.0948921 -22.4271992,65.0951639 -22.427241,65.0956169 -22.4270871,65.0960364 -22.4258955,65.0954657 -22.4260997,65.0950841 -22.4264483,65.0948722</coordinates></LinearRing></innerBoundaryIs><innerBoundaryIs><LinearRing><coordinates>-22.4389679,65.0919051 -22.4377382,65.0912164 -22.4371848,65.0912156 -22.435397,65.0920268 -22.4346787,65.0919504 -22.4325522,65.090692 -22.4374405,65.0902711 -22.4434298,65.0917648 -22.4412237,65.0883046 -22.4480869,65.0875846 -22.4471734,65.0844533 -22.451753,65.0832694 -22.4332957,65.0835893 -22.4338053,65.0819404 -22.4293785,65.0804805 -22.428781,65.0794234 -22.4287869,65.0776125 -22.4289526,65.077212 -22.4335877,65.0746655 -22.4453818,65.0747606 -22.4476531,65.0730962 -22.4474018,65.0729924 -22.4408622,65.0730687 -22.4378947,65.072116 -22.4380022,65.0715982 -22.4457213,65.0678858 -22.4502645,65.0671287 -22.4523739,65.067016 -22.4586712,65.0679284 -22.4647852,65.0674402 -22.4652346,65.06919 -22.4721667,65.0691721 -22.4699479,65.0707551 -22.4751228,65.0704486 -22.476597,65.0717809 -22.4821126,65.0712912 -22.4816384,65.0732052 -22.4854335,65.0728275 -22.4798982,65.0756516 -22.4974834,65.0733525 -22.49659,65.0717318 -22.5,65.0725446 -22.5021179,65.0723501 -22.5025626,65.0728447 -22.5018239,65.0743163 -22.5,65.0747766 -22.494867,65.077432 -22.4977154,65.0775896 -22.5,65.0772879 -22.5022014,65.0774601 -22.5025532,65.0773894 -22.5030969,65.0738192 -22.5100631,65.0727931 -22.5105234,65.0714753 -22.5129592,65.0706093 -22.5188249,65.0691339 -22.519976,65.0690386 -22.5209057,65.0700018 -22.5237195,65.0697215 -22.5204976,65.0732467 -22.5139019,65.0749348 -22.5133177,65.0757222 -22.5128103,65.076829 -22.5130126,65.0770038 -22.5174201,65.0757246 -22.5177664,65.0758628 -22.5146195,65.0776728 -22.5151066,65.0777829 -22.5206265,65.0768964 -22.5225868,65.077306 -22.5229572,65.0775514 -22.521003,65.0793902 -22.5171155,65.0809338 -22.5051299,65.0832347 -22.5032966,65.0799944 -22.502534,65.0798121 -22.5,65.0806361 -22.4985461,65.0812778 -22.5,65.0817521 -22.5032482,65.0817199 -22.5032823,65.0820266 -22.5005606,65.083675 -22.5,65.0837053 -22.4918051,65.0851358 -22.4846106,65.0878171 -22.4839019,65.0878359 -22.4765005,65.0872216 -22.4840662,65.0845289 -22.4705786,65.0837855 -22.4727225,65.0858587 -22.4641078,65.086247 -22.4658879,65.0887414 -22.4623142,65.0900449 -22.4603769,65.0887306 -22.4573587,65.0921715 -22.4494036,65.0920947 -22.446963,65.0904037 -22.4418581,65.0934513 -22.4411714,65.0934374 -22.4389679,65.0919051</coordinates></LinearRing></innerBoundaryIs><innerBoundaryIs><LinearRing><coordinates>-22.4287946,65.0921541 -22.4287192,65.0916986 -22.4289463,65.0911661 -22.4295535,65.0907733 -22.4301903,65.0906972 -22.4305216,65.0909631 -22.430388,65.0914958 -22.4298574,65.092078 -22.4287946,65.0921541</coordinates></LinearRing></innerBoundaryIs><innerBoundaryIs><LinearRing><coordinates>-22.4131197,65.0913066 -22.413341,65.0915883 -22.4132645,65.0918289 -22.411666,65.0918266 -22.4114977,65.0915095 -22.4115388,65.0911824 -22.4119031,65.0910046 -22.4125262,65.0910586 -22.4131197,65.0913066</coordinates></LinearRing></innerBoundaryIs><innerBoundaryIs><LinearRing><coordinates>-22.4074401,65.0915148 -22.4072849,65.0918285 -22.4056997,65.0918285 -22.4055444,65.0915148 -22.4056379,65.091185 -22.4061259,65.0909849 -22.4068586,65.0909849 -22.4073467,65.091185 -22.4074401,65.0915148</coordinates></LinearRing></innerBoundaryIs><innerBoundaryIs><LinearRing><coordinates>-22.3879215,65.0902323 -22.387325,65.0897727 -22.3870795,65.0887916 -22.3911651,65.088028 -22.3926988,65.0878425 -22.395676,65.0892336 -22.3939505,65.0913094 -22.3879215,65.0902323</coordinates></LinearRing></innerBoundaryIs><innerBoundaryIs><LinearRing><coordinates>-22.3722703,65.0889062 -22.3727961,65.0904307 -22.3670773,65.0897822 -22.3665791,65.0894896 -22.3674532,65.0886358 -22.3710958,65.0886682 -22.3722703,65.0889062</coordinates></LinearRing></innerBoundaryIs><innerBoundaryIs><LinearRing><coordinates>-22.2461544,65.089269 -22.2460073,65.0895903 -22.2455271,65.0893055 -22.2456992,65.0889527 -22.2459366,65.0888108 -22.2461361,65.0889487 -22.2461544,65.089269</coordinates></LinearRing></innerBoundaryIs><innerBoundaryIs><LinearRing><coordinates>-22.2027224,65.0892826 -22.2026438,65.0877743 -22.2035801,65.0874949 -22.2061158,65.0876919 -22.2068722,65.0879278 -22.2067089,65.0889459 -22.2027224,65.0892826</coordinates></LinearRing></innerBoundaryIs><innerBoundaryIs><LinearRing><coordinates>-22.4191126,65.0872219 -22.4197195,65.0874089 -22.4199671,65.0883306 -22.4194314,65.0886539 -22.4162683,65.0879856 -22.4156461,65.0883048 -22.4149818,65.090596 -22.4139227,65.0894738 -22.4077014,65.0910321 -22.4079273,65.0897034 -22.4126369,65.0870625 -22.4191126,65.0872219</coordinates></LinearRing></innerBoundaryIs><innerBoundaryIs><LinearRing><coordinates>-22.4222872,65.0860997 -22.4229105,65.0858241 -22.4247252,65.0859478 -22.425124,65.0871093 -22.4227248,65.0870475 -22.4222872,65.0860997</coordinates></LinearRing></innerBoundaryIs><innerBoundaryIs><LinearRing><coordinates>-22.4151802,65.0862199 -22.4147002,65.0860173 -22.4148722,65.0858203 -22.4151096,65.0857354 -22.415309,65.0858197 -22.4153274,65.0860122 -22.4151802,65.0862199</coordinates></LinearRing></innerBoundaryIs><innerBoundaryIs><LinearRing><coordinates>-22.4093695,65.0874286 -22.4071664,65.0873311 -22.4056774,65.0869181 -22.4057834,65.0857863 -22.4089707,65.0863585 -22.4093695,65.0874286</coordinates></LinearRing></innerBoundaryIs><innerBoundaryIs><LinearRing><coordinates>-22.4392061,65.0854251 -22.4342724,65.0871856 -22.4343748,65.0884963 -22.430705,65.0884486 -22.4311467,65.0867099 -22.4323345,65.0862522 -22.4368373,65.0853477 -22.4392061,65.0854251</coordinates></LinearRing></innerBoundaryIs><innerBoundaryIs><LinearRing><coordinates>-22.4435319,65.0851784 -22.4441136,65.0850545 -22.4445487,65.0852253 -22.4445012,65.0855727 -22.4433299,65.085676 -22.4432806,65.0854301 -22.4435319,65.0851784</coordinates></LinearRing></innerBoundaryIs><innerBoundaryIs><LinearRing><coordinates>-22.3635468,65.0847601 -22.3644013,65.083113 -22.3662152,65.08389 -22.3664137,65.0844525 -22.366155,65.0847806 -22.3649058,65.0850868 -22.3635468,65.0847601</coordinates></LinearRing></innerBoundaryIs><innerBoundaryIs><LinearRing><coordinates>-22.3456537,65.0848067 -22.3449689,65.0846519 -22.3442872,65.0837064 -22.3482025,65.0819196 -22.349025,65.0817903 -22.3542866,65.0827922 -22.3543293,65.0832257 -22.3511559,65.0842205 -22.3456537,65.0848067</coordinates></LinearRing></innerBoundaryIs><innerBoundaryIs><LinearRing><coordinates>-22.3593572,65.0827383 -22.3615466,65.0829412 -22.3617424,65.0834579 -22.3599772,65.083382 -22.3593572,65.0827383</coordinates></LinearRing></innerBoundaryIs><innerBoundaryIs><LinearRing><coordinates>-22.3670315,65.0827529 -22.3675158,65.0829359 -22.3677202,65.0832052 -22.3676563,65.0834515 -22.3667217,65.083443 -22.3665788,65.083129 -22.3666548,65.0828344 -22.3670315,65.0827529</coordinates></LinearRing></innerBoundaryIs><innerBoundaryIs><LinearRing><coordinates>-22.4310787,65.0838292 -22.4273179,65.0848258 -22.4281979,65.0834914 -22.429141,65.0832412 -22.4310787,65.0838292</coordinates></LinearRing></innerBoundaryIs><innerBoundaryIs><LinearRing><coordinates>-22.4400908,65.0868626 -22.4399416,65.0864723 -22.4402347,65.0862288 -22.4408354,65.086079 -22.4415364,65.085959 -22.4421371,65.0859776 -22.4424303,65.0862473 -22.442281,65.0867639 -22.4417467,65.0873318 -22.4406251,65.0873117 -22.4400908,65.0868626</coordinates></LinearRing></innerBoundaryIs><innerBoundaryIs><LinearRing><coordinates>-22.3854694,65.0814641 -22.3802329,65.0811033 -22.3741196,65.0810122 -22.3731633,65.0807365 -22.3724017,65.0799427 -22.3775336,65.0778965 -22.3787816,65.0780261 -22.380172,65.0785241 -22.3779516,65.0789192 -22.3789237,65.0802341 -22.3834207,65.0788718 -22.3865699,65.0795307 -22.3854694,65.0814641</coordinates></LinearRing></innerBoundaryIs><innerBoundaryIs><LinearRing><coordinates>-22.3724174,65.0788598 -22.3725481,65.0790519 -22.3694857,65.0803571 -22.3692203,65.0799878 -22.3620023,65.0796887 -22.3602411,65.078898 -22.3603497,65.0780143 -22.3621019,65.0773488 -22.3655692,65.0779958 -22.3724174,65.0788598</coordinates></LinearRing></innerBoundaryIs><innerBoundaryIs><LinearRing><coordinates>-22.3505659,65.0789455 -22.3504186,65.0792665 -22.3499386,65.0789818 -22.3501106,65.0786291 -22.3503481,65.0784872 -22.3505476,65.078625 -22.3505659,65.0789455</coordinates></LinearRing></innerBoundaryIs><innerBoundaryIs><LinearRing><coordinates>-22.4135149,65.0763304 -22.4172006,65.0763353 -22.4211429,65.0786887 -22.414036,65.077165 -22.4135149,65.0763304</coordinates></LinearRing></innerBoundaryIs><innerBoundaryIs><LinearRing><coordinates>-22.3862507,65.0783873 -22.3861036,65.0787086 -22.3856235,65.0784239 -22.3857957,65.0780709 -22.3860329,65.077929 -22.3862324,65.0780669 -22.3862507,65.0783873</coordinates></LinearRing></innerBoundaryIs><innerBoundaryIs><LinearRing><coordinates>-22.4245985,65.0759754 -22.4244456,65.0761803 -22.423563,65.0761803 -22.4234102,65.0759754 -22.423457,65.0757724 -22.4237761,65.0756433 -22.4242326,65.0756433 -22.4245517,65.0757724 -22.4245985,65.0759754</coordinates></LinearRing></innerBoundaryIs><innerBoundaryIs><LinearRing><coordinates>-22.4149829,65.075582 -22.4134198,65.0749123 -22.415814,65.0740671 -22.4200193,65.0744839 -22.4200176,65.0747859 -22.4149829,65.075582</coordinates></LinearRing></innerBoundaryIs><innerBoundaryIs><LinearRing><coordinates>-22.4258819,65.0733793 -22.4261287,65.0730582 -22.4265382,65.0729887 -22.4270095,65.0732415 -22.4271998,65.0736346 -22.4271275,65.0739874 -22.4258819,65.0733793</coordinates></LinearRing></innerBoundaryIs><innerBoundaryIs><LinearRing><coordinates>-22.409999,65.073705 -22.4100208,65.0739793 -22.408429,65.0739709 -22.4081295,65.0737383 -22.4079264,65.0734642 -22.4080091,65.0732083 -22.4086871,65.073139 -22.4095712,65.0733832 -22.409999,65.073705</coordinates></LinearRing></innerBoundaryIs><innerBoundaryIs><LinearRing><coordinates>-22.4424551,65.0737402 -22.4426271,65.0735434 -22.4428645,65.0734586 -22.4432532,65.073414 -22.4438887,65.0733411 -22.4447798,65.0732499 -22.4450852,65.0733035 -22.445187,65.0734215 -22.4452379,65.0736039 -22.4448305,65.0737371 -22.4443851,65.0738829 -22.4436681,65.0739127 -22.4429351,65.0739431 -22.4426286,65.0738829 -22.4424551,65.0737402</coordinates></LinearRing></innerBoundaryIs><innerBoundaryIs><LinearRing><coordinates>-22.2825195,65.0722625 -22.2823668,65.0725764 -22.2814842,65.0725764 -22.2813314,65.0722625 -22.2813781,65.0719327 -22.2816972,65.0717328 -22.2821537,65.0717328 -22.2824728,65.0719327 -22.2825195,65.0722625</coordinates></LinearRing></innerBoundaryIs><innerBoundaryIs><LinearRing><coordinates>-22.3520299,65.0697154 -22.3501605,65.0678563 -22.3487908,65.0671614 -22.3514256,65.066734 -22.3611445,65.0676858 -22.3619654,65.0678551 -22.3629882,65.0714755 -22.3520299,65.0697154</coordinates></LinearRing></innerBoundaryIs><innerBoundaryIs><LinearRing><coordinates>-22.3593622,65.066568 -22.3595997,65.0664833 -22.3597991,65.0665675 -22.3598175,65.0667601 -22.3596702,65.0669676 -22.3591903,65.066765 -22.3593622,65.066568</coordinates></LinearRing></innerBoundaryIs><innerBoundaryIs><LinearRing><coordinates>-22.3695676,65.0653955 -22.3762923,65.0699068 -22.3755801,65.0704809 -22.3721663,65.0711793 -22.3672724,65.069302 -22.3669772,65.0690616 -22.3645281,65.0643141 -22.3695676,65.0653955</coordinates></LinearRing></innerBoundaryIs><innerBoundaryIs><LinearRing><coordinates>-22.3712531,65.0630519 -22.3719345,65.0627912 -22.375035,65.0645546 -22.3723871,65.0644023 -22.3712531,65.0630519</coordinates></LinearRing></innerBoundaryIs><innerBoundaryIs><LinearRing><coordinates>-22.2635896,65.0648795 -22.261664,65.0650833 -22.2629427,65.0633374 -22.2649838,65.0637373 -22.2646605,65.0642054 -22.2635896,65.0648795</coordinates></LinearRing></innerBoundaryIs><innerBoundaryIs><LinearRing><coordinates>-22.3697494,65.0633339 -22.3695966,65.0636477 -22.3687139,65.0636477 -22.3685611,65.0633339 -22.3686079,65.0630043 -22.368927,65.0628041 -22.3693835,65.0628041 -22.3697026,65.0630043 -22.3697494,65.0633339</coordinates></LinearRing></innerBoundaryIs><innerBoundaryIs><LinearRing><coordinates>-22.4947999,65.0613751 -22.5,65.0602678 -22.5239294,65.0583351 -22.5223339,65.060214 -22.524457,65.0607502 -22.5243129,65.0609457 -22.519317,65.0604064 -22.5039119,65.0677685 -22.5,65.0686384 -22.4982274,65.0689152 -22.496717,65.0675761 -22.4897983,65.0677545 -22.4906703,65.0666995 -22.4877312,65.0654211 -22.4968135,65.0625019 -22.4947999,65.0613751</coordinates></LinearRing></innerBoundaryIs><innerBoundaryIs><LinearRing><coordinates>-22.4517229,65.0613718 -22.451201,65.0616049 -22.4503434,65.0617471 -22.4495023,65.0618809 -22.4487725,65.0620154 -22.4480987,65.0621891 -22.4473131,65.0622529 -22.4471205,65.0619628 -22.4472336,65.0616483 -22.4479423,65.0614016 -22.4492472,65.061182 -22.450545,65.0609509 -22.4514118,65.0608915 -22.4517941,65.0610654 -22.4517229,65.0613718</coordinates></LinearRing></innerBoundaryIs><innerBoundaryIs><LinearRing><coordinates>-22.462974,65.0600618 -22.4626389,65.0602195 -22.4620553,65.0603507 -22.4613789,65.0605159 -22.459915,65.0605556 -22.4597352,65.0603641 -22.4597487,65.0601695 -22.4600687,65.0600125 -22.4606965,65.0598856 -22.4615434,65.0597703 -22.4624152,65.0597578 -22.4629256,65.0598764 -22.462974,65.0600618</coordinates></LinearRing></innerBoundaryIs><innerBoundaryIs><LinearRing><coordinates>-22.4574602,65.0600545 -22.4569463,65.0602257 -22.4558477,65.0603557 -22.454688,65.0605167 -22.4542826,65.0603855 -22.4544663,65.0601743 -22.4548686,65.0599915 -22.4555774,65.0598031 -22.4564176,65.0596176 -22.457023,65.0596281 -22.4573709,65.0598216 -22.4574602,65.0600545</coordinates></LinearRing></innerBoundaryIs><innerBoundaryIs><LinearRing><coordinates>-22.359924,65.0583835 -22.3633959,65.0589359 -22.3643866,65.059745 -22.359924,65.0583835</coordinates></LinearRing></innerBoundaryIs><innerBoundaryIs><LinearRing><coordinates>-22.3937929,65.0575153 -22.3955615,65.0580699 -22.3961732,65.0592659 -22.3933964,65.0579293 -22.3937929,65.0575153</coordinates></LinearRing></innerBoundaryIs><innerBoundaryIs><LinearRing><coordinates>-22.3971406,65.0565357 -22.4000573,65.0578018 -22.3977401,65.057736 -22.3971406,65.0565357</coordinates></LinearRing></innerBoundaryIs><innerBoundaryIs><LinearRing><coordinates>-22.4579293,65.0576277 -22.4564139,65.0567781 -22.4564977,65.0542097 -22.4607509,65.0528799 -22.4622713,65.0528092 -22.4693385,65.0537798 -22.4700598,65.0539602 -22.4719899,65.0550311 -22.4720995,65.0553356 -22.4687343,65.0558357 -22.4668953,65.0580275 -22.4648938,65.0576423 -22.4579293,65.0576277</coordinates></LinearRing></innerBoundaryIs><innerBoundaryIs><LinearRing><coordinates>-22.5096052,65.0523227 -22.5178728,65.0529245 -22.517791,65.0531034 -22.5102996,65.0546534 -22.5074112,65.0542274 -22.5096052,65.0523227</coordinates></LinearRing></innerBoundaryIs><innerBoundaryIs><LinearRing><coordinates>-22.5916187,65.0508111 -22.5950969,65.0506693 -22.5897715,65.0535386 -22.5859547,65.053357 -22.5916187,65.0508111</coordinates></LinearRing></innerBoundaryIs><innerBoundaryIs><LinearRing><coordinates>-22.5540475,65.0509537 -22.553987,65.0512143 -22.5533845,65.0514878 -22.5526192,65.051692 -22.5518589,65.0518887 -22.5509139,65.0514619 -22.5513004,65.0511795 -22.5517085,65.0509377 -22.5524315,65.0507984 -22.5534399,65.0508021 -22.5540475,65.0509537</coordinates></LinearRing></innerBoundaryIs><innerBoundaryIs><LinearRing><coordinates>-22.5987961,65.0506442 -22.5996184,65.0503165 -22.6005231,65.0502582 -22.6010588,65.0504498 -22.6010749,65.0507652 -22.6005796,65.0510014 -22.5997066,65.0511543 -22.5987794,65.051318 -22.5982636,65.0511234 -22.5987961,65.0506442</coordinates></LinearRing></innerBoundaryIs><innerBoundaryIs><LinearRing><coordinates>-22.6447873,65.0510139 -22.6542106,65.0508463 -22.6545146,65.0509526 -22.6533875,65.0528212 -22.6530274,65.0529925 -22.643172,65.0537817 -22.6401876,65.053777 -22.6394283,65.0532981 -22.6450427,65.0516818 -22.6377047,65.0518183 -22.6375122,65.0509669 -22.6385278,65.0505805 -22.6424556,65.0500005 -22.6447873,65.0510139</coordinates></LinearRing></innerBoundaryIs><innerBoundaryIs><LinearRing><coordinates>-22.6454349,65.0500404 -22.6454551,65.0498435 -22.6457694,65.0496819 -22.6463459,65.0495524 -22.6470637,65.0494544 -22.6478117,65.049509 -22.6484113,65.0497426 -22.648612,65.0500156 -22.648517,65.0502526 -22.6456079,65.0502326 -22.6454349,65.0500404</coordinates></LinearRing></innerBoundaryIs><innerBoundaryIs><LinearRing><coordinates>-22.6566766,65.0498489 -22.6569852,65.0497022 -22.6575894,65.0495872 -22.6584243,65.0494529 -22.659385,65.0493177 -22.6602361,65.0491601 -22.660969,65.0490097 -22.6616461,65.0488809 -22.6622351,65.0488822 -22.6625881,65.0490667 -22.6625227,65.0493639 -22.6618396,65.0496072 -22.660518,65.0498321 -22.6589893,65.0501492 -22.6568443,65.0502305 -22.6566652,65.0500396 -22.6566766,65.0498489</coordinates></LinearRing></innerBoundaryIs><innerBoundaryIs><LinearRing><coordinates>-22.5530165,65.0494401 -22.5529042,65.0491174 -22.5562387,65.047847 -22.5572447,65.0477786 -22.5600702,65.0482467 -22.5601681,65.0485415 -22.559027,65.0489953 -22.5530165,65.0494401</coordinates></LinearRing></innerBoundaryIs><innerBoundaryIs><LinearRing><coordinates>-22.6695822,65.0490437 -22.6691275,65.050244 -22.6659044,65.0496864 -22.667015,65.0488892 -22.668039,65.0486627 -22.6695822,65.0490437</coordinates></LinearRing></innerBoundaryIs><innerBoundaryIs><LinearRing><coordinates>-22.6670285,65.0505704 -22.6697682,65.0505712 -22.6735966,65.0514749 -22.6707537,65.0521694 -22.6683335,65.0517871 -22.6606652,65.0515623 -22.6604781,65.0511429 -22.6615283,65.0506666 -22.6670285,65.0505704</coordinates></LinearRing></innerBoundaryIs><innerBoundaryIs><LinearRing><coordinates>-22.6864594,65.0529958 -22.6867411,65.0527964 -22.6871471,65.0526839 -22.687511,65.052531 -22.6879673,65.0522776 -22.6888396,65.0519789 -22.6900615,65.0517349 -22.691215,65.0516028 -22.6917608,65.0517421 -22.6914433,65.0520197 -22.6907159,65.0522875 -22.690014,65.0525748 -22.6895221,65.0528206 -22.6889756,65.0529724 -22.6882896,65.053068 -22.6878012,65.0532004 -22.6875463,65.0533864 -22.687342,65.0535768 -22.6865791,65.0535986 -22.6864252,65.0533031 -22.6864594,65.0529958</coordinates></LinearRing></innerBoundaryIs><innerBoundaryIs><LinearRing><coordinates>-22.6858593,65.0519416 -22.6859556,65.0512263 -22.6866134,65.0509747 -22.6889597,65.0512317 -22.6889671,65.0514231 -22.6875963,65.0517021 -22.6858593,65.0519416</coordinates></LinearRing></innerBoundaryIs><innerBoundaryIs><LinearRing><coordinates>-22.6352516,65.0534466 -22.634734,65.053808 -22.6336846,65.0538818 -22.6335306,65.0535707 -22.6336297,65.0532438 -22.6341316,65.0530409 -22.6348779,65.0530188 -22.6353328,65.053165 -22.6352516,65.0534466</coordinates></LinearRing></innerBoundaryIs><innerBoundaryIs><LinearRing><coordinates>-22.6311942,65.0533602 -22.6314156,65.0536419 -22.631339,65.0538824 -22.6297404,65.05388 -22.6295722,65.0535631 -22.6296132,65.0532361 -22.6299775,65.0530581 -22.6306009,65.0531121 -22.6311942,65.0533602</coordinates></LinearRing></innerBoundaryIs><innerBoundaryIs><LinearRing><coordinates>-22.6281151,65.0541129 -22.627968,65.0544339 -22.627488,65.0541491 -22.6276602,65.0537965 -22.6278973,65.0536546 -22.6280969,65.0537924 -22.6281151,65.0541129</coordinates></LinearRing></innerBoundaryIs><innerBoundaryIs><LinearRing><coordinates>-22.6030834,65.0563513 -22.5992212,65.057211 -22.6000199,65.053351 -22.6024733,65.0535975 -22.6023403,65.0546696 -22.6030834,65.0563513</coordinates></LinearRing></innerBoundaryIs><innerBoundaryIs><LinearRing><coordinates>-22.6349245,65.0548551 -22.6361241,65.0548961 -22.6339796,65.0560102 -22.6332899,65.055889 -22.6339931,65.0553046 -22.6349245,65.0548551</coordinates></LinearRing></innerBoundaryIs><innerBoundaryIs><LinearRing><coordinates>-22.6525158,65.0549752 -22.6543108,65.055918 -22.6547458,65.0564694 -22.6501077,65.0578386 -22.6519043,65.0561028 -22.6480001,65.055675 -22.6525158,65.0549752</coordinates></LinearRing></innerBoundaryIs><innerBoundaryIs><LinearRing><coordinates>-22.6780841,65.0558913 -22.6783344,65.056138 -22.6782677,65.0563786 -22.6765989,65.0563786 -22.6765321,65.056138 -22.6767824,65.0558913 -22.6774333,65.0557621 -22.6780841,65.0558913</coordinates></LinearRing></innerBoundaryIs><innerBoundaryIs><LinearRing><coordinates>-22.6585134,65.0561574 -22.6583663,65.056365 -22.6578861,65.0561622 -22.6580584,65.0559653 -22.6582956,65.0558805 -22.6584951,65.0559648 -22.6585134,65.0561574</coordinates></LinearRing></innerBoundaryIs><innerBoundaryIs><LinearRing><coordinates>-22.635595,65.058 -22.6354818,65.0588951 -22.6345832,65.0587983 -22.6211637,65.0583875 -22.6209666,65.0573283 -22.621263,65.0569806 -22.6288573,65.0556129 -22.6299933,65.0555992 -22.633973,65.0570167 -22.635595,65.058</coordinates></LinearRing></innerBoundaryIs><innerBoundaryIs><LinearRing><coordinates>-22.570348,65.058695 -22.5616201,65.0600165 -22.5611515,65.0599555 -22.5587518,65.0595238 -22.5586212,65.0589994 -22.5648723,65.0578459 -22.565556,65.0575098 -22.5642769,65.0571187 -22.5644569,65.055913 -22.5653607,65.0558681 -22.5665855,65.057093 -22.571861,65.0567253 -22.5719314,65.0571722 -22.5710505,65.0585635 -22.570348,65.058695</coordinates></LinearRing></innerBoundaryIs><innerBoundaryIs><LinearRing><coordinates>-22.5801876,65.0603619 -22.5616409,65.0657167 -22.5504812,65.0656824 -22.5520135,65.0667146 -22.5469993,65.0657988 -22.5441349,65.0657777 -22.54357,65.0653141 -22.5532069,65.0625536 -22.5586996,65.0614454 -22.5605179,65.0611335 -22.5638113,65.0617613 -22.5654397,65.0601507 -22.5730593,65.0597769 -22.5642664,65.0635496 -22.5769422,65.0591847 -22.5801876,65.0603619</coordinates></LinearRing></innerBoundaryIs><innerBoundaryIs><LinearRing><coordinates>-22.6408767,65.0595926 -22.6411141,65.0595078 -22.6413136,65.059592 -22.6413317,65.0597847 -22.6411846,65.0599921 -22.6407046,65.0597895 -22.6408767,65.0595926</coordinates></LinearRing></innerBoundaryIs><innerBoundaryIs><LinearRing><coordinates>-22.5891665,65.0600582 -22.5888402,65.0602146 -22.5882691,65.0603486 -22.5876008,65.0605164 -22.5871274,65.060376 -22.5873178,65.0601645 -22.5876836,65.060003 -22.5882415,65.059889 -22.5888079,65.0598214 -22.5891553,65.0598909 -22.5891665,65.0600582</coordinates></LinearRing></innerBoundaryIs><innerBoundaryIs><LinearRing><coordinates>-22.6435344,65.0618325 -22.6439522,65.0616821 -22.6478704,65.062694 -22.6473073,65.0632899 -22.6456867,65.0629553 -22.6435344,65.0618325</coordinates></LinearRing></innerBoundaryIs><innerBoundaryIs><LinearRing><coordinates>-22.6460437,65.0641404 -22.647022,65.063796 -22.6527655,65.0634803 -22.6567873,65.063657 -22.6572216,65.0640413 -22.656597,65.0654098 -22.6516387,65.066377 -22.6491181,65.0664763 -22.6472226,65.0653213 -22.6460437,65.0641404</coordinates></LinearRing></innerBoundaryIs><innerBoundaryIs><LinearRing><coordinates>-22.6601624,65.0648888 -22.660916,65.0648497 -22.6635283,65.0654244 -22.6637535,65.0657125 -22.6615648,65.0666749 -22.659664,65.0659233 -22.6601624,65.0648888</coordinates></LinearRing></innerBoundaryIs><innerBoundaryIs><LinearRing><coordinates>-22.5772505,65.0659307 -22.5770977,65.0661356 -22.5762151,65.0661356 -22.5760624,65.0659307 -22.5761091,65.0657278 -22.5764281,65.0655986 -22.5768847,65.0655986 -22.5772038,65.0657278 -22.5772505,65.0659307</coordinates></LinearRing></innerBoundaryIs><innerBoundaryIs><LinearRing><coordinates>-22.5323188,65.0663625 -22.5298229,65.0663483 -22.5303603,65.0658696 -22.5319166,65.0653398 -22.5360621,65.0655504 -22.5363727,65.0657576 -22.5327016,65.0669885 -22.5323188,65.0663625</coordinates></LinearRing></innerBoundaryIs><innerBoundaryIs><LinearRing><coordinates>-22.5391541,65.0652415 -22.5398248,65.0650388 -22.5408475,65.0650166 -22.5414712,65.0651627 -22.5414371,65.0654445 -22.5409168,65.0658059 -22.5391649,65.0658795 -22.5390081,65.0655686 -22.5391541,65.0652415</coordinates></LinearRing></innerBoundaryIs><innerBoundaryIs><LinearRing><coordinates>-22.6814249,65.0667684 -22.6816242,65.0669063 -22.6816425,65.0672266 -22.6814954,65.0675479 -22.6810153,65.0672631 -22.6811875,65.0669103 -22.6814249,65.0667684</coordinates></LinearRing></innerBoundaryIs><innerBoundaryIs><LinearRing><coordinates>-22.6787593,65.0680211 -22.6789898,65.0685447 -22.6789207,65.0689936 -22.6777647,65.0684309 -22.6775277,65.0679832 -22.6773678,65.0676571 -22.6775879,65.0675199 -22.6781656,65.0676317 -22.6787593,65.0680211</coordinates></LinearRing></innerBoundaryIs><innerBoundaryIs><LinearRing><coordinates>-22.5480556,65.0687875 -22.5450861,65.0694051 -22.5432327,65.0697238 -22.5428934,65.0695796 -22.5436842,65.0683399 -22.5472383,65.0670115 -22.5478054,65.0669841 -22.5486234,65.0683692 -22.5480556,65.0687875</coordinates></LinearRing></innerBoundaryIs><innerBoundaryIs><LinearRing><coordinates>-22.4899741,65.0694427 -22.4899102,65.0698012 -22.4889756,65.0697927 -22.4888327,65.0693666 -22.4889085,65.0689467 -22.4892854,65.0688138 -22.4897696,65.069048 -22.4899741,65.0694427</coordinates></LinearRing></innerBoundaryIs><innerBoundaryIs><LinearRing><coordinates>-22.4944595,65.0693234 -22.4963706,65.0693454 -22.4971288,65.0703443 -22.493541,65.0703641 -22.4936908,65.0696269 -22.4944595,65.0693234</coordinates></LinearRing></innerBoundaryIs><innerBoundaryIs><LinearRing><coordinates>-22.4840327,65.0694417 -22.4838355,65.0692838 -22.4801921,65.0702723 -22.4730681,65.0695667 -22.4749591,65.0682832 -22.4791189,65.0678644 -22.4800087,65.0679334 -22.4830307,65.0681049 -22.4833817,65.0682443 -22.4859532,65.0703624 -22.4840327,65.0694417</coordinates></LinearRing></innerBoundaryIs><innerBoundaryIs><LinearRing><coordinates>-22.4838837,65.0678427 -22.484322,65.0676732 -22.4846653,65.0676966 -22.4847302,65.0678695 -22.4845865,65.0680757 -22.4836434,65.0680686 -22.4838837,65.0678427</coordinates></LinearRing></innerBoundaryIs><innerBoundaryIs><LinearRing><coordinates>-22.5265284,65.0680959 -22.5269066,65.0678442 -22.5275434,65.0678761 -22.5281037,65.0681412 -22.5281504,65.0685017 -22.5277115,65.0688986 -22.5266486,65.0689698 -22.5264816,65.068547 -22.5265284,65.0680959</coordinates></LinearRing></innerBoundaryIs><innerBoundaryIs><LinearRing><coordinates>-22.5174661,65.0686458 -22.5165237,65.0677021 -22.5191383,65.0673027 -22.5225883,65.0675994 -22.5214508,65.067878 -22.5174661,65.0686458</coordinates></LinearRing></innerBoundaryIs><innerBoundaryIs><LinearRing><coordinates>-22.5085804,65.0675904 -22.5082368,65.0677518 -22.5076513,65.0678844 -22.5069752,65.06805 -22.5059973,65.0675642 -22.5070955,65.0673459 -22.5080417,65.0672885 -22.5085483,65.0674005 -22.5085804,65.0675904</coordinates></LinearRing></innerBoundaryIs><innerBoundaryIs><LinearRing><coordinates>-22.5196269,65.0643293 -22.5190823,65.0646871 -22.516065,65.0647408 -22.5158818,65.0645496 -22.515942,65.0643554 -22.5164324,65.0641983 -22.5173419,65.0640687 -22.5183665,65.0639461 -22.519284,65.0639246 -22.5197407,65.0640565 -22.5196269,65.0643293</coordinates></LinearRing></innerBoundaryIs><innerBoundaryIs><LinearRing><coordinates>-22.5322946,65.063412 -22.5321474,65.0636194 -22.5316674,65.0634167 -22.5318394,65.0632197 -22.5320768,65.063135 -22.5322762,65.0632193 -22.5322946,65.063412</coordinates></LinearRing></innerBoundaryIs><innerBoundaryIs><LinearRing><coordinates>-22.5289956,65.063571 -22.5264225,65.0635595 -22.5261168,65.0632765 -22.5263788,65.0630801 -22.527225,65.0629447 -22.5282558,65.0628256 -22.5291886,65.0628076 -22.529653,65.0629407 -22.5295408,65.0632137 -22.5289956,65.063571</coordinates></LinearRing></innerBoundaryIs><innerBoundaryIs><LinearRing><coordinates>-22.5308549,65.0616276 -22.5307176,65.0612324 -22.5329177,65.0606825 -22.5340219,65.0605323 -22.5347173,65.0605993 -22.5342557,65.0628451 -22.5338969,65.0626192 -22.5308549,65.0616276</coordinates></LinearRing></innerBoundaryIs><innerBoundaryIs><LinearRing><coordinates>-22.5365117,65.0621969 -22.5370218,65.0621716 -22.5377933,65.0624759 -22.5381867,65.062825 -22.5382077,65.0631071 -22.5370728,65.0630141 -22.5365647,65.0625461 -22.5365117,65.0621969</coordinates></LinearRing></innerBoundaryIs><innerBoundaryIs><LinearRing><coordinates>-22.557259,65.0602711 -22.556779,65.0600684 -22.556951,65.0598716 -22.5571883,65.0597867 -22.5573879,65.059871 -22.5574061,65.0600637 -22.557259,65.0602711</coordinates></LinearRing></innerBoundaryIs><innerBoundaryIs><LinearRing><coordinates>-22.5528111,65.0600662 -22.5526466,65.0602673 -22.5510509,65.0602629 -22.5510612,65.0601279 -22.5513393,65.0600029 -22.5518758,65.0598942 -22.5524352,65.059821 -22.5527732,65.0598868 -22.5528111,65.0600662</coordinates></LinearRing></innerBoundaryIs><innerBoundaryIs><LinearRing><coordinates>-22.4806581,65.0565106 -22.4801222,65.0568752 -22.4776545,65.0569514 -22.4775741,65.0567137 -22.4778945,65.0564346 -22.4788396,65.0561838 -22.4800289,65.0561078 -22.4806981,65.0562317 -22.4806581,65.0565106</coordinates></LinearRing></innerBoundaryIs><innerBoundaryIs><LinearRing><coordinates>-22.5806441,65.0551952 -22.5799825,65.0548815 -22.5757763,65.0556681 -22.574439,65.053966 -22.5749201,65.0536451 -22.5769016,65.0544428 -22.5848866,65.0535842 -22.5850778,65.0537452 -22.5834275,65.0558009 -22.5763214,65.0580059 -22.5767227,65.056621 -22.5806441,65.0551952</coordinates></LinearRing></innerBoundaryIs><innerBoundaryIs><LinearRing><coordinates>-22.5063887,65.054975 -22.5055062,65.054975 -22.5053533,65.0547699 -22.5054001,65.054567 -22.5057191,65.0544378 -22.5061758,65.0544378 -22.5064946,65.054567 -22.5065416,65.0547699 -22.5063887,65.054975</coordinates></LinearRing></innerBoundaryIs><innerBoundaryIs><LinearRing><coordinates>-22.5197387,65.0539253 -22.5195915,65.0541328 -22.5191116,65.05393 -22.5192837,65.0537332 -22.5195209,65.0536484 -22.5197206,65.0537326 -22.5197387,65.0539253</coordinates></LinearRing></innerBoundaryIs><innerBoundaryIs><LinearRing><coordinates>-22.5857304,65.0549753 -22.5866843,65.0545655 -22.587586,65.0543063 -22.5882401,65.0542018 -22.5884829,65.0543154 -22.5881379,65.0546331 -22.5872529,65.0550253 -22.586331,65.0553076 -22.5855112,65.0555393 -22.5850368,65.0553997 -22.5857304,65.0549753</coordinates></LinearRing></innerBoundaryIs><innerBoundaryIs><LinearRing><coordinates>-22.5893812,65.0557587 -22.5897228,65.0556766 -22.5899724,65.0559055 -22.5898314,65.05629 -22.5891358,65.0560843 -22.5893812,65.0557587</coordinates></LinearRing></innerBoundaryIs><innerBoundaryIs><LinearRing><coordinates>-22.6444165,65.0558372 -22.6450117,65.0558372 -22.6446222,65.0568969 -22.6429629,65.0569504 -22.6427909,65.0566543 -22.6444165,65.0558372</coordinates></LinearRing></innerBoundaryIs><innerBoundaryIs><LinearRing><coordinates>-22.6183515,65.0546405 -22.6199607,65.0548286 -22.6201051,65.0555784 -22.6183515,65.0546405</coordinates></LinearRing></innerBoundaryIs><innerBoundaryIs><LinearRing><coordinates>-22.6577392,65.0544415 -22.6581382,65.0544415 -22.6583937,65.0545338 -22.6584187,65.0546685 -22.6574587,65.0546685 -22.6574836,65.0545338 -22.6577392,65.0544415</coordinates></LinearRing></innerBoundaryIs><innerBoundaryIs><LinearRing><coordinates>-22.6040012,65.052688 -22.605046,65.0523244 -22.6065826,65.0523636 -22.6083301,65.0532587 -22.6067812,65.0535032 -22.6042441,65.0534909 -22.6040012,65.052688</coordinates></LinearRing></innerBoundaryIs><innerBoundaryIs><LinearRing><coordinates>-22.6170866,65.0528961 -22.6173241,65.0528113 -22.6175236,65.0528955 -22.6175419,65.0530883 -22.6173946,65.0532957 -22.6169146,65.053093 -22.6170866,65.0528961</coordinates></LinearRing></innerBoundaryIs><innerBoundaryIs><LinearRing><coordinates>-22.6223673,65.05373 -22.6226865,65.0536009 -22.623143,65.0536009 -22.623462,65.05373 -22.6235088,65.0539329 -22.6233559,65.0541379 -22.6224734,65.0541379 -22.6223207,65.0539329 -22.6223673,65.05373</coordinates></LinearRing></innerBoundaryIs><innerBoundaryIs><LinearRing><coordinates>-22.6106708,65.0512882 -22.6072766,65.0516465 -22.6084656,65.0504041 -22.6094185,65.0503253 -22.6109504,65.0510457 -22.6106708,65.0512882</coordinates></LinearRing></innerBoundaryIs><innerBoundaryIs><LinearRing><coordinates>-22.463294,65.064283 -22.466678,65.0638111 -22.4675564,65.0637798 -22.4658682,65.0651706 -22.4584854,65.0670365 -22.463294,65.064283</coordinates></LinearRing></innerBoundaryIs><innerBoundaryIs><LinearRing><coordinates>-22.3829466,65.0669476 -22.3827995,65.0672688 -22.3823194,65.0669841 -22.3824914,65.0666313 -22.3827288,65.0664893 -22.3829283,65.0666271 -22.3829466,65.0669476</coordinates></LinearRing></innerBoundaryIs><innerBoundaryIs><LinearRing><coordinates>-22.3808833,65.0692692 -22.3780601,65.0692304 -22.372116,65.0666178 -22.3720016,65.0658109 -22.3725824,65.0654182 -22.3743792,65.0654672 -22.3770674,65.0663397 -22.3778648,65.0667915 -22.3808833,65.0692692</coordinates></LinearRing></innerBoundaryIs><innerBoundaryIs><LinearRing><coordinates>-22.3805311,65.0653082 -22.3810329,65.0650343 -22.3817793,65.0650123 -22.3822342,65.0652294 -22.3821532,65.0656379 -22.3816355,65.0661082 -22.3805861,65.0661818 -22.380432,65.065762 -22.3805311,65.0653082</coordinates></LinearRing></innerBoundaryIs><innerBoundaryIs><LinearRing><coordinates>-22.3829396,65.0644557 -22.3823142,65.0640475 -22.3824635,65.0632308 -22.3826978,65.0628417 -22.3829814,65.0628715 -22.3832712,65.0631382 -22.3835148,65.0635225 -22.3834186,65.0639832 -22.3829396,65.0644557</coordinates></LinearRing></innerBoundaryIs><innerBoundaryIs><LinearRing><coordinates>-22.4707618,65.0659873 -22.471121,65.065677 -22.4718827,65.0654755 -22.4729586,65.065307 -22.4742202,65.0651786 -22.4751501,65.0651433 -22.4755777,65.0653538 -22.4755265,65.0657545 -22.4750124,65.0660539 -22.4741414,65.0662277 -22.4732205,65.0663934 -22.4709146,65.0663701 -22.4707618,65.0659873</coordinates></LinearRing></innerBoundaryIs><innerBoundaryIs><LinearRing><coordinates>-22.403632,65.069698 -22.4041653,65.0695202 -22.4060951,65.070104 -22.4060162,65.0703444 -22.4037153,65.0703421 -22.403632,65.069698</coordinates></LinearRing></innerBoundaryIs><innerBoundaryIs><LinearRing><coordinates>-22.4366797,65.0707533 -22.4369169,65.0706685 -22.4371165,65.0707527 -22.4371347,65.0709455 -22.4369876,65.0711529 -22.4365075,65.0709502 -22.4366797,65.0707533</coordinates></LinearRing></innerBoundaryIs><innerBoundaryIs><LinearRing><coordinates>-22.4946203,65.0706555 -22.4959323,65.0707732 -22.4946717,65.0717862 -22.4891963,65.0723686 -22.4885672,65.0722373 -22.4898489,65.070966 -22.4946203,65.0706555</coordinates></LinearRing></innerBoundaryIs><innerBoundaryIs><LinearRing><coordinates>-22.5091962,65.0716538 -22.5084929,65.0725207 -22.5061686,65.0725544 -22.5060006,65.072178 -22.5080932,65.0715502 -22.5091962,65.0716538</coordinates></LinearRing></innerBoundaryIs><innerBoundaryIs><LinearRing><coordinates>-22.6891174,65.0710955 -22.6893547,65.0709536 -22.6895543,65.0710915 -22.6895725,65.0714118 -22.6894253,65.0717332 -22.6889452,65.0714484 -22.6891174,65.0710955</coordinates></LinearRing></innerBoundaryIs><innerBoundaryIs><LinearRing><coordinates>-22.6999936,65.0711703 -22.7006303,65.0712465 -22.7012376,65.0715683 -22.7014645,65.071974 -22.7013893,65.0723205 -22.7003264,65.0722445 -22.6997957,65.0717711 -22.6996622,65.0713654 -22.6999936,65.0711703</coordinates></LinearRing></innerBoundaryIs><innerBoundaryIs><LinearRing><coordinates>-22.5336586,65.07377 -22.5346361,65.0755566 -22.5293514,65.0767008 -22.5291218,65.0763715 -22.5289882,65.0757194 -22.5260657,65.0751936 -22.5296425,65.0735714 -22.5246623,65.0732052 -22.5293117,65.0724078 -22.5302212,65.0732856 -22.538696,65.071541 -22.5393623,65.0718184 -22.5336586,65.07377</coordinates></LinearRing></innerBoundaryIs><innerBoundaryIs><LinearRing><coordinates>-22.678408,65.0731221 -22.6855927,65.0726459 -22.6862894,65.0729486 -22.6860032,65.0738422 -22.6806341,65.0767382 -22.6738656,65.0772665 -22.674437,65.0795105 -22.6740853,65.0797441 -22.6723114,65.0802817 -22.668559,65.0801955 -22.6682864,65.0799441 -22.6689802,65.0777097 -22.6700176,65.0772578 -22.6732715,65.0752394 -22.678408,65.0731221</coordinates></LinearRing></innerBoundaryIs><innerBoundaryIs><LinearRing><coordinates>-22.7003736,65.0764023 -22.7008756,65.0761994 -22.7016218,65.0761774 -22.7020767,65.0763235 -22.7019958,65.0766052 -22.7014781,65.0769666 -22.7004287,65.0770403 -22.7002745,65.0767294 -22.7003736,65.0764023</coordinates></LinearRing></innerBoundaryIs><innerBoundaryIs><LinearRing><coordinates>-22.7258483,65.0801888 -22.7259954,65.0805733 -22.7213637,65.081797 -22.7221339,65.0799158 -22.7258483,65.0801888</coordinates></LinearRing></innerBoundaryIs><innerBoundaryIs><LinearRing><coordinates>-22.6882703,65.0812767 -22.6881175,65.0814816 -22.6872348,65.0814816 -22.6870821,65.0812767 -22.6871289,65.0810736 -22.687448,65.0809447 -22.6879044,65.0809447 -22.6882236,65.0810736 -22.6882703,65.0812767</coordinates></LinearRing></innerBoundaryIs><innerBoundaryIs><LinearRing><coordinates>-22.5265269,65.0814486 -22.5258789,65.0806299 -22.5273172,65.0795794 -22.5288544,65.0781229 -22.5300173,65.0779153 -22.534428,65.078482 -22.5353895,65.0796943 -22.5364376,65.0777549 -22.5378516,65.078674 -22.5434602,65.0777912 -22.5393224,65.0805678 -22.5333935,65.0795708 -22.5281416,65.0810655 -22.5265269,65.0814486</coordinates></LinearRing></innerBoundaryIs><innerBoundaryIs><LinearRing><coordinates>-22.5554643,65.0755788 -22.5554413,65.0758848 -22.5551372,65.0761009 -22.5547093,65.0762246 -22.5543307,65.0763792 -22.5538867,65.076619 -22.5531092,65.07688 -22.5521147,65.0770808 -22.5511564,65.0772777 -22.5506265,65.0771327 -22.5515532,65.0764554 -22.552772,65.0758547 -22.5538245,65.0755066 -22.554606,65.0753473 -22.5551692,65.075371 -22.5554643,65.0755788</coordinates></LinearRing></innerBoundaryIs><innerBoundaryIs><LinearRing><coordinates>-22.5237374,65.0764707 -22.5239094,65.0761178 -22.5241467,65.0759758 -22.5243464,65.0761138 -22.5243645,65.0764343 -22.5242174,65.0767555 -22.5237374,65.0764707</coordinates></LinearRing></innerBoundaryIs><innerBoundaryIs><LinearRing><coordinates>-22.469913,65.0882374 -22.4705063,65.0879894 -22.4711297,65.0879354 -22.471494,65.0881133 -22.471535,65.0884404 -22.4713666,65.0887573 -22.4697682,65.0887597 -22.4696918,65.0885192 -22.469913,65.0882374</coordinates></LinearRing></innerBoundaryIs><innerBoundaryIs><LinearRing><coordinates>-22.4789668,65.0891653 -22.479286,65.0890361 -22.4797425,65.0890361 -22.4800615,65.0891653 -22.4801081,65.0893682 -22.4799556,65.0895731 -22.4790729,65.0895731 -22.4789201,65.0893682 -22.4789668,65.0891653</coordinates></LinearRing></innerBoundaryIs><innerBoundaryIs><LinearRing><coordinates>-22.4705739,65.0907485 -22.4711672,65.0905005 -22.4717904,65.0904465 -22.4721549,65.0906245 -22.4721957,65.0909514 -22.4720275,65.0912685 -22.4704289,65.0912709 -22.4703525,65.0910304 -22.4705739,65.0907485</coordinates></LinearRing></innerBoundaryIs><innerBoundaryIs><LinearRing><coordinates>-22.4507945,65.0932689 -22.450994,65.0933532 -22.4510123,65.0935459 -22.4508651,65.0937533 -22.450385,65.0935506 -22.4505572,65.0933537 -22.4507945,65.0932689</coordinates></LinearRing></innerBoundaryIs><innerBoundaryIs><LinearRing><coordinates>-22.4477081,65.0938247 -22.4475609,65.0940324 -22.4470809,65.0938298 -22.4472529,65.0936328 -22.4474903,65.0935479 -22.4476898,65.0936322 -22.4477081,65.0938247</coordinates></LinearRing></innerBoundaryIs><innerBoundaryIs><LinearRing><coordinates>-22.4790487,65.0955784 -22.4790143,65.0952967 -22.4796382,65.0951505 -22.4806607,65.0951726 -22.4813315,65.0953755 -22.4814774,65.0957026 -22.4813209,65.0960135 -22.479569,65.0959398 -22.4790487,65.0955784</coordinates></LinearRing></innerBoundaryIs><innerBoundaryIs><LinearRing><coordinates>-22.484901,65.0963269 -22.485105,65.0973116 -22.4818428,65.09786 -22.4755234,65.0972236 -22.4824551,65.0965948 -22.484901,65.0963269</coordinates></LinearRing></innerBoundaryIs><innerBoundaryIs><LinearRing><coordinates>-22.4722149,65.0984964 -22.4692276,65.098473 -22.4679455,65.0981764 -22.4689025,65.0970302 -22.4719063,65.0971771 -22.4722149,65.0984964</coordinates></LinearRing></innerBoundaryIs><innerBoundaryIs><LinearRing><coordinates>-22.4581432,65.0972073 -22.4585969,65.0968972 -22.4642401,65.0969976 -22.4601976,65.098682 -22.4581432,65.0972073</coordinates></LinearRing></innerBoundaryIs><innerBoundaryIs><LinearRing><coordinates>-22.4611151,65.1027654 -22.4611874,65.1023755 -22.4660537,65.1018928 -22.4676784,65.1020029 -22.4676282,65.1021878 -22.4632446,65.1032283 -22.4616708,65.1032155 -22.4611151,65.1027654</coordinates></LinearRing></innerBoundaryIs><innerBoundaryIs><LinearRing><coordinates>-22.4640235,65.1036 -22.46849,65.1035944 -22.4700648,65.1058192 -22.4672703,65.1057984 -22.4659714,65.1045465 -22.4640235,65.1036</coordinates></LinearRing></innerBoundaryIs><innerBoundaryIs><LinearRing><coordinates>-22.5964764,65.1046644 -22.5971472,65.1046644 -22.5975749,65.104757 -22.5976747,65.1048918 -22.5959491,65.1048918 -22.5960488,65.104757 -22.5964764,65.1046644</coordinates></LinearRing></innerBoundaryIs><innerBoundaryIs><LinearRing><coordinates>-22.4922949,65.1061604 -22.4911661,65.1075794 -22.4866899,65.1094861 -22.4831523,65.109091 -22.4783107,65.1119183 -22.4727054,65.1127851 -22.4694091,65.1154885 -22.4644387,65.1148467 -22.4638993,65.114488 -22.4649994,65.1134803 -22.4662821,65.1130074 -22.4736331,65.1105257 -22.4731407,65.109493 -22.4751995,65.1098604 -22.486456,65.1065387 -22.4848648,65.1055471 -22.4855062,65.1052548 -22.4897509,65.104883 -22.4919899,65.1059391 -22.4922949,65.1061604</coordinates></LinearRing></innerBoundaryIs><innerBoundaryIs><LinearRing><coordinates>-22.4852504,65.1117408 -22.4855376,65.1115088 -22.4859114,65.1113429 -22.4864724,65.1112142 -22.48713,65.1110996 -22.4877226,65.111105 -22.4880772,65.1112891 -22.4880943,65.1115853 -22.4877318,65.1118282 -22.4869858,65.1120529 -22.4859555,65.1123701 -22.4848784,65.1120086 -22.4852504,65.1117408</coordinates></LinearRing></innerBoundaryIs><innerBoundaryIs><LinearRing><coordinates>-22.4825795,65.11503 -22.4843811,65.1135894 -22.4841295,65.1167072 -22.4767144,65.1187772 -22.4754366,65.1184757 -22.4733852,65.1184433 -22.4729354,65.118237 -22.4726301,65.1166654 -22.4785733,65.1154524 -22.4825795,65.11503</coordinates></LinearRing></innerBoundaryIs><innerBoundaryIs><LinearRing><coordinates>-22.4868997,65.1152449 -22.487451,65.1149132 -22.4879218,65.1149904 -22.4880404,65.1153961 -22.48791,65.1158241 -22.4867722,65.1157348 -22.4868997,65.1152449</coordinates></LinearRing></innerBoundaryIs><innerBoundaryIs><LinearRing><coordinates>-22.4555509,65.1134233 -22.4492881,65.1147068 -22.4525805,65.1131954 -22.45529,65.1125501 -22.4563678,65.1126881 -22.4555509,65.1134233</coordinates></LinearRing></innerBoundaryIs><innerBoundaryIs><LinearRing><coordinates>-22.4516731,65.1119611 -22.4515259,65.1121686 -22.4510458,65.1119658 -22.451218,65.1117688 -22.4514554,65.1116842 -22.4516547,65.1117682 -22.4516731,65.1119611</coordinates></LinearRing></innerBoundaryIs><innerBoundaryIs><LinearRing><coordinates>-22.4606796,65.1104429 -22.4558978,65.1113824 -22.4575835,65.11002 -22.4589214,65.1097697 -22.4610701,65.1101905 -22.4606796,65.1104429</coordinates></LinearRing></innerBoundaryIs><innerBoundaryIs><LinearRing><coordinates>-22.4631277,65.1085926 -22.4632053,65.1077189 -22.4642138,65.1074451 -22.4667506,65.1076401 -22.4662842,65.108519 -22.4631277,65.1085926</coordinates></LinearRing></innerBoundaryIs><innerBoundaryIs><LinearRing><coordinates>-22.4703999,65.1081342 -22.4707572,65.1079987 -22.4711396,65.1080056 -22.4712129,65.1081752 -22.4708652,65.1084673 -22.470174,65.1083539 -22.4703999,65.1081342</coordinates></LinearRing></innerBoundaryIs><innerBoundaryIs><LinearRing><coordinates>-22.4715137,65.1063741 -22.4713699,65.1065801 -22.4704266,65.1065729 -22.4706671,65.1063472 -22.4711052,65.1061776 -22.4714487,65.1062011 -22.4715137,65.1063741</coordinates></LinearRing></innerBoundaryIs><innerBoundaryIs><LinearRing><coordinates>-22.4944065,65.1052525 -22.4950666,65.1049892 -22.4955759,65.1049426 -22.4955137,65.1051692 -22.4947971,65.1056172 -22.4939111,65.1055859 -22.4944065,65.1052525</coordinates></LinearRing></innerBoundaryIs><innerBoundaryIs><LinearRing><coordinates>-22.4979131,65.10563 -22.4979312,65.1058226 -22.4977841,65.1060301 -22.497304,65.1058275 -22.4974762,65.1056305 -22.4977134,65.1055458 -22.4979131,65.10563</coordinates></LinearRing></innerBoundaryIs><innerBoundaryIs><LinearRing><coordinates>-22.4397976,65.1082557 -22.4396448,65.1085696 -22.4387621,65.1085696 -22.4386092,65.1082557 -22.438656,65.1079261 -22.4389752,65.1077259 -22.4394317,65.1077259 -22.4397507,65.1079261 -22.4397976,65.1082557</coordinates></LinearRing></innerBoundaryIs><innerBoundaryIs><LinearRing><coordinates>-22.5618171,65.1212641 -22.5625544,65.1225421 -22.5602369,65.1224682 -22.5597028,65.1220157 -22.5604188,65.1212639 -22.5618171,65.1212641</coordinates></LinearRing></innerBoundaryIs><innerBoundaryIs><LinearRing><coordinates>-22.5228992,65.121999 -22.5223708,65.1224597 -22.5213665,65.1225214 -22.5211998,65.1222219 -22.5212359,65.1218997 -22.5215774,65.1216654 -22.5221565,65.1215233 -22.5227352,65.1214658 -22.5230381,65.1216207 -22.5228992,65.121999</coordinates></LinearRing></innerBoundaryIs><innerBoundaryIs><LinearRing><coordinates>-22.4876631,65.123093 -22.4876102,65.1227438 -22.4881203,65.1227185 -22.4888918,65.1230227 -22.4892852,65.123372 -22.489306,65.123654 -22.4881713,65.123561 -22.4876631,65.123093</coordinates></LinearRing></innerBoundaryIs><innerBoundaryIs><LinearRing><coordinates>-22.6068358,65.1271479 -22.6063083,65.1270051 -22.6078196,65.1260186 -22.6081848,65.1259512 -22.6096694,65.1264673 -22.6068358,65.1271479</coordinates></LinearRing></innerBoundaryIs><innerBoundaryIs><LinearRing><coordinates>-22.6195887,65.1255594 -22.6150149,65.1260452 -22.6172494,65.1250554 -22.6195887,65.1255594</coordinates></LinearRing></innerBoundaryIs><innerBoundaryIs><LinearRing><coordinates>-22.6161948,65.1233813 -22.6144162,65.1233026 -22.6137309,65.1224231 -22.6157923,65.12275 -22.6161948,65.1233813</coordinates></LinearRing></innerBoundaryIs><innerBoundaryIs><LinearRing><coordinates>-22.6210517,65.1220926 -22.6212891,65.1220078 -22.6214885,65.122092 -22.6215069,65.1222847 -22.6213597,65.1224921 -22.6208796,65.1222895 -22.6210517,65.1220926</coordinates></LinearRing></innerBoundaryIs><innerBoundaryIs><LinearRing><coordinates>-22.6129161,65.102383 -22.6127688,65.102704 -22.6122888,65.1024193 -22.6124609,65.1020666 -22.6126983,65.1019247 -22.6128978,65.1020625 -22.6129161,65.102383</coordinates></LinearRing></innerBoundaryIs><innerBoundaryIs><LinearRing><coordinates>-22.7356362,65.0585248 -22.732656,65.0583451 -22.7325885,65.0580527 -22.7384243,65.0567698 -22.7363574,65.0585438 -22.7356362,65.0585248</coordinates></LinearRing></innerBoundaryIs><innerBoundaryIs><LinearRing><coordinates>-22.6928644,65.0468338 -22.6919335,65.0469062 -22.6914321,65.046139 -22.691908,65.0459421 -22.6935452,65.0462065 -22.6928644,65.0468338</coordinates></LinearRing></innerBoundaryIs><innerBoundaryIs><LinearRing><coordinates>-22.6239935,65.0473084 -22.6234772,65.0476702 -22.6228197,65.0474772 -22.6230323,65.0471055 -22.6233956,65.0468943 -22.6238532,65.0468755 -22.6241266,65.0470254 -22.6239935,65.0473084</coordinates></LinearRing></innerBoundaryIs><innerBoundaryIs><LinearRing><coordinates>-22.600678,65.0452344 -22.6008435,65.044717 -22.6046104,65.0448271 -22.6054837,65.0445677 -22.6117125,65.0409256 -22.6138005,65.0410151 -22.6099097,65.0448296 -22.5979778,65.047182 -22.600678,65.0452344</coordinates></LinearRing></innerBoundaryIs><innerBoundaryIs><LinearRing><coordinates>-22.5609821,65.0438755 -22.5609914,65.0441899 -22.5607886,65.0444613 -22.5605068,65.0446774 -22.5596904,65.0446949 -22.5595291,65.0442719 -22.5595796,65.043822 -22.5599462,65.043575 -22.5605283,65.0436136 -22.5609821,65.0438755</coordinates></LinearRing></innerBoundaryIs><innerBoundaryIs><LinearRing><coordinates>-22.6687986,65.0413843 -22.6694092,65.0411049 -22.6701455,65.0409172 -22.6707692,65.040849 -22.6711161,65.0409915 -22.6711164,65.0412803 -22.6707839,65.0415103 -22.6702113,65.0416647 -22.6695431,65.0418313 -22.6686797,65.0418854 -22.6685894,65.0416585 -22.6687986,65.0413843</coordinates></LinearRing></innerBoundaryIs><innerBoundaryIs><LinearRing><coordinates>-22.6138561,65.0463639 -22.6133947,65.0462579 -22.613072,65.046104 -22.6130716,65.045909 -22.6134411,65.0457937 -22.6140749,65.0458761 -22.6146733,65.0461869 -22.6148957,65.0465848 -22.6148188,65.0469276 -22.6144176,65.0466995 -22.614212,65.0465035 -22.6138561,65.0463639</coordinates></LinearRing></innerBoundaryIs><innerBoundaryIs><LinearRing><coordinates>-22.6647286,65.0461949 -22.6651177,65.0462915 -22.6651635,65.046584 -22.664993,65.0468922 -22.6640539,65.0463196 -22.6647286,65.0461949</coordinates></LinearRing></innerBoundaryIs><innerBoundaryIs><LinearRing><coordinates>-22.6122552,65.0469497 -22.6121081,65.0471574 -22.6116281,65.0469548 -22.6118001,65.0467578 -22.6120374,65.0466729 -22.6122369,65.0467572 -22.6122552,65.0469497</coordinates></LinearRing></innerBoundaryIs><innerBoundaryIs><LinearRing><coordinates>-22.5847692,65.0390625 -22.5842561,65.0393066 -22.5835952,65.0395159 -22.5829343,65.0395159 -22.5822736,65.0393066 -22.5819432,65.0390625 -22.5827978,65.0390625 -22.5829856,65.038888 -22.5833611,65.0388184 -22.5842059,65.0388184 -22.5845814,65.038888 -22.5847692,65.0390625</coordinates></LinearRing></innerBoundaryIs><innerBoundaryIs><LinearRing><coordinates>-22.5796757,65.0380014 -22.5796009,65.0376548 -22.5798267,65.0372488 -22.5804305,65.0369272 -22.5810636,65.036851 -22.5813931,65.037046 -22.5812604,65.0374519 -22.5807327,65.0379252 -22.5796757,65.0380014</coordinates></LinearRing></innerBoundaryIs><innerBoundaryIs><LinearRing><coordinates>-22.6528956,65.0361907 -22.6556879,65.0364773 -22.6555191,65.0367151 -22.6484483,65.0373518 -22.6499438,65.0364618 -22.6528956,65.0361907</coordinates></LinearRing></innerBoundaryIs><innerBoundaryIs><LinearRing><coordinates>-22.670718,65.0355995 -22.6727347,65.035571 -22.6728048,65.035821 -22.66861,65.0373259 -22.6685109,65.0364465 -22.670718,65.0355995</coordinates></LinearRing></innerBoundaryIs><innerBoundaryIs><LinearRing><coordinates>-22.6851723,65.0352889 -22.6872891,65.0353242 -22.679943,65.037593 -22.6792939,65.0373958 -22.6794829,65.0368938 -22.6851723,65.0352889</coordinates></LinearRing></innerBoundaryIs><innerBoundaryIs><LinearRing><coordinates>-22.6882541,65.0357817 -22.6887357,65.0355988 -22.6891103,65.0356804 -22.6891859,65.0359752 -22.6890436,65.036289 -22.6881144,65.0362974 -22.6880507,65.0360512 -22.6882541,65.0357817</coordinates></LinearRing></innerBoundaryIs><innerBoundaryIs><LinearRing><coordinates>-22.6570008,65.0371891 -22.657172,65.0369921 -22.6574079,65.0369073 -22.6576064,65.0369915 -22.6576246,65.0371842 -22.6574782,65.0373917 -22.6570008,65.0371891</coordinates></LinearRing></innerBoundaryIs><innerBoundaryIs><LinearRing><coordinates>-22.6909822,65.0347527 -22.6904689,65.0351145 -22.689815,65.0349214 -22.6900264,65.0345498 -22.6903877,65.0343385 -22.6908427,65.0343198 -22.6911145,65.0344696 -22.6909822,65.0347527</coordinates></LinearRing></innerBoundaryIs><innerBoundaryIs><LinearRing><coordinates>-22.742413,65.0212023 -22.7422612,65.021516 -22.7413836,65.021516 -22.7412316,65.0212023 -22.7412781,65.0208725 -22.7415955,65.0206724 -22.7420495,65.0206724 -22.7423666,65.0208725 -22.742413,65.0212023</coordinates></LinearRing></innerBoundaryIs><innerBoundaryIs><LinearRing><coordinates>-22.6979306,65.0241284 -22.6966773,65.0243469 -22.6954129,65.0245494 -22.6950626,65.0243326 -22.6952165,65.0239688 -22.6955615,65.0237299 -22.6961998,65.0235862 -22.6971123,65.0234962 -22.6980928,65.0235677 -22.6985261,65.0238301 -22.6979306,65.0241284</coordinates></LinearRing></innerBoundaryIs><innerBoundaryIs><LinearRing><coordinates>-22.6037402,65.0282557 -22.6035939,65.0284632 -22.6031165,65.0282604 -22.6032876,65.0280635 -22.6035237,65.0279787 -22.603722,65.0280631 -22.6037402,65.0282557</coordinates></LinearRing></innerBoundaryIs><innerBoundaryIs><LinearRing><coordinates>-22.6068769,65.0274819 -22.6063634,65.0278451 -22.6056926,65.0277247 -22.6061316,65.027414 -22.6066685,65.0272015 -22.6069934,65.0272321 -22.6068769,65.0274819</coordinates></LinearRing></innerBoundaryIs><innerBoundaryIs><LinearRing><coordinates>-22.6162853,65.0186591 -22.6159607,65.0188966 -22.6153808,65.0190606 -22.6147065,65.0192333 -22.6141798,65.0190876 -22.6148555,65.018681 -22.6156795,65.0183758 -22.6162139,65.0183964 -22.6162853,65.0186591</coordinates></LinearRing></innerBoundaryIs><innerBoundaryIs><LinearRing><coordinates>-22.6678065,65.0173838 -22.6618767,65.0181429 -22.6674871,65.0154124 -22.6702601,65.015214 -22.6715285,65.015871 -22.6678065,65.0173838</coordinates></LinearRing></innerBoundaryIs><innerBoundaryIs><LinearRing><coordinates>-22.666373,65.0124944 -22.6655112,65.0126492 -22.664596,65.012814 -22.6640831,65.012693 -22.6647851,65.0122612 -22.6657159,65.0118856 -22.6665025,65.0117735 -22.6669085,65.0119431 -22.6668721,65.0122555 -22.666373,65.0124944</coordinates></LinearRing></innerBoundaryIs><innerBoundaryIs><LinearRing><coordinates>-22.6679693,65.0117602 -22.6684051,65.0115906 -22.6687467,65.011614 -22.6688113,65.0117871 -22.6686683,65.0119931 -22.6677304,65.011986 -22.6679693,65.0117602</coordinates></LinearRing></innerBoundaryIs><innerBoundaryIs><LinearRing><coordinates>-22.4933482,65.0511428 -22.4931929,65.0513477 -22.4916079,65.0513477 -22.4914525,65.0511428 -22.491546,65.0509397 -22.492034,65.0508106 -22.4927669,65.0508106 -22.4932547,65.0509397 -22.4933482,65.0511428</coordinates></LinearRing></innerBoundaryIs><innerBoundaryIs><LinearRing><coordinates>-22.5031059,65.0495378 -22.5002598,65.0502148 -22.5,65.0502232 -22.4970922,65.0498046 -22.5,65.0493861 -22.5014559,65.0491652 -22.5032337,65.0492804 -22.5031059,65.0495378</coordinates></LinearRing></innerBoundaryIs><innerBoundaryIs><LinearRing><coordinates>-22.4113624,65.0522512 -22.4112151,65.0524586 -22.4107351,65.0522559 -22.4109071,65.0520591 -22.4111446,65.0519742 -22.4113441,65.0520585 -22.4113624,65.0522512</coordinates></LinearRing></innerBoundaryIs><innerBoundaryIs><LinearRing><coordinates>-22.458443,65.0476696 -22.4579254,65.0473083 -22.4578444,65.0470266 -22.4582993,65.0468804 -22.4590456,65.0469025 -22.4595475,65.0471054 -22.4596467,65.0474325 -22.4594924,65.0477434 -22.458443,65.0476696</coordinates></LinearRing></innerBoundaryIs><innerBoundaryIs><LinearRing><coordinates>-22.4635592,65.0452451 -22.4637719,65.0448734 -22.4641351,65.0446622 -22.4645928,65.0446435 -22.464866,65.0447932 -22.4647331,65.0450763 -22.4642168,65.0454381 -22.4635592,65.0452451</coordinates></LinearRing></innerBoundaryIs><innerBoundaryIs><LinearRing><coordinates>-22.2657003,65.0523583 -22.2645359,65.0533016 -22.2617303,65.0532867 -22.2604938,65.0529389 -22.2604291,65.0516818 -22.263344,65.0514731 -22.2657814,65.0515394 -22.2657003,65.0523583</coordinates></LinearRing></innerBoundaryIs><innerBoundaryIs><LinearRing><coordinates>-22.2753617,65.0513222 -22.2703735,65.051316 -22.2682809,65.0508604 -22.2681143,65.0505124 -22.2723612,65.0494395 -22.2728868,65.0494395 -22.2752109,65.050845 -22.2753617,65.0513222</coordinates></LinearRing></innerBoundaryIs><innerBoundaryIs><LinearRing><coordinates>-22.2889719,65.048834 -22.2860918,65.0488805 -22.2864918,65.0477555 -22.2880256,65.0480624 -22.2889719,65.048834</coordinates></LinearRing></innerBoundaryIs><innerBoundaryIs><LinearRing><coordinates>-22.2343628,65.0453829 -22.2347929,65.0452079 -22.2373204,65.0446821 -22.2400301,65.0453577 -22.2393628,65.0469949 -22.2342501,65.0467596 -22.2332898,65.0470597 -22.2343628,65.0453829</coordinates></LinearRing></innerBoundaryIs><innerBoundaryIs><LinearRing><coordinates>-22.242389,65.044589 -22.2427082,65.044389 -22.2431647,65.044389 -22.2434837,65.044589 -22.2435305,65.0449187 -22.2433778,65.0452327 -22.2424951,65.0452327 -22.2423424,65.0449187 -22.242389,65.044589</coordinates></LinearRing></innerBoundaryIs><innerBoundaryIs><LinearRing><coordinates>-21.7815183,65.0447509 -21.7822095,65.0443294 -21.7830377,65.0440285 -21.7835253,65.0441269 -21.7834476,65.0446037 -21.7829248,65.0451806 -21.7815183,65.0447509</coordinates></LinearRing></innerBoundaryIs><innerBoundaryIs><LinearRing><coordinates>-21.7870759,65.0438185 -21.7873951,65.0435476 -21.7878515,65.0435476 -21.7881706,65.0438185 -21.7882174,65.044275 -21.7880647,65.0446978 -21.787182,65.0446978 -21.7870291,65.044275 -21.7870759,65.0438185</coordinates></LinearRing></innerBoundaryIs><innerBoundaryIs><LinearRing><coordinates>-22.0858608,65.0422283 -22.0857583,65.0409352 -22.0879788,65.0401936 -22.0886132,65.0401837 -22.0876122,65.0417734 -22.0858608,65.0422283</coordinates></LinearRing></innerBoundaryIs><innerBoundaryIs><LinearRing><coordinates>-22.1319551,65.0412127 -22.1284688,65.0409021 -22.1258405,65.0409588 -22.125405,65.0407752 -22.1260519,65.0399247 -22.132588,65.0400547 -22.1319551,65.0412127</coordinates></LinearRing></innerBoundaryIs><innerBoundaryIs><LinearRing><coordinates>-22.2114148,65.0395089 -22.210842,65.0393043 -22.2105556,65.0390625 -22.2108645,65.0390625 -22.2109739,65.0388951 -22.211193,65.0388393 -22.211412,65.0388951 -22.2115216,65.0390625 -22.2118773,65.0390625 -22.2117232,65.0394903 -22.2114148,65.0395089</coordinates></LinearRing></innerBoundaryIs><innerBoundaryIs><LinearRing><coordinates>-22.1432443,65.0333081 -22.1432309,65.0337117 -22.1414022,65.0337921 -22.1412432,65.033473 -22.1413437,65.0331414 -22.1418728,65.0329571 -22.1426976,65.0330147 -22.1432443,65.0333081</coordinates></LinearRing></innerBoundaryIs><innerBoundaryIs><LinearRing><coordinates>-21.7955533,65.0392019 -21.7955607,65.0390625 -21.7964466,65.0382878 -21.796875,65.0382254 -21.7975357,65.0392019 -21.7955533,65.0392019</coordinates></LinearRing></innerBoundaryIs><innerBoundaryIs><LinearRing><coordinates>-21.8058563,65.0374202 -21.8049788,65.0374202 -21.8048269,65.0371062 -21.8048733,65.0367765 -21.8051906,65.0365765 -21.8056446,65.0365765 -21.8059618,65.0367765 -21.8060085,65.0371062 -21.8058563,65.0374202</coordinates></LinearRing></innerBoundaryIs><innerBoundaryIs><LinearRing><coordinates>-21.9579294,65.0296561 -21.9581528,65.029411 -21.9608637,65.0285257 -21.9615204,65.0284309 -21.9629123,65.0304836 -21.9579294,65.0296561</coordinates></LinearRing></innerBoundaryIs><innerBoundaryIs><LinearRing><coordinates>-21.7928801,65.0282604 -21.7930511,65.0280635 -21.7932872,65.0279787 -21.7934855,65.0280631 -21.7935036,65.0282557 -21.7933573,65.0284632 -21.7928801,65.0282604</coordinates></LinearRing></innerBoundaryIs><innerBoundaryIs><LinearRing><coordinates>-21.9464777,65.0268168 -21.944113,65.0262198 -21.9444551,65.0257252 -21.9457211,65.025828 -21.9464777,65.0268168</coordinates></LinearRing></innerBoundaryIs><innerBoundaryIs><LinearRing><coordinates>-21.942525,65.0259519 -21.9420475,65.0257493 -21.9422187,65.0255523 -21.9424548,65.0254676 -21.9426531,65.0255519 -21.9426712,65.0257446 -21.942525,65.0259519</coordinates></LinearRing></innerBoundaryIs><innerBoundaryIs><LinearRing><coordinates>-21.7946827,65.0276309 -21.7852761,65.0266758 -21.7850865,65.0264182 -21.7882682,65.026134 -21.7907195,65.0261464 -21.7946827,65.0276309</coordinates></LinearRing></innerBoundaryIs><innerBoundaryIs><LinearRing><coordinates>-21.9443758,65.1282866 -21.944908,65.1281023 -21.9457374,65.1281596 -21.9462872,65.1284533 -21.9462736,65.1288568 -21.9444346,65.1289372 -21.9442747,65.1286181 -21.9443758,65.1282866</coordinates></LinearRing></innerBoundaryIs><innerBoundaryIs><LinearRing><coordinates>-22.4305322,65.1515542 -22.4318335,65.1516445 -22.4323738,65.1529526 -22.4300451,65.1518317 -22.4305322,65.1515542</coordinates></LinearRing></innerBoundaryIs><innerBoundaryIs><LinearRing><coordinates>-22.4156975,65.1544362 -22.4108992,65.1544657 -22.4098176,65.1554415 -22.4080501,65.1548141 -22.4078918,65.1544296 -22.4183108,65.1521219 -22.4186507,65.1523042 -22.4178756,65.1529421 -22.4156975,65.1544362</coordinates></LinearRing></innerBoundaryIs><innerBoundaryIs><LinearRing><coordinates>-22.411881,65.1551634 -22.4123375,65.1551634 -22.4126565,65.1552925 -22.4127035,65.1554954 -22.4125506,65.1557004 -22.4116679,65.1557004 -22.4115152,65.1554954 -22.411562,65.1552925 -22.411881,65.1551634</coordinates></LinearRing></innerBoundaryIs><innerBoundaryIs><LinearRing><coordinates>-22.3833721,65.1543289 -22.382304,65.1542243 -22.3815197,65.1532623 -22.3819783,65.1529766 -22.3838311,65.1531872 -22.3833721,65.1543289</coordinates></LinearRing></innerBoundaryIs><innerBoundaryIs><LinearRing><coordinates>-22.3686562,65.1543282 -22.3685752,65.1540822 -22.3688049,65.1537988 -22.3694446,65.1535668 -22.3701667,65.1535705 -22.3705878,65.1538413 -22.370495,65.1542394 -22.3686562,65.1543282</coordinates></LinearRing></innerBoundaryIs><innerBoundaryIs><LinearRing><coordinates>-22.3791873,65.1536216 -22.3794246,65.1535367 -22.3796241,65.153621 -22.3796424,65.1538137 -22.3794951,65.1540211 -22.3790152,65.1538184 -22.3791873,65.1536216</coordinates></LinearRing></innerBoundaryIs><innerBoundaryIs><LinearRing><coordinates>-22.412684,65.1526976 -22.4125369,65.1529051 -22.4120568,65.1527025 -22.4122289,65.1525055 -22.4124662,65.1524208 -22.4126657,65.152505 -22.412684,65.1526976</coordinates></LinearRing></innerBoundaryIs><innerBoundaryIs><LinearRing><coordinates>-22.4258546,65.1521635 -22.4267797,65.1521635 -22.4273746,65.1524409 -22.4273746,65.1528453 -22.4252599,65.1528453 -22.4252599,65.1524409 -22.4258546,65.1521635</coordinates></LinearRing></innerBoundaryIs><innerBoundaryIs><LinearRing><coordinates>-22.4042929,65.1589863 -22.4046119,65.1587862 -22.4050685,65.1587862 -22.4053875,65.1589863 -22.4054342,65.1593161 -22.4052815,65.1596299 -22.4043989,65.1596299 -22.404246,65.1593161 -22.4042929,65.1589863</coordinates></LinearRing></innerBoundaryIs><innerBoundaryIs><LinearRing><coordinates>-22.5508173,65.1727089 -22.5506645,65.1730227 -22.5497819,65.1730227 -22.549629,65.1727089 -22.5496758,65.1723793 -22.5499949,65.1721791 -22.5504515,65.1721791 -22.5507705,65.1723793 -22.5508173,65.1727089</coordinates></LinearRing></innerBoundaryIs><innerBoundaryIs><LinearRing><coordinates>-22.5143389,65.1864167 -22.5147378,65.1864167 -22.5149934,65.1865093 -22.5150183,65.186644 -22.5140582,65.186644 -22.5140831,65.1865093 -22.5143389,65.1864167</coordinates></LinearRing></innerBoundaryIs><innerBoundaryIs><LinearRing><coordinates>-22.468876,65.1873353 -22.4691766,65.1870657 -22.4707478,65.187431 -22.4713618,65.1883652 -22.468876,65.1873353</coordinates></LinearRing></innerBoundaryIs><innerBoundaryIs><LinearRing><coordinates>-22.4460313,65.1872293 -22.4458785,65.1870244 -22.4459252,65.1868215 -22.4462444,65.1866924 -22.4467009,65.1866924 -22.4470199,65.1868215 -22.4470667,65.1870244 -22.446914,65.1872293 -22.4460313,65.1872293</coordinates></LinearRing></innerBoundaryIs><innerBoundaryIs><LinearRing><coordinates>-22.4835097,65.1831775 -22.4876873,65.1839077 -22.4867632,65.1856062 -22.4845772,65.1870553 -22.481813,65.1875468 -22.4800875,65.1855474 -22.4835097,65.1831775</coordinates></LinearRing></innerBoundaryIs><innerBoundaryIs><LinearRing><coordinates>-22.4800888,65.1847847 -22.4799417,65.1849921 -22.4794616,65.1847895 -22.4796338,65.1845926 -22.4798712,65.1845078 -22.4800705,65.184592 -22.4800888,65.1847847</coordinates></LinearRing></innerBoundaryIs><innerBoundaryIs><LinearRing><coordinates>-22.4781407,65.1851828 -22.4779694,65.1855981 -22.4757723,65.1855781 -22.475601,65.1852818 -22.4756271,65.1849647 -22.4759526,65.1847357 -22.4765342,65.1845822 -22.4772074,65.1844621 -22.477789,65.1844841 -22.4781146,65.1847397 -22.4781407,65.1851828</coordinates></LinearRing></innerBoundaryIs><innerBoundaryIs><LinearRing><coordinates>-22.4893513,65.1905721 -22.490288,65.1903274 -22.4908257,65.1904169 -22.4905683,65.1906739 -22.489892,65.1909019 -22.489121,65.1911221 -22.4885836,65.1909459 -22.4893513,65.1905721</coordinates></LinearRing></innerBoundaryIs><innerBoundaryIs><LinearRing><coordinates>-22.5,65.1933593 -22.5016716,65.1932915 -22.5023627,65.1945755 -22.5015929,65.1952975 -22.5,65.1958705 -22.4956746,65.1968704 -22.4954104,65.1967138 -22.4967066,65.1960247 -22.4982179,65.195647 -22.4961421,65.1945475 -22.5,65.1933593</coordinates></LinearRing></innerBoundaryIs><innerBoundaryIs><LinearRing><coordinates>-22.4939663,65.1956664 -22.4938192,65.1958739 -22.4933391,65.1956712 -22.4935111,65.1954741 -22.4937485,65.1953895 -22.4939481,65.1954737 -22.4939663,65.1956664</coordinates></LinearRing></innerBoundaryIs><innerBoundaryIs><LinearRing><coordinates>-22.5160471,65.1915489 -22.5162584,65.1912591 -22.5162979,65.1909486 -22.5163609,65.1906276 -22.51686,65.1903886 -22.5176105,65.1904118 -22.5182173,65.1907322 -22.5182453,65.191183 -22.5176941,65.1915522 -22.5169419,65.1917762 -22.51618,65.1919661 -22.5158311,65.191829 -22.5160471,65.1915489</coordinates></LinearRing></innerBoundaryIs><innerBoundaryIs><LinearRing><coordinates>-22.5599074,65.1897615 -22.5603638,65.1897615 -22.560683,65.1898907 -22.5607297,65.1900936 -22.560577,65.1902986 -22.5596944,65.1902986 -22.5595415,65.1900936 -22.5595883,65.1898907 -22.5599074,65.1897615</coordinates></LinearRing></innerBoundaryIs><innerBoundaryIs><LinearRing><coordinates>-22.6071922,65.1865382 -22.6075495,65.1864026 -22.6079317,65.1864098 -22.608005,65.1865792 -22.6076576,65.1868712 -22.6069661,65.1867579 -22.6071922,65.1865382</coordinates></LinearRing></innerBoundaryIs><innerBoundaryIs><LinearRing><coordinates>-22.5296707,65.19679 -22.5295178,65.196995 -22.5286351,65.196995 -22.5284824,65.19679 -22.5285292,65.1965872 -22.5288482,65.1964579 -22.5293047,65.1964579 -22.5296239,65.1965872 -22.5296707,65.19679</coordinates></LinearRing></innerBoundaryIs><innerBoundaryIs><LinearRing><coordinates>-22.5067279,65.2122153 -22.506965,65.2121305 -22.5071647,65.2122148 -22.507183,65.2124074 -22.5070359,65.212615 -22.5065557,65.2124122 -22.5067279,65.2122153</coordinates></LinearRing></innerBoundaryIs><innerBoundaryIs><LinearRing><coordinates>-22.8413019,65.2333564 -22.8415132,65.2325892 -22.8470076,65.2312024 -22.8494731,65.231114 -22.8497548,65.2322646 -22.8457397,65.2340348 -22.8427107,65.2340055 -22.8413019,65.2333564</coordinates></LinearRing></innerBoundaryIs><innerBoundaryIs><LinearRing><coordinates>-22.4505231,65.2441397 -22.4496922,65.2431192 -22.4510366,65.2426451 -22.4519566,65.2428581 -22.4505231,65.2441397</coordinates></LinearRing></innerBoundaryIs><innerBoundaryIs><LinearRing><coordinates>-22.4978266,65.2436299 -22.4978712,65.2440646 -22.4975919,65.2445 -22.4972959,65.2448097 -22.497007,65.2450281 -22.4961289,65.2450687 -22.4961452,65.2445709 -22.4965327,65.2439801 -22.4972996,65.2435663 -22.4978266,65.2436299</coordinates></LinearRing></innerBoundaryIs><innerBoundaryIs><LinearRing><coordinates>-22.4919426,65.2449746 -22.4917887,65.2452883 -22.4908994,65.2452883 -22.4907455,65.2449746 -22.4907926,65.2446448 -22.4911141,65.2444447 -22.491574,65.2444447 -22.4918956,65.2446448 -22.4919426,65.2449746</coordinates></LinearRing></innerBoundaryIs><innerBoundaryIs><LinearRing><coordinates>-22.4466687,65.245339 -22.4425441,65.2482769 -22.443643,65.2446429 -22.4448992,65.2446614 -22.4466687,65.245339</coordinates></LinearRing></innerBoundaryIs><innerBoundaryIs><LinearRing><coordinates>-22.4548008,65.2463481 -22.4551281,65.246121 -22.4557143,65.2459729 -22.4563977,65.2458587 -22.4569973,65.2458704 -22.4573416,65.2460625 -22.4573441,65.246365 -22.4570112,65.2465937 -22.4564352,65.2467446 -22.4557621,65.2469085 -22.4549479,65.2469618 -22.4547752,65.2466651 -22.4548008,65.2463481</coordinates></LinearRing></innerBoundaryIs><innerBoundaryIs><LinearRing><coordinates>-22.4642875,65.2461405 -22.4644768,65.2476238 -22.4642556,65.24775 -22.458829,65.2497768 -22.4574251,65.2496055 -22.4571294,65.2480242 -22.4582661,65.2470303 -22.4633476,65.2464336 -22.4642875,65.2461405</coordinates></LinearRing></innerBoundaryIs><innerBoundaryIs><LinearRing><coordinates>-22.4914625,65.2482775 -22.4918286,65.2480661 -22.4922897,65.2480474 -22.4925652,65.2481973 -22.492431,65.2484804 -22.4919109,65.2488421 -22.4912484,65.2486491 -22.4914625,65.2482775</coordinates></LinearRing></innerBoundaryIs><innerBoundaryIs><LinearRing><coordinates>-22.4548221,65.2491891 -22.4535685,65.2501757 -22.4521245,65.2498683 -22.4525197,65.2495921 -22.4528534,65.2492965 -22.4532964,65.2489502 -22.4539483,65.2485501 -22.4548076,65.2482576 -22.4552444,65.2484469 -22.4548221,65.2491891</coordinates></LinearRing></innerBoundaryIs><innerBoundaryIs><LinearRing><coordinates>-22.465687,65.2498126 -22.4659194,65.2498729 -22.466157,65.2500416 -22.46652,65.2501289 -22.4669684,65.250122 -22.4672545,65.2502 -22.4672194,65.250409 -22.4669389,65.2506768 -22.4666578,65.2509309 -22.4663813,65.2511441 -22.465326,65.2505316 -22.4654721,65.2500354 -22.465687,65.2498126</coordinates></LinearRing></innerBoundaryIs><innerBoundaryIs><LinearRing><coordinates>-22.4580035,65.2513037 -22.457835,65.2517267 -22.4567642,65.2516553 -22.456322,65.2512583 -22.456369,65.2508978 -22.4569336,65.2506326 -22.4575752,65.2506011 -22.4579563,65.2508525 -22.4580035,65.2513037</coordinates></LinearRing></innerBoundaryIs><innerBoundaryIs><LinearRing><coordinates>-22.4609233,65.2514399 -22.4612904,65.2516177 -22.4613318,65.2519447 -22.4611622,65.2522618 -22.4595516,65.2522641 -22.4594744,65.2520235 -22.4596974,65.2517418 -22.4602953,65.2514938 -22.4609233,65.2514399</coordinates></LinearRing></innerBoundaryIs><innerBoundaryIs><LinearRing><coordinates>-22.4459997,65.252214 -22.4458556,65.2525278 -22.4449141,65.2525362 -22.4448496,65.2522901 -22.4450557,65.2520207 -22.4455436,65.2518377 -22.4459233,65.2519192 -22.4459997,65.252214</coordinates></LinearRing></innerBoundaryIs><innerBoundaryIs><LinearRing><coordinates>-22.5223314,65.2523469 -22.5230358,65.2525576 -22.5231704,65.2528853 -22.5229099,65.253197 -22.5226076,65.2534539 -22.5223089,65.2536588 -22.51985,65.2536144 -22.520264,65.2530034 -22.5212756,65.2524867 -22.5223314,65.2523469</coordinates></LinearRing></innerBoundaryIs><innerBoundaryIs><LinearRing><coordinates>-22.450366,65.2538497 -22.4500267,65.2536184 -22.4512727,65.253095 -22.4538488,65.2532945 -22.4533784,65.2541646 -22.450366,65.2538497</coordinates></LinearRing></innerBoundaryIs><innerBoundaryIs><LinearRing><coordinates>-22.4466656,65.2544461 -22.4465215,65.25476 -22.4455798,65.2547684 -22.4455155,65.2545222 -22.4457215,65.2542527 -22.4462095,65.2540699 -22.4465891,65.2541513 -22.4466656,65.2544461</coordinates></LinearRing></innerBoundaryIs><innerBoundaryIs><LinearRing><coordinates>-22.4590152,65.2538214 -22.459586,65.2540607 -22.4592294,65.2543298 -22.4583731,65.2539709 -22.4590152,65.2538214</coordinates></LinearRing></innerBoundaryIs><innerBoundaryIs><LinearRing><coordinates>-22.4989851,65.25406 -22.5,65.2541853 -22.5,65.2544641 -22.5019428,65.2547301 -22.5019189,65.2550408 -22.5,65.2555803 -22.4991198,65.2555953 -22.4957845,65.2546868 -22.4955753,65.2543148 -22.4989851,65.25406</coordinates></LinearRing></innerBoundaryIs><innerBoundaryIs><LinearRing><coordinates>-22.4509681,65.2553834 -22.4512137,65.2556939 -22.4511168,65.2560306 -22.4506341,65.2563971 -22.4500039,65.2560626 -22.4501544,65.2554022 -22.4503905,65.255092 -22.4506762,65.2551388 -22.4509681,65.2553834</coordinates></LinearRing></innerBoundaryIs><innerBoundaryIs><LinearRing><coordinates>-22.4236732,65.2598088 -22.4227287,65.2604043 -22.4210325,65.2609155 -22.4186357,65.2605377 -22.4237381,65.2570064 -22.4247078,65.2574081 -22.4236732,65.2598088</coordinates></LinearRing></innerBoundaryIs><innerBoundaryIs><LinearRing><coordinates>-22.4747893,65.2603096 -22.4792402,65.2590191 -22.4804254,65.2587827 -22.4824473,65.2590513 -22.4816118,65.2607102 -22.4804832,65.2612376 -22.4750226,65.2620233 -22.4741913,65.2610025 -22.4747893,65.2603096</coordinates></LinearRing></innerBoundaryIs><innerBoundaryIs><LinearRing><coordinates>-22.5054885,65.2593617 -22.5059851,65.2592288 -22.5066587,65.2592349 -22.5069221,65.2594032 -22.5066566,65.2596946 -22.5055234,65.259775 -22.5053786,65.259568 -22.5054885,65.2593617</coordinates></LinearRing></innerBoundaryIs><innerBoundaryIs><LinearRing><coordinates>-22.4403147,65.2620877 -22.4409493,65.2620373 -22.4404114,65.2637187 -22.4395877,65.262856 -22.4403147,65.2620877</coordinates></LinearRing></innerBoundaryIs><innerBoundaryIs><LinearRing><coordinates>-22.4951682,65.2640297 -22.4927232,65.2639679 -22.4928596,65.262439 -22.4951682,65.2640297</coordinates></LinearRing></innerBoundaryIs><innerBoundaryIs><LinearRing><coordinates>-22.4653763,65.2682756 -22.4729716,65.2666808 -22.4762896,65.263478 -22.4796832,65.2629755 -22.4764987,65.2665677 -22.4653763,65.2682756</coordinates></LinearRing></innerBoundaryIs><innerBoundaryIs><LinearRing><coordinates>-22.4223605,65.2689964 -22.4230862,65.2676296 -22.4239416,65.2673726 -22.4250284,65.2680029 -22.4223605,65.2689964</coordinates></LinearRing></innerBoundaryIs><innerBoundaryIs><LinearRing><coordinates>-22.8578095,65.271492 -22.8532946,65.2720928 -22.8534997,65.2712345 -22.8578095,65.2698612 -22.8612983,65.2683161 -22.8578095,65.271492</coordinates></LinearRing></innerBoundaryIs><innerBoundaryIs><LinearRing><coordinates>-22.8331825,65.276556 -22.8333876,65.2748394 -22.842007,65.2738094 -22.8469325,65.2724361 -22.8485743,65.2714061 -22.8473428,65.2734661 -22.8331825,65.276556</coordinates></LinearRing></innerBoundaryIs><innerBoundaryIs><LinearRing><coordinates>-22.4166425,65.2757818 -22.4163398,65.2760674 -22.4159998,65.2763556 -22.4156144,65.2766467 -22.4151771,65.2769634 -22.4145689,65.2773182 -22.4135122,65.2769283 -22.41392,65.2766488 -22.4142479,65.2763622 -22.4146174,65.2760592 -22.415076,65.2757462 -22.4157302,65.2754902 -22.4163479,65.2754191 -22.4166806,65.275539 -22.4166425,65.2757818</coordinates></LinearRing></innerBoundaryIs><innerBoundaryIs><LinearRing><coordinates>-22.4020253,65.2766343 -22.4000458,65.278728 -22.3975497,65.2787127 -22.3958073,65.2768646 -22.3972555,65.2753888 -22.3984405,65.2751617 -22.4018677,65.2762984 -22.4020253,65.2766343</coordinates></LinearRing></innerBoundaryIs><innerBoundaryIs><LinearRing><coordinates>-22.393954,65.2736657 -22.3952947,65.2733136 -22.3978797,65.2737358 -22.3978186,65.2747616 -22.3930234,65.2754663 -22.393954,65.2736657</coordinates></LinearRing></innerBoundaryIs><innerBoundaryIs><LinearRing><coordinates>-22.3907157,65.2736998 -22.3905674,65.2740211 -22.3900837,65.2737364 -22.3902572,65.2733834 -22.3904963,65.2732415 -22.3906972,65.2733794 -22.3907157,65.2736998</coordinates></LinearRing></innerBoundaryIs><innerBoundaryIs><LinearRing><coordinates>-22.4020453,65.2727454 -22.4024863,65.2729301 -22.4025017,65.2732815 -22.4020632,65.2736903 -22.4013497,65.2733914 -22.4016184,65.2729115 -22.4020453,65.2727454</coordinates></LinearRing></innerBoundaryIs><innerBoundaryIs><LinearRing><coordinates>-22.8065031,65.2721786 -22.8075292,65.2727793 -22.8071187,65.2732086 -22.8040403,65.2737236 -22.8040403,65.2725219 -22.8065031,65.2721786</coordinates></LinearRing></innerBoundaryIs><innerBoundaryIs><LinearRing><coordinates>-22.3969693,65.2724037 -22.3969013,65.2720572 -22.3971152,65.2715877 -22.3976452,65.2710502 -22.3982236,65.2705947 -22.3990856,65.2703753 -22.4002897,65.2704324 -22.4010826,65.270748 -22.4008508,65.271228 -22.399736,65.2717553 -22.3986076,65.2721047 -22.3976724,65.2723587 -22.3969693,65.2724037</coordinates></LinearRing></innerBoundaryIs><innerBoundaryIs><LinearRing><coordinates>-22.3913816,65.2721173 -22.3912333,65.2723248 -22.3907495,65.2721221 -22.390923,65.2719252 -22.3911622,65.2718405 -22.3913631,65.2719246 -22.3913816,65.2721173</coordinates></LinearRing></innerBoundaryIs><innerBoundaryIs><LinearRing><coordinates>-22.4053335,65.2703336 -22.4061242,65.2700777 -22.4060844,65.2715954 -22.4051315,65.2718611 -22.4029617,65.2720913 -22.4028788,65.2717659 -22.4053335,65.2703336</coordinates></LinearRing></innerBoundaryIs><innerBoundaryIs><LinearRing><coordinates>-22.4116133,65.271331 -22.4118854,65.2710646 -22.4121791,65.2708379 -22.4125345,65.2706959 -22.4129431,65.2706003 -22.4133049,65.2704461 -22.4137543,65.270196 -22.4145582,65.2699208 -22.4155712,65.2697191 -22.4164522,65.2695829 -22.417083,65.2695724 -22.4173988,65.269695 -22.417369,65.2698774 -22.4170417,65.270025 -22.4165879,65.2701523 -22.4162318,65.2703633 -22.4159755,65.2706538 -22.4156432,65.270864 -22.4152321,65.270987 -22.4149112,65.2711231 -22.4146767,65.2712934 -22.414331,65.271439 -22.4137934,65.2715662 -22.4131553,65.2717308 -22.4116632,65.2717903 -22.4115415,65.2715805 -22.4116133,65.271331</coordinates></LinearRing></innerBoundaryIs><innerBoundaryIs><LinearRing><coordinates>-22.4028342,65.2689409 -22.4047755,65.2680696 -22.4080133,65.2685148 -22.4046789,65.2697005 -22.4028342,65.2689409</coordinates></LinearRing></innerBoundaryIs><innerBoundaryIs><LinearRing><coordinates>-22.411562,65.2678087 -22.4119281,65.2675974 -22.4123892,65.2675787 -22.4126645,65.2677284 -22.4125305,65.2680116 -22.4120103,65.2683733 -22.4113477,65.2681803 -22.411562,65.2678087</coordinates></LinearRing></innerBoundaryIs><innerBoundaryIs><LinearRing><coordinates>-22.4235421,65.2706532 -22.4243414,65.2703865 -22.4245373,65.2718414 -22.4233367,65.2711945 -22.4235421,65.2706532</coordinates></LinearRing></innerBoundaryIs><innerBoundaryIs><LinearRing><coordinates>-22.59984,65.2721786 -22.5984036,65.2722644 -22.5965565,65.2718353 -22.5986089,65.2711486 -22.59984,65.2721786</coordinates></LinearRing></innerBoundaryIs><innerBoundaryIs><LinearRing><coordinates>-22.8407757,65.2725219 -22.8350294,65.2734661 -22.8366712,65.2723503 -22.8395444,65.2720069 -22.8407757,65.2725219</coordinates></LinearRing></innerBoundaryIs><innerBoundaryIs><LinearRing><coordinates>-22.5873214,65.2723503 -22.5875266,65.2718353 -22.5897841,65.271492 -22.5912207,65.2722644 -22.5873214,65.2723503</coordinates></LinearRing></innerBoundaryIs><innerBoundaryIs><LinearRing><coordinates>-22.4452769,65.2653998 -22.4440436,65.2651305 -22.4427603,65.2650073 -22.4420768,65.2647769 -22.4421161,65.2644619 -22.4428631,65.264274 -22.4440885,65.2643371 -22.4450428,65.2646502 -22.4453617,65.2650533 -22.4452769,65.2653998</coordinates></LinearRing></innerBoundaryIs><innerBoundaryIs><LinearRing><coordinates>-22.4468533,65.264176 -22.4470925,65.264034 -22.4472935,65.264172 -22.4473119,65.2644923 -22.4471637,65.2648135 -22.4466799,65.2645288 -22.4468533,65.264176</coordinates></LinearRing></innerBoundaryIs><innerBoundaryIs><LinearRing><coordinates>-22.4512211,65.2634141 -22.4476255,65.2633917 -22.4474529,65.2632006 -22.4474745,65.2630295 -22.4477876,65.2629497 -22.4483516,65.2629389 -22.449041,65.2628613 -22.4497807,65.2627674 -22.4505237,65.2627528 -22.4511187,65.2629284 -22.4513173,65.2631803 -22.4512211,65.2634141</coordinates></LinearRing></innerBoundaryIs><innerBoundaryIs><LinearRing><coordinates>-22.4881353,65.265292 -22.4883744,65.26515 -22.4885755,65.2652879 -22.4885939,65.2656084 -22.4884456,65.2659296 -22.487962,65.2656447 -22.4881353,65.265292</coordinates></LinearRing></innerBoundaryIs><innerBoundaryIs><LinearRing><coordinates>-22.8779217,65.2664279 -22.8732014,65.2671146 -22.8725857,65.2662563 -22.8779217,65.2664279</coordinates></LinearRing></innerBoundaryIs><innerBoundaryIs><LinearRing><coordinates>-22.4047322,65.2670997 -22.4049056,65.2669028 -22.4051448,65.266818 -22.4053457,65.2669023 -22.4053642,65.2670948 -22.4052159,65.2673025 -22.4047322,65.2670997</coordinates></LinearRing></innerBoundaryIs><innerBoundaryIs><LinearRing><coordinates>-22.4094203,65.2667524 -22.4166491,65.264834 -22.4217309,65.266081 -22.4247931,65.2654378 -22.421332,65.2671922 -22.4094948,65.2670552 -22.4094203,65.2667524</coordinates></LinearRing></innerBoundaryIs><innerBoundaryIs><LinearRing><coordinates>-22.4275422,65.2648195 -22.4275082,65.2644528 -22.4279134,65.2642742 -22.4287246,65.2643914 -22.4295706,65.2647709 -22.4297962,65.2652014 -22.4294317,65.2656277 -22.4284203,65.2656636 -22.4281383,65.2654535 -22.427844,65.265177 -22.4275422,65.2648195</coordinates></LinearRing></innerBoundaryIs><innerBoundaryIs><LinearRing><coordinates>-22.4140199,65.2640258 -22.4138716,65.2642332 -22.4133881,65.2640305 -22.4135615,65.2638336 -22.4138005,65.2637488 -22.4140017,65.263833 -22.4140199,65.2640258</coordinates></LinearRing></innerBoundaryIs><innerBoundaryIs><LinearRing><coordinates>-22.443359,65.2544523 -22.4431872,65.2547606 -22.442241,65.2541879 -22.442921,65.2540631 -22.443313,65.2541599 -22.443359,65.2544523</coordinates></LinearRing></innerBoundaryIs><innerBoundaryIs><LinearRing><coordinates>-22.4380102,65.2538623 -22.4368668,65.2539552 -22.4368879,65.2536733 -22.4372843,65.2533242 -22.4380617,65.2530199 -22.4385756,65.2530452 -22.4385222,65.2533942 -22.4380102,65.2538623</coordinates></LinearRing></innerBoundaryIs><innerBoundaryIs><LinearRing><coordinates>-22.443471,65.252772 -22.4435476,65.2524772 -22.443927,65.2523957 -22.4444152,65.2525787 -22.4446212,65.2528481 -22.4445568,65.2530943 -22.4436151,65.2530859 -22.443471,65.252772</coordinates></LinearRing></innerBoundaryIs><innerBoundaryIs><LinearRing><coordinates>-22.4617409,65.2528733 -22.461942,65.2530112 -22.4619604,65.2533315 -22.4618121,65.2536528 -22.4613285,65.253368 -22.4615018,65.2530152 -22.4617409,65.2528733</coordinates></LinearRing></innerBoundaryIs><innerBoundaryIs><LinearRing><coordinates>-22.4499753,65.250912 -22.449827,65.2511194 -22.4493433,65.2509167 -22.4495167,65.2507197 -22.4497559,65.250635 -22.4499568,65.2507193 -22.4499753,65.250912</coordinates></LinearRing></innerBoundaryIs><innerBoundaryIs><LinearRing><coordinates>-22.4460456,65.2486975 -22.4457731,65.2489172 -22.4448024,65.2484343 -22.4452182,65.2481478 -22.4455612,65.2479364 -22.4459494,65.2479169 -22.4462761,65.2481298 -22.4462473,65.2484269 -22.4460456,65.2486975</coordinates></LinearRing></innerBoundaryIs><innerBoundaryIs><LinearRing><coordinates>-22.4348145,65.2449611 -22.4408222,65.2430335 -22.4415147,65.243028 -22.4413428,65.2444384 -22.4384328,65.2461863 -22.4324547,65.2483129 -22.4348145,65.2449611</coordinates></LinearRing></innerBoundaryIs><innerBoundaryIs><LinearRing><coordinates>-22.4632921,65.2439365 -22.4631438,65.2441438 -22.4626601,65.2439413 -22.4628335,65.2437443 -22.4630727,65.2436596 -22.4632736,65.2437437 -22.4632921,65.2439365</coordinates></LinearRing></innerBoundaryIs><innerBoundaryIs><LinearRing><coordinates>-22.3590456,65.2802659 -22.3579201,65.2790238 -22.3584796,65.2789083 -22.3632833,65.2805017 -22.3606803,65.2803899 -22.3590456,65.2802659</coordinates></LinearRing></innerBoundaryIs><innerBoundaryIs><LinearRing><coordinates>-22.3696162,65.279801 -22.3698552,65.279659 -22.3700563,65.279797 -22.3700747,65.2801173 -22.3699265,65.2804385 -22.3694428,65.2801538 -22.3696162,65.279801</coordinates></LinearRing></innerBoundaryIs><innerBoundaryIs><LinearRing><coordinates>-22.4025142,65.2796896 -22.4050951,65.2802163 -22.4041446,65.281455 -22.401755,65.2799386 -22.4025142,65.2796896</coordinates></LinearRing></innerBoundaryIs><innerBoundaryIs><LinearRing><coordinates>-22.5862952,65.281105 -22.5801384,65.2823925 -22.5826011,65.2814482 -22.5821908,65.2805901 -22.5787019,65.2805901 -22.5850639,65.280075 -22.5862952,65.281105</coordinates></LinearRing></innerBoundaryIs><innerBoundaryIs><LinearRing><coordinates>-22.352684,65.2824107 -22.3517599,65.2821356 -22.3510242,65.2819614 -22.3505244,65.281732 -22.3505986,65.2815388 -22.3511615,65.281427 -22.3519171,65.2814409 -22.3525521,65.2816941 -22.3527724,65.2820711 -22.352684,65.2824107</coordinates></LinearRing></innerBoundaryIs><innerBoundaryIs><LinearRing><coordinates>-22.3737454,65.2808977 -22.3742675,65.2805892 -22.3748599,65.2804096 -22.3756794,65.2803031 -22.3763992,65.2802423 -22.3767871,65.2803112 -22.3767862,65.2804734 -22.3764235,65.2806321 -22.3758037,65.2808037 -22.3751327,65.2810735 -22.3745579,65.2814091 -22.3739061,65.2817847 -22.3730036,65.281321 -22.3737454,65.2808977</coordinates></LinearRing></innerBoundaryIs><innerBoundaryIs><LinearRing><coordinates>-22.3669508,65.2834337 -22.3673168,65.2832224 -22.3677779,65.2832037 -22.3680534,65.2833534 -22.3679194,65.2836366 -22.3673992,65.2839983 -22.3667367,65.2838053 -22.3669508,65.2834337</coordinates></LinearRing></innerBoundaryIs><innerBoundaryIs><LinearRing><coordinates>-22.37187,65.2837971 -22.3724833,65.283775 -22.3727447,65.283923 -22.3724194,65.28427 -22.3715165,65.2847805 -22.3703866,65.2849079 -22.3702126,65.2846117 -22.3702373,65.284296 -22.3705666,65.2840708 -22.3711637,65.2839226 -22.37187,65.2837971</coordinates></LinearRing></innerBoundaryIs><innerBoundaryIs><LinearRing><coordinates>-22.3496034,65.2937361 -22.3541374,65.2930845 -22.3598973,65.2919182 -22.3605998,65.2919666 -22.3646508,65.2942119 -22.3644644,65.2945755 -22.3605633,65.2976058 -22.3410819,65.3033934 -22.3480814,65.2941889 -22.3496034,65.2937361</coordinates></LinearRing></innerBoundaryIs><innerBoundaryIs><LinearRing><coordinates>-22.331023,65.3022679 -22.3381357,65.3023394 -22.3285354,65.3044363 -22.3253287,65.3025597 -22.3257122,65.300083 -22.3265181,65.2998033 -22.3283448,65.2999814 -22.331023,65.3022679</coordinates></LinearRing></innerBoundaryIs><innerBoundaryIs><LinearRing><coordinates>-22.3230698,65.2988631 -22.3231289,65.2986397 -22.323408,65.2983627 -22.3238523,65.2980598 -22.3244202,65.2978603 -22.3247632,65.2979547 -22.3246489,65.2983247 -22.3241282,65.298793 -22.3230698,65.2988631</coordinates></LinearRing></innerBoundaryIs><innerBoundaryIs><LinearRing><coordinates>-22.3401541,65.2968436 -22.3401566,65.2971462 -22.3398237,65.2973748 -22.3392477,65.2975258 -22.3385746,65.2976899 -22.3377604,65.297743 -22.3375877,65.2974463 -22.3376133,65.2971295 -22.3379406,65.2969024 -22.3385268,65.2967542 -22.3392102,65.29664 -22.3398098,65.2966516 -22.3401541,65.2968436</coordinates></LinearRing></innerBoundaryIs><innerBoundaryIs><LinearRing><coordinates>-22.344156,65.2960374 -22.3404318,65.2960911 -22.3405361,65.2949539 -22.3412665,65.294782 -22.3439041,65.2946804 -22.3447096,65.2949522 -22.344156,65.2960374</coordinates></LinearRing></innerBoundaryIs><innerBoundaryIs><LinearRing><coordinates>-22.2861229,65.30607 -22.287025,65.3056974 -22.2878482,65.3055453 -22.2881944,65.3056641 -22.2878782,65.3060193 -22.2869627,65.3065433 -22.2857103,65.3066955 -22.2857125,65.3064252 -22.2861229,65.30607</coordinates></LinearRing></innerBoundaryIs><innerBoundaryIs><LinearRing><coordinates>-22.6474527,65.309429 -22.6484787,65.3104591 -22.6417063,65.3118324 -22.6425272,65.3103733 -22.6474527,65.309429</coordinates></LinearRing></innerBoundaryIs><innerBoundaryIs><LinearRing><coordinates>-22.2588626,65.3135374 -22.2566252,65.3150697 -22.2527251,65.3161609 -22.2490371,65.3161696 -22.2504252,65.3154734 -22.2584065,65.3135275 -22.2588626,65.3135374</coordinates></LinearRing></innerBoundaryIs><innerBoundaryIs><LinearRing><coordinates>-22.580946,65.3147506 -22.5830038,65.3165531 -22.574361,65.317583 -22.5747727,65.314579 -22.580946,65.3147506</coordinates></LinearRing></innerBoundaryIs><innerBoundaryIs><LinearRing><coordinates>-22.2648807,65.3175899 -22.2647904,65.3178236 -22.2625206,65.317812 -22.262345,65.3176147 -22.2623689,65.3174117 -22.2627023,65.3172504 -22.2633172,65.3171527 -22.2640542,65.3171515 -22.2646689,65.3173357 -22.2648807,65.3175899</coordinates></LinearRing></innerBoundaryIs><innerBoundaryIs><LinearRing><coordinates>-22.2542384,65.3178838 -22.2540845,65.3180887 -22.2531952,65.3180887 -22.2530411,65.3178838 -22.2530884,65.317681 -22.2534099,65.3175517 -22.2538698,65.3175517 -22.2541913,65.317681 -22.2542384,65.3178838</coordinates></LinearRing></innerBoundaryIs><innerBoundaryIs><LinearRing><coordinates>-22.2587314,65.3169676 -22.2582479,65.316765 -22.2584213,65.316568 -22.2586604,65.3164833 -22.2588614,65.3165675 -22.2588797,65.3167601 -22.2587314,65.3169676</coordinates></LinearRing></innerBoundaryIs><innerBoundaryIs><LinearRing><coordinates>-22.2606589,65.3156136 -22.267556,65.3160125 -22.2624636,65.3166025 -22.2606767,65.316079 -22.2606589,65.3156136</coordinates></LinearRing></innerBoundaryIs><innerBoundaryIs><LinearRing><coordinates>-22.2242562,65.3148071 -22.2241079,65.3150144 -22.2236242,65.3148118 -22.2237976,65.3146148 -22.2240368,65.3145301 -22.2242377,65.3146144 -22.2242562,65.3148071</coordinates></LinearRing></innerBoundaryIs><innerBoundaryIs><LinearRing><coordinates>-22.5685993,65.3182697 -22.5729206,65.3186131 -22.5745668,65.3204154 -22.574361,65.3216171 -22.5714802,65.321703 -22.5669529,65.3192996 -22.5685993,65.3182697</coordinates></LinearRing></innerBoundaryIs><innerBoundaryIs><LinearRing><coordinates>-22.1833653,65.3216443 -22.1824471,65.3221683 -22.1804869,65.3223205 -22.1804866,65.3220502 -22.180944,65.321695 -22.1820163,65.3213224 -22.1831177,65.3211703 -22.1836342,65.3212891 -22.1833653,65.3216443</coordinates></LinearRing></innerBoundaryIs><innerBoundaryIs><LinearRing><coordinates>-22.2237976,65.3218693 -22.2240368,65.3217846 -22.2242377,65.3218687 -22.2242562,65.3220615 -22.2241079,65.3222688 -22.2236242,65.3220663 -22.2237976,65.3218693</coordinates></LinearRing></innerBoundaryIs><innerBoundaryIs><LinearRing><coordinates>-22.2389477,65.320116 -22.2387912,65.3203208 -22.2371941,65.3203208 -22.2370377,65.320116 -22.2371318,65.319913 -22.2376235,65.3197839 -22.2383618,65.3197839 -22.2388535,65.319913 -22.2389477,65.320116</coordinates></LinearRing></innerBoundaryIs><innerBoundaryIs><LinearRing><coordinates>-22.167261,65.3240474 -22.1680009,65.3238354 -22.1692954,65.3238258 -22.1707819,65.3239371 -22.1715997,65.324182 -22.1715891,65.3245811 -22.1710385,65.3250366 -22.1701463,65.3250486 -22.169122,65.3248554 -22.1680561,65.3246505 -22.1673001,65.3243588 -22.167261,65.3240474</coordinates></LinearRing></innerBoundaryIs><innerBoundaryIs><LinearRing><coordinates>-22.2110811,65.3245927 -22.211117,65.3243924 -22.2114557,65.3242284 -22.212025,65.3241084 -22.2125943,65.3240534 -22.2129329,65.3241895 -22.2129688,65.3244919 -22.2128015,65.3247987 -22.2112485,65.3247871 -22.2110811,65.3245927</coordinates></LinearRing></innerBoundaryIs><innerBoundaryIs><LinearRing><coordinates>-22.2172877,65.3248707 -22.217593,65.324953 -22.217453,65.3252074 -22.2169207,65.3255616 -22.2159088,65.3256236 -22.2157406,65.3254302 -22.2157772,65.325232 -22.2161213,65.3250705 -22.2167047,65.324948 -22.2172877,65.3248707</coordinates></LinearRing></innerBoundaryIs><innerBoundaryIs><LinearRing><coordinates>-22.1623164,65.3253915 -22.1642967,65.3245503 -22.1657232,65.3246568 -22.1641606,65.3252128 -22.1623164,65.3253915</coordinates></LinearRing></innerBoundaryIs><innerBoundaryIs><LinearRing><coordinates>-22.1665356,65.3257756 -22.1667748,65.3256907 -22.1669757,65.325775 -22.166994,65.3259677 -22.1668459,65.3261752 -22.166362,65.3259726 -22.1665356,65.3257756</coordinates></LinearRing></innerBoundaryIs><innerBoundaryIs><LinearRing><coordinates>-22.1620656,65.326616 -22.1622452,65.3265013 -22.1651099,65.3272862 -22.1650294,65.3275836 -22.1599897,65.3283722 -22.1595584,65.3281233 -22.1620656,65.326616</coordinates></LinearRing></innerBoundaryIs><innerBoundaryIs><LinearRing><coordinates>-22.2399687,65.3295954 -22.2406158,65.3293439 -22.2412395,65.3292801 -22.2416043,65.3293946 -22.2416141,65.3295872 -22.2412817,65.3297498 -22.2407045,65.3298826 -22.2400305,65.3300478 -22.2395107,65.329915 -22.2399687,65.3295954</coordinates></LinearRing></innerBoundaryIs><innerBoundaryIs><LinearRing><coordinates>-22.2492865,65.3296129 -22.2499499,65.3295459 -22.2502489,65.3296711 -22.2500892,65.3299491 -22.2495424,65.3303126 -22.2484194,65.3298419 -22.2492865,65.3296129</coordinates></LinearRing></innerBoundaryIs><innerBoundaryIs><LinearRing><coordinates>-22.5142734,65.3301142 -22.5169485,65.3304576 -22.5169485,65.3315734 -22.5161254,65.3319168 -22.5122156,65.3304576 -22.5118041,65.329771 -22.5142734,65.3301142</coordinates></LinearRing></innerBoundaryIs><innerBoundaryIs><LinearRing><coordinates>-22.240213,65.3335617 -22.2387869,65.334516 -22.2372146,65.3345931 -22.2383198,65.3330688 -22.2346638,65.3326842 -22.2362213,65.3315029 -22.2366182,65.3312802 -22.2400739,65.3332808 -22.240213,65.3335617</coordinates></LinearRing></innerBoundaryIs><innerBoundaryIs><LinearRing><coordinates>-22.1581894,65.3334789 -22.1540796,65.3347512 -22.1513215,65.3337595 -22.1506121,65.3338345 -22.1457396,65.334672 -22.1451592,65.3359427 -22.142713,65.3346018 -22.1431291,65.3341917 -22.158181,65.331529 -22.1583585,65.3316406 -22.1548866,65.3333976 -22.1587656,65.3326689 -22.1588041,65.3330605 -22.1581894,65.3334789</coordinates></LinearRing></innerBoundaryIs><innerBoundaryIs><LinearRing><coordinates>-22.1619127,65.3349074 -22.1619503,65.3351854 -22.1617516,65.3354622 -22.1614654,65.3356916 -22.1605829,65.3356977 -22.1605279,65.3353502 -22.1607831,65.3349802 -22.1613975,65.334784 -22.1619127,65.3349074</coordinates></LinearRing></innerBoundaryIs><innerBoundaryIs><LinearRing><coordinates>-22.1473556,65.3355987 -22.147189,65.3354791 -22.147189,65.3352798 -22.1473556,65.3351603 -22.1484375,65.3351004 -22.1484375,65.3356584 -22.1473556,65.3355987</coordinates></LinearRing></innerBoundaryIs><innerBoundaryIs><LinearRing><coordinates>-22.1498897,65.3349832 -22.1501287,65.3348984 -22.1503298,65.3349826 -22.1503481,65.3351753 -22.1501998,65.3353828 -22.1497163,65.33518 -22.1498897,65.3349832</coordinates></LinearRing></innerBoundaryIs><innerBoundaryIs><LinearRing><coordinates>-22.142001,65.3349437 -22.1422848,65.3354555 -22.1423529,65.3357826 -22.1422251,65.3359966 -22.1411719,65.3359754 -22.1407293,65.3352447 -22.1407412,65.3345298 -22.1411886,65.3341696 -22.1416522,65.3343641 -22.142001,65.3349437</coordinates></LinearRing></innerBoundaryIs><innerBoundaryIs><LinearRing><coordinates>-22.160543,65.3319139 -22.1607822,65.3318291 -22.1609832,65.3319134 -22.1610014,65.3321061 -22.1608531,65.3323137 -22.1603696,65.332111 -22.160543,65.3319139</coordinates></LinearRing></innerBoundaryIs><innerBoundaryIs><LinearRing><coordinates>-22.1467727,65.3373326 -22.1537013,65.3369691 -22.1500431,65.3387554 -22.1484375,65.3390065 -22.1395308,65.3395336 -22.1392617,65.3389739 -22.1393574,65.337561 -22.1467727,65.3373326</coordinates></LinearRing></innerBoundaryIs><innerBoundaryIs><LinearRing><coordinates>-22.1336792,65.3389598 -22.1337211,65.3392848 -22.133566,65.3395954 -22.1323653,65.3391008 -22.1325709,65.3388791 -22.1329225,65.338744 -22.1333702,65.3387616 -22.1336792,65.3389598</coordinates></LinearRing></innerBoundaryIs><innerBoundaryIs><LinearRing><coordinates>-22.1317008,65.3398991 -22.1316335,65.3401397 -22.129952,65.3401397 -22.1298848,65.3398991 -22.130137,65.3396525 -22.1307927,65.3395233 -22.1314485,65.3396525 -22.1317008,65.3398991</coordinates></LinearRing></innerBoundaryIs><innerBoundaryIs><LinearRing><coordinates>-22.1276979,65.3412215 -22.126128,65.3412784 -22.1254512,65.3400311 -22.1272578,65.3399196 -22.1280627,65.3401041 -22.1276979,65.3412215</coordinates></LinearRing></innerBoundaryIs><innerBoundaryIs><LinearRing><coordinates>-23.1458114,65.3471946 -23.1478692,65.3476238 -23.1476634,65.3483104 -23.1447825,65.3489971 -23.1435478,65.3477097 -23.1458114,65.3471946</coordinates></LinearRing></innerBoundaryIs><innerBoundaryIs><LinearRing><coordinates>-22.6179864,65.3565502 -22.6132535,65.3594683 -22.606257,65.3619576 -22.6052279,65.3612709 -22.6120188,65.3586959 -22.6175749,65.3560352 -22.6179864,65.3565502</coordinates></LinearRing></innerBoundaryIs><innerBoundaryIs><LinearRing><coordinates>-22.2642511,65.363674 -22.2578719,65.3659915 -22.253139,65.3624725 -22.2597239,65.3624725 -22.2626048,65.3596401 -22.2648684,65.3589534 -22.2619874,65.3625582 -22.2642511,65.363674</coordinates></LinearRing></innerBoundaryIs><innerBoundaryIs><LinearRing><coordinates>-22.5858848,65.3647041 -22.5891772,65.3657341 -22.5848559,65.3669357 -22.5842385,65.3658199 -22.5858848,65.3647041</coordinates></LinearRing></innerBoundaryIs><innerBoundaryIs><LinearRing><coordinates>-22.8250008,65.3695964 -22.8196505,65.3735446 -22.8208851,65.3750896 -22.8157407,65.3756903 -22.816358,65.3776644 -22.8116251,65.3771495 -22.8120368,65.3754328 -22.8105962,65.3747463 -22.8108019,65.3726863 -22.8151234,65.372858 -22.8157407,65.3719997 -22.8136829,65.3693389 -22.8167695,65.3698539 -22.8194447,65.3689098 -22.8198562,65.3705406 -22.8235604,65.3665924 -22.8250008,65.3695964</coordinates></LinearRing></innerBoundaryIs><innerBoundaryIs><LinearRing><coordinates>-22.9178075,65.3717422 -22.930566,65.3722572 -22.9064897,65.3782653 -22.9027857,65.3775787 -22.89867,65.3782653 -22.8959949,65.3775787 -22.8922909,65.3762054 -22.9042261,65.3764629 -22.9124573,65.3735446 -22.9178075,65.3717422</coordinates></LinearRing></innerBoundaryIs><innerBoundaryIs><LinearRing><coordinates>-22.8012243,65.3802824 -22.8014303,65.3793811 -22.8028718,65.3763771 -22.80524,65.3760766 -22.8055489,65.3777933 -22.8012243,65.3802824</coordinates></LinearRing></innerBoundaryIs><innerBoundaryIs><LinearRing><coordinates>-22.7970029,65.381999 -22.7970029,65.3810977 -22.8004007,65.376935 -22.8014303,65.3764629 -22.7979296,65.3819561 -22.7970029,65.381999</coordinates></LinearRing></innerBoundaryIs><innerBoundaryIs><LinearRing><coordinates>-22.7916487,65.384531 -22.7914428,65.3821706 -22.7925754,65.3812695 -22.7949436,65.3812265 -22.7927814,65.3844881 -22.7916487,65.384531</coordinates></LinearRing></innerBoundaryIs><innerBoundaryIs><LinearRing><coordinates>-22.7906129,65.3849601 -22.7893766,65.3852605 -22.787007,65.3859901 -22.7864919,65.384016 -22.7854617,65.3825569 -22.7907159,65.3833293 -22.7906129,65.3849601</coordinates></LinearRing></innerBoundaryIs><innerBoundaryIs><LinearRing><coordinates>-22.7985457,65.3844451 -22.7955579,65.3886079 -22.7948368,65.3887367 -22.7939095,65.3861618 -22.7978245,65.3843164 -22.7985457,65.3844451</coordinates></LinearRing></innerBoundaryIs><innerBoundaryIs><LinearRing><coordinates>-22.8008121,65.3854752 -22.8015333,65.3852605 -22.8015333,65.3873634 -22.7992668,65.3881788 -22.7993698,65.3874491 -22.8008121,65.3854752</coordinates></LinearRing></innerBoundaryIs><innerBoundaryIs><LinearRing><coordinates>-22.7926732,65.386591 -22.7910249,65.3871059 -22.791437,65.3860331 -22.7928793,65.3851318 -22.7934974,65.3853464 -22.7926732,65.386591</coordinates></LinearRing></innerBoundaryIs><innerBoundaryIs><LinearRing><coordinates>-22.7665054,65.3847455 -22.7656811,65.3838872 -22.7670205,65.3839302 -22.7680507,65.384531 -22.7678446,65.3851748 -22.7665054,65.3847455</coordinates></LinearRing></innerBoundaryIs><innerBoundaryIs><LinearRing><coordinates>-22.7752624,65.382471 -22.772687,65.3848743 -22.773614,65.3837156 -22.7752624,65.382471</coordinates></LinearRing></innerBoundaryIs><innerBoundaryIs><LinearRing><coordinates>-22.7955614,65.3809261 -22.796797,65.3789091 -22.7980325,65.378437 -22.7973117,65.379467 -22.7955614,65.3809261</coordinates></LinearRing></innerBoundaryIs><innerBoundaryIs><LinearRing><coordinates>-22.4846411,65.3782653 -22.4891682,65.3761196 -22.4916377,65.3760337 -22.4852583,65.3807544 -22.4846411,65.3782653</coordinates></LinearRing></innerBoundaryIs><innerBoundaryIs><LinearRing><coordinates>-22.4655036,65.3801537 -22.4702365,65.3779221 -22.4737349,65.377407 -22.4739406,65.3792953 -22.4655036,65.3801537</coordinates></LinearRing></innerBoundaryIs><innerBoundaryIs><LinearRing><coordinates>-22.2167159,65.3754328 -22.2198026,65.3752613 -22.2189794,65.3762912 -22.215687,65.3775787 -22.2167159,65.3754328</coordinates></LinearRing></innerBoundaryIs><innerBoundaryIs><LinearRing><coordinates>-22.2136292,65.3769779 -22.2115715,65.3763771 -22.2148638,65.3755187 -22.2146581,65.3762054 -22.2136292,65.3769779</coordinates></LinearRing></innerBoundaryIs><innerBoundaryIs><LinearRing><coordinates>-22.250258,65.3729438 -22.250258,65.3737164 -22.2455251,65.3756046 -22.2484061,65.3726006 -22.250258,65.3729438</coordinates></LinearRing></innerBoundaryIs><innerBoundaryIs><LinearRing><coordinates>-22.8068922,65.3742313 -22.8089499,65.3769779 -22.8068922,65.3766345 -22.8058631,65.3755187 -22.8068922,65.3742313</coordinates></LinearRing></innerBoundaryIs><innerBoundaryIs><LinearRing><coordinates>-22.2140408,65.3748322 -22.2152755,65.3737164 -22.2169216,65.373888 -22.215687,65.3748322 -22.2140408,65.3748322</coordinates></LinearRing></innerBoundaryIs><innerBoundaryIs><LinearRing><coordinates>-22.224947,65.3702831 -22.2280945,65.3696072 -22.2294751,65.3713479 -22.2288569,65.3722572 -22.224947,65.3747463 -22.2244484,65.3743426 -22.224947,65.3702831</coordinates></LinearRing></innerBoundaryIs><innerBoundaryIs><LinearRing><coordinates>-22.2165101,65.3702831 -22.2121888,65.3697681 -22.2105424,65.3696823 -22.2091022,65.3687381 -22.2121888,65.3669357 -22.2158927,65.367794 -22.2144523,65.3689955 -22.2202142,65.3689098 -22.2202142,65.3698539 -22.2165101,65.3702831</coordinates></LinearRing></innerBoundaryIs><innerBoundaryIs><LinearRing><coordinates>-22.26528,65.3681372 -22.2617816,65.3702831 -22.2632222,65.3680515 -22.26528,65.3681372</coordinates></LinearRing></innerBoundaryIs><innerBoundaryIs><LinearRing><coordinates>-22.2453192,65.3705406 -22.244909,65.3708906 -22.2360591,65.3730739 -22.2350304,65.3711414 -22.2343597,65.3712888 -22.2327667,65.3736305 -22.2323064,65.373605 -22.2311205,65.3713989 -22.2329437,65.3697842 -22.2401748,65.3682231 -22.2410506,65.3683974 -22.2453192,65.3705406</coordinates></LinearRing></innerBoundaryIs><innerBoundaryIs><LinearRing><coordinates>-22.2259759,65.3651332 -22.2216547,65.3628159 -22.224947,65.3617001 -22.2245355,65.363245 -22.2288569,65.3644466 -22.2259759,65.3651332</coordinates></LinearRing></innerBoundaryIs><innerBoundaryIs><LinearRing><coordinates>-22.1907876,65.362215 -22.1946974,65.362215 -22.190376,65.363245 -22.1907876,65.362215</coordinates></LinearRing></innerBoundaryIs><innerBoundaryIs><LinearRing><coordinates>-22.2504638,65.3619576 -22.2527273,65.3634166 -22.2500523,65.363674 -22.2492291,65.3623867 -22.2504638,65.3619576</coordinates></LinearRing></innerBoundaryIs><innerBoundaryIs><LinearRing><coordinates>-22.2457308,65.3601551 -22.246554,65.3587818 -22.2512869,65.3568077 -22.2551968,65.3563786 -22.2490234,65.3598976 -22.2457308,65.3601551</coordinates></LinearRing></innerBoundaryIs><innerBoundaryIs><LinearRing><coordinates>-23.1522908,65.390291 -23.152967,65.3900697 -23.1572661,65.3896673 -23.157073,65.3913571 -23.1534019,65.3913773 -23.1519527,65.3912566 -23.1522908,65.390291</coordinates></LinearRing></innerBoundaryIs><innerBoundaryIs><LinearRing><coordinates>-22.7857707,65.3922986 -22.7874191,65.3916548 -22.7881404,65.3920841 -22.7845345,65.3945302 -22.7834013,65.393157 -22.7857707,65.3922986</coordinates></LinearRing></innerBoundaryIs><innerBoundaryIs><LinearRing><coordinates>-21.9623919,65.3952479 -21.9627151,65.3951187 -21.9631776,65.3951187 -21.963501,65.3952479 -21.9635484,65.3954508 -21.9633934,65.3956558 -21.9624991,65.3956558 -21.9623444,65.3954508 -21.9623919,65.3952479</coordinates></LinearRing></innerBoundaryIs><innerBoundaryIs><LinearRing><coordinates>-22.7670205,65.395174 -22.7671235,65.3958606 -22.7665054,65.3979206 -22.7621784,65.3973627 -22.765166,65.3966759 -22.7645479,65.3952599 -22.7670205,65.395174</coordinates></LinearRing></innerBoundaryIs><innerBoundaryIs><LinearRing><coordinates>-22.9573234,65.3959143 -22.9528136,65.3979045 -22.9364883,65.4025983 -22.9402765,65.4002326 -22.9564213,65.3956513 -22.9573234,65.3959143</coordinates></LinearRing></innerBoundaryIs><innerBoundaryIs><LinearRing><coordinates>-22.1387188,65.4041004 -22.1401635,65.4028987 -22.1430534,65.4022979 -22.1405764,65.4049587 -22.1387188,65.4041004</coordinates></LinearRing></innerBoundaryIs><innerBoundaryIs><LinearRing><coordinates>-22.7544568,65.4047012 -22.7468168,65.4062461 -22.7453715,65.4059027 -22.7459909,65.4048728 -22.7544568,65.4047012</coordinates></LinearRing></innerBoundaryIs><innerBoundaryIs><LinearRing><coordinates>-22.1391383,65.4086494 -22.142855,65.4062461 -22.1461588,65.4056453 -22.1414098,65.4089069 -22.1391383,65.4086494</coordinates></LinearRing></innerBoundaryIs><innerBoundaryIs><LinearRing><coordinates>-22.7530113,65.4078768 -22.7565215,65.4090785 -22.7507401,65.410881 -22.7492946,65.4095935 -22.7501206,65.4086494 -22.7530113,65.4078768</coordinates></LinearRing></innerBoundaryIs><innerBoundaryIs><LinearRing><coordinates>-23.0412611,65.4088211 -23.0439456,65.4087352 -23.0445648,65.409851 -23.0383704,65.409336 -23.0412611,65.4088211</coordinates></LinearRing></innerBoundaryIs><innerBoundaryIs><LinearRing><coordinates>-22.6080605,65.4137992 -22.6092994,65.4109668 -22.615081,65.4104518 -22.6126031,65.4127693 -22.6080605,65.4137992</coordinates></LinearRing></innerBoundaryIs><innerBoundaryIs><LinearRing><coordinates>-21.9628592,65.3968383 -21.96271,65.3970457 -21.9622235,65.396843 -21.9623979,65.3966461 -21.9626384,65.3965613 -21.9628406,65.3966455 -21.9628592,65.3968383</coordinates></LinearRing></innerBoundaryIs><innerBoundaryIs><LinearRing><coordinates>-21.9379472,65.3952459 -21.937421,65.395604 -21.9360108,65.3951854 -21.9363034,65.3949668 -21.9368484,65.3948292 -21.9375896,65.3948246 -21.9380354,65.3949687 -21.9379472,65.3952459</coordinates></LinearRing></innerBoundaryIs><innerBoundaryIs><LinearRing><coordinates>-21.9361157,65.3917291 -21.935943,65.3920373 -21.9349912,65.3914647 -21.9356751,65.3913398 -21.9360692,65.3914366 -21.9361157,65.3917291</coordinates></LinearRing></innerBoundaryIs><innerBoundaryIs><LinearRing><coordinates>-22.7431,65.4144001 -22.7426872,65.4153442 -22.7393835,65.4160308 -22.7406224,65.4144859 -22.7431,65.4144001</coordinates></LinearRing></innerBoundaryIs><innerBoundaryIs><LinearRing><coordinates>-22.7437196,65.4162025 -22.7472298,65.416975 -22.7476428,65.4171466 -22.7468168,65.4178333 -22.738764,65.4170609 -22.7437196,65.4162025</coordinates></LinearRing></innerBoundaryIs><innerBoundaryIs><LinearRing><coordinates>-22.291472,65.4180909 -22.2910372,65.4184912 -22.2898873,65.4185674 -22.2898284,65.4182177 -22.2900966,65.4178432 -22.2907695,65.4176404 -22.2913954,65.417767 -22.291472,65.4180909</coordinates></LinearRing></innerBoundaryIs><innerBoundaryIs><LinearRing><coordinates>-22.7443391,65.4180049 -22.7437196,65.419035 -22.7338085,65.4202365 -22.7408288,65.4180908 -22.7443391,65.4180049</coordinates></LinearRing></innerBoundaryIs><innerBoundaryIs><LinearRing><coordinates>-22.7342215,65.4244422 -22.7288529,65.425558 -22.727614,65.4253005 -22.7313308,65.4223824 -22.7348408,65.4210089 -22.7408288,65.4200649 -22.7342215,65.4244422</coordinates></LinearRing></innerBoundaryIs><innerBoundaryIs><LinearRing><coordinates>-22.7804735,65.4234123 -22.7837772,65.4222106 -22.7854291,65.4246997 -22.7815059,65.4253864 -22.7804735,65.4242706 -22.7804735,65.4234123</coordinates></LinearRing></innerBoundaryIs><innerBoundaryIs><LinearRing><coordinates>-22.1686488,65.4244958 -22.1740115,65.4244593 -22.1749967,65.4258351 -22.1686488,65.4244958</coordinates></LinearRing></innerBoundaryIs><innerBoundaryIs><LinearRing><coordinates>-21.9860523,65.4246964 -21.9851692,65.4247138 -21.9851857,65.4244401 -21.9855754,65.4240975 -21.9863466,65.4237804 -21.9868767,65.4237338 -21.9869215,65.4239287 -21.9866408,65.4242116 -21.986343,65.4244773 -21.9860523,65.4246964</coordinates></LinearRing></innerBoundaryIs><innerBoundaryIs><LinearRing><coordinates>-22.2769201,65.4250491 -22.2773004,65.4247556 -22.2778633,65.4246982 -22.278234,65.4248825 -22.2782899,65.4252141 -22.2781307,65.4255331 -22.2770112,65.4254529 -22.2769201,65.4250491</coordinates></LinearRing></innerBoundaryIs><innerBoundaryIs><LinearRing><coordinates>-22.2798086,65.4251059 -22.2800492,65.4250211 -22.2802511,65.4251055 -22.2802697,65.425298 -22.2801207,65.4255056 -22.2796342,65.4253027 -22.2798086,65.4251059</coordinates></LinearRing></innerBoundaryIs><innerBoundaryIs><LinearRing><coordinates>-22.6846654,65.4266738 -22.6755801,65.4298496 -22.6782646,65.4266738 -22.6834266,65.425558 -22.6846654,65.4266738</coordinates></LinearRing></innerBoundaryIs><innerBoundaryIs><LinearRing><coordinates>-22.7697364,65.427103 -22.7722142,65.4283905 -22.7654002,65.4284763 -22.7645744,65.4270172 -22.7697364,65.427103</coordinates></LinearRing></innerBoundaryIs><innerBoundaryIs><LinearRing><coordinates>-22.7013906,65.4288197 -22.6939572,65.431137 -22.696848,65.4286479 -22.6984997,65.4270172 -22.7026294,65.427618 -22.7013906,65.4288197</coordinates></LinearRing></innerBoundaryIs><innerBoundaryIs><LinearRing><coordinates>-22.2673188,65.4325209 -22.2650448,65.4313477 -22.2655301,65.4308513 -22.2678673,65.4313962 -22.2673188,65.4325209</coordinates></LinearRing></innerBoundaryIs><innerBoundaryIs><LinearRing><coordinates>-23.0125601,65.4315662 -23.0237102,65.4320812 -23.0230908,65.4349136 -23.019787,65.4344844 -23.015038,65.4337978 -23.0121471,65.4323387 -23.0125601,65.4315662</coordinates></LinearRing></innerBoundaryIs><innerBoundaryIs><LinearRing><coordinates>-23.009463,65.4356002 -23.0078109,65.4353427 -23.0040942,65.4342269 -23.0047138,65.4342269 -23.0113213,65.4349136 -23.009463,65.4356002</coordinates></LinearRing></innerBoundaryIs><innerBoundaryIs><LinearRing><coordinates>-22.6830136,65.4383467 -22.6823941,65.4362869 -22.6854914,65.4349993 -22.6883821,65.4347419 -22.6883821,65.4354286 -22.6830136,65.4383467</coordinates></LinearRing></innerBoundaryIs><innerBoundaryIs><LinearRing><coordinates>-22.6464663,65.4444408 -22.6225142,65.4495049 -22.6285022,65.4457283 -22.6272634,65.4441833 -22.6291217,65.4434108 -22.636555,65.44178 -22.6384134,65.4423809 -22.6578228,65.4363728 -22.6536931,65.4410076 -22.6464663,65.4444408</coordinates></LinearRing></innerBoundaryIs><innerBoundaryIs><LinearRing><coordinates>-22.2880481,65.4451025 -22.287245,65.4423534 -22.2885926,65.4431779 -22.2909727,65.444069 -22.2880481,65.4451025</coordinates></LinearRing></innerBoundaryIs><innerBoundaryIs><LinearRing><coordinates>-22.2862966,65.4439923 -22.2861474,65.4441998 -22.2856611,65.4439971 -22.2858355,65.4438002 -22.2860759,65.4437155 -22.2862781,65.4437996 -22.2862966,65.4439923</coordinates></LinearRing></innerBoundaryIs><innerBoundaryIs><LinearRing><coordinates>-22.2938939,65.4421355 -22.2943087,65.4421234 -22.2947863,65.4423223 -22.2949792,65.4425877 -22.2949059,65.4428267 -22.2936437,65.4423009 -22.2938939,65.4421355</coordinates></LinearRing></innerBoundaryIs><innerBoundaryIs><LinearRing><coordinates>-22.2928587,65.4432346 -22.292334,65.4435961 -22.2912707,65.4436697 -22.2911144,65.4433588 -22.2912149,65.4430317 -22.2917236,65.4428288 -22.2924798,65.4428068 -22.2929409,65.4429529 -22.2928587,65.4432346</coordinates></LinearRing></innerBoundaryIs><innerBoundaryIs><LinearRing><coordinates>-22.2916878,65.441765 -22.2918622,65.441568 -22.2921026,65.4414833 -22.2923048,65.4415675 -22.2923234,65.4417601 -22.2921742,65.4419676 -22.2916878,65.441765</coordinates></LinearRing></innerBoundaryIs><innerBoundaryIs><LinearRing><coordinates>-22.2945406,65.441568 -22.2947813,65.4414833 -22.2949835,65.4415675 -22.2950019,65.4417601 -22.2948529,65.4419676 -22.2943662,65.441765 -22.2945406,65.441568</coordinates></LinearRing></innerBoundaryIs><innerBoundaryIs><LinearRing><coordinates>-22.2954839,65.4413614 -22.2951968,65.4412417 -22.2954121,65.441192 -22.2956035,65.4412717 -22.2954839,65.4413614</coordinates></LinearRing></innerBoundaryIs><innerBoundaryIs><LinearRing><coordinates>-22.2903056,65.4400553 -22.290521,65.4396837 -22.2908891,65.4394724 -22.2913527,65.4394537 -22.2916297,65.4396034 -22.2914948,65.4398866 -22.2909718,65.4402482 -22.2903056,65.4400553</coordinates></LinearRing></innerBoundaryIs><innerBoundaryIs><LinearRing><coordinates>-22.2924784,65.4396234 -22.2925553,65.4392033 -22.2929372,65.4390703 -22.2934279,65.4393048 -22.2936351,65.4396994 -22.2935702,65.4400578 -22.2926234,65.4400495 -22.2924784,65.4396234</coordinates></LinearRing></innerBoundaryIs><innerBoundaryIs><LinearRing><coordinates>-22.2983196,65.4378718 -22.2983698,65.438446 -22.2982159,65.4389712 -22.2978092,65.4387786 -22.2975342,65.4384518 -22.2972544,65.4380873 -22.2972244,65.4377168 -22.2975264,65.437501 -22.2979912,65.4375342 -22.2983196,65.4378718</coordinates></LinearRing></innerBoundaryIs><innerBoundaryIs><LinearRing><coordinates>-22.2860429,65.4378163 -22.2854826,65.4373351 -22.2852008,65.4369845 -22.2873374,65.4372075 -22.2867666,65.4355347 -22.2872277,65.4355493 -22.288119,65.4372361 -22.2876267,65.4378082 -22.2860429,65.4378163</coordinates></LinearRing></innerBoundaryIs><innerBoundaryIs><LinearRing><coordinates>-22.2615572,65.4364829 -22.2598237,65.4367017 -22.2603008,65.4354928 -22.2607973,65.4353225 -22.2628283,65.4361573 -22.2615572,65.4364829</coordinates></LinearRing></innerBoundaryIs><innerBoundaryIs><LinearRing><coordinates>-22.2952735,65.4351518 -22.2956386,65.4353039 -22.2956973,65.4357234 -22.2955415,65.4361444 -22.2943134,65.4356327 -22.2947407,65.4353249 -22.2952735,65.4351518</coordinates></LinearRing></innerBoundaryIs><innerBoundaryIs><LinearRing><coordinates>-22.2997863,65.4356306 -22.3019161,65.4360735 -22.3018169,65.4369462 -22.299455,65.4367865 -22.2991703,65.4359517 -22.2997863,65.4356306</coordinates></LinearRing></innerBoundaryIs><innerBoundaryIs><LinearRing><coordinates>-22.2925903,65.4364306 -22.2925256,65.4360722 -22.2927328,65.4356776 -22.2932235,65.4354432 -22.2936053,65.4355762 -22.2936822,65.4359961 -22.2935373,65.4364222 -22.2925903,65.4364306</coordinates></LinearRing></innerBoundaryIs><innerBoundaryIs><LinearRing><coordinates>-22.6627783,65.4448699 -22.6726896,65.4400634 -22.6780581,65.4391193 -22.6654626,65.4445266 -22.6640173,65.4475307 -22.6508023,65.4525089 -22.6592681,65.4482173 -22.6627783,65.4448699</coordinates></LinearRing></innerBoundaryIs><innerBoundaryIs><LinearRing><coordinates>-22.6291217,65.4553413 -22.627057,65.4574012 -22.615081,65.4602336 -22.6144615,65.4575729 -22.6214818,65.4537106 -22.6214818,65.451479 -22.6243726,65.4500198 -22.6295347,65.4504489 -22.627057,65.4511356 -22.6278828,65.4520797 -22.6369681,65.4504489 -22.6353163,65.4533672 -22.6291217,65.4553413</coordinates></LinearRing></innerBoundaryIs><innerBoundaryIs><LinearRing><coordinates>-22.3113884,65.4587401 -22.3105936,65.4580574 -22.3109053,65.4579591 -22.3136137,65.4592901 -22.3113884,65.4587401</coordinates></LinearRing></innerBoundaryIs><innerBoundaryIs><LinearRing><coordinates>-22.3028122,65.4586675 -22.3025364,65.4584895 -22.3052803,65.4578458 -22.3070076,65.4578139 -22.3058496,65.4589117 -22.3028122,65.4586675</coordinates></LinearRing></innerBoundaryIs><innerBoundaryIs><LinearRing><coordinates>-22.3131275,65.4561226 -22.3124226,65.455917 -22.3126711,65.4555913 -22.3130174,65.4555093 -22.3132703,65.4557379 -22.3131275,65.4561226</coordinates></LinearRing></innerBoundaryIs><innerBoundaryIs><LinearRing><coordinates>-22.3055983,65.4559458 -22.3037738,65.4558184 -22.3028572,65.4553078 -22.3025178,65.4549609 -22.3027759,65.454813 -22.3034393,65.4548351 -22.3043206,65.4549605 -22.3052012,65.4551088 -22.3057036,65.4553339 -22.305776,65.4556496 -22.3055983,65.4559458</coordinates></LinearRing></innerBoundaryIs><innerBoundaryIs><LinearRing><coordinates>-22.2966499,65.455658 -22.2964962,65.4550489 -22.2976274,65.4549679 -22.2989047,65.4556465 -22.2966499,65.455658</coordinates></LinearRing></innerBoundaryIs><innerBoundaryIs><LinearRing><coordinates>-22.3204679,65.4546025 -22.3203132,65.4548075 -22.3194189,65.4548075 -22.3192641,65.4546025 -22.3193113,65.4543997 -22.3196347,65.4542704 -22.3200973,65.4542704 -22.3204207,65.4543997 -22.3204679,65.4546025</coordinates></LinearRing></innerBoundaryIs><innerBoundaryIs><LinearRing><coordinates>-22.3162814,65.4545234 -22.3157949,65.4543207 -22.3159693,65.4541239 -22.3162099,65.454039 -22.3164119,65.4541233 -22.3164304,65.454316 -22.3162814,65.4545234</coordinates></LinearRing></innerBoundaryIs><innerBoundaryIs><LinearRing><coordinates>-22.3035582,65.4536864 -22.3030717,65.4534837 -22.3032461,65.4532866 -22.3034867,65.453202 -22.3036886,65.4532862 -22.3037072,65.4534789 -22.3035582,65.4536864</coordinates></LinearRing></innerBoundaryIs><innerBoundaryIs><LinearRing><coordinates>-22.3061653,65.4526066 -22.305943,65.4520744 -22.3065648,65.4519829 -22.3077393,65.4522606 -22.3086967,65.4525326 -22.3091086,65.4527591 -22.3089576,65.4530313 -22.3083887,65.4533653 -22.3070741,65.4533267 -22.3061653,65.4526066</coordinates></LinearRing></innerBoundaryIs><innerBoundaryIs><LinearRing><coordinates>-22.3010287,65.4529209 -22.3008795,65.4531283 -22.3003932,65.4529256 -22.3005676,65.4527287 -22.300808,65.4526439 -22.3010103,65.4527282 -22.3010287,65.4529209</coordinates></LinearRing></innerBoundaryIs><innerBoundaryIs><LinearRing><coordinates>-22.2996017,65.452394 -22.2995634,65.4526244 -22.2976545,65.4516104 -22.2978674,65.4507761 -22.2982736,65.4503587 -22.2988768,65.4503657 -22.2993845,65.4506609 -22.2994384,65.4510899 -22.2992808,65.451592 -22.2994556,65.4520597 -22.2996017,65.452394</coordinates></LinearRing></innerBoundaryIs><innerBoundaryIs><LinearRing><coordinates>-22.3008507,65.4510885 -22.3011156,65.4509202 -22.301793,65.4509141 -22.3022925,65.4510469 -22.3024032,65.4512534 -22.3022574,65.4514602 -22.3011177,65.45138 -22.3008507,65.4510885</coordinates></LinearRing></innerBoundaryIs><innerBoundaryIs><LinearRing><coordinates>-22.2652515,65.4350237 -22.2649575,65.4348047 -22.2647399,65.4345307 -22.2647445,65.4342191 -22.2652497,65.4339793 -22.2660083,65.4339947 -22.2666575,65.4342896 -22.2668856,65.4346915 -22.2667994,65.4350411 -22.2652515,65.4350237</coordinates></LinearRing></innerBoundaryIs><innerBoundaryIs><LinearRing><coordinates>-22.2485117,65.4336134 -22.2487798,65.4330846 -22.2505047,65.432983 -22.2502135,65.4341534 -22.2485117,65.4336134</coordinates></LinearRing></innerBoundaryIs><innerBoundaryIs><LinearRing><coordinates>-22.299396,65.4342749 -22.3009788,65.4340466 -22.3018571,65.4349529 -22.2991714,65.4346836 -22.299396,65.4342749</coordinates></LinearRing></innerBoundaryIs><innerBoundaryIs><LinearRing><coordinates>-22.255493,65.4322736 -22.2553439,65.4324811 -22.2548574,65.4322783 -22.2550318,65.4320813 -22.2552723,65.4319967 -22.2554744,65.4320807 -22.255493,65.4322736</coordinates></LinearRing></innerBoundaryIs><innerBoundaryIs><LinearRing><coordinates>-22.2343353,65.4316735 -22.2342718,65.4310462 -22.2361482,65.4306949 -22.2372459,65.4306912 -22.2374593,65.4316117 -22.2343353,65.4316735</coordinates></LinearRing></innerBoundaryIs><innerBoundaryIs><LinearRing><coordinates>-22.2173686,65.431848 -22.2166637,65.4316424 -22.2169121,65.4313167 -22.2172585,65.4312348 -22.2175112,65.4314635 -22.2173686,65.431848</coordinates></LinearRing></innerBoundaryIs><innerBoundaryIs><LinearRing><coordinates>-22.222741,65.4316946 -22.2233061,65.431868 -22.22341,65.4321913 -22.2232426,65.4325063 -22.2220852,65.4322457 -22.2213275,65.4321342 -22.2211879,65.4319503 -22.2218286,65.4317431 -22.222741,65.4316946</coordinates></LinearRing></innerBoundaryIs><innerBoundaryIs><LinearRing><coordinates>-22.1924115,65.4322304 -22.1915171,65.4322304 -22.1913621,65.4319165 -22.1914097,65.4315867 -22.191733,65.4313867 -22.1921955,65.4313867 -22.1925189,65.4315867 -22.1925662,65.4319165 -22.1924115,65.4322304</coordinates></LinearRing></innerBoundaryIs><innerBoundaryIs><LinearRing><coordinates>-21.973824,65.4384196 -21.9856092,65.4296371 -21.9864833,65.4291424 -21.9920325,65.4272135 -21.9861912,65.431528 -21.973824,65.4384196</coordinates></LinearRing></innerBoundaryIs><innerBoundaryIs><LinearRing><coordinates>-22.1770356,65.4349918 -22.1774902,65.4350262 -22.1777958,65.4352939 -22.1778342,65.4357415 -22.1776763,65.4361579 -22.1761142,65.4361336 -22.1759899,65.4359242 -22.1760601,65.4356713 -22.1763341,65.4353904 -22.1766421,65.4351373 -22.1770356,65.4349918</coordinates></LinearRing></innerBoundaryIs><innerBoundaryIs><LinearRing><coordinates>-22.1728059,65.4385895 -22.1715934,65.4388598 -22.1699749,65.4371922 -22.170137,65.4368215 -22.1741571,65.43613 -22.1743789,65.4363534 -22.1728059,65.4385895</coordinates></LinearRing></innerBoundaryIs><innerBoundaryIs><LinearRing><coordinates>-22.1782424,65.4375703 -22.1787896,65.4373577 -22.1791205,65.4373883 -22.1790019,65.437638 -22.1784787,65.4380015 -22.1777951,65.4378809 -22.1782424,65.4375703</coordinates></LinearRing></innerBoundaryIs><innerBoundaryIs><LinearRing><coordinates>-21.8617043,65.4395678 -21.8619393,65.439114 -21.8623899,65.4386833 -21.8631635,65.438217 -21.8642569,65.4378124 -21.8650134,65.437833 -21.8653941,65.4382474 -21.8621652,65.4397321 -21.8617043,65.4395678</coordinates></LinearRing></innerBoundaryIs><innerBoundaryIs><LinearRing><coordinates>-21.960389,65.4374459 -21.9606293,65.437304 -21.9608316,65.4374419 -21.9608502,65.4377623 -21.9607011,65.4380836 -21.9602146,65.4377989 -21.960389,65.4374459</coordinates></LinearRing></innerBoundaryIs><innerBoundaryIs><LinearRing><coordinates>-21.9706321,65.4371579 -21.9713336,65.4365017 -21.9721527,65.4358733 -21.9731385,65.4352729 -21.9739527,65.4347823 -21.9746884,65.4343438 -21.9753283,65.433923 -21.9760631,65.4334676 -21.9768418,65.4330224 -21.9777046,65.4326951 -21.9782164,65.4327201 -21.9782305,65.4330577 -21.977918,65.433498 -21.9775707,65.4339386 -21.9772371,65.4342825 -21.9769526,65.4345196 -21.9765036,65.4346927 -21.9757323,65.4349203 -21.9748178,65.4352905 -21.974196,65.4356558 -21.9737893,65.4359638 -21.973493,65.4362423 -21.9731317,65.4365329 -21.9726638,65.4368761 -21.9720252,65.4372767 -21.9714159,65.4376664 -21.9707267,65.4380543 -21.9701498,65.4378752 -21.9706321,65.4371579</coordinates></LinearRing></innerBoundaryIs><innerBoundaryIs><LinearRing><coordinates>-22.1646301,65.4382197 -22.1648706,65.438135 -22.1650726,65.4382193 -22.1650912,65.438412 -22.1649421,65.4386194 -22.1644557,65.4384167 -22.1646301,65.4382197</coordinates></LinearRing></innerBoundaryIs><innerBoundaryIs><LinearRing><coordinates>-22.1724573,65.4356217 -22.1723082,65.4358292 -22.1718217,65.4356266 -22.1719961,65.4354296 -22.1722366,65.4353448 -22.1724387,65.435429 -22.1724573,65.4356217</coordinates></LinearRing></innerBoundaryIs><innerBoundaryIs><LinearRing><coordinates>-21.9840658,65.4291909 -21.9832345,65.4296978 -21.9822518,65.4302341 -21.9814645,65.4306912 -21.9807127,65.4311014 -21.9799039,65.431109 -21.9797651,65.4309133 -21.9798368,65.4306746 -21.9801772,65.4303859 -21.980679,65.4300363 -21.9813174,65.4296324 -21.9818249,65.4292459 -21.9849609,65.4282684 -21.9847214,65.4287 -21.9840658,65.4291909</coordinates></LinearRing></innerBoundaryIs><innerBoundaryIs><LinearRing><coordinates>-21.9608502,65.4308785 -21.9607011,65.4310859 -21.9602146,65.4308832 -21.960389,65.4306864 -21.9606293,65.4306015 -21.9608316,65.4306858 -21.9608502,65.4308785</coordinates></LinearRing></innerBoundaryIs><innerBoundaryIs><LinearRing><coordinates>-21.9628787,65.4302273 -21.9627337,65.4305412 -21.9617867,65.4305497 -21.961722,65.4303035 -21.9619292,65.430034 -21.9624199,65.4298511 -21.9628018,65.4299325 -21.9628787,65.4302273</coordinates></LinearRing></innerBoundaryIs><innerBoundaryIs><LinearRing><coordinates>-21.9735734,65.4288338 -21.9734243,65.4291551 -21.9729378,65.4288703 -21.9731122,65.4285173 -21.9733526,65.4283754 -21.9735548,65.4285134 -21.9735734,65.4288338</coordinates></LinearRing></innerBoundaryIs><innerBoundaryIs><LinearRing><coordinates>-21.9702593,65.4283721 -21.9704337,65.4281752 -21.9706742,65.4280905 -21.9708763,65.4281746 -21.9708948,65.4283673 -21.9707456,65.4285748 -21.9702593,65.4283721</coordinates></LinearRing></innerBoundaryIs><innerBoundaryIs><LinearRing><coordinates>-21.9645119,65.4283231 -21.9643619,65.4277112 -21.9660038,65.4272124 -21.9666206,65.4271901 -21.9656484,65.4281955 -21.9645119,65.4283231</coordinates></LinearRing></innerBoundaryIs><innerBoundaryIs><LinearRing><coordinates>-22.1692055,65.4262769 -22.1696016,65.4259806 -22.1723198,65.4277627 -22.1692553,65.4269049 -22.1692055,65.4262769</coordinates></LinearRing></innerBoundaryIs><innerBoundaryIs><LinearRing><coordinates>-22.2095596,65.4260278 -22.2105848,65.4257962 -22.2122821,65.4256638 -22.2135533,65.4256217 -22.214101,65.4257735 -22.2141064,65.4260575 -22.2137429,65.4262444 -22.2131063,65.4262828 -22.2122422,65.426313 -22.211175,65.4264985 -22.2095143,65.4266506 -22.2093349,65.4263504 -22.2095596,65.4260278</coordinates></LinearRing></innerBoundaryIs><innerBoundaryIs><LinearRing><coordinates>-22.2905229,65.4256639 -22.2907634,65.4255791 -22.2909656,65.4256634 -22.2909842,65.4258561 -22.290835,65.4260637 -22.2903485,65.425861 -22.2905229,65.4256639</coordinates></LinearRing></innerBoundaryIs><innerBoundaryIs><LinearRing><coordinates>-22.2688673,65.4265006 -22.2688859,65.4266932 -22.2687367,65.4269007 -22.2682503,65.4266978 -22.2684247,65.426501 -22.2686651,65.4264162 -22.2688673,65.4265006</coordinates></LinearRing></innerBoundaryIs><innerBoundaryIs><LinearRing><coordinates>-22.2662497,65.4268852 -22.2660769,65.4271936 -22.2651252,65.4266208 -22.2658091,65.4264961 -22.2662032,65.4265929 -22.2662497,65.4268852</coordinates></LinearRing></innerBoundaryIs><innerBoundaryIs><LinearRing><coordinates>-22.2541537,65.4272512 -22.2540045,65.4274586 -22.2535182,65.4272559 -22.2536926,65.4270591 -22.253933,65.4269742 -22.2541353,65.4270585 -22.2541537,65.4272512</coordinates></LinearRing></innerBoundaryIs><innerBoundaryIs><LinearRing><coordinates>-22.2244534,65.4288547 -22.2209378,65.4288396 -22.2208209,65.4279257 -22.2235717,65.4270495 -22.2260131,65.4275209 -22.2244534,65.4288547</coordinates></LinearRing></innerBoundaryIs><innerBoundaryIs><LinearRing><coordinates>-22.2300134,65.4287387 -22.2298948,65.4289886 -22.2293715,65.4293519 -22.228688,65.4292314 -22.2291353,65.4289207 -22.2296824,65.4287081 -22.2300134,65.4287387</coordinates></LinearRing></innerBoundaryIs><innerBoundaryIs><LinearRing><coordinates>-22.2706902,65.427489 -22.2712705,65.4274865 -22.2714323,65.4299697 -22.2683583,65.4290417 -22.2684124,65.4285812 -22.2706902,65.427489</coordinates></LinearRing></innerBoundaryIs><innerBoundaryIs><LinearRing><coordinates>-22.2737818,65.4279594 -22.2740223,65.4278173 -22.2742245,65.4279553 -22.2742429,65.4282758 -22.2740937,65.428597 -22.2736074,65.4283123 -22.2737818,65.4279594</coordinates></LinearRing></innerBoundaryIs><innerBoundaryIs><LinearRing><coordinates>-22.2120279,65.4306179 -22.2075636,65.4310904 -22.2108361,65.4293835 -22.2117838,65.4291838 -22.2131206,65.4297249 -22.2120279,65.4306179</coordinates></LinearRing></innerBoundaryIs><innerBoundaryIs><LinearRing><coordinates>-22.2527097,65.4302937 -22.2532997,65.4303324 -22.2537595,65.4305943 -22.2537689,65.4309086 -22.2535634,65.4311801 -22.2532778,65.4313962 -22.2524505,65.4314137 -22.2522871,65.4309906 -22.2523382,65.4305409 -22.2527097,65.4302937</coordinates></LinearRing></innerBoundaryIs><innerBoundaryIs><LinearRing><coordinates>-22.2427698,65.4308785 -22.2426207,65.4310859 -22.2421342,65.4308832 -22.2423086,65.4306864 -22.2425491,65.4306015 -22.2427512,65.4306858 -22.2427698,65.4308785</coordinates></LinearRing></innerBoundaryIs><innerBoundaryIs><LinearRing><coordinates>-22.1753931,65.4305272 -22.176077,65.4304023 -22.1764712,65.4304991 -22.1765174,65.4307916 -22.1763448,65.4310998 -22.1753931,65.4305272</coordinates></LinearRing></innerBoundaryIs><innerBoundaryIs><LinearRing><coordinates>-22.1810091,65.4306471 -22.1807179,65.4303579 -22.1806885,65.4301133 -22.1810503,65.4299904 -22.1816974,65.4300581 -22.1822702,65.4303199 -22.1823204,65.4306715 -22.1818765,65.4310617 -22.1812934,65.4309427 -22.1810091,65.4306471</coordinates></LinearRing></innerBoundaryIs><innerBoundaryIs><LinearRing><coordinates>-22.2657461,65.4290754 -22.2659866,65.4289335 -22.2661887,65.4290714 -22.2662073,65.4293917 -22.2660582,65.4297131 -22.2655717,65.4294283 -22.2657461,65.4290754</coordinates></LinearRing></innerBoundaryIs><innerBoundaryIs><LinearRing><coordinates>-22.1673572,65.4291629 -22.1672662,65.4289356 -22.1674792,65.4286594 -22.1680974,65.4283746 -22.1688389,65.4281814 -22.169457,65.4281235 -22.1697925,65.4283297 -22.1698167,65.4287587 -22.1696399,65.4291745 -22.1673572,65.4291629</coordinates></LinearRing></innerBoundaryIs><innerBoundaryIs><LinearRing><coordinates>-22.2197812,65.4280905 -22.2199835,65.4281746 -22.2200019,65.4283673 -22.2198528,65.4285748 -22.2193664,65.4283721 -22.2195408,65.4281752 -22.2197812,65.4280905</coordinates></LinearRing></innerBoundaryIs><innerBoundaryIs><LinearRing><coordinates>-22.1791733,65.4288474 -22.1790186,65.4291611 -22.1781241,65.4291611 -22.1779695,65.4288474 -22.1780167,65.4285175 -22.17834,65.4283175 -22.1788027,65.4283175 -22.179126,65.4285175 -22.1791733,65.4288474</coordinates></LinearRing></innerBoundaryIs><innerBoundaryIs><LinearRing><coordinates>-21.9735734,65.4269722 -21.9734243,65.4271796 -21.9729378,65.426977 -21.9731122,65.4267801 -21.9733526,65.4266953 -21.9735548,65.4267795 -21.9735734,65.4269722</coordinates></LinearRing></innerBoundaryIs><innerBoundaryIs><LinearRing><coordinates>-21.9713228,65.4275256 -21.9718699,65.427313 -21.9722009,65.4273436 -21.9720823,65.4275935 -21.971559,65.4279569 -21.9708755,65.4278362 -21.9713228,65.4275256</coordinates></LinearRing></innerBoundaryIs><innerBoundaryIs><LinearRing><coordinates>-22.2130848,65.4311596 -22.2132869,65.4312437 -22.2133055,65.4314365 -22.2131563,65.4316438 -22.2126698,65.4314413 -22.2128443,65.4312443 -22.2130848,65.4311596</coordinates></LinearRing></innerBoundaryIs><innerBoundaryIs><LinearRing><coordinates>-21.9895046,65.4228612 -21.9889668,65.4232256 -21.9878898,65.4233018 -21.9878135,65.4230641 -21.9880435,65.422785 -21.9886589,65.4225342 -21.9893041,65.4224581 -21.9896398,65.4225822 -21.9895046,65.4228612</coordinates></LinearRing></innerBoundaryIs><innerBoundaryIs><LinearRing><coordinates>-21.9896255,65.4222559 -21.9900728,65.4219453 -21.99062,65.4217327 -21.9909509,65.4217633 -21.9908322,65.422013 -21.990309,65.4223765 -21.9896255,65.4222559</coordinates></LinearRing></innerBoundaryIs><innerBoundaryIs><LinearRing><coordinates>-22.2268999,65.4215342 -22.2272704,65.42135 -22.2278333,65.4214073 -22.2282135,65.421701 -22.2281227,65.4221047 -22.2270032,65.4221849 -22.226844,65.4218659 -22.2268999,65.4215342</coordinates></LinearRing></innerBoundaryIs><innerBoundaryIs><LinearRing><coordinates>-22.1810135,65.4207623 -22.180527,65.4205596 -22.1807014,65.4203627 -22.1809421,65.420278 -22.1811441,65.4203621 -22.1811627,65.4205548 -22.1810135,65.4207623</coordinates></LinearRing></innerBoundaryIs><innerBoundaryIs><LinearRing><coordinates>-22.1826642,65.4198871 -22.182981,65.4197046 -22.1835557,65.4196808 -22.1842631,65.4197125 -22.1850092,65.4196954 -22.1856887,65.4197732 -22.186065,65.420046 -22.1859424,65.4204279 -22.1828172,65.4205074 -22.1826428,65.4202017 -22.1826642,65.4198871</coordinates></LinearRing></innerBoundaryIs><innerBoundaryIs><LinearRing><coordinates>-22.232264,65.4200836 -22.2325044,65.4199988 -22.2327065,65.420083 -22.2327251,65.4202758 -22.232576,65.4204832 -22.2320896,65.4202805 -22.232264,65.4200836</coordinates></LinearRing></innerBoundaryIs><innerBoundaryIs><LinearRing><coordinates>-21.9158571,65.4434931 -21.9161479,65.4432611 -21.9165272,65.4430947 -21.9170982,65.4429657 -21.91777,65.4428515 -21.9183732,65.4428604 -21.9187123,65.4430518 -21.9186527,65.4433529 -21.9181554,65.4435714 -21.9174114,65.4436955 -21.9168777,65.4438319 -21.9166058,65.4440145 -21.916397,65.4442014 -21.9154804,65.4437609 -21.9158571,65.4434931</coordinates></LinearRing></innerBoundaryIs><innerBoundaryIs><LinearRing><coordinates>-21.9293516,65.4436086 -21.9278013,65.4447598 -21.9279822,65.4439785 -21.9293516,65.4436086</coordinates></LinearRing></innerBoundaryIs><innerBoundaryIs><LinearRing><coordinates>-21.9144312,65.4448562 -21.9134569,65.445347 -21.9121408,65.4458055 -21.9105552,65.4463499 -21.9099863,65.4462312 -21.9101774,65.4457997 -21.9104406,65.4454606 -21.9107629,65.445212 -21.9114351,65.4450043 -21.9126461,65.4447436 -21.9139674,65.4444571 -21.9146425,65.4444822 -21.9144312,65.4448562</coordinates></LinearRing></innerBoundaryIs><innerBoundaryIs><LinearRing><coordinates>-21.9147729,65.4458022 -21.9152499,65.4457719 -21.9151785,65.4460021 -21.9146585,65.446364 -21.9135057,65.446439 -21.9140224,65.4460995 -21.9147729,65.4458022</coordinates></LinearRing></innerBoundaryIs><innerBoundaryIs><LinearRing><coordinates>-21.9064944,65.4472982 -21.904784,65.4472364 -21.9040862,65.4463975 -21.9060647,65.4464422 -21.9064944,65.4472982</coordinates></LinearRing></innerBoundaryIs><innerBoundaryIs><LinearRing><coordinates>-21.9206384,65.4468749 -21.9205197,65.4471248 -21.9199965,65.4474881 -21.919313,65.4473675 -21.9197603,65.4470568 -21.9203075,65.4468443 -21.9206384,65.4468749</coordinates></LinearRing></innerBoundaryIs><innerBoundaryIs><LinearRing><coordinates>-21.9019216,65.4456664 -21.9017724,65.4458739 -21.901286,65.4456712 -21.9014604,65.4454741 -21.9017009,65.4453895 -21.9019032,65.4454737 -21.9019216,65.4456664</coordinates></LinearRing></innerBoundaryIs><innerBoundaryIs><LinearRing><coordinates>-21.9190727,65.4476094 -21.9192641,65.4476891 -21.9191446,65.4477788 -21.9188575,65.4476593 -21.9190727,65.4476094</coordinates></LinearRing></innerBoundaryIs><innerBoundaryIs><LinearRing><coordinates>-22.1679688,65.4400572 -22.1685333,65.4397407 -22.1694139,65.4395797 -22.1701838,65.4395036 -22.1704648,65.4396259 -22.169964,65.4400324 -22.1686792,65.4406939 -22.1676939,65.4405764 -22.1679688,65.4400572</coordinates></LinearRing></innerBoundaryIs><innerBoundaryIs><LinearRing><coordinates>-22.1707669,65.4405986 -22.1710902,65.4407278 -22.1711376,65.4409307 -22.170983,65.4411356 -22.1700885,65.4411356 -22.1699336,65.4409307 -22.1699811,65.4407278 -22.1703044,65.4405986 -22.1707669,65.4405986</coordinates></LinearRing></innerBoundaryIs><innerBoundaryIs><LinearRing><coordinates>-22.1648931,65.4445581 -22.1650861,65.4447808 -22.1650946,65.4452198 -22.1649395,65.4456397 -22.1639249,65.4451493 -22.1643337,65.4448519 -22.1646295,65.4446158 -22.1648931,65.4445581</coordinates></LinearRing></innerBoundaryIs><innerBoundaryIs><LinearRing><coordinates>-21.9595392,65.4465426 -21.9531217,65.4495898 -21.9536825,65.4476525 -21.9540714,65.447367 -21.9592634,65.4448076 -21.9601862,65.4451472 -21.9595392,65.4465426</coordinates></LinearRing></innerBoundaryIs><innerBoundaryIs><LinearRing><coordinates>-22.1613258,65.4469807 -22.1616319,65.4465463 -22.1619354,65.4462696 -22.1623328,65.4461352 -22.1627899,65.4461654 -22.1630291,65.4464024 -22.1628232,65.4468343 -22.1622626,65.4472973 -22.1618031,65.4476424 -22.1614478,65.4478828 -22.1610953,65.4475796 -22.1613258,65.4469807</coordinates></LinearRing></innerBoundaryIs><innerBoundaryIs><LinearRing><coordinates>-22.1619515,65.4488224 -22.1621919,65.4487377 -22.162394,65.4488219 -22.1624126,65.4490145 -22.1622635,65.449222 -22.1617771,65.4490194 -22.1619515,65.4488224</coordinates></LinearRing></innerBoundaryIs><innerBoundaryIs><LinearRing><coordinates>-22.1583714,65.45061 -22.1546834,65.4526753 -22.1560578,65.4496299 -22.1566592,65.4494965 -22.1583714,65.45061</coordinates></LinearRing></innerBoundaryIs><innerBoundaryIs><LinearRing><coordinates>-22.1139475,65.453968 -22.1176642,65.4534529 -22.1195225,65.4540538 -22.1143605,65.4555988 -22.1116762,65.4550838 -22.1139475,65.453968</coordinates></LinearRing></innerBoundaryIs><innerBoundaryIs><LinearRing><coordinates>-22.1069272,65.4574012 -22.1063077,65.4608345 -22.102591,65.4614353 -22.1032104,65.4632376 -22.095364,65.4659843 -22.0978419,65.4597187 -22.0982549,65.4580879 -22.101352,65.4591178 -22.1027975,65.4577445 -22.1069272,65.4574012</coordinates></LinearRing></innerBoundaryIs><innerBoundaryIs><LinearRing><coordinates>-22.12774,65.4626467 -22.1289392,65.4620107 -22.1299498,65.4617825 -22.1303104,65.4620379 -22.1298099,65.4627227 -22.1285061,65.4636241 -22.1270638,65.4638524 -22.1271448,65.4633315 -22.12774,65.4626467</coordinates></LinearRing></innerBoundaryIs><innerBoundaryIs><LinearRing><coordinates>-22.1304975,65.4635192 -22.133324,65.4621305 -22.1320803,65.4640526 -22.131574,65.4636474 -22.1304975,65.4635192</coordinates></LinearRing></innerBoundaryIs><innerBoundaryIs><LinearRing><coordinates>-21.926797,65.4647579 -21.9256099,65.4648613 -21.9255601,65.4646153 -21.9258147,65.4643638 -21.9264042,65.4642398 -21.926845,65.4644105 -21.926797,65.4647579</coordinates></LinearRing></innerBoundaryIs><innerBoundaryIs><LinearRing><coordinates>-22.1290121,65.4664669 -22.1234328,65.4670004 -22.1245074,65.4660248 -22.1290121,65.4664669</coordinates></LinearRing></innerBoundaryIs><innerBoundaryIs><LinearRing><coordinates>-22.1328604,65.4674524 -22.1331564,65.4672163 -22.1334199,65.4671586 -22.1336129,65.4673812 -22.1336215,65.46782 -22.1334662,65.4682401 -22.1324517,65.4677498 -22.1328604,65.4674524</coordinates></LinearRing></innerBoundaryIs><innerBoundaryIs><LinearRing><coordinates>-22.143442,65.4679899 -22.1436442,65.4680742 -22.1436626,65.4682668 -22.1435134,65.4684743 -22.1430269,65.4682716 -22.1432013,65.4680746 -22.143442,65.4679899</coordinates></LinearRing></innerBoundaryIs><innerBoundaryIs><LinearRing><coordinates>-22.121713,65.4711556 -22.1209821,65.4711215 -22.1209821,65.4694474 -22.1253113,65.467927 -22.1251729,65.4684712 -22.121713,65.4711556</coordinates></LinearRing></innerBoundaryIs><innerBoundaryIs><LinearRing><coordinates>-22.1299345,65.4691234 -22.1305661,65.4690694 -22.1308063,65.470198 -22.129109,65.469851 -22.1299345,65.4691234</coordinates></LinearRing></innerBoundaryIs><innerBoundaryIs><LinearRing><coordinates>-22.1460876,65.4701056 -22.1463172,65.4704117 -22.1461143,65.4710344 -22.1455185,65.4718589 -22.1448832,65.4727848 -22.1441621,65.473598 -22.1429092,65.4730077 -22.1436455,65.471981 -22.1445355,65.4710805 -22.1451638,65.4704169 -22.1456403,65.4701037 -22.1460876,65.4701056</coordinates></LinearRing></innerBoundaryIs><innerBoundaryIs><LinearRing><coordinates>-22.0472065,65.4738302 -22.0471417,65.4740765 -22.0461947,65.474068 -22.04605,65.473754 -22.0461267,65.4734594 -22.0465086,65.4733779 -22.0469993,65.4735609 -22.0472065,65.4738302</coordinates></LinearRing></innerBoundaryIs><innerBoundaryIs><LinearRing><coordinates>-21.9563173,65.4720294 -21.953427,65.4720469 -21.9525867,65.4708422 -21.9536772,65.4705147 -21.9553701,65.4704992 -21.9566532,65.4707392 -21.9570647,65.4715052 -21.9563173,65.4720294</coordinates></LinearRing></innerBoundaryIs><innerBoundaryIs><LinearRing><coordinates>-21.938786,65.4704438 -21.9389604,65.4700911 -21.9392009,65.4699491 -21.9394031,65.4700871 -21.9394217,65.4704074 -21.9392725,65.4707288 -21.938786,65.4704438</coordinates></LinearRing></innerBoundaryIs><innerBoundaryIs><LinearRing><coordinates>-21.9350389,65.4690599 -21.9348795,65.4687409 -21.9349356,65.4684092 -21.9353063,65.468225 -21.935869,65.4682823 -21.9362493,65.468576 -21.9361584,65.4689797 -21.9350389,65.4690599</coordinates></LinearRing></innerBoundaryIs><innerBoundaryIs><LinearRing><coordinates>-22.0146281,65.4681435 -22.0149962,65.4679323 -22.01546,65.4679136 -22.0157369,65.4680634 -22.0156021,65.4683464 -22.015079,65.4687082 -22.0144126,65.4685152 -22.0146281,65.4681435</coordinates></LinearRing></innerBoundaryIs><innerBoundaryIs><LinearRing><coordinates>-22.0342901,65.4771975 -22.0344923,65.4772818 -22.0345109,65.4774745 -22.0343617,65.4776819 -22.0338753,65.4774792 -22.0340497,65.4772822 -22.0342901,65.4771975</coordinates></LinearRing></innerBoundaryIs><innerBoundaryIs><LinearRing><coordinates>-21.9609163,65.4791043 -21.9639987,65.4794658 -21.9620512,65.4807682 -21.9601254,65.4798996 -21.9609163,65.4791043</coordinates></LinearRing></innerBoundaryIs><innerBoundaryIs><LinearRing><coordinates>-21.9541537,65.4808226 -21.9540046,65.4810301 -21.9535182,65.4808275 -21.9536926,65.4806305 -21.9539331,65.4805458 -21.9541351,65.48063 -21.9541537,65.4808226</coordinates></LinearRing></innerBoundaryIs><innerBoundaryIs><LinearRing><coordinates>-21.962391,65.4841018 -21.9631948,65.4838353 -21.9633917,65.4852901 -21.9621843,65.4846432 -21.962391,65.4841018</coordinates></LinearRing></innerBoundaryIs><innerBoundaryIs><LinearRing><coordinates>-21.9698961,65.4899524 -21.9697146,65.4895604 -21.970247,65.489421 -21.9710642,65.4896662 -21.9713267,65.4900666 -21.9709975,65.490501 -21.9702804,65.4903799 -21.9698961,65.4899524</coordinates></LinearRing></innerBoundaryIs><innerBoundaryIs><LinearRing><coordinates>-21.9784147,65.4908741 -21.9788367,65.4905821 -21.9809232,65.4913989 -21.980695,65.4916023 -21.9785661,65.4919811 -21.9783782,65.4914464 -21.9784147,65.4908741</coordinates></LinearRing></innerBoundaryIs><innerBoundaryIs><LinearRing><coordinates>-22.0025188,65.4913133 -22.0033886,65.4910705 -22.0002764,65.4929506 -22.0019028,65.4918112 -22.0025188,65.4913133</coordinates></LinearRing></innerBoundaryIs><innerBoundaryIs><LinearRing><coordinates>-21.9702626,65.4932953 -21.9700921,65.4936122 -21.9684722,65.4936146 -21.9683948,65.4933741 -21.9686189,65.4930924 -21.9692202,65.4928443 -21.9698519,65.4927903 -21.970221,65.4929682 -21.9702626,65.4932953</coordinates></LinearRing></innerBoundaryIs><innerBoundaryIs><LinearRing><coordinates>-21.9940478,65.4955949 -21.9943585,65.4963028 -21.991244,65.4975867 -21.9911473,65.4970469 -21.9919571,65.4959311 -21.9940478,65.4955949</coordinates></LinearRing></innerBoundaryIs><innerBoundaryIs><LinearRing><coordinates>-21.9832309,65.4993984 -21.98343,65.4989961 -21.9870619,65.4978034 -21.9887257,65.4978995 -21.9896367,65.4992516 -21.9893194,65.4998174 -21.9854795,65.5011955 -21.9850465,65.5009305 -21.9832309,65.4993984</coordinates></LinearRing></innerBoundaryIs><innerBoundaryIs><LinearRing><coordinates>-21.9954495,65.4987677 -21.9963526,65.4986548 -21.998136,65.4991084 -21.9982845,65.5000736 -21.9977095,65.4996006 -21.9934355,65.4999444 -21.9931071,65.499754 -21.9954495,65.4987677</coordinates></LinearRing></innerBoundaryIs><innerBoundaryIs><LinearRing><coordinates>-21.9950897,65.501483 -21.98571,65.5036715 -21.9855126,65.5023959 -21.9882457,65.5014371 -21.9894907,65.501182 -21.9950897,65.501483</coordinates></LinearRing></innerBoundaryIs><innerBoundaryIs><LinearRing><coordinates>-22.000192,65.5021287 -22.0011258,65.5022888 -21.9962594,65.5046879 -21.9911741,65.5046988 -21.9906342,65.5043553 -21.9927309,65.5035543 -22.000192,65.5021287</coordinates></LinearRing></innerBoundaryIs><innerBoundaryIs><LinearRing><coordinates>-22.0578336,65.4927784 -22.0582379,65.4927784 -22.0584968,65.4928709 -22.0585221,65.4930058 -22.0575492,65.4930058 -22.0575745,65.4928709 -22.0578336,65.4927784</coordinates></LinearRing></innerBoundaryIs><innerBoundaryIs><LinearRing><coordinates>-22.0568176,65.4952027 -22.057058,65.4950608 -22.0572602,65.4951987 -22.0572788,65.495519 -22.0571296,65.4958403 -22.0566432,65.4955555 -22.0568176,65.4952027</coordinates></LinearRing></innerBoundaryIs><innerBoundaryIs><LinearRing><coordinates>-22.1103889,65.5227621 -22.1106296,65.5226774 -22.1108316,65.5227617 -22.1108502,65.5229543 -22.110701,65.5231618 -22.1102145,65.5229591 -22.1103889,65.5227621</coordinates></LinearRing></innerBoundaryIs><innerBoundaryIs><LinearRing><coordinates>-22.1892756,65.4356585 -22.1892962,65.4354761 -22.1945457,65.4348651 -22.1936347,65.4358552 -22.1916283,65.4357558 -22.1892756,65.4356585</coordinates></LinearRing></innerBoundaryIs><innerBoundaryIs><LinearRing><coordinates>-22.2556953,65.4440759 -22.2560188,65.4439468 -22.2564812,65.4439468 -22.2568045,65.4440759 -22.256852,65.444279 -22.2566971,65.4444838 -22.2558028,65.4444838 -22.255648,65.444279 -22.2556953,65.4440759</coordinates></LinearRing></innerBoundaryIs><innerBoundaryIs><LinearRing><coordinates>-22.2818176,65.4499385 -22.2820581,65.4498537 -22.2822601,65.4499381 -22.2822787,65.4501307 -22.2821296,65.4503382 -22.2816432,65.4501354 -22.2818176,65.4499385</coordinates></LinearRing></innerBoundaryIs><innerBoundaryIs><LinearRing><coordinates>-22.3300818,65.4603345 -22.3304281,65.4602526 -22.3306808,65.4604814 -22.3305382,65.4608659 -22.3298332,65.4606603 -22.3300818,65.4603345</coordinates></LinearRing></innerBoundaryIs><innerBoundaryIs><LinearRing><coordinates>-22.322197,65.461284 -22.3226877,65.4611011 -22.3230696,65.4611825 -22.3231465,65.4614773 -22.3230016,65.4617912 -22.3220546,65.4617997 -22.3219898,65.4615535 -22.322197,65.461284</coordinates></LinearRing></innerBoundaryIs><innerBoundaryIs><LinearRing><coordinates>-22.3207446,65.461886 -22.321025,65.462171 -22.3211045,65.462429 -22.3209862,65.4626415 -22.3198096,65.462081 -22.3199596,65.461727 -22.3201913,65.4615666 -22.3204646,65.4616472 -22.3207446,65.461886</coordinates></LinearRing></innerBoundaryIs><innerBoundaryIs><LinearRing><coordinates>-22.3246747,65.4622153 -22.3249151,65.4621305 -22.3251173,65.4622148 -22.3251359,65.4624074 -22.3249868,65.462615 -22.3245003,65.4624122 -22.3246747,65.4622153</coordinates></LinearRing></innerBoundaryIs><innerBoundaryIs><LinearRing><coordinates>-22.3125169,65.4621205 -22.3125808,65.4619293 -22.314063,65.4618855 -22.3150312,65.4626423 -22.3125169,65.4621205</coordinates></LinearRing></innerBoundaryIs><innerBoundaryIs><LinearRing><coordinates>-22.4347035,65.4627804 -22.4353857,65.4626601 -22.435975,65.4626609 -22.4363049,65.4628466 -22.4363313,65.4631675 -22.4361578,65.4634777 -22.4339314,65.4634575 -22.4337579,65.4632664 -22.4337842,65.4630715 -22.4341142,65.4629124 -22.4347035,65.4627804</coordinates></LinearRing></innerBoundaryIs><innerBoundaryIs><LinearRing><coordinates>-22.434152,65.4646492 -22.4336302,65.4650981 -22.431362,65.4649386 -22.4287148,65.464806 -22.428475,65.4642919 -22.4298342,65.4633321 -22.4319792,65.462917 -22.4328004,65.4630395 -22.434152,65.4646492</coordinates></LinearRing></innerBoundaryIs><innerBoundaryIs><LinearRing><coordinates>-23.0619094,65.4654692 -23.0596381,65.4667568 -23.0526177,65.4659843 -23.0540632,65.4652976 -23.0579863,65.4643534 -23.0619094,65.4654692</coordinates></LinearRing></innerBoundaryIs><innerBoundaryIs><LinearRing><coordinates>-22.4515465,65.466656 -22.4510233,65.4670194 -22.4503397,65.4668987 -22.4507871,65.4665881 -22.4513342,65.4663755 -22.4516652,65.4664061 -22.4515465,65.466656</coordinates></LinearRing></innerBoundaryIs><innerBoundaryIs><LinearRing><coordinates>-22.4304342,65.4663327 -22.4319055,65.4655855 -22.4346499,65.4652879 -22.4363476,65.465291 -22.434653,65.4671713 -22.4304342,65.4663327</coordinates></LinearRing></innerBoundaryIs><innerBoundaryIs><LinearRing><coordinates>-22.4307745,65.4676065 -22.4356778,65.4676282 -22.4356766,65.4679337 -22.4258825,65.4690597 -22.4261975,65.4682214 -22.4272701,65.4678169 -22.4233738,65.4680907 -22.4230229,65.467259 -22.4266384,65.4657443 -22.4275937,65.4658337 -22.4307745,65.4676065</coordinates></LinearRing></innerBoundaryIs><innerBoundaryIs><LinearRing><coordinates>-22.4522793,65.4677366 -22.4532382,65.4676791 -22.4537514,65.467791 -22.4537842,65.4679809 -22.453436,65.4681425 -22.4528425,65.4682751 -22.4521576,65.4684407 -22.4511665,65.4679549 -22.4522793,65.4677366</coordinates></LinearRing></innerBoundaryIs><innerBoundaryIs><LinearRing><coordinates>-22.43436,65.4687504 -22.4392753,65.4690043 -22.44036,65.4704148 -22.4366931,65.46922 -22.4343891,65.4690434 -22.43436,65.4687504</coordinates></LinearRing></innerBoundaryIs><innerBoundaryIs><LinearRing><coordinates>-22.4419034,65.4695332 -22.4425691,65.4693331 -22.4435915,65.4693331 -22.4442573,65.4695332 -22.4443994,65.4698631 -22.4442393,65.4701768 -22.4419214,65.4701768 -22.4417613,65.4698631 -22.4419034,65.4695332</coordinates></LinearRing></innerBoundaryIs><innerBoundaryIs><LinearRing><coordinates>-22.4302423,65.4704821 -22.4301774,65.4707282 -22.4292305,65.4707198 -22.4290856,65.4704059 -22.4291625,65.4701113 -22.4295443,65.4700297 -22.4300349,65.4702126 -22.4302423,65.4704821</coordinates></LinearRing></innerBoundaryIs><innerBoundaryIs><LinearRing><coordinates>-22.420198,65.4712356 -22.4170111,65.4701519 -22.4198697,65.4693235 -22.4208303,65.470564 -22.420198,65.4712356</coordinates></LinearRing></innerBoundaryIs><innerBoundaryIs><LinearRing><coordinates>-22.4155573,65.470979 -22.4154025,65.4712929 -22.4145081,65.4712929 -22.4143533,65.470979 -22.4144006,65.4706492 -22.4147241,65.4704492 -22.4151866,65.4704492 -22.4155099,65.4706492 -22.4155573,65.470979</coordinates></LinearRing></innerBoundaryIs><innerBoundaryIs><LinearRing><coordinates>-22.3979694,65.4727418 -22.4028794,65.4731189 -22.4001327,65.4737823 -22.4007101,65.4755563 -22.3982571,65.4754226 -22.3964959,65.4729346 -22.3957306,65.4717937 -22.3961036,65.471579 -22.3992096,65.4714897 -22.397691,65.4701873 -22.3984448,65.4694092 -22.3998737,65.4690628 -22.4044892,65.4702494 -22.4014593,65.4713264 -22.3979694,65.4727418</coordinates></LinearRing></innerBoundaryIs><innerBoundaryIs><LinearRing><coordinates>-22.4228706,65.4717673 -22.4227519,65.4721448 -22.4222286,65.472622 -22.4215451,65.4724191 -22.4219925,65.4719527 -22.4225395,65.471683 -22.4228706,65.4717673</coordinates></LinearRing></innerBoundaryIs><innerBoundaryIs><LinearRing><coordinates>-22.406852,65.4723742 -22.4066972,65.4726878 -22.4058028,65.4726878 -22.4056479,65.4723742 -22.4056953,65.4720443 -22.4060187,65.4718443 -22.4064811,65.4718443 -22.4068046,65.4720443 -22.406852,65.4723742</coordinates></LinearRing></innerBoundaryIs><innerBoundaryIs><LinearRing><coordinates>-22.3816783,65.4751983 -22.3815745,65.4745857 -22.3838186,65.474085 -22.3844681,65.4740849 -22.3840477,65.4751446 -22.3816783,65.4751983</coordinates></LinearRing></innerBoundaryIs><innerBoundaryIs><LinearRing><coordinates>-22.3909186,65.4736418 -22.3917433,65.4732944 -22.3931441,65.4732451 -22.3940011,65.4735758 -22.393499,65.4749116 -22.3924748,65.4746628 -22.3909186,65.4736418</coordinates></LinearRing></innerBoundaryIs><innerBoundaryIs><LinearRing><coordinates>-22.3812367,65.4734966 -22.3807502,65.473294 -22.3809247,65.473097 -22.3811651,65.4730123 -22.3813673,65.4730964 -22.3813859,65.4732893 -22.3812367,65.4734966</coordinates></LinearRing></innerBoundaryIs><innerBoundaryIs><LinearRing><coordinates>-22.3886594,65.4727087 -22.3870511,65.472139 -22.3865035,65.472051 -22.3861817,65.471897 -22.3862932,65.4716949 -22.3869714,65.4715549 -22.3880069,65.4715832 -22.3886775,65.4718463 -22.3888202,65.4722925 -22.3886594,65.4727087</coordinates></LinearRing></innerBoundaryIs><innerBoundaryIs><LinearRing><coordinates>-22.3753083,65.4717724 -22.3754036,65.4720969 -22.3752455,65.4724075 -22.3743299,65.4721382 -22.3737983,65.4720509 -22.3734821,65.4718992 -22.373547,65.4717019 -22.3740537,65.4715652 -22.3748089,65.4715772 -22.3753083,65.4717724</coordinates></LinearRing></innerBoundaryIs><innerBoundaryIs><LinearRing><coordinates>-22.3477244,65.4706532 -22.3475908,65.4703037 -22.3522323,65.4673676 -22.3538837,65.4690402 -22.3516824,65.4695497 -22.3593088,65.471013 -22.3521724,65.4704622 -22.3505861,65.4712496 -22.3502963,65.4715929 -22.3477244,65.4706532</coordinates></LinearRing></innerBoundaryIs><innerBoundaryIs><LinearRing><coordinates>-22.3457561,65.469038 -22.3435297,65.469058 -22.3433561,65.4687479 -22.3433824,65.4684269 -22.3437124,65.4682413 -22.3443018,65.4682406 -22.3449839,65.4683605 -22.3455733,65.4684927 -22.3459032,65.4686518 -22.3459296,65.4688467 -22.3457561,65.469038</coordinates></LinearRing></innerBoundaryIs><innerBoundaryIs><LinearRing><coordinates>-22.3480867,65.4678547 -22.3485013,65.4676628 -22.3491337,65.4677144 -22.3496884,65.4679799 -22.3497303,65.4683367 -22.3492844,65.4687305 -22.347874,65.4682275 -22.3480867,65.4678547</coordinates></LinearRing></innerBoundaryIs><innerBoundaryIs><LinearRing><coordinates>-22.3889191,65.4633183 -22.39206,65.4643151 -22.3944842,65.4629325 -22.3935738,65.4650533 -22.3967609,65.4653836 -22.3956127,65.4663351 -22.3969671,65.4666135 -22.4036726,65.4666072 -22.4051495,65.4654939 -22.4053843,65.466737 -22.4093899,65.4669154 -22.410503,65.4674819 -22.4107686,65.4684622 -22.4099406,65.4696525 -22.4095733,65.4691941 -22.4045956,65.4691737 -22.4034818,65.4689376 -22.4016027,65.467555 -22.3930717,65.4681515 -22.3921999,65.4678825 -22.3889191,65.4633183</coordinates></LinearRing></innerBoundaryIs><innerBoundaryIs><LinearRing><coordinates>-22.3317487,65.4669985 -22.331183,65.4668344 -22.3314168,65.4662505 -22.3317289,65.46582 -22.3320388,65.4654948 -22.3324251,65.4651921 -22.3329253,65.4649143 -22.3336442,65.4647957 -22.3342766,65.4650092 -22.3344446,65.4654335 -22.3342339,65.4658722 -22.3339406,65.466246 -22.3334999,65.4664863 -22.332761,65.4666942 -22.3317487,65.4669985</coordinates></LinearRing></innerBoundaryIs><innerBoundaryIs><LinearRing><coordinates>-22.3273137,65.4637845 -22.3285871,65.4631265 -22.3321532,65.463237 -22.3301522,65.4649327 -22.3273137,65.4637845</coordinates></LinearRing></innerBoundaryIs><innerBoundaryIs><LinearRing><coordinates>-22.3359786,65.4633349 -22.3418765,65.4639039 -22.3430167,65.4659947 -22.3412182,65.4649746 -22.3389525,65.4646602 -22.3359786,65.4633349</coordinates></LinearRing></innerBoundaryIs><innerBoundaryIs><LinearRing><coordinates>-22.3725303,65.4652041 -22.3733242,65.4653164 -22.3745179,65.4655768 -22.3755949,65.4659688 -22.3760372,65.4663144 -22.3760228,65.4665722 -22.3737704,65.4665461 -22.3735214,65.4663414 -22.3732485,65.4660923 -22.3728786,65.4658064 -22.3725258,65.4655164 -22.3723001,65.4652851 -22.3725303,65.4652041</coordinates></LinearRing></innerBoundaryIs><innerBoundaryIs><LinearRing><coordinates>-22.3700217,65.4659568 -22.3698668,65.4662704 -22.3689724,65.4662704 -22.3688174,65.4659568 -22.368865,65.465627 -22.3691883,65.4654269 -22.3696508,65.4654269 -22.3699743,65.465627 -22.3700217,65.4659568</coordinates></LinearRing></innerBoundaryIs><innerBoundaryIs><LinearRing><coordinates>-22.4203615,65.4640042 -22.4208812,65.4637706 -22.4217592,65.463634 -22.4226347,65.463571 -22.4233795,65.4636278 -22.4239517,65.4637523 -22.4242601,65.4639766 -22.4242769,65.4642963 -22.4241008,65.4645962 -22.4233769,65.4644957 -22.4224206,65.4643905 -22.4214408,65.4643886 -22.4206867,65.4644188 -22.4203078,65.4642868 -22.4203615,65.4640042</coordinates></LinearRing></innerBoundaryIs><innerBoundaryIs><LinearRing><coordinates>-22.4233005,65.4651591 -22.4234291,65.4659899 -22.4227149,65.4658929 -22.42012,65.4658734 -22.4182411,65.4656714 -22.4169952,65.4645226 -22.4227113,65.4650354 -22.4233005,65.4651591</coordinates></LinearRing></innerBoundaryIs><innerBoundaryIs><LinearRing><coordinates>-22.4001358,65.4657557 -22.3999867,65.4659632 -22.3995003,65.4657603 -22.3996747,65.4655635 -22.3999152,65.4654787 -22.4001173,65.4655631 -22.4001358,65.4657557</coordinates></LinearRing></innerBoundaryIs><innerBoundaryIs><LinearRing><coordinates>-22.4130369,65.467424 -22.4143704,65.4666826 -22.4150292,65.4665527 -22.4197174,65.4669681 -22.422344,65.4681613 -22.4221835,65.4685206 -22.4175887,65.4682277 -22.4166251,65.4690595 -22.4158257,65.4685442 -22.4130369,65.467424</coordinates></LinearRing></innerBoundaryIs><innerBoundaryIs><LinearRing><coordinates>-22.4228464,65.469274 -22.4229233,65.4695688 -22.4227782,65.4698828 -22.4218314,65.4698911 -22.4217666,65.469645 -22.4219739,65.4693756 -22.4224646,65.4691926 -22.4228464,65.469274</coordinates></LinearRing></innerBoundaryIs><innerBoundaryIs><LinearRing><coordinates>-22.3724483,65.4690213 -22.3716919,65.4688214 -22.3709288,65.4686131 -22.3703026,65.4683386 -22.3701292,65.4680963 -22.3704818,65.4680063 -22.37129,65.4680958 -22.3723278,65.4682862 -22.3731232,65.468563 -22.3733839,65.4688354 -22.3732893,65.4690613 -22.3724483,65.4690213</coordinates></LinearRing></innerBoundaryIs><innerBoundaryIs><LinearRing><coordinates>-22.3815875,65.4683433 -22.3819408,65.4682084 -22.3823913,65.468226 -22.3827019,65.468424 -22.3827441,65.468749 -22.3825881,65.4690597 -22.3813807,65.4685651 -22.3815875,65.4683433</coordinates></LinearRing></innerBoundaryIs><innerBoundaryIs><LinearRing><coordinates>-22.3706532,65.46925 -22.3706716,65.4695705 -22.3705224,65.4698915 -22.370036,65.4696068 -22.3702104,65.4692541 -22.3704509,65.4691122 -22.3706532,65.46925</coordinates></LinearRing></innerBoundaryIs><innerBoundaryIs><LinearRing><coordinates>-22.388696,65.4692044 -22.3891869,65.4694387 -22.389394,65.4698333 -22.3893293,65.4701918 -22.3883823,65.4701833 -22.3882374,65.4697573 -22.3883142,65.4693373 -22.388696,65.4692044</coordinates></LinearRing></innerBoundaryIs><innerBoundaryIs><LinearRing><coordinates>-22.3912191,65.4692653 -22.3933997,65.4709316 -22.3932374,65.4713647 -22.3904519,65.4720947 -22.3893628,65.4714848 -22.3909251,65.4694877 -22.3912191,65.4692653</coordinates></LinearRing></innerBoundaryIs><innerBoundaryIs><LinearRing><coordinates>-22.3949872,65.4697489 -22.3952276,65.469664 -22.3954298,65.4697483 -22.3954484,65.469941 -22.3952993,65.4701484 -22.3948128,65.4699457 -22.3949872,65.4697489</coordinates></LinearRing></innerBoundaryIs><innerBoundaryIs><LinearRing><coordinates>-22.3628702,65.4703028 -22.3621232,65.4695773 -22.3634717,65.4691908 -22.3691854,65.4699821 -22.3678538,65.4715408 -22.3628702,65.4703028</coordinates></LinearRing></innerBoundaryIs><innerBoundaryIs><LinearRing><coordinates>-22.3559844,65.4697945 -22.3552796,65.4695888 -22.3555282,65.4692631 -22.3558745,65.4691811 -22.3561273,65.4694099 -22.3559844,65.4697945</coordinates></LinearRing></innerBoundaryIs><innerBoundaryIs><LinearRing><coordinates>-22.3843848,65.4702132 -22.3842438,65.469835 -22.3845509,65.46968 -22.3851373,65.4697376 -22.3857239,65.4698797 -22.3860703,65.4701139 -22.3861068,65.4704363 -22.3859376,65.4707357 -22.3849201,65.4706739 -22.3843848,65.4702132</coordinates></LinearRing></innerBoundaryIs><innerBoundaryIs><LinearRing><coordinates>-22.4114228,65.4705749 -22.4118667,65.4707446 -22.4121104,65.4709703 -22.4111546,65.4709774 -22.411009,65.4707714 -22.4110748,65.4705985 -22.4114228,65.4705749</coordinates></LinearRing></innerBoundaryIs><innerBoundaryIs><LinearRing><coordinates>-22.4061824,65.4710646 -22.4060276,65.4712696 -22.4051331,65.4712696 -22.4049782,65.4710646 -22.4050257,65.4708616 -22.405349,65.4707325 -22.4058115,65.4707325 -22.4061348,65.4708616 -22.4061824,65.4710646</coordinates></LinearRing></innerBoundaryIs><innerBoundaryIs><LinearRing><coordinates>-22.4264605,65.4700278 -22.4267009,65.469943 -22.4269031,65.4700273 -22.4269216,65.4702199 -22.4267724,65.4704275 -22.4262861,65.4702247 -22.4264605,65.4700278</coordinates></LinearRing></innerBoundaryIs><innerBoundaryIs><LinearRing><coordinates>-22.4405229,65.4658426 -22.4407634,65.4657578 -22.4409657,65.465842 -22.4409841,65.4660347 -22.4408349,65.4662421 -22.4403485,65.4660395 -22.4405229,65.4658426</coordinates></LinearRing></innerBoundaryIs><innerBoundaryIs><LinearRing><coordinates>-22.3948044,65.4777472 -22.3926227,65.4793723 -22.3895988,65.4769706 -22.3948044,65.4777472</coordinates></LinearRing></innerBoundaryIs><innerBoundaryIs><LinearRing><coordinates>-22.3856122,65.4831415 -22.3858526,65.4830569 -22.3860548,65.4831411 -22.3860734,65.4833338 -22.3859242,65.4835413 -22.3854378,65.4833385 -22.3856122,65.4831415</coordinates></LinearRing></innerBoundaryIs><innerBoundaryIs><LinearRing><coordinates>-22.7657691,65.484935 -22.7654432,65.4853281 -22.7643337,65.4858046 -22.7630742,65.4861544 -22.7621413,65.4864655 -22.7615346,65.486768 -22.7608585,65.4870523 -22.7599965,65.4873188 -22.7589405,65.48766 -22.7579902,65.4877732 -22.757892,65.4874459 -22.7580811,65.4870645 -22.7586501,65.4867454 -22.7593617,65.486553 -22.7601531,65.4863721 -22.7611849,65.4860998 -22.7625439,65.4856679 -22.7639356,65.4852395 -22.7651908,65.4849015 -22.7657691,65.484935</coordinates></LinearRing></innerBoundaryIs><innerBoundaryIs><LinearRing><coordinates>-22.738626,65.4851776 -22.7381608,65.4855252 -22.7377163,65.4858468 -22.7373502,65.4860957 -22.7365192,65.4858164 -22.7361121,65.4857223 -22.7360832,65.4855514 -22.7366033,65.4853169 -22.7373691,65.4851189 -22.7381142,65.4849746 -22.7386174,65.4849764 -22.738626,65.4851776</coordinates></LinearRing></innerBoundaryIs><innerBoundaryIs><LinearRing><coordinates>-22.412342,65.4889675 -22.4129486,65.4887675 -22.4162982,65.4894911 -22.4124751,65.4900126 -22.412271,65.4894936 -22.412342,65.4889675</coordinates></LinearRing></innerBoundaryIs><innerBoundaryIs><LinearRing><coordinates>-22.3927897,65.4911402 -22.3885512,65.4913051 -22.3882293,65.4911571 -22.391672,65.4898258 -22.393133,65.4898041 -22.3938348,65.4907399 -22.3927897,65.4911402</coordinates></LinearRing></innerBoundaryIs><innerBoundaryIs><LinearRing><coordinates>-22.4004073,65.4920654 -22.4008015,65.4921621 -22.4008479,65.4924545 -22.4006751,65.4927628 -22.3997235,65.4921901 -22.4004073,65.4920654</coordinates></LinearRing></innerBoundaryIs><innerBoundaryIs><LinearRing><coordinates>-22.7182719,65.4926257 -22.7129992,65.49468 -22.7123303,65.4938684 -22.7167102,65.4927409 -22.7182719,65.4926257</coordinates></LinearRing></innerBoundaryIs><innerBoundaryIs><LinearRing><coordinates>-22.3948221,65.4944165 -22.3946646,65.4947304 -22.3930585,65.4947304 -22.3929009,65.4944165 -22.3929958,65.4940867 -22.3934903,65.4938867 -22.3942327,65.4938867 -22.3947273,65.4940867 -22.3948221,65.4944165</coordinates></LinearRing></innerBoundaryIs><innerBoundaryIs><LinearRing><coordinates>-22.3872154,65.4948726 -22.3877825,65.4949902 -22.3862509,65.4960262 -22.388117,65.4970233 -22.3836046,65.4973332 -22.3800659,65.4966704 -22.3789626,65.495577 -22.3798451,65.4947093 -22.3804492,65.4947484 -22.3872154,65.4948726</coordinates></LinearRing></innerBoundaryIs><innerBoundaryIs><LinearRing><coordinates>-22.708703,65.4950573 -22.7080663,65.4959478 -22.7065749,65.4963741 -22.7061408,65.4962066 -22.7083939,65.4951425 -22.708703,65.4950573</coordinates></LinearRing></innerBoundaryIs><innerBoundaryIs><LinearRing><coordinates>-22.8079791,65.495887 -22.8187085,65.495509 -22.8110263,65.4984289 -22.8068697,65.4988498 -22.804123,65.4974619 -22.8041269,65.4969975 -22.8074584,65.4960918 -22.8079791,65.495887</coordinates></LinearRing></innerBoundaryIs><innerBoundaryIs><LinearRing><coordinates>-22.7932274,65.5010837 -22.7927765,65.4992867 -22.7972964,65.49849 -22.7981637,65.4998795 -22.7932274,65.5010837</coordinates></LinearRing></innerBoundaryIs><innerBoundaryIs><LinearRing><coordinates>-22.7534056,65.5014675 -22.7523614,65.5006217 -22.7531198,65.5001593 -22.7549278,65.4998039 -22.7537827,65.5012151 -22.7534056,65.5014675</coordinates></LinearRing></innerBoundaryIs><innerBoundaryIs><LinearRing><coordinates>-22.7446198,65.504179 -22.7411923,65.5039916 -22.7442055,65.5020332 -22.7490646,65.5008193 -22.7503881,65.5008457 -22.7446198,65.504179</coordinates></LinearRing></innerBoundaryIs><innerBoundaryIs><LinearRing><coordinates>-22.7800319,65.5012778 -22.7802722,65.501193 -22.7804745,65.5012773 -22.780493,65.5014699 -22.7803438,65.5016775 -22.7798575,65.5014747 -22.7800319,65.5012778</coordinates></LinearRing></innerBoundaryIs><innerBoundaryIs><LinearRing><coordinates>-22.7895931,65.50231 -22.7905802,65.5020945 -22.7907299,65.5034826 -22.7888525,65.5048326 -22.7865854,65.5047787 -22.7879544,65.503063 -22.7895931,65.50231</coordinates></LinearRing></innerBoundaryIs><innerBoundaryIs><LinearRing><coordinates>-22.7977076,65.5040675 -22.7985395,65.5040925 -22.7957749,65.5061141 -22.7952425,65.5060225 -22.7964483,65.5046068 -22.7977076,65.5040675</coordinates></LinearRing></innerBoundaryIs><innerBoundaryIs><LinearRing><coordinates>-22.7994513,65.504626 -22.799692,65.5045412 -22.7998942,65.5046256 -22.7999126,65.5048182 -22.7997634,65.5050257 -22.7992769,65.5048228 -22.7994513,65.504626</coordinates></LinearRing></innerBoundaryIs><innerBoundaryIs><LinearRing><coordinates>-22.7567961,65.503692 -22.7569875,65.5037717 -22.7568676,65.5038614 -22.7565808,65.5037417 -22.7567961,65.503692</coordinates></LinearRing></innerBoundaryIs><innerBoundaryIs><LinearRing><coordinates>-22.7909415,65.5004972 -22.7868129,65.5008469 -22.789607,65.4998533 -22.7909415,65.5004972</coordinates></LinearRing></innerBoundaryIs><innerBoundaryIs><LinearRing><coordinates>-22.7784841,65.5003539 -22.7783349,65.5005614 -22.7778486,65.5003587 -22.778023,65.5001616 -22.7782634,65.500077 -22.7784656,65.5001612 -22.7784841,65.5003539</coordinates></LinearRing></innerBoundaryIs><innerBoundaryIs><LinearRing><coordinates>-22.7589153,65.4986082 -22.7584289,65.4984055 -22.7586033,65.4982086 -22.7588437,65.4981238 -22.7592934,65.4980336 -22.7597101,65.4979501 -22.7601889,65.4978542 -22.7605737,65.4977771 -22.7611783,65.4976557 -22.7621614,65.4976022 -22.7622908,65.4977309 -22.7620322,65.4978275 -22.7615165,65.4978579 -22.7611696,65.4979953 -22.7607989,65.4981422 -22.7606549,65.4981993 -22.7604023,65.4982995 -22.7598329,65.4983799 -22.7593673,65.4985356 -22.7589153,65.4986082</coordinates></LinearRing></innerBoundaryIs><innerBoundaryIs><LinearRing><coordinates>-22.3960257,65.4966769 -22.3950787,65.4966685 -22.3949338,65.4963545 -22.3950107,65.4960598 -22.3953925,65.4959784 -22.3958832,65.4961613 -22.3960905,65.4964308 -22.3960257,65.4966769</coordinates></LinearRing></innerBoundaryIs><innerBoundaryIs><LinearRing><coordinates>-22.3963426,65.4971051 -22.3966907,65.4970818 -22.3971345,65.4972512 -22.3973783,65.4974771 -22.3964225,65.4974842 -22.3962767,65.497278 -22.3963426,65.4971051</coordinates></LinearRing></innerBoundaryIs><innerBoundaryIs><LinearRing><coordinates>-22.3857625,65.4942555 -22.3857349,65.4932103 -22.389484,65.4941396 -22.3857625,65.4942555</coordinates></LinearRing></innerBoundaryIs><innerBoundaryIs><LinearRing><coordinates>-22.3923025,65.497714 -22.3926258,65.497514 -22.3930883,65.497514 -22.3934118,65.497714 -22.3934592,65.4980437 -22.3933043,65.4983577 -22.3924099,65.4983577 -22.3922549,65.4980437 -22.3923025,65.497714</coordinates></LinearRing></innerBoundaryIs><innerBoundaryIs><LinearRing><coordinates>-22.7072113,65.4984164 -22.707774,65.4983588 -22.7081445,65.4985431 -22.7082006,65.4988747 -22.7080414,65.4991939 -22.7069219,65.4991136 -22.7068309,65.4987099 -22.7072113,65.4984164</coordinates></LinearRing></innerBoundaryIs><innerBoundaryIs><LinearRing><coordinates>-22.396118,65.4992378 -22.3959689,65.4994453 -22.3954824,65.4992425 -22.3956568,65.4990457 -22.3958973,65.4989609 -22.3960994,65.4990451 -22.396118,65.4992378</coordinates></LinearRing></innerBoundaryIs><innerBoundaryIs><LinearRing><coordinates>-22.3757029,65.5004773 -22.3764858,65.5004616 -22.377188,65.5004421 -22.3777729,65.5004022 -22.3781075,65.5004698 -22.3780653,65.5006309 -22.3775682,65.5007839 -22.3766983,65.5009173 -22.3757693,65.5010852 -22.3748332,65.5006073 -22.3757029,65.5004773</coordinates></LinearRing></innerBoundaryIs><innerBoundaryIs><LinearRing><coordinates>-22.4682188,65.5020301 -22.4684209,65.5021144 -22.4684393,65.5023071 -22.4682903,65.5025144 -22.467804,65.5023118 -22.4679784,65.5021148 -22.4682188,65.5020301</coordinates></LinearRing></innerBoundaryIs><innerBoundaryIs><LinearRing><coordinates>-22.4653569,65.5025868 -22.4580013,65.5033793 -22.459595,65.5024173 -22.4613519,65.5022832 -22.4650232,65.5023975 -22.4653569,65.5025868</coordinates></LinearRing></innerBoundaryIs><innerBoundaryIs><LinearRing><coordinates>-22.4557163,65.503423 -22.4555671,65.5036306 -22.4550807,65.5034277 -22.4552551,65.5032309 -22.4554955,65.5031461 -22.4556977,65.5032305 -22.4557163,65.503423</coordinates></LinearRing></innerBoundaryIs><innerBoundaryIs><LinearRing><coordinates>-22.4744477,65.5046256 -22.4744662,65.5048182 -22.474317,65.5050257 -22.4738306,65.5048228 -22.4740051,65.504626 -22.4742455,65.5045412 -22.4744477,65.5046256</coordinates></LinearRing></innerBoundaryIs><innerBoundaryIs><LinearRing><coordinates>-22.4490525,65.504813 -22.4487323,65.5049537 -22.4482766,65.5050548 -22.4478794,65.5052083 -22.4474781,65.5054702 -22.4469,65.5058137 -22.4462709,65.5055847 -22.4465417,65.5050669 -22.4470899,65.5047582 -22.4479328,65.5046167 -22.4486713,65.5045619 -22.4490581,65.5046442 -22.4490525,65.504813</coordinates></LinearRing></innerBoundaryIs><innerBoundaryIs><LinearRing><coordinates>-22.4223328,65.5155042 -22.4186913,65.5163792 -22.4170248,65.5159087 -22.4176968,65.5156718 -22.4223328,65.5155042</coordinates></LinearRing></innerBoundaryIs><innerBoundaryIs><LinearRing><coordinates>-22.410022,65.5158029 -22.4103944,65.5160472 -22.4102712,65.5164047 -22.4093132,65.5163924 -22.4085346,65.5163537 -22.4076762,65.5163974 -22.4068191,65.5163995 -22.4063168,65.5162867 -22.4062706,65.516102 -22.4066081,65.5159384 -22.4071989,65.5158103 -22.4078933,65.5156984 -22.4086184,65.5156729 -22.4093528,65.515721 -22.410022,65.5158029</coordinates></LinearRing></innerBoundaryIs><innerBoundaryIs><LinearRing><coordinates>-22.1514252,65.5609169 -22.1523736,65.5609713 -22.1507862,65.5625263 -22.1492726,65.5625514 -22.1494505,65.5619928 -22.1514252,65.5609169</coordinates></LinearRing></innerBoundaryIs><innerBoundaryIs><LinearRing><coordinates>-22.1513838,65.5636963 -22.1516113,65.5634416 -22.1518728,65.5632159 -22.1521505,65.5631388 -22.1523579,65.5632905 -22.1523722,65.5636065 -22.1522183,65.5639209 -22.1513228,65.5639203 -22.1513838,65.5636963</coordinates></LinearRing></innerBoundaryIs><innerBoundaryIs><LinearRing><coordinates>-22.3621922,65.523596 -22.3626868,65.5234669 -22.3634293,65.5234669 -22.3639237,65.523596 -22.3640186,65.5237989 -22.363861,65.5240039 -22.3622549,65.5240039 -22.3620975,65.5237989 -22.3621922,65.523596</coordinates></LinearRing></innerBoundaryIs><innerBoundaryIs><LinearRing><coordinates>-22.3613874,65.5253359 -22.3575938,65.525418 -22.3574433,65.524793 -22.3577589,65.5246167 -22.3613874,65.5253359</coordinates></LinearRing></innerBoundaryIs><innerBoundaryIs><LinearRing><coordinates>-22.3643285,65.5249295 -22.3653094,65.5250483 -22.3646365,65.5259275 -22.3635594,65.5260035 -22.3637131,65.5252512 -22.3643285,65.5249295</coordinates></LinearRing></innerBoundaryIs><innerBoundaryIs><LinearRing><coordinates>-22.368641,65.5260884 -22.3688116,65.5262789 -22.36843,65.5264574 -22.3676353,65.5266644 -22.3665633,65.5269827 -22.3648372,65.5271173 -22.3647501,65.526775 -22.3651162,65.5263773 -22.3662366,65.5260659 -22.3677281,65.5259801 -22.368641,65.5260884</coordinates></LinearRing></innerBoundaryIs><innerBoundaryIs><LinearRing><coordinates>-22.3753772,65.5267868 -22.3761334,65.5268089 -22.3766421,65.5270828 -22.3767426,65.5275366 -22.3765864,65.5279564 -22.375523,65.5278826 -22.3749985,65.5274125 -22.3749163,65.527004 -22.3753772,65.5267868</coordinates></LinearRing></innerBoundaryIs><innerBoundaryIs><LinearRing><coordinates>-22.3427083,65.5281144 -22.3419631,65.5282382 -22.3414305,65.5283743 -22.3411592,65.5285569 -22.3409508,65.5287437 -22.3399822,65.5287182 -22.3395154,65.5283417 -22.3395885,65.527999 -22.3403331,65.52771 -22.341387,65.5275137 -22.3423104,65.5273836 -22.3429683,65.5273958 -22.3432924,65.5275921 -22.3432136,65.5278955 -22.3427083,65.5281144</coordinates></LinearRing></innerBoundaryIs><innerBoundaryIs><LinearRing><coordinates>-22.3563998,65.5270051 -22.3560773,65.5267748 -22.3560901,65.5264596 -22.3564711,65.5262717 -22.3571149,65.526335 -22.3577209,65.526648 -22.3579456,65.5270512 -22.3578674,65.5273976 -22.3569241,65.5271282 -22.3563998,65.5270051</coordinates></LinearRing></innerBoundaryIs><innerBoundaryIs><LinearRing><coordinates>-22.3519322,65.5267434 -22.3508689,65.526817 -22.3507127,65.5265061 -22.3508132,65.526179 -22.3513218,65.5259763 -22.352078,65.5259541 -22.3525389,65.5261002 -22.3524569,65.526382 -22.3519322,65.5267434</coordinates></LinearRing></innerBoundaryIs><innerBoundaryIs><LinearRing><coordinates>-22.3712462,65.5270841 -22.3717099,65.5270653 -22.3719869,65.5272151 -22.3718522,65.5274982 -22.3713289,65.52786 -22.3706626,65.5276669 -22.3708781,65.5272954 -22.3712462,65.5270841</coordinates></LinearRing></innerBoundaryIs><innerBoundaryIs><LinearRing><coordinates>-22.3251554,65.5250934 -22.3250105,65.5254073 -22.3240635,65.5254157 -22.3239988,65.5251696 -22.3242059,65.5249001 -22.3246967,65.5247172 -22.3250786,65.5247988 -22.3251554,65.5250934</coordinates></LinearRing></innerBoundaryIs><innerBoundaryIs><LinearRing><coordinates>-22.3456573,65.5302217 -22.3463169,65.5300924 -22.3469765,65.5302217 -22.34723,65.5304683 -22.3471624,65.530709 -22.3454715,65.530709 -22.3454037,65.5304683 -22.3456573,65.5302217</coordinates></LinearRing></innerBoundaryIs><innerBoundaryIs><LinearRing><coordinates>-22.5026479,65.5092078 -22.5031186,65.5097042 -22.5030574,65.5101736 -22.5002732,65.5104243 -22.5,65.5103236 -22.5,65.5094866 -22.5,65.5092076 -22.5026479,65.5092078</coordinates></LinearRing></innerBoundaryIs><innerBoundaryIs><LinearRing><coordinates>-22.710389,65.5099273 -22.7106293,65.5098426 -22.7108316,65.5099269 -22.7108502,65.5101196 -22.7107011,65.5103269 -22.7102146,65.5101243 -22.710389,65.5099273</coordinates></LinearRing></innerBoundaryIs><innerBoundaryIs><LinearRing><coordinates>-22.4969861,65.5106434 -22.4964184,65.5111778 -22.4959549,65.5115457 -22.4955984,65.5117874 -22.4952064,65.5113438 -22.4954031,65.5105118 -22.495782,65.5100414 -22.4963589,65.5098581 -22.4969263,65.5098453 -22.4971954,65.5101089 -22.4969861,65.5106434</coordinates></LinearRing></innerBoundaryIs><innerBoundaryIs><LinearRing><coordinates>-22.4874465,65.5094891 -22.4881305,65.5093644 -22.4885247,65.5094612 -22.488571,65.5097537 -22.4883983,65.5100619 -22.4874465,65.5094891</coordinates></LinearRing></innerBoundaryIs><innerBoundaryIs><LinearRing><coordinates>-22.4872627,65.5131887 -22.487958,65.5131269 -22.4897695,65.5142874 -22.4854934,65.515685 -22.485338,65.515188 -22.4872627,65.5131887</coordinates></LinearRing></innerBoundaryIs><innerBoundaryIs><LinearRing><coordinates>-22.4956741,65.5154229 -22.4958763,65.5155072 -22.4958947,65.5156997 -22.4957457,65.5159074 -22.4952592,65.5157048 -22.4954336,65.5155078 -22.4956741,65.5154229</coordinates></LinearRing></innerBoundaryIs><innerBoundaryIs><LinearRing><coordinates>-22.486725,65.5213238 -22.4862192,65.5201718 -22.486973,65.5196429 -22.4889395,65.5193743 -22.4895962,65.519623 -22.4911576,65.5215811 -22.4903532,65.5214055 -22.486725,65.5213238</coordinates></LinearRing></innerBoundaryIs><innerBoundaryIs><LinearRing><coordinates>-22.6345155,65.5202404 -22.6356446,65.5201181 -22.6360737,65.5211027 -22.6324723,65.5211732 -22.6325055,65.5207802 -22.6345155,65.5202404</coordinates></LinearRing></innerBoundaryIs><innerBoundaryIs><LinearRing><coordinates>-22.6170428,65.5247988 -22.6171197,65.5250934 -22.6169748,65.5254073 -22.6160278,65.5254157 -22.6159631,65.5251696 -22.6161702,65.5249001 -22.616661,65.5247172 -22.6170428,65.5247988</coordinates></LinearRing></innerBoundaryIs><innerBoundaryIs><LinearRing><coordinates>-22.6150455,65.5252258 -22.6147265,65.5255173 -22.6143711,65.5258111 -22.614017,65.5260884 -22.613754,65.5263313 -22.6124142,65.5260953 -22.6126422,65.5258042 -22.6129946,65.5255004 -22.6134638,65.5251876 -22.6141304,65.5249319 -22.6147556,65.5248606 -22.61509,65.5249807 -22.6150455,65.5252258</coordinates></LinearRing></innerBoundaryIs><innerBoundaryIs><LinearRing><coordinates>-22.6175239,65.5258852 -22.6183515,65.5260258 -22.6186957,65.5263336 -22.6183419,65.5266453 -22.6176403,65.5268627 -22.6168681,65.5270613 -22.6145709,65.5271332 -22.614628,65.526831 -22.6151911,65.5264235 -22.6163803,65.5260044 -22.6175239,65.5258852</coordinates></LinearRing></innerBoundaryIs><innerBoundaryIs><LinearRing><coordinates>-22.6142997,65.5292099 -22.6146435,65.5288738 -22.6157072,65.5284358 -22.6166772,65.5282722 -22.6171644,65.5284835 -22.6171799,65.5289088 -22.6168267,65.5292223 -22.6162337,65.5293995 -22.61555,65.5295649 -22.6145339,65.5293895 -22.6142997,65.5292099</coordinates></LinearRing></innerBoundaryIs><innerBoundaryIs><LinearRing><coordinates>-22.558786,65.5324146 -22.5572923,65.5338877 -22.5559297,65.5349401 -22.5489612,65.5340219 -22.5514092,65.5331131 -22.5583539,65.5321347 -22.558786,65.5324146</coordinates></LinearRing></innerBoundaryIs><innerBoundaryIs><LinearRing><coordinates>-22.4829661,65.5341235 -22.4813132,65.5341079 -22.4810057,65.5330467 -22.487534,65.5342118 -22.4829661,65.5341235</coordinates></LinearRing></innerBoundaryIs><innerBoundaryIs><LinearRing><coordinates>-22.5496283,65.53787 -22.5500882,65.5379004 -22.5498321,65.5383354 -22.5489349,65.5389683 -22.5480542,65.5388478 -22.5487746,65.5382674 -22.5496283,65.53787</coordinates></LinearRing></innerBoundaryIs><innerBoundaryIs><LinearRing><coordinates>-22.4878591,65.5385793 -22.4877099,65.5387868 -22.4872235,65.5385841 -22.4873979,65.5383871 -22.4876384,65.5383024 -22.4878407,65.5383867 -22.4878591,65.5385793</coordinates></LinearRing></innerBoundaryIs><innerBoundaryIs><LinearRing><coordinates>-22.5410327,65.5411603 -22.5438461,65.5410658 -22.5441313,65.5412002 -22.54184,65.5421228 -22.5402561,65.5416473 -22.5410327,65.5411603</coordinates></LinearRing></innerBoundaryIs><innerBoundaryIs><LinearRing><coordinates>-22.5382519,65.5437444 -22.5386506,65.5435299 -22.5391074,65.5435541 -22.5393924,65.543843 -22.5393544,65.5443264 -22.5390712,65.5447478 -22.5387884,65.5450397 -22.5385104,65.545247 -22.5377213,65.5452605 -22.5375968,65.5449469 -22.5376669,65.5445523 -22.5379415,65.5441318 -22.5382519,65.5437444</coordinates></LinearRing></innerBoundaryIs><innerBoundaryIs><LinearRing><coordinates>-22.4809647,65.544781 -22.4805197,65.5451753 -22.479302,65.5447525 -22.4797168,65.5444639 -22.4800738,65.5442481 -22.4805197,65.5442218 -22.4809566,65.5444382 -22.4809647,65.544781</coordinates></LinearRing></innerBoundaryIs><innerBoundaryIs><LinearRing><coordinates>-22.479356,65.5470335 -22.4796793,65.5469044 -22.4801419,65.5469044 -22.4804652,65.5470335 -22.4805127,65.5472364 -22.4803578,65.5474414 -22.4794635,65.5474414 -22.4793087,65.5472364 -22.479356,65.5470335</coordinates></LinearRing></innerBoundaryIs><innerBoundaryIs><LinearRing><coordinates>-22.481371,65.5492688 -22.4816116,65.5491842 -22.4818137,65.5492682 -22.4818323,65.5494611 -22.4816833,65.5496686 -22.4811966,65.5494658 -22.481371,65.5492688</coordinates></LinearRing></innerBoundaryIs><innerBoundaryIs><LinearRing><coordinates>-22.4795818,65.5525256 -22.4801288,65.552313 -22.4804599,65.5523436 -22.4803411,65.5525935 -22.4798179,65.5529569 -22.4791344,65.5528362 -22.4795818,65.5525256</coordinates></LinearRing></innerBoundaryIs><innerBoundaryIs><LinearRing><coordinates>-22.5309402,65.5549203 -22.5314759,65.5547168 -22.5322182,65.5547068 -22.5327142,65.5548434 -22.5327774,65.5550386 -22.5324498,65.5551987 -22.5318629,65.5553294 -22.5311781,65.5554938 -22.5306553,65.5552875 -22.5309402,65.5549203</coordinates></LinearRing></innerBoundaryIs><innerBoundaryIs><LinearRing><coordinates>-22.4790413,65.5564793 -22.4793597,65.5562319 -22.4797474,65.5560868 -22.4802032,65.5561004 -22.4804718,65.5563143 -22.4803338,65.5567139 -22.4798098,65.5571775 -22.4786441,65.5567647 -22.4790413,65.5564793</coordinates></LinearRing></innerBoundaryIs><innerBoundaryIs><LinearRing><coordinates>-22.4885287,65.5664063 -22.4892035,65.5664063 -22.489091,65.5668526 -22.488866,65.5669084 -22.4886411,65.5668526 -22.4885287,65.5664063</coordinates></LinearRing></innerBoundaryIs><innerBoundaryIs><LinearRing><coordinates>-22.6206568,65.5322489 -22.6208974,65.532164 -22.6210994,65.5322483 -22.6211179,65.532441 -22.6209689,65.5326484 -22.6204824,65.5324457 -22.6206568,65.5322489</coordinates></LinearRing></innerBoundaryIs><innerBoundaryIs><LinearRing><coordinates>-22.5888581,65.533215 -22.5894608,65.5331016 -22.590023,65.5330222 -22.590313,65.5331016 -22.5901669,65.5333545 -22.5896311,65.5337085 -22.5883325,65.5333366 -22.5888581,65.533215</coordinates></LinearRing></innerBoundaryIs><innerBoundaryIs><LinearRing><coordinates>-22.5911678,65.5340557 -22.5915509,65.5338041 -22.5921963,65.5338358 -22.5927641,65.534101 -22.5928113,65.5344614 -22.5923668,65.5348583 -22.5912898,65.5349298 -22.5911204,65.5345069 -22.5911678,65.5340557</coordinates></LinearRing></innerBoundaryIs><innerBoundaryIs><LinearRing><coordinates>-22.5932015,65.535318 -22.5934418,65.5352333 -22.5936441,65.5353175 -22.5936627,65.5355101 -22.5935136,65.5357176 -22.5930271,65.535515 -22.5932015,65.535318</coordinates></LinearRing></innerBoundaryIs><innerBoundaryIs><LinearRing><coordinates>-22.5899596,65.5377985 -22.5902332,65.5381449 -22.5903041,65.5385191 -22.5901805,65.5388339 -22.5883045,65.5379905 -22.5884981,65.5376198 -22.588833,65.5374094 -22.5892755,65.5373898 -22.5896567,65.5375324 -22.5899596,65.5377985</coordinates></LinearRing></innerBoundaryIs><innerBoundaryIs><LinearRing><coordinates>-22.5833638,65.5385096 -22.5823013,65.5380867 -22.5831428,65.5372461 -22.5838183,65.5371495 -22.5855832,65.5376961 -22.5833638,65.5385096</coordinates></LinearRing></innerBoundaryIs><innerBoundaryIs><LinearRing><coordinates>-22.6780741,65.5244179 -22.6786463,65.5257579 -22.6740772,65.5268079 -22.6736898,65.5263016 -22.6771482,65.5246646 -22.6780741,65.5244179</coordinates></LinearRing></innerBoundaryIs><innerBoundaryIs><LinearRing><coordinates>-22.6755142,65.5278836 -22.6755909,65.5275888 -22.6759728,65.5275074 -22.6764636,65.5276902 -22.6766707,65.5279597 -22.6766061,65.5282059 -22.6756589,65.5281975 -22.6755142,65.5278836</coordinates></LinearRing></innerBoundaryIs><innerBoundaryIs><LinearRing><coordinates>-22.6996747,65.5635622 -22.6999151,65.5634201 -22.7001173,65.5635581 -22.7001359,65.5638785 -22.6999868,65.5641996 -22.6995003,65.5639148 -22.6996747,65.5635622</coordinates></LinearRing></innerBoundaryIs><innerBoundaryIs><LinearRing><coordinates>-22.7346209,65.6225157 -22.7350997,65.6225289 -22.7354028,65.6226541 -22.7354344,65.6228522 -22.7352707,65.6230541 -22.7341325,65.6225835 -22.7346209,65.6225157</coordinates></LinearRing></innerBoundaryIs><innerBoundaryIs><LinearRing><coordinates>-22.7486033,65.5065416 -22.7489072,65.5062551 -22.7492028,65.5060105 -22.7495886,65.505874 -22.7500523,65.5058994 -22.7503741,65.5061036 -22.7503887,65.5064104 -22.7500654,65.5066395 -22.7494906,65.5067898 -22.7488147,65.5069532 -22.7483732,65.5068349 -22.7486033,65.5065416</coordinates></LinearRing></innerBoundaryIs><innerBoundaryIs><LinearRing><coordinates>-22.9354403,65.5122309 -22.9340162,65.5127619 -22.9317377,65.5132341 -22.9296017,65.5135291 -22.9274657,65.5141191 -22.9273233,65.5138242 -22.9278929,65.5136471 -22.9286048,65.5132931 -22.9297442,65.5129981 -22.9308834,65.5127619 -22.9345858,65.5121129 -22.9354403,65.5122309</coordinates></LinearRing></innerBoundaryIs><innerBoundaryIs><LinearRing><coordinates>-22.7730994,65.5136392 -22.7730345,65.5139976 -22.7720876,65.5139892 -22.7719427,65.513563 -22.7720196,65.5131429 -22.7724015,65.5130101 -22.7728922,65.5132446 -22.7730994,65.5136392</coordinates></LinearRing></innerBoundaryIs><innerBoundaryIs><LinearRing><coordinates>-22.7753943,65.5125108 -22.7757406,65.5124289 -22.7759933,65.5126576 -22.7758507,65.5130422 -22.7751456,65.5128366 -22.7753943,65.5125108</coordinates></LinearRing></innerBoundaryIs><innerBoundaryIs><LinearRing><coordinates>-22.7605915,65.5176125 -22.7612119,65.5164396 -22.7671804,65.5142714 -22.7641723,65.5163648 -22.7636313,65.5175197 -22.7664572,65.5174632 -22.7641643,65.5193245 -22.7624174,65.517767 -22.7605915,65.5176125</coordinates></LinearRing></innerBoundaryIs><innerBoundaryIs><LinearRing><coordinates>-22.9257569,65.5165976 -22.9280353,65.5164796 -22.9200608,65.5189579 -22.9217697,65.5171287 -22.9257569,65.5165976</coordinates></LinearRing></innerBoundaryIs><innerBoundaryIs><LinearRing><coordinates>-22.7825409,65.5187857 -22.7822314,65.5189313 -22.7761251,65.5199173 -22.7762452,65.5180234 -22.7817683,65.5175073 -22.7811666,65.5181212 -22.7825409,65.5187857</coordinates></LinearRing></innerBoundaryIs><innerBoundaryIs><LinearRing><coordinates>-22.7758045,65.5203733 -22.7723233,65.5219963 -22.7690933,65.5199813 -22.7665915,65.519629 -22.7730054,65.5184813 -22.774013,65.5187175 -22.7758045,65.5203733</coordinates></LinearRing></innerBoundaryIs><innerBoundaryIs><LinearRing><coordinates>-22.7897241,65.5206724 -22.7901866,65.5206724 -22.7905099,65.5208725 -22.7905573,65.5212023 -22.7904025,65.521516 -22.7895081,65.521516 -22.7893533,65.5212023 -22.7894006,65.5208725 -22.7897241,65.5206724</coordinates></LinearRing></innerBoundaryIs><innerBoundaryIs><LinearRing><coordinates>-22.7873979,65.5174609 -22.7876384,65.5173759 -22.7878406,65.5174603 -22.787859,65.5176529 -22.78771,65.5178605 -22.7872235,65.5176578 -22.7873979,65.5174609</coordinates></LinearRing></innerBoundaryIs><innerBoundaryIs><LinearRing><coordinates>-23.1382178,65.5221416 -23.1374021,65.5243947 -23.1367676,65.5245262 -23.1310576,65.525052 -23.1256648,65.5242069 -23.1255742,65.5237939 -23.1373568,65.5220665 -23.1382178,65.5221416</coordinates></LinearRing></innerBoundaryIs><innerBoundaryIs><LinearRing><coordinates>-22.859283,65.5257843 -22.8649729,65.5257056 -22.8649966,65.5261278 -22.8612874,65.5272059 -22.8601843,65.5273182 -22.8529983,65.5273371 -22.8445373,65.5300903 -22.8411444,65.5289119 -22.8424052,65.5281336 -22.8409367,65.525799 -22.8430671,65.5247658 -22.8567936,65.5246356 -22.8577487,65.5251774 -22.859283,65.5257843</coordinates></LinearRing></innerBoundaryIs><innerBoundaryIs><LinearRing><coordinates>-22.8606108,65.5285112 -22.8616042,65.5286161 -22.8577406,65.5296071 -22.8586694,65.5288424 -22.8606108,65.5285112</coordinates></LinearRing></innerBoundaryIs><innerBoundaryIs><LinearRing><coordinates>-22.8568521,65.5299373 -22.8566972,65.5301424 -22.8558027,65.5301424 -22.8556479,65.5299373 -22.8556952,65.5297344 -22.8560185,65.5296052 -22.8564813,65.5296052 -22.8568046,65.5297344 -22.8568521,65.5299373</coordinates></LinearRing></innerBoundaryIs><innerBoundaryIs><LinearRing><coordinates>-23.0843343,65.5320408 -23.0809056,65.5334446 -23.0787292,65.5310119 -23.0815393,65.5298876 -23.0843343,65.5320408</coordinates></LinearRing></innerBoundaryIs><innerBoundaryIs><LinearRing><coordinates>-23.0760713,65.5340199 -23.0742766,65.5342906 -23.0739732,65.5341567 -23.0739434,65.5329221 -23.0732747,65.5330977 -23.0717509,65.5351732 -23.0675704,65.5364078 -23.0672125,65.535753 -23.0669277,65.5332072 -23.0778913,65.5312474 -23.0784132,65.5314853 -23.0760713,65.5340199</coordinates></LinearRing></innerBoundaryIs><innerBoundaryIs><LinearRing><coordinates>-23.0797665,65.5351431 -23.0806062,65.5348378 -23.0811507,65.5348585 -23.0812236,65.535121 -23.0808926,65.5353587 -23.0803016,65.5355226 -23.0796146,65.5356953 -23.079078,65.5355496 -23.0797665,65.5351431</coordinates></LinearRing></innerBoundaryIs><innerBoundaryIs><LinearRing><coordinates>-23.0703121,65.5377347 -23.0678811,65.5376498 -23.0674202,65.5372688 -23.069295,65.5364221 -23.0700988,65.5363867 -23.0703121,65.5377347</coordinates></LinearRing></innerBoundaryIs><innerBoundaryIs><LinearRing><coordinates>-23.075874,65.5367858 -23.0722516,65.5388458 -23.0657609,65.5390002 -23.066292,65.5379755 -23.0680633,65.538466 -23.0714583,65.5375428 -23.075874,65.5367858</coordinates></LinearRing></innerBoundaryIs><innerBoundaryIs><LinearRing><coordinates>-23.0568212,65.5385107 -23.0503494,65.5378391 -23.0496751,65.536827 -23.0587285,65.5352019 -23.0596691,65.5369058 -23.0576102,65.5379915 -23.0568212,65.5385107</coordinates></LinearRing></innerBoundaryIs><innerBoundaryIs><LinearRing><coordinates>-22.8827528,65.5385106 -22.8832645,65.5374238 -22.8797019,65.5366528 -22.8792927,65.5361362 -22.88112,65.5351886 -22.8843555,65.5358679 -22.8839747,65.5335383 -22.8903042,65.53649 -22.8852577,65.5364673 -22.8845851,65.5369534 -22.8827528,65.5385106</coordinates></LinearRing></innerBoundaryIs><innerBoundaryIs><LinearRing><coordinates>-22.8774174,65.5418494 -22.8757622,65.5418516 -22.8761188,65.5403128 -22.8730946,65.5391949 -22.8710663,65.5372705 -22.8716862,65.5368772 -22.8781117,65.5362256 -22.8786798,65.5363698 -22.8753231,65.5382767 -22.8754457,65.5384805 -22.8778492,65.5390131 -22.880231,65.5382164 -22.880702,65.5397422 -22.8774174,65.5418494</coordinates></LinearRing></innerBoundaryIs><innerBoundaryIs><LinearRing><coordinates>-23.0628397,65.5327804 -23.0646549,65.5326803 -23.0647763,65.5335534 -23.0638798,65.5340852 -23.0613359,65.5346959 -23.0612295,65.5341569 -23.0628397,65.5327804</coordinates></LinearRing></innerBoundaryIs><innerBoundaryIs><LinearRing><coordinates>-22.8578116,65.5334907 -22.857657,65.5332856 -22.8577042,65.5330827 -22.8580275,65.5329535 -22.8584902,65.5329535 -22.8588135,65.5330827 -22.8588608,65.5332856 -22.8587061,65.5334907 -22.8578116,65.5334907</coordinates></LinearRing></innerBoundaryIs><innerBoundaryIs><LinearRing><coordinates>-22.8811444,65.5319917 -22.8815134,65.5317051 -22.8835018,65.533231 -22.8812439,65.5332866 -22.8810867,65.5326545 -22.8811444,65.5319917</coordinates></LinearRing></innerBoundaryIs><innerBoundaryIs><LinearRing><coordinates>-22.8988431,65.5322939 -22.9008367,65.5319397 -22.9029726,65.5317628 -22.9031152,65.5320578 -22.9019758,65.5324119 -22.8999823,65.5326478 -22.898131,65.532884 -22.8967071,65.53312 -22.8972766,65.532589 -22.8988431,65.5322939</coordinates></LinearRing></innerBoundaryIs><innerBoundaryIs><LinearRing><coordinates>-23.0605465,65.5370891 -23.0608563,65.5368701 -23.0614784,65.5367256 -23.0623693,65.5365785 -23.0634304,65.5364689 -23.0643208,65.5364631 -23.0646815,65.5366647 -23.0641483,65.5369583 -23.0629793,65.53725 -23.0615844,65.5376099 -23.0607221,65.537697 -23.0605384,65.5374017 -23.0605465,65.5370891</coordinates></LinearRing></innerBoundaryIs><innerBoundaryIs><LinearRing><coordinates>-22.836777,65.5300339 -22.8369514,65.5293694 -22.8371921,65.5291131 -22.8373941,65.5293583 -22.8374127,65.5299344 -22.8372635,65.5304831 -22.836777,65.5300339</coordinates></LinearRing></innerBoundaryIs><innerBoundaryIs><LinearRing><coordinates>-22.8391176,65.530461 -22.8394638,65.5305794 -22.8394663,65.5307649 -22.8391317,65.5309227 -22.8385524,65.5310539 -22.8378756,65.5312191 -22.8370566,65.5312588 -22.8368828,65.5310673 -22.8369086,65.5308725 -22.8372378,65.5307157 -22.8378274,65.5305887 -22.8385144,65.5304734 -22.8391176,65.530461</coordinates></LinearRing></innerBoundaryIs><innerBoundaryIs><LinearRing><coordinates>-22.8333982,65.5311573 -22.8332431,65.5315772 -22.8322285,65.5310868 -22.8326373,65.5307894 -22.8329331,65.5305533 -22.8331968,65.5304956 -22.8333898,65.5307183 -22.8333982,65.5311573</coordinates></LinearRing></innerBoundaryIs><innerBoundaryIs><LinearRing><coordinates>-22.8490505,65.5298866 -22.8489743,65.5296489 -22.8492043,65.5293699 -22.8498195,65.5291191 -22.8504648,65.529043 -22.8508006,65.5291669 -22.8506653,65.529446 -22.8501275,65.5298105 -22.8490505,65.5298866</coordinates></LinearRing></innerBoundaryIs><innerBoundaryIs><LinearRing><coordinates>-22.8157477,65.5259203 -22.817348,65.5269846 -22.8172934,65.5285232 -22.8125792,65.5312372 -22.8052982,65.5292258 -22.7970939,65.5284767 -22.7958748,65.5293622 -22.7912189,65.528962 -22.7900995,65.5282286 -22.7900493,65.5278729 -22.8022232,65.5271195 -22.8094081,65.5284131 -22.8109686,65.527625 -22.8073759,65.5258331 -22.8144717,65.5258493 -22.8157477,65.5259203</coordinates></LinearRing></innerBoundaryIs><innerBoundaryIs><LinearRing><coordinates>-22.7852032,65.5296602 -22.7850407,65.529862 -22.7839112,65.5293915 -22.7843958,65.5293238 -22.7848711,65.5293369 -22.7851717,65.5294622 -22.7852032,65.5296602</coordinates></LinearRing></innerBoundaryIs><innerBoundaryIs><LinearRing><coordinates>-22.8005822,65.5254654 -22.8004332,65.525673 -22.7999467,65.5254703 -22.8001211,65.5252734 -22.8003616,65.5251884 -22.8005638,65.5252728 -22.8005822,65.5254654</coordinates></LinearRing></innerBoundaryIs><innerBoundaryIs><LinearRing><coordinates>-22.80799,65.5239697 -22.8078377,65.524284 -22.8061401,65.5242769 -22.8066368,65.5239429 -22.8073729,65.5236684 -22.8078839,65.5236917 -22.80799,65.5239697</coordinates></LinearRing></innerBoundaryIs><innerBoundaryIs><LinearRing><coordinates>-22.8965646,65.5234426 -22.9008367,65.5223804 -22.9021183,65.5222034 -22.9015487,65.5232656 -22.8965646,65.5234426</coordinates></LinearRing></innerBoundaryIs><innerBoundaryIs><LinearRing><coordinates>-22.82824,65.5322456 -22.8285633,65.5321165 -22.8290259,65.5321165 -22.8293492,65.5322456 -22.8293967,65.5324485 -22.8292418,65.5326535 -22.8283474,65.5326535 -22.8281925,65.5324485 -22.82824,65.5322456</coordinates></LinearRing></innerBoundaryIs><innerBoundaryIs><LinearRing><coordinates>-22.8823428,65.5425034 -22.8835864,65.5423321 -22.8807095,65.5440894 -22.8783571,65.5440617 -22.8788919,65.5430788 -22.8823428,65.5425034</coordinates></LinearRing></innerBoundaryIs><innerBoundaryIs><LinearRing><coordinates>-22.8749127,65.5437891 -22.8747636,65.5441104 -22.8742771,65.5438256 -22.8744515,65.5434728 -22.8746918,65.5433309 -22.8748941,65.5434688 -22.8749127,65.5437891</coordinates></LinearRing></innerBoundaryIs><innerBoundaryIs><LinearRing><coordinates>-22.9098502,65.5603646 -22.9099241,65.5601698 -22.9104251,65.5600106 -22.9112946,65.5598783 -22.9121478,65.5597584 -22.9127837,65.5597591 -22.9131087,65.5599447 -22.913123,65.5602657 -22.9129407,65.5605758 -22.9100264,65.5605558 -22.9098502,65.5603646</coordinates></LinearRing></innerBoundaryIs><innerBoundaryIs><LinearRing><coordinates>-22.8972132,65.5646116 -22.8975365,65.5644824 -22.897999,65.5644824 -22.8983223,65.5646116 -22.8983699,65.5648146 -22.8982151,65.5650196 -22.8973206,65.5650196 -22.8971657,65.5648146 -22.8972132,65.5646116</coordinates></LinearRing></innerBoundaryIs><innerBoundaryIs><LinearRing><coordinates>-22.8970532,65.5651656 -22.8742222,65.5704222 -22.8753166,65.5729775 -22.8664513,65.5716507 -22.8646888,65.5691843 -22.8697394,65.5675745 -22.8755378,65.5667253 -22.8762097,65.5667191 -22.8725253,65.5690157 -22.8728622,65.5690833 -22.8891845,65.5661602 -22.8970532,65.5651656</coordinates></LinearRing></innerBoundaryIs><innerBoundaryIs><LinearRing><coordinates>-22.88358,65.5687367 -22.8843662,65.5684636 -22.8854234,65.5682616 -22.8863573,65.568114 -22.8870203,65.5680891 -22.887269,65.5682396 -22.886921,65.5685887 -22.8859955,65.5691001 -22.88343,65.5692275 -22.8833289,65.5690044 -22.88358,65.5687367</coordinates></LinearRing></innerBoundaryIs><innerBoundaryIs><LinearRing><coordinates>-22.881693,65.5693479 -22.8811535,65.5697023 -22.8801281,65.5697643 -22.8799576,65.5695708 -22.8799946,65.5693727 -22.8803434,65.5692111 -22.8809347,65.5690885 -22.8815255,65.5690113 -22.8818349,65.5690937 -22.881693,65.5693479</coordinates></LinearRing></innerBoundaryIs><innerBoundaryIs><LinearRing><coordinates>-22.8765796,65.5711412 -22.8766217,65.5708143 -22.8769937,65.5706362 -22.8776301,65.5706902 -22.8782361,65.5709383 -22.878462,65.57122 -22.8783838,65.5714606 -22.8767515,65.5714582 -22.8765796,65.5711412</coordinates></LinearRing></innerBoundaryIs><innerBoundaryIs><LinearRing><coordinates>-22.8810267,65.5664063 -22.8809258,65.5665081 -22.8804336,65.5665807 -22.8801444,65.5666503 -22.8796623,65.5666503 -22.8793731,65.5665807 -22.8790178,65.5664063 -22.879209,65.5662318 -22.8795918,65.5661621 -22.8804528,65.5661621 -22.8808354,65.5662318 -22.8810267,65.5664063</coordinates></LinearRing></innerBoundaryIs><innerBoundaryIs><LinearRing><coordinates>-22.7909539,65.6045144 -22.7911963,65.6044297 -22.7914,65.6045138 -22.7914187,65.6047066 -22.7912683,65.604914 -22.7907782,65.6047114 -22.7909539,65.6045144</coordinates></LinearRing></innerBoundaryIs><innerBoundaryIs><LinearRing><coordinates>-22.7956755,65.6059783 -22.7960464,65.6057671 -22.7965137,65.6057484 -22.7967927,65.6058981 -22.796657,65.6061813 -22.7961298,65.6065429 -22.7954584,65.6063499 -22.7956755,65.6059783</coordinates></LinearRing></innerBoundaryIs><innerBoundaryIs><LinearRing><coordinates>-22.8238894,65.6077734 -22.8241066,65.6075311 -22.8269848,65.6070491 -22.8276817,65.6072353 -22.828517,65.6087925 -22.8275789,65.6078813 -22.8238894,65.6077734</coordinates></LinearRing></innerBoundaryIs><innerBoundaryIs><LinearRing><coordinates>-22.960108,65.5640773 -22.9673935,65.561814 -22.9657723,65.564382 -22.959941,65.5642781 -22.960108,65.5640773</coordinates></LinearRing></innerBoundaryIs><innerBoundaryIs><LinearRing><coordinates>-22.9177651,65.5823575 -22.9180905,65.5820597 -22.9186879,65.5818965 -22.9194233,65.5818039 -22.9201486,65.581871 -22.9206281,65.582123 -22.92063,65.582426 -22.9203933,65.5826771 -22.9199826,65.5828384 -22.9194018,65.5829589 -22.91874,65.5831146 -22.9179205,65.5832011 -22.9177434,65.5827978 -22.9177651,65.5823575</coordinates></LinearRing></innerBoundaryIs><innerBoundaryIs><LinearRing><coordinates>-22.927929,65.5966986 -22.9282548,65.5965697 -22.928721,65.5965697 -22.9290468,65.5966986 -22.9290946,65.5969017 -22.9289385,65.5971066 -22.9280372,65.5971066 -22.9278812,65.5969017 -22.927929,65.5966986</coordinates></LinearRing></innerBoundaryIs><innerBoundaryIs><LinearRing><coordinates>-22.9315116,65.5996768 -22.9320061,65.5994939 -22.9323908,65.5995755 -22.9324682,65.5998702 -22.9323221,65.600184 -22.9313681,65.6001925 -22.9313027,65.5999463 -22.9315116,65.5996768</coordinates></LinearRing></innerBoundaryIs><innerBoundaryIs><LinearRing><coordinates>-22.9436806,65.6018397 -22.9443454,65.6015564 -22.9450098,65.6018397 -22.9452654,65.6024621 -22.9451973,65.6030393 -22.9434932,65.6030393 -22.9434251,65.6024621 -22.9436806,65.6018397</coordinates></LinearRing></innerBoundaryIs><innerBoundaryIs><LinearRing><coordinates>-22.9378468,65.6027535 -22.9376965,65.6029609 -22.9372063,65.6027582 -22.9373822,65.6025614 -22.9376245,65.6024765 -22.9378281,65.6025608 -22.9378468,65.6027535</coordinates></LinearRing></innerBoundaryIs><innerBoundaryIs><LinearRing><coordinates>-22.9387317,65.6073046 -22.938974,65.6072198 -22.9391778,65.607304 -22.9391963,65.6074967 -22.9390461,65.6077042 -22.938556,65.6075016 -22.9387317,65.6073046</coordinates></LinearRing></innerBoundaryIs><innerBoundaryIs><LinearRing><coordinates>-23.0693072,65.5406652 -23.0698037,65.5401223 -23.0729731,65.5397964 -23.0735573,65.5397177 -23.0725662,65.5409324 -23.0703545,65.5408276 -23.0693072,65.5406652</coordinates></LinearRing></innerBoundaryIs><innerBoundaryIs><LinearRing><coordinates>-23.0708737,65.544439 -23.0716512,65.5441957 -23.0725768,65.5441285 -23.0731333,65.5442396 -23.0731972,65.5444307 -23.072859,65.5445932 -23.0722653,65.5447261 -23.0715779,65.5448917 -23.070683,65.5449525 -23.0706018,65.5447152 -23.0708737,65.544439</coordinates></LinearRing></innerBoundaryIs><innerBoundaryIs><LinearRing><coordinates>-23.0728842,65.5450621 -23.0740505,65.5449769 -23.0743341,65.5466229 -23.0719568,65.5455296 -23.0728842,65.5450621</coordinates></LinearRing></innerBoundaryIs><innerBoundaryIs><LinearRing><coordinates>-23.0821996,65.5466876 -23.0761901,65.5480676 -23.075671,65.5466974 -23.0789355,65.5463527 -23.0821996,65.5466876</coordinates></LinearRing></innerBoundaryIs><innerBoundaryIs><LinearRing><coordinates>-23.1505764,65.5483543 -23.1508549,65.5486159 -23.1462857,65.5493402 -23.1477236,65.5481486 -23.1505764,65.5483543</coordinates></LinearRing></innerBoundaryIs><innerBoundaryIs><LinearRing><coordinates>-23.153313,65.5732644 -23.1535553,65.5731797 -23.1537591,65.5732638 -23.1537778,65.5734566 -23.1536275,65.5736639 -23.1531373,65.5734614 -23.153313,65.5732644</coordinates></LinearRing></innerBoundaryIs><innerBoundaryIs><LinearRing><coordinates>-23.1330653,65.5836009 -23.133427,65.5831671 -23.1338829,65.5831009 -23.1341751,65.5832574 -23.1341404,65.5835574 -23.1338564,65.5839788 -23.1335713,65.5844755 -23.133291,65.5848947 -23.1328532,65.5844312 -23.1330653,65.5836009</coordinates></LinearRing></innerBoundaryIs><innerBoundaryIs><LinearRing><coordinates>-24.0067048,65.5979232 -24.0065546,65.5985857 -24.0060644,65.5980545 -24.0062401,65.5972341 -24.0064824,65.5969204 -24.0066862,65.5972193 -24.0067048,65.5979232</coordinates></LinearRing></innerBoundaryIs><innerBoundaryIs><LinearRing><coordinates>-23.3766918,65.9907103 -23.3746072,65.9906673 -23.372242,65.9899859 -23.3727074,65.9880065 -23.3846024,65.9903079 -23.3766918,65.9907103</coordinates></LinearRing></innerBoundaryIs><innerBoundaryIs><LinearRing><coordinates>-22.6514029,66.111517 -22.6501431,66.111406 -22.6510521,66.1099519 -22.6532295,66.1102179 -22.6514029,66.111517</coordinates></LinearRing></innerBoundaryIs><innerBoundaryIs><LinearRing><coordinates>-22.6506613,66.1056376 -22.649724,66.1024779 -22.6511143,66.1011904 -22.6528863,66.1010026 -22.6582648,66.1002249 -22.6516149,66.0995864 -22.653522,66.09375 -22.6538399,66.0923337 -22.6561708,66.09066 -22.6577601,66.0907459 -22.6632324,66.09375 -22.6664479,66.0968399 -22.6665539,66.0979127 -22.6635873,66.1026763 -22.6675075,66.1073112 -22.6630574,66.109972 -22.6591374,66.1066246 -22.6506613,66.1056376</coordinates></LinearRing></innerBoundaryIs><innerBoundaryIs><LinearRing><coordinates>-22.8322843,66.0503894 -22.8320199,66.0525351 -22.8294425,66.0550296 -22.8337382,66.058892 -22.8335398,66.0619497 -22.8314251,66.0627275 -22.829178,66.0627275 -22.8279223,66.0625398 -22.8259397,66.0592943 -22.8254772,66.0578995 -22.8260455,66.0480022 -22.8309071,66.0484313 -22.8314251,66.0489678 -22.8322843,66.0503894</coordinates></LinearRing></innerBoundaryIs><innerBoundaryIs><LinearRing><coordinates>-22.676524,66.0573577 -22.6753445,66.0571432 -22.6750454,66.0569286 -22.6746045,66.0564136 -22.6746045,66.0559415 -22.6746231,66.0556411 -22.6753445,66.0555124 -22.676524,66.0556411 -22.677142,66.0559415 -22.6771576,66.0561562 -22.6770362,66.0567998 -22.6766133,66.0571002 -22.676524,66.0573577</coordinates></LinearRing></innerBoundaryIs><innerBoundaryIs><LinearRing><coordinates>-22.828232,66.0067186 -22.8264142,66.0056837 -22.8273962,66.005087 -22.8288702,66.005392 -22.828232,66.0067186</coordinates></LinearRing></innerBoundaryIs><innerBoundaryIs><LinearRing><coordinates>-22.823962,66.0056059 -22.8234652,66.0053211 -22.8236433,66.0049684 -22.823889,66.0048264 -22.8240954,66.0049644 -22.8241143,66.0052847 -22.823962,66.0056059</coordinates></LinearRing></innerBoundaryIs><innerBoundaryIs><LinearRing><coordinates>-22.7129064,66.0489398 -22.7132748,66.0492246 -22.7136327,66.0495135 -22.7139043,66.049805 -22.713805,66.0501219 -22.7133048,66.0504767 -22.7121286,66.0505235 -22.7116333,66.0499479 -22.7115331,66.0493748 -22.7117813,66.0489454 -22.7120721,66.0486825 -22.7123584,66.0485981 -22.7126284,66.048703 -22.7129064,66.0489398</coordinates></LinearRing></innerBoundaryIs><innerBoundaryIs><LinearRing><coordinates>-22.466904,66.0396374 -22.4668231,66.0381171 -22.4681928,66.0375336 -22.4691288,66.0377222 -22.466904,66.0396374</coordinates></LinearRing></innerBoundaryIs><innerBoundaryIs><LinearRing><coordinates>-22.4720987,66.0372679 -22.4726037,66.0371388 -22.4733622,66.0371388 -22.4738672,66.0372679 -22.473964,66.0374709 -22.4738032,66.0376759 -22.4721627,66.0376759 -22.4720019,66.0374709 -22.4720987,66.0372679</coordinates></LinearRing></innerBoundaryIs><innerBoundaryIs><LinearRing><coordinates>-22.5874633,65.9906163 -22.5873055,65.9911416 -22.5861138,65.9906545 -22.5863634,65.9903473 -22.5866861,65.9900455 -22.5869704,65.9898067 -22.587247,65.9897652 -22.5874515,65.9900556 -22.5874633,65.9906163</coordinates></LinearRing></innerBoundaryIs><innerBoundaryIs><LinearRing><coordinates>-22.5750843,65.9256194 -22.5750616,65.9259186 -22.5728518,65.9280483 -22.5721676,65.9280194 -22.5699248,65.9266725 -22.5721207,65.9245789 -22.5739101,65.9246602 -22.5750843,65.9256194</coordinates></LinearRing></innerBoundaryIs><innerBoundaryIs><LinearRing><coordinates>-22.6579087,65.8259432 -22.6554871,65.8249902 -22.6563163,65.8245873 -22.6574037,65.824666 -22.6579087,65.8259432</coordinates></LinearRing></innerBoundaryIs><innerBoundaryIs><LinearRing><coordinates>-22.4556249,65.9753112 -22.447063,65.9760979 -22.4466279,65.9762502 -22.4463785,65.9788388 -22.445574,65.9787918 -22.4443231,65.9764375 -22.4426146,65.972229 -22.442784,65.9669892 -22.445857,65.9663838 -22.4554647,65.9716792 -22.4556249,65.9753112</coordinates></LinearRing></innerBoundaryIs><innerBoundaryIs><LinearRing><coordinates>-22.3478845,65.9051173 -22.3477333,65.9054385 -22.3472403,65.9051538 -22.3474171,65.904801 -22.3476607,65.904659 -22.3478657,65.904797 -22.3478845,65.9051173</coordinates></LinearRing></innerBoundaryIs><innerBoundaryIs><LinearRing><coordinates>-22.3592188,65.9232827 -22.359549,65.9230118 -22.3600215,65.9230118 -22.3603519,65.9232827 -22.3604003,65.9237394 -22.3602421,65.9241621 -22.3593286,65.9241621 -22.3591704,65.9237394 -22.3592188,65.9232827</coordinates></LinearRing></innerBoundaryIs><innerBoundaryIs><LinearRing><coordinates>-23.0412955,66.4244064 -23.0412679,66.4230611 -23.0446898,66.4217803 -23.0457122,66.4219162 -23.0412955,66.4244064</coordinates></LinearRing></innerBoundaryIs><innerBoundaryIs><LinearRing><coordinates>-17.1199839,66.298507 -17.1179897,66.2988907 -17.1146947,66.2988557 -17.1138277,66.298542 -17.1141744,66.2965196 -17.1150416,66.2961709 -17.1177295,66.2961709 -17.1199839,66.297461 -17.1199839,66.298507</coordinates></LinearRing></innerBoundaryIs><innerBoundaryIs><LinearRing><coordinates>-17.1107062,66.2865123 -17.1100993,66.2868261 -17.1094056,66.2871748 -17.1093189,66.2877327 -17.108972,66.2880464 -17.1076714,66.2883254 -17.1068043,66.2881511 -17.1066309,66.2877675 -17.106891,66.2873142 -17.1075847,66.2867213 -17.1081917,66.2864077 -17.1091455,66.286024 -17.1099257,66.2858846 -17.1105326,66.2858846 -17.1108795,66.2860938 -17.1107062,66.2865123</coordinates></LinearRing></innerBoundaryIs><innerBoundaryIs><LinearRing><coordinates>-21.9127094,66.2155069 -21.9129592,66.2158006 -21.9128582,66.2161303 -21.9123598,66.216495 -21.9110169,66.2160978 -21.9112643,66.2158006 -21.9115788,66.2155131 -21.9118472,66.2152802 -21.9121227,66.2151855 -21.9124151,66.2152767 -21.9127094,66.2155069</coordinates></LinearRing></innerBoundaryIs><innerBoundaryIs><LinearRing><coordinates>-20.1683747,66.1243799 -20.1667187,66.1256361 -20.162255,66.1252896 -20.1619009,66.1248968 -20.1650357,66.1232163 -20.1680279,66.1242042 -20.1683747,66.1243799</coordinates></LinearRing></innerBoundaryIs><innerBoundaryIs><LinearRing><coordinates>-20.1511149,66.1236798 -20.1509618,66.1238873 -20.150462,66.1236846 -20.1506412,66.1234877 -20.1508883,66.123403 -20.1510959,66.1234871 -20.1511149,66.1236798</coordinates></LinearRing></innerBoundaryIs><innerBoundaryIs><LinearRing><coordinates>-20.1486812,66.1236366 -20.1485223,66.1233228 -20.1485708,66.1229931 -20.1489031,66.122793 -20.1493784,66.122793 -20.1497107,66.1229931 -20.1497592,66.1233228 -20.1496001,66.1236366 -20.1486812,66.1236366</coordinates></LinearRing></innerBoundaryIs><innerBoundaryIs><LinearRing><coordinates>-21.7272459,66.0985301 -21.7269442,66.0988849 -21.7266479,66.0991594 -21.7263604,66.0993683 -21.7251735,66.0988367 -21.7256498,66.0983546 -21.7263188,66.0980223 -21.7269508,66.0979595 -21.727289,66.0981603 -21.7272459,66.0985301</coordinates></LinearRing></innerBoundaryIs><innerBoundaryIs><LinearRing><coordinates>-20.3627613,66.0947614 -20.3600094,66.0948312 -20.3593214,66.0947614 -20.3598462,66.09375 -20.3627012,66.0918424 -20.3631999,66.0916843 -20.3632669,66.0937469 -20.3627613,66.0947614</coordinates></LinearRing></innerBoundaryIs><innerBoundaryIs><LinearRing><coordinates>-21.4901087,66.0224832 -21.4832779,66.0239857 -21.4829264,66.0239365 -21.4823914,66.0205882 -21.4828482,66.0201153 -21.4860075,66.0194606 -21.4874196,66.0194356 -21.4903507,66.0222141 -21.4901087,66.0224832</coordinates></LinearRing></innerBoundaryIs><innerBoundaryIs><LinearRing><coordinates>-20.4292881,66.0189806 -20.4281895,66.0175793 -20.4294209,66.0170627 -20.4318517,66.0170563 -20.4343112,66.0176483 -20.4292881,66.0189806</coordinates></LinearRing></innerBoundaryIs><innerBoundaryIs><LinearRing><coordinates>-21.2787871,65.8363436 -21.2758543,65.8372664 -21.2757235,65.8371162 -21.2764049,65.8364617 -21.2781574,65.8353996 -21.2798119,65.8344769 -21.2803622,65.8344554 -21.2806764,65.8347129 -21.2787871,65.8363436</coordinates></LinearRing></innerBoundaryIs><innerBoundaryIs><LinearRing><coordinates>-21.2745888,65.8353996 -21.2783184,65.833168 -21.2799954,65.8328998 -21.2779475,65.8345413 -21.2745888,65.8353996</coordinates></LinearRing></innerBoundaryIs><innerBoundaryIs><LinearRing><coordinates>-21.4272394,65.775997 -21.4273756,65.7743278 -21.4281458,65.7740664 -21.4295485,65.7743196 -21.4272394,65.775997</coordinates></LinearRing></innerBoundaryIs><innerBoundaryIs><LinearRing><coordinates>-21.429772,65.772135 -21.4298717,65.7717016 -21.4304548,65.7711502 -21.4315288,65.7706954 -21.4322236,65.7707698 -21.4322162,65.7713466 -21.4316915,65.7720335 -21.429772,65.772135</coordinates></LinearRing></innerBoundaryIs><innerBoundaryIs><LinearRing><coordinates>-21.4345607,65.7712363 -21.4344682,65.7708892 -21.4372272,65.769506 -21.4384706,65.7693213 -21.4402128,65.7701381 -21.4404451,65.7705065 -21.4392285,65.7720094 -21.43733,65.7718589 -21.4345607,65.7712363</coordinates></LinearRing></innerBoundaryIs><innerBoundaryIs><LinearRing><coordinates>-21.4040852,65.7701746 -21.404826,65.7686485 -21.4102479,65.7673424 -21.4106479,65.7675215 -21.405609,65.7700891 -21.4040852,65.7701746</coordinates></LinearRing></innerBoundaryIs><innerBoundaryIs><LinearRing><coordinates>-21.4508967,65.7680221 -21.4512752,65.7674248 -21.4517601,65.7670156 -21.4523551,65.7666535 -21.4528008,65.7663754 -21.4532812,65.7661802 -21.4540367,65.7659794 -21.4550008,65.7657388 -21.4557832,65.7656584 -21.4561328,65.7658435 -21.4559283,65.7662898 -21.4551967,65.7668879 -21.4541751,65.7675433 -21.4528844,65.7681274 -21.4519213,65.7684658 -21.4514483,65.7687153 -21.451254,65.7690083 -21.4510927,65.7692801 -21.4506502,65.7689143 -21.4508967,65.7680221</coordinates></LinearRing></innerBoundaryIs><innerBoundaryIs><LinearRing><coordinates>-21.419221,65.7661488 -21.4187719,65.7661074 -21.419681,65.7646453 -21.4203053,65.7644854 -21.4213513,65.7651497 -21.4208705,65.765727 -21.419221,65.7661488</coordinates></LinearRing></innerBoundaryIs><innerBoundaryIs><LinearRing><coordinates>-21.4287935,65.761726 -21.4276489,65.7612553 -21.42814,65.7611876 -21.4286217,65.7612007 -21.4289265,65.761326 -21.4289582,65.761524 -21.4287935,65.761726</coordinates></LinearRing></innerBoundaryIs><innerBoundaryIs><LinearRing><coordinates>-21.4282767,65.7606852 -21.4281197,65.7608901 -21.4272133,65.7608901 -21.4270563,65.7606852 -21.4271044,65.7604823 -21.4274319,65.760353 -21.4279009,65.760353 -21.4282286,65.7604823 -21.4282767,65.7606852</coordinates></LinearRing></innerBoundaryIs><innerBoundaryIs><LinearRing><coordinates>-20.2931921,65.7672288 -20.2925566,65.7679089 -20.2909104,65.7678796 -20.2903225,65.7665524 -20.292243,65.7662419 -20.2931951,65.7665102 -20.2931921,65.7672288</coordinates></LinearRing></innerBoundaryIs><innerBoundaryIs><LinearRing><coordinates>-21.3909876,65.6891443 -21.3859915,65.6890118 -21.3856519,65.6887953 -21.3870952,65.6859356 -21.3873841,65.685724 -21.3978297,65.6811312 -21.4057245,65.6794062 -21.4071263,65.6811459 -21.4047552,65.6837319 -21.3937634,65.6884987 -21.3909876,65.6891443</coordinates></LinearRing></innerBoundaryIs><innerBoundaryIs><LinearRing><coordinates>-20.700573,65.6848272 -20.7003176,65.6850767 -20.7000334,65.685293 -20.6995856,65.6850317 -20.6998062,65.6846623 -20.7001643,65.6844552 -20.7005734,65.684442 -20.7007412,65.6845877 -20.700573,65.6848272</coordinates></LinearRing></innerBoundaryIs><innerBoundaryIs><LinearRing><coordinates>-21.5128605,65.6897376 -21.513325,65.6898838 -21.5132422,65.6901655 -21.5127136,65.6905268 -21.511642,65.6906006 -21.5114847,65.6902896 -21.5115859,65.6899626 -21.5120986,65.6897597 -21.5128605,65.6897376</coordinates></LinearRing></innerBoundaryIs><innerBoundaryIs><LinearRing><coordinates>-21.5106785,65.6900861 -21.5105283,65.6902936 -21.5100381,65.6900908 -21.5102139,65.6898938 -21.5104562,65.6898092 -21.5106599,65.6898932 -21.5106785,65.6900861</coordinates></LinearRing></innerBoundaryIs><innerBoundaryIs><LinearRing><coordinates>-21.6779261,65.6985229 -21.6782687,65.6982327 -21.6786559,65.6979258 -21.6791073,65.6976188 -21.6796592,65.697403 -21.6800132,65.6974238 -21.6799932,65.6976583 -21.6796824,65.6980216 -21.6793259,65.6984384 -21.678968,65.6987903 -21.6787021,65.6990536 -21.6784552,65.6992543 -21.6775074,65.6988043 -21.6779261,65.6985229</coordinates></LinearRing></innerBoundaryIs><innerBoundaryIs><LinearRing><coordinates>-21.6073765,65.707323 -21.6077023,65.7070521 -21.6081684,65.7070521 -21.6084944,65.707323 -21.608542,65.7077796 -21.608386,65.7082022 -21.6074848,65.7082022 -21.6073287,65.7077796 -21.6073765,65.707323</coordinates></LinearRing></innerBoundaryIs><innerBoundaryIs><LinearRing><coordinates>-21.6175044,65.7105412 -21.6177468,65.7104564 -21.6179506,65.7105407 -21.6179692,65.7107334 -21.617819,65.7109408 -21.6173286,65.7107381 -21.6175044,65.7105412</coordinates></LinearRing></innerBoundaryIs><innerBoundaryIs><LinearRing><coordinates>-21.6159303,65.7112609 -21.6172776,65.7112962 -21.6150053,65.712622 -21.6151764,65.7114831 -21.6159303,65.7112609</coordinates></LinearRing></innerBoundaryIs><innerBoundaryIs><LinearRing><coordinates>-21.7202672,65.7752002 -21.7208775,65.7744685 -21.7225914,65.7740581 -21.7252604,65.7738342 -21.7260227,65.774212 -21.7250326,65.7756382 -21.7218335,65.7756369 -21.7202672,65.7752002</coordinates></LinearRing></innerBoundaryIs><innerBoundaryIs><LinearRing><coordinates>-21.6490592,65.655704 -21.6440851,65.6585141 -21.6424192,65.6596411 -21.6379158,65.6609746 -21.637785,65.6597267 -21.6385722,65.6585592 -21.6390932,65.6583695 -21.6415325,65.6593922 -21.6462646,65.6562272 -21.6455239,65.6549705 -21.6460371,65.6546299 -21.6487414,65.654326 -21.6496073,65.6545236 -21.6490592,65.655704</coordinates></LinearRing></innerBoundaryIs><innerBoundaryIs><LinearRing><coordinates>-21.3811398,65.6132781 -21.3809838,65.613592 -21.3800826,65.613592 -21.3799264,65.6132781 -21.3799742,65.6129484 -21.3803,65.6127483 -21.3807662,65.6127483 -21.381092,65.6129484 -21.3811398,65.6132781</coordinates></LinearRing></innerBoundaryIs><innerBoundaryIs><LinearRing><coordinates>-21.3574635,65.6089824 -21.3559747,65.610105 -21.3524142,65.6108481 -21.3586757,65.6052278 -21.3593705,65.6051244 -21.3588927,65.6066701 -21.3574635,65.6089824</coordinates></LinearRing></innerBoundaryIs><innerBoundaryIs><LinearRing><coordinates>-21.3532706,65.6055909 -21.3528326,65.6059912 -21.3516738,65.6060674 -21.3516144,65.6057177 -21.3518848,65.6053432 -21.3525629,65.6051404 -21.3531935,65.605267 -21.3532706,65.6055909</coordinates></LinearRing></innerBoundaryIs><innerBoundaryIs><LinearRing><coordinates>-21.3652939,65.6005563 -21.3643897,65.6011893 -21.3635023,65.6010689 -21.3642282,65.6004885 -21.3650885,65.6000909 -21.3655519,65.6001214 -21.3652939,65.6005563</coordinates></LinearRing></innerBoundaryIs><innerBoundaryIs><LinearRing><coordinates>-21.3905137,65.5906246 -21.3902007,65.5910594 -21.3897463,65.5914285 -21.3891019,65.5917915 -21.3880336,65.5913805 -21.388431,65.591009 -21.3887392,65.590663 -21.3890995,65.5904481 -21.3895313,65.5903223 -21.3898787,65.5901679 -21.3901252,65.5899889 -21.3903781,65.5899395 -21.3905647,65.5901663 -21.3905137,65.5906246</coordinates></LinearRing></innerBoundaryIs><innerBoundaryIs><LinearRing><coordinates>-21.2885056,65.5568727 -21.2885478,65.5571978 -21.2883917,65.5575083 -21.2871844,65.5570137 -21.2873909,65.556792 -21.2877445,65.5566571 -21.2881948,65.5566745 -21.2885056,65.5568727</coordinates></LinearRing></innerBoundaryIs><innerBoundaryIs><LinearRing><coordinates>-21.1968095,65.4412142 -21.1970388,65.440769 -21.1973445,65.4404083 -21.1976511,65.4401447 -21.19806,65.4399995 -21.1985368,65.4400134 -21.1987751,65.4402436 -21.1984603,65.4407171 -21.1975688,65.4413334 -21.1968095,65.4412142</coordinates></LinearRing></innerBoundaryIs><innerBoundaryIs><LinearRing><coordinates>-21.2027307,65.4384289 -21.2024935,65.4387358 -21.2022014,65.4389967 -21.2019047,65.4392061 -21.2007339,65.438643 -21.2012457,65.4382159 -21.2019579,65.4380075 -21.20258,65.4381359 -21.2027307,65.4384289</coordinates></LinearRing></innerBoundaryIs><innerBoundaryIs><LinearRing><coordinates>-21.1920769,65.4313803 -21.1921191,65.4318333 -21.1919631,65.432253 -21.1907558,65.4316822 -21.1909626,65.4313008 -21.191316,65.4310886 -21.1917661,65.4311087 -21.1920769,65.4313803</coordinates></LinearRing></innerBoundaryIs><innerBoundaryIs><LinearRing><coordinates>-21.1873544,65.4305872 -21.1878144,65.4300867 -21.1884601,65.429746 -21.1890734,65.4297312 -21.189424,65.4301223 -21.189458,65.4308223 -21.1892858,65.4314595 -21.1873544,65.4305872</coordinates></LinearRing></innerBoundaryIs><innerBoundaryIs><LinearRing><coordinates>-21.1986227,65.4249258 -21.198101,65.4254993 -21.1974769,65.425312 -21.1977227,65.4248548 -21.1980444,65.4244819 -21.1983368,65.4242262 -21.1986212,65.4241683 -21.198788,65.4244108 -21.1986227,65.4249258</coordinates></LinearRing></innerBoundaryIs><innerBoundaryIs><LinearRing><coordinates>-21.1829077,65.3176674 -21.1845922,65.3186837 -21.1842039,65.31973 -21.1835682,65.3191586 -21.1764092,65.3162215 -21.1766204,65.3159658 -21.1788392,65.3161517 -21.1829077,65.3176674</coordinates></LinearRing></innerBoundaryIs><innerBoundaryIs><LinearRing><coordinates>-21.1638898,65.2992768 -21.1641628,65.3000553 -21.1642326,65.3008571 -21.1641088,65.3014838 -21.1633241,65.3014296 -21.1630477,65.3012286 -21.1627665,65.3008375 -21.162485,65.300055 -21.162447,65.2989774 -21.1627305,65.2983212 -21.1631846,65.2982246 -21.1635811,65.2985827 -21.1638898,65.2992768</coordinates></LinearRing></innerBoundaryIs><innerBoundaryIs><LinearRing><coordinates>-21.1618769,65.2977719 -21.1617327,65.2972335 -21.1618093,65.2966884 -21.1621888,65.2965041 -21.1626769,65.2967898 -21.1628829,65.2973098 -21.1628186,65.2977803 -21.1618769,65.2977719</coordinates></LinearRing></innerBoundaryIs><innerBoundaryIs><LinearRing><coordinates>-21.1717666,65.2967473 -21.1721181,65.2966125 -21.1725659,65.29663 -21.1728748,65.2968282 -21.1729167,65.2971532 -21.1727616,65.2974637 -21.1715611,65.2969691 -21.1717666,65.2967473</coordinates></LinearRing></innerBoundaryIs><innerBoundaryIs><LinearRing><coordinates>-21.1615793,65.284554 -21.1619478,65.2849094 -21.1621826,65.2852712 -21.1620643,65.2856168 -21.1615667,65.2859783 -21.1610786,65.2858554 -21.1608219,65.285575 -21.1604663,65.2852913 -21.1601061,65.2850024 -21.1597939,65.2847164 -21.1597995,65.2844698 -21.1602571,65.2843283 -21.1609979,65.2843463 -21.1615793,65.284554</coordinates></LinearRing></innerBoundaryIs><innerBoundaryIs><LinearRing><coordinates>-21.1602665,65.2781777 -21.1601126,65.2784914 -21.1592233,65.2784914 -21.1590694,65.2781777 -21.1591165,65.277848 -21.159438,65.2776479 -21.1598979,65.2776479 -21.1602194,65.277848 -21.1602665,65.2781777</coordinates></LinearRing></innerBoundaryIs><innerBoundaryIs><LinearRing><coordinates>-21.1321679,65.273734 -21.1319807,65.2741289 -21.1313802,65.2745934 -21.1292654,65.2743675 -21.1281286,65.2738647 -21.1279933,65.2732238 -21.1293662,65.2738367 -21.1302289,65.272684 -21.1310174,65.2727705 -21.1321679,65.273734</coordinates></LinearRing></innerBoundaryIs><innerBoundaryIs><LinearRing><coordinates>-20.3631852,65.6121714 -20.3771842,65.6079009 -20.3852143,65.6071026 -20.3866733,65.6076469 -20.3864982,65.6080011 -20.3631852,65.6121714</coordinates></LinearRing></innerBoundaryIs><innerBoundaryIs><LinearRing><coordinates>-20.3707125,65.6090388 -20.3700463,65.6092159 -20.3591574,65.6112723 -20.3589776,65.6111608 -20.3669149,65.6074702 -20.3679714,65.6069824 -20.3703182,65.6073079 -20.37094,65.6080682 -20.3707125,65.6090388</coordinates></LinearRing></innerBoundaryIs><innerBoundaryIs><LinearRing><coordinates>-20.3765571,65.6061689 -20.3774214,65.6060508 -20.3770279,65.6074229 -20.3757143,65.6070035 -20.3765571,65.6061689</coordinates></LinearRing></innerBoundaryIs><innerBoundaryIs><LinearRing><coordinates>-20.3791924,65.605351 -20.3851627,65.6047873 -20.3851892,65.6064032 -20.3808275,65.6066546 -20.3801274,65.6065165 -20.3791924,65.605351</coordinates></LinearRing></innerBoundaryIs><innerBoundaryIs><LinearRing><coordinates>-20.4055839,65.6034473 -20.4082806,65.6025718 -20.4085615,65.6024607 -20.4078646,65.6049376 -20.4076133,65.6046913 -20.4055839,65.6034473</coordinates></LinearRing></innerBoundaryIs><innerBoundaryIs><LinearRing><coordinates>-20.4104362,65.6025844 -20.4110286,65.6023235 -20.4118745,65.6022307 -20.4129695,65.6021399 -20.4142383,65.6020356 -20.4151692,65.601961 -20.4155966,65.6020257 -20.4155807,65.6021935 -20.4152086,65.6023508 -20.4145948,65.6024739 -20.4139146,65.6026012 -20.4133352,65.6027147 -20.4129705,65.6028615 -20.4127668,65.6030529 -20.4125719,65.6032439 -20.4103742,65.6032797 -20.4102592,65.6029508 -20.4104362,65.6025844</coordinates></LinearRing></innerBoundaryIs><innerBoundaryIs><LinearRing><coordinates>-20.4224445,65.6015555 -20.42618,65.6001977 -20.4303523,65.6014655 -20.4304109,65.601639 -20.4206131,65.6032071 -20.4202051,65.6031154 -20.4224445,65.6015555</coordinates></LinearRing></innerBoundaryIs><innerBoundaryIs><LinearRing><coordinates>-20.4335041,65.6002229 -20.4389114,65.6001422 -20.4524283,65.5982878 -20.4562474,65.5974962 -20.4536116,65.5967143 -20.4548625,65.5961427 -20.4585204,65.5963486 -20.4570807,65.5972723 -20.4796308,65.5964295 -20.4554834,65.5989996 -20.431336,65.6015697 -20.4331735,65.600354 -20.4335041,65.6002229</coordinates></LinearRing></innerBoundaryIs><innerBoundaryIs><LinearRing><coordinates>-20.4439342,65.597212 -20.4436975,65.5969338 -20.4435366,65.5967153 -20.4437488,65.5966367 -20.4442871,65.5967069 -20.4448016,65.5968325 -20.4449168,65.5970324 -20.4445649,65.5973206 -20.4439342,65.597212</coordinates></LinearRing></innerBoundaryIs><innerBoundaryIs><LinearRing><coordinates>-20.4475052,65.5967036 -20.4483621,65.5965774 -20.4496686,65.5965681 -20.45042,65.5966525 -20.4503577,65.5967669 -20.4497914,65.5968924 -20.4490572,65.5970633 -20.4474645,65.5971057 -20.4473048,65.5969028 -20.4475052,65.5967036</coordinates></LinearRing></innerBoundaryIs><innerBoundaryIs><LinearRing><coordinates>-20.4805349,65.5961407 -20.4812057,65.5960115 -20.482236,65.5960115 -20.4829068,65.5961407 -20.4830499,65.5963436 -20.4828886,65.5965486 -20.480553,65.5965486 -20.4803916,65.5963436 -20.4805349,65.5961407</coordinates></LinearRing></innerBoundaryIs><innerBoundaryIs><LinearRing><coordinates>-20.4838539,65.5958896 -20.4845026,65.5957429 -20.4856598,65.595619 -20.4868431,65.595457 -20.4944249,65.595432 -20.4944205,65.5955563 -20.4940155,65.5956672 -20.4930336,65.5957731 -20.4915311,65.5959084 -20.489605,65.5960509 -20.4878917,65.5962309 -20.4839358,65.5962681 -20.4837487,65.5960788 -20.4838539,65.5958896</coordinates></LinearRing></innerBoundaryIs><innerBoundaryIs><LinearRing><coordinates>-20.4183667,65.6032633 -20.4187572,65.6033486 -20.4185942,65.6034635 -20.4180387,65.6035889 -20.4173375,65.6037596 -20.416792,65.6036102 -20.4170913,65.6034001 -20.4176399,65.6032718 -20.4183667,65.6032633</coordinates></LinearRing></innerBoundaryIs><innerBoundaryIs><LinearRing><coordinates>-20.3966566,65.6058874 -20.3983397,65.6059362 -20.3872765,65.6078093 -20.3938406,65.6063457 -20.3966566,65.6058874</coordinates></LinearRing></innerBoundaryIs><innerBoundaryIs><LinearRing><coordinates>-20.5019265,65.5945261 -20.516879,65.5941333 -20.5193549,65.5926991 -20.5215213,65.5937012 -20.5351526,65.5925364 -20.5423815,65.5935534 -20.5183581,65.5944173 -20.4943346,65.5952812 -20.5019265,65.5945261</coordinates></LinearRing></innerBoundaryIs><innerBoundaryIs><LinearRing><coordinates>-20.5394382,65.5910625 -20.5400428,65.5910056 -20.5421844,65.5913228 -20.5423206,65.5916243 -20.5408967,65.5926108 -20.5398564,65.5926487 -20.5393091,65.5919862 -20.5394382,65.5910625</coordinates></LinearRing></innerBoundaryIs><innerBoundaryIs><LinearRing><coordinates>-20.5547868,65.5899994 -20.5595598,65.5902067 -20.5599422,65.5905257 -20.5579096,65.5931532 -20.5522537,65.5936899 -20.5494226,65.5933008 -20.5495746,65.5926614 -20.5570174,65.5919228 -20.5547868,65.5899994</coordinates></LinearRing></innerBoundaryIs><innerBoundaryIs><LinearRing><coordinates>-20.5357984,65.5897732 -20.5296931,65.589106 -20.5419278,65.588773 -20.5423892,65.5889736 -20.5417376,65.5899417 -20.5401312,65.5903679 -20.5357984,65.5897732</coordinates></LinearRing></innerBoundaryIs><innerBoundaryIs><LinearRing><coordinates>-20.5276237,65.5892838 -20.5261266,65.5898951 -20.5251998,65.5901319 -20.5195376,65.5892843 -20.5195519,65.5889753 -20.5268725,65.5890805 -20.5276237,65.5892838</coordinates></LinearRing></innerBoundaryIs><innerBoundaryIs><LinearRing><coordinates>-20.5184689,65.5896022 -20.5182486,65.5897805 -20.5174406,65.5899248 -20.516493,65.5900958 -20.5158277,65.5900958 -20.5146086,65.5899248 -20.5135,65.5897805 -20.5131644,65.5896022 -20.5137647,65.5894215 -20.5147954,65.5893809 -20.5157363,65.5894448 -20.5165272,65.5894448 -20.5172797,65.5893809 -20.5180079,65.5894215 -20.5184689,65.5896022</coordinates></LinearRing></innerBoundaryIs><innerBoundaryIs><LinearRing><coordinates>-20.5439231,65.5891684 -20.5441653,65.5890836 -20.5443691,65.589168 -20.5443878,65.5893605 -20.5442374,65.5895681 -20.5437473,65.5893652 -20.5439231,65.5891684</coordinates></LinearRing></innerBoundaryIs><innerBoundaryIs><LinearRing><coordinates>-20.5639998,65.592983 -20.5613936,65.5931292 -20.5621932,65.5911064 -20.5639998,65.592983</coordinates></LinearRing></innerBoundaryIs><innerBoundaryIs><LinearRing><coordinates>-20.5431954,65.5938032 -20.5431753,65.5935268 -20.5449662,65.5928242 -20.5465211,65.592748 -20.5471771,65.5937271 -20.5431954,65.5938032</coordinates></LinearRing></innerBoundaryIs><innerBoundaryIs><LinearRing><coordinates>-20.5228401,65.5886559 -20.5221298,65.5884506 -20.5223804,65.5881248 -20.5227292,65.5880429 -20.5229841,65.5882716 -20.5228401,65.5886559</coordinates></LinearRing></innerBoundaryIs><innerBoundaryIs><LinearRing><coordinates>-20.5443681,65.5873746 -20.5448191,65.5869081 -20.5453705,65.5866383 -20.545704,65.5867226 -20.5455843,65.5871001 -20.5450571,65.5875773 -20.5443681,65.5873746</coordinates></LinearRing></innerBoundaryIs><innerBoundaryIs><LinearRing><coordinates>-20.5351446,65.5873882 -20.5364345,65.5863847 -20.5372412,65.5862767 -20.5375078,65.5873835 -20.5351446,65.5873882</coordinates></LinearRing></innerBoundaryIs><innerBoundaryIs><LinearRing><coordinates>-20.5424221,65.5854125 -20.5436912,65.5867916 -20.5398285,65.5872858 -20.5415266,65.5854729 -20.5424221,65.5854125</coordinates></LinearRing></innerBoundaryIs><innerBoundaryIs><LinearRing><coordinates>-20.620171,65.5768001 -20.6159739,65.5775748 -20.6142426,65.5764771 -20.620084,65.5753357 -20.6233499,65.5821964 -20.6234425,65.585548 -20.621013,65.5855269 -20.620171,65.5768001</coordinates></LinearRing></innerBoundaryIs><innerBoundaryIs><LinearRing><coordinates>-20.5281929,65.5850838 -20.5280426,65.5854051 -20.5275524,65.5851203 -20.5277283,65.5847673 -20.5279706,65.5846254 -20.5281742,65.5847634 -20.5281929,65.5850838</coordinates></LinearRing></innerBoundaryIs><innerBoundaryIs><LinearRing><coordinates>-20.615661,65.5821106 -20.6147439,65.5803227 -20.6156541,65.5799264 -20.61695,65.5798742 -20.6163446,65.5820946 -20.615661,65.5821106</coordinates></LinearRing></innerBoundaryIs><innerBoundaryIs><LinearRing><coordinates>-20.524819,65.5807111 -20.5246688,65.5809186 -20.5241786,65.5807158 -20.5243543,65.5805188 -20.5245966,65.5804342 -20.5248004,65.5805182 -20.524819,65.5807111</coordinates></LinearRing></innerBoundaryIs><innerBoundaryIs><LinearRing><coordinates>-20.577828,65.5796313 -20.5767945,65.5789572 -20.574433,65.5784146 -20.5744925,65.5778615 -20.5773532,65.5748622 -20.5782712,65.5747989 -20.5792285,65.5780507 -20.577828,65.5796313</coordinates></LinearRing></innerBoundaryIs><innerBoundaryIs><LinearRing><coordinates>-20.5309263,65.5787029 -20.5311021,65.5783499 -20.5313445,65.578208 -20.5315481,65.578346 -20.5315669,65.5786664 -20.5314167,65.5789877 -20.5309263,65.5787029</coordinates></LinearRing></innerBoundaryIs><innerBoundaryIs><LinearRing><coordinates>-20.5425673,65.5782835 -20.5428931,65.5781544 -20.5433592,65.5781544 -20.543685,65.5782835 -20.5437328,65.5784864 -20.5435768,65.5786914 -20.5426756,65.5786914 -20.5425195,65.5784864 -20.5425673,65.5782835</coordinates></LinearRing></innerBoundaryIs><innerBoundaryIs><LinearRing><coordinates>-20.547087,65.5775504 -20.5469366,65.5778714 -20.5464464,65.5775867 -20.5466222,65.577234 -20.5468645,65.5770921 -20.5470682,65.5772299 -20.547087,65.5775504</coordinates></LinearRing></innerBoundaryIs><innerBoundaryIs><LinearRing><coordinates>-20.5376743,65.5770885 -20.53785,65.5768915 -20.5380923,65.5768069 -20.5382961,65.5768911 -20.5383147,65.5770838 -20.5381644,65.5772913 -20.5376743,65.5770885</coordinates></LinearRing></innerBoundaryIs><innerBoundaryIs><LinearRing><coordinates>-20.5448217,65.5767872 -20.5438462,65.576215 -20.5432668,65.5746185 -20.5444722,65.5744998 -20.5454146,65.5749027 -20.5448217,65.5767872</coordinates></LinearRing></innerBoundaryIs><innerBoundaryIs><LinearRing><coordinates>-20.5817158,65.5732579 -20.5877335,65.5737493 -20.5876744,65.5741344 -20.5816442,65.5753982 -20.5811346,65.5745817 -20.5817158,65.5732579</coordinates></LinearRing></innerBoundaryIs><innerBoundaryIs><LinearRing><coordinates>-20.6047568,65.5732694 -20.6047477,65.5729351 -20.6140544,65.5692245 -20.6121073,65.5682216 -20.6142066,65.5644041 -20.6117389,65.5654428 -20.6111904,65.5640771 -20.6230525,65.5601792 -20.6211723,65.570564 -20.6183602,65.5718679 -20.620791,65.5723723 -20.6195925,65.5747064 -20.6182317,65.5752769 -20.6089174,65.5734711 -20.6047568,65.5732694</coordinates></LinearRing></innerBoundaryIs><innerBoundaryIs><LinearRing><coordinates>-20.606497,65.5716984 -20.6063367,65.5720176 -20.6052086,65.5719373 -20.6051168,65.5715334 -20.6055002,65.5712399 -20.6060672,65.5711826 -20.6064407,65.5713669 -20.606497,65.5716984</coordinates></LinearRing></innerBoundaryIs><innerBoundaryIs><LinearRing><coordinates>-20.5990651,65.57179 -20.5989091,65.571995 -20.5980079,65.571995 -20.5978518,65.57179 -20.5978996,65.5715872 -20.5982254,65.5714579 -20.5986915,65.5714579 -20.5990173,65.5715872 -20.5990651,65.57179</coordinates></LinearRing></innerBoundaryIs><innerBoundaryIs><LinearRing><coordinates>-20.6024363,65.5704056 -20.6022944,65.570932 -20.6018518,65.5707415 -20.6015856,65.5704354 -20.6013628,65.5701138 -20.6014876,65.5698035 -20.601963,65.5696455 -20.6023523,65.5698646 -20.6024363,65.5704056</coordinates></LinearRing></innerBoundaryIs><innerBoundaryIs><LinearRing><coordinates>-20.606003,65.5689266 -20.6062455,65.5687274 -20.6064492,65.5689191 -20.6064678,65.5693674 -20.6063176,65.5698022 -20.6058274,65.5694354 -20.606003,65.5689266</coordinates></LinearRing></innerBoundaryIs><innerBoundaryIs><LinearRing><coordinates>-20.610267,65.5671875 -20.6100423,65.5671316 -20.6099298,65.5664063 -20.6106046,65.5664063 -20.6104921,65.5671316 -20.610267,65.5671875</coordinates></LinearRing></innerBoundaryIs><innerBoundaryIs><LinearRing><coordinates>-20.5959829,65.5633687 -20.5950884,65.5633687 -20.5949337,65.5630549 -20.594981,65.5627251 -20.5953042,65.5625252 -20.595767,65.5625252 -20.5960903,65.5627251 -20.5961376,65.5630549 -20.5959829,65.5633687</coordinates></LinearRing></innerBoundaryIs><innerBoundaryIs><LinearRing><coordinates>-20.5983706,65.5755972 -20.5982202,65.5759184 -20.59773,65.5756336 -20.5979058,65.5752809 -20.5981481,65.5751389 -20.5983518,65.5752769 -20.5983706,65.5755972</coordinates></LinearRing></innerBoundaryIs><innerBoundaryIs><LinearRing><coordinates>-20.5472819,65.5860376 -20.5475949,65.5857019 -20.548062,65.5856498 -20.5484604,65.585797 -20.5487272,65.5860553 -20.5488592,65.5863484 -20.5487176,65.5866312 -20.548485,65.5868777 -20.5482132,65.5870811 -20.5474014,65.5871286 -20.547242,65.586607 -20.5472819,65.5860376</coordinates></LinearRing></innerBoundaryIs><innerBoundaryIs><LinearRing><coordinates>-20.592611,65.5487036 -20.5920877,65.5490654 -20.5914216,65.5488724 -20.591637,65.5485007 -20.5920053,65.5482894 -20.5924689,65.5482707 -20.5927459,65.5484205 -20.592611,65.5487036</coordinates></LinearRing></innerBoundaryIs><innerBoundaryIs><LinearRing><coordinates>-20.5349667,65.5684443 -20.5348097,65.5689791 -20.5335721,65.5683852 -20.5340029,65.5679216 -20.5345396,65.5676913 -20.5349075,65.5678972 -20.5349667,65.5684443</coordinates></LinearRing></innerBoundaryIs><innerBoundaryIs><LinearRing><coordinates>-20.5327811,65.5682346 -20.5322524,65.5685961 -20.5311809,65.5686697 -20.5310235,65.5683588 -20.5311248,65.5680317 -20.5316373,65.5678288 -20.5323992,65.5678068 -20.5328639,65.5679529 -20.5327811,65.5682346</coordinates></LinearRing></innerBoundaryIs><innerBoundaryIs><LinearRing><coordinates>-20.5215331,65.5664063 -20.5214747,65.5672044 -20.5169339,65.5680484 -20.5156869,65.5676364 -20.5182836,65.56682 -20.5171947,65.5657197 -20.5116534,65.5659463 -20.5194705,65.5639445 -20.5176316,65.5655208 -20.5185267,65.5664063 -20.5215331,65.5664063</coordinates></LinearRing></innerBoundaryIs><innerBoundaryIs><LinearRing><coordinates>-20.4816316,65.5657079 -20.4818625,65.5654149 -20.4821676,65.5651282 -20.4824656,65.5648818 -20.4828513,65.5647408 -20.4833031,65.5647614 -20.4835876,65.5649749 -20.4835503,65.5653361 -20.4832675,65.5656838 -20.4829849,65.5659558 -20.4816316,65.5657079</coordinates></LinearRing></innerBoundaryIs><innerBoundaryIs><LinearRing><coordinates>-20.5008839,65.5646677 -20.5006022,65.5637922 -20.5005633,65.5628225 -20.5008481,65.5622644 -20.5013072,65.5621669 -20.5017112,65.5623846 -20.5020251,65.5628217 -20.5022801,65.5634003 -20.5022722,65.5640965 -20.5020121,65.5647196 -20.5017371,65.5652592 -20.50146,65.5656646 -20.5011584,65.5654591 -20.5008839,65.5646677</coordinates></LinearRing></innerBoundaryIs><innerBoundaryIs><LinearRing><coordinates>-20.5120803,65.5573488 -20.5147716,65.5568908 -20.5170538,65.5627908 -20.5167603,65.563302 -20.5135134,65.5642033 -20.5118664,65.5642381 -20.5114557,65.5635564 -20.5121099,65.5621533 -20.5120803,65.5573488</coordinates></LinearRing></innerBoundaryIs><innerBoundaryIs><LinearRing><coordinates>-20.5117198,65.5611237 -20.511762,65.5615767 -20.5116059,65.5619963 -20.5103986,65.5614254 -20.5106053,65.561044 -20.5109587,65.560832 -20.511409,65.5608521 -20.5117198,65.5611237</coordinates></LinearRing></innerBoundaryIs><innerBoundaryIs><LinearRing><coordinates>-20.5024068,65.5612298 -20.5021259,65.561444 -20.5016804,65.560972 -20.502115,65.5600502 -20.5026503,65.5596064 -20.5029947,65.5597912 -20.5029761,65.5603808 -20.5026934,65.5609002 -20.5024068,65.5612298</coordinates></LinearRing></innerBoundaryIs><innerBoundaryIs><LinearRing><coordinates>-20.5081346,65.5597773 -20.5086253,65.5595943 -20.5090072,65.5596759 -20.5090839,65.5599707 -20.5089391,65.5602846 -20.5079921,65.560293 -20.5079274,65.5600467 -20.5081346,65.5597773</coordinates></LinearRing></innerBoundaryIs><innerBoundaryIs><LinearRing><coordinates>-20.5115842,65.5590273 -20.511061,65.5593889 -20.5103948,65.5591959 -20.5106103,65.5588244 -20.5109783,65.5586129 -20.5114421,65.5585943 -20.5117191,65.5587441 -20.5115842,65.5590273</coordinates></LinearRing></innerBoundaryIs><innerBoundaryIs><LinearRing><coordinates>-20.523649,65.5581315 -20.523858,65.5584142 -20.5237973,65.5589513 -20.5234172,65.5593379 -20.522835,65.5595742 -20.5223879,65.5598495 -20.5223455,65.5601925 -20.5223747,65.5605628 -20.5222934,65.5608754 -20.5218672,65.5606558 -20.5216002,65.5602309 -20.5214403,65.5598331 -20.5217828,65.5593576 -20.5226083,65.5587589 -20.5232514,65.5582703 -20.523649,65.5581315</coordinates></LinearRing></innerBoundaryIs><innerBoundaryIs><LinearRing><coordinates>-20.5264761,65.5593396 -20.5284265,65.5608814 -20.5278261,65.5619394 -20.5267165,65.5614361 -20.5236169,65.561271 -20.5233784,65.5609781 -20.5257893,65.5598816 -20.5264761,65.5593396</coordinates></LinearRing></innerBoundaryIs><innerBoundaryIs><LinearRing><coordinates>-20.535225,65.5609738 -20.534916,65.56295 -20.5343943,65.5631309 -20.5321763,65.5637305 -20.5280662,65.5640945 -20.5261937,65.5635931 -20.526493,65.5629765 -20.5309083,65.5617918 -20.532956,65.5626822 -20.5335048,65.5615987 -20.535225,65.5609738</coordinates></LinearRing></innerBoundaryIs><innerBoundaryIs><LinearRing><coordinates>-20.5342901,65.5637052 -20.5344923,65.5638968 -20.5345108,65.564345 -20.5343617,65.5647799 -20.5338753,65.564413 -20.5340497,65.5639044 -20.5342901,65.5637052</coordinates></LinearRing></innerBoundaryIs><innerBoundaryIs><LinearRing><coordinates>-20.5224996,65.565563 -20.5207613,65.565625 -20.5209494,65.5644634 -20.5229578,65.5650696 -20.5224996,65.565563</coordinates></LinearRing></innerBoundaryIs><innerBoundaryIs><LinearRing><coordinates>-20.5234396,65.5643606 -20.5229866,65.5640254 -20.5226939,65.5636684 -20.5227082,65.563275 -20.5229982,65.5629236 -20.5233366,65.5626163 -20.5236892,65.5623306 -20.523995,65.5620826 -20.5243747,65.5619364 -20.5248135,65.5619657 -20.5250772,65.5622431 -20.5250273,65.562758 -20.524811,65.5633296 -20.5247985,65.5638933 -20.525001,65.5643086 -20.5250914,65.5645812 -20.5250008,65.5647739 -20.524085,65.5647147 -20.5234396,65.5643606</coordinates></LinearRing></innerBoundaryIs><innerBoundaryIs><LinearRing><coordinates>-20.5350074,65.5650858 -20.5359325,65.5650541 -20.5364099,65.5661798 -20.5342684,65.565351 -20.5350074,65.5650858</coordinates></LinearRing></innerBoundaryIs><innerBoundaryIs><LinearRing><coordinates>-20.5461034,65.5651729 -20.5463438,65.5650882 -20.5465459,65.5651724 -20.5465643,65.565365 -20.5464153,65.5655726 -20.545929,65.5653698 -20.5461034,65.5651729</coordinates></LinearRing></innerBoundaryIs><innerBoundaryIs><LinearRing><coordinates>-20.5181562,65.5603253 -20.5185885,65.5588667 -20.5190427,65.5584847 -20.5203182,65.5615371 -20.5181562,65.5603253</coordinates></LinearRing></innerBoundaryIs><innerBoundaryIs><LinearRing><coordinates>-20.5097533,65.5645487 -20.5077307,65.5657731 -20.5066715,65.5645484 -20.5076191,65.5641673 -20.5097165,65.5643744 -20.5097533,65.5645487</coordinates></LinearRing></innerBoundaryIs><innerBoundaryIs><LinearRing><coordinates>-20.5090644,65.5632678 -20.5085062,65.5635493 -20.5073088,65.5637156 -20.5060737,65.5638796 -20.5051581,65.5639685 -20.5052468,65.5635509 -20.505919,65.5630546 -20.5073459,65.5627211 -20.5086579,65.5628834 -20.5090644,65.5632678</coordinates></LinearRing></innerBoundaryIs><innerBoundaryIs><LinearRing><coordinates>-20.4829823,65.5675722 -20.4821014,65.5684533 -20.4792989,65.5688844 -20.4753593,65.5688419 -20.4709353,65.5685632 -20.4829823,65.5675722</coordinates></LinearRing></innerBoundaryIs><innerBoundaryIs><LinearRing><coordinates>-20.4561949,65.5803033 -20.4565207,65.5801032 -20.4569869,65.5801032 -20.4573127,65.5803033 -20.4573605,65.580633 -20.4572043,65.5809469 -20.4563032,65.5809469 -20.4561471,65.580633 -20.4561949,65.5803033</coordinates></LinearRing></innerBoundaryIs><innerBoundaryIs><LinearRing><coordinates>-20.4906082,65.5779973 -20.4909644,65.5778625 -20.4914181,65.57788 -20.491731,65.5780782 -20.4917737,65.5784032 -20.4916166,65.5787137 -20.4904,65.5782191 -20.4906082,65.5779973</coordinates></LinearRing></innerBoundaryIs><innerBoundaryIs><LinearRing><coordinates>-20.4975749,65.5783412 -20.4977601,65.5781573 -20.4986711,65.5780228 -20.4999171,65.5779173 -20.5012842,65.5779219 -20.5023392,65.5780317 -20.5029881,65.5781471 -20.503197,65.5782605 -20.5029433,65.5783675 -20.502368,65.5784729 -20.5016723,65.5786088 -20.5009655,65.5787518 -20.5002697,65.578932 -20.4993703,65.5787289 -20.4982378,65.5785607 -20.4975749,65.5783412</coordinates></LinearRing></innerBoundaryIs><innerBoundaryIs><LinearRing><coordinates>-20.4939502,65.5872502 -20.4988751,65.585198 -20.4992557,65.5853502 -20.4991915,65.5866047 -20.4950817,65.5873181 -20.4939502,65.5872502</coordinates></LinearRing></innerBoundaryIs><innerBoundaryIs><LinearRing><coordinates>-20.4910746,65.5853686 -20.4912829,65.5848273 -20.4916391,65.5845381 -20.4920928,65.5845608 -20.492406,65.5849059 -20.4924484,65.5854868 -20.4922913,65.5860153 -20.4910746,65.5853686</coordinates></LinearRing></innerBoundaryIs><innerBoundaryIs><LinearRing><coordinates>-20.5035799,65.5837097 -20.5034126,65.5828353 -20.5035709,65.5824209 -20.5038304,65.5824956 -20.5040938,65.5827974 -20.5044664,65.5830357 -20.5049194,65.5832229 -20.5052288,65.5835652 -20.5052695,65.584112 -20.5051115,65.5846134 -20.5041035,65.5846024 -20.5035799,65.5837097</coordinates></LinearRing></innerBoundaryIs><innerBoundaryIs><LinearRing><coordinates>-20.4971439,65.5836446 -20.4973609,65.5829535 -20.4977319,65.5825878 -20.4981992,65.5825742 -20.4984782,65.582871 -20.4983425,65.58341 -20.4978153,65.5839899 -20.4971439,65.5836446</coordinates></LinearRing></innerBoundaryIs><innerBoundaryIs><LinearRing><coordinates>-20.5000559,65.582881 -20.5003817,65.5826101 -20.5008479,65.5826101 -20.5011737,65.582881 -20.5012214,65.5833375 -20.5010654,65.5837603 -20.5001642,65.5837603 -20.5000081,65.5833375 -20.5000559,65.582881</coordinates></LinearRing></innerBoundaryIs><innerBoundaryIs><LinearRing><coordinates>-20.4939891,65.5848939 -20.4942313,65.5846376 -20.494435,65.5848829 -20.4944537,65.5854588 -20.4943033,65.5860075 -20.4938132,65.5855585 -20.4939891,65.5848939</coordinates></LinearRing></innerBoundaryIs><innerBoundaryIs><LinearRing><coordinates>-20.5066335,65.5857974 -20.5065948,65.5860565 -20.5062783,65.5863516 -20.5059441,65.5865755 -20.5055524,65.5866534 -20.5051082,65.5866314 -20.5047683,65.5866922 -20.5045522,65.5868585 -20.5043418,65.5870501 -20.5033749,65.5871297 -20.5034533,65.5868275 -20.5040382,65.5864017 -20.5052087,65.5859221 -20.5061877,65.5857105 -20.5066335,65.5857974</coordinates></LinearRing></innerBoundaryIs><innerBoundaryIs><LinearRing><coordinates>-20.5025707,65.5861983 -20.5024248,65.5865122 -20.5014706,65.5865206 -20.5014054,65.5862745 -20.5016142,65.586005 -20.5021086,65.5858221 -20.5024933,65.5859036 -20.5025707,65.5861983</coordinates></LinearRing></innerBoundaryIs><innerBoundaryIs><LinearRing><coordinates>-20.393277,65.6042844 -20.390625,65.6046315 -20.3882153,65.6044548 -20.3876326,65.6033006 -20.3888967,65.6029725 -20.3912092,65.6029809 -20.393277,65.6042844</coordinates></LinearRing></innerBoundaryIs><innerBoundaryIs><LinearRing><coordinates>-20.3804351,65.6016449 -20.3802789,65.60185 -20.3793778,65.60185 -20.3792217,65.6016449 -20.3792695,65.601442 -20.3795953,65.6013128 -20.3800615,65.6013128 -20.3803873,65.601442 -20.3804351,65.6016449</coordinates></LinearRing></innerBoundaryIs><innerBoundaryIs><LinearRing><coordinates>-20.3876491,65.5919713 -20.387516,65.5922054 -20.3872408,65.5924463 -20.3869321,65.592657 -20.3855273,65.5926653 -20.3852252,65.5924462 -20.3849972,65.5921806 -20.3849962,65.5918976 -20.3855324,65.5917019 -20.3864113,65.5917006 -20.3872745,65.5917996 -20.3876491,65.5919713</coordinates></LinearRing></innerBoundaryIs><innerBoundaryIs><LinearRing><coordinates>-20.1387312,66.1161463 -20.1385781,66.1163537 -20.1380782,66.116151 -20.1382573,66.115954 -20.1385045,66.1158694 -20.138712,66.1159536 -20.1387312,66.1161463</coordinates></LinearRing></innerBoundaryIs><innerBoundaryIs><LinearRing><coordinates>-20.0974922,66.1095362 -20.0971906,66.1098225 -20.0967301,66.1099672 -20.0962814,66.110135 -20.0956848,66.1104609 -20.0947133,66.1109496 -20.0940337,66.1109101 -20.0942671,66.1106364 -20.0945811,66.1103599 -20.0949056,66.110067 -20.0953541,66.1097331 -20.0959964,66.1093581 -20.096855,66.1090769 -20.0974166,66.1091654 -20.0974922,66.1095362</coordinates></LinearRing></innerBoundaryIs><innerBoundaryIs><LinearRing><coordinates>-20.1008456,66.1075876 -20.1009433,66.107775 -20.1006225,66.1079165 -20.10014,66.1080147 -20.0997221,66.1081662 -20.0993067,66.1084276 -20.0987126,66.108771 -20.0977746,66.1088672 -20.097629,66.1085519 -20.0976758,66.1081777 -20.097947,66.1078335 -20.0983598,66.1075742 -20.0991206,66.1074404 -20.1001738,66.1074514 -20.1008456,66.1075876</coordinates></LinearRing></innerBoundaryIs><innerBoundaryIs><LinearRing><coordinates>-20.0992738,66.1067991 -20.0983891,66.1064403 -20.0987087,66.1064304 -20.0992984,66.1066695 -20.0992738,66.1067991</coordinates></LinearRing></innerBoundaryIs><innerBoundaryIs><LinearRing><coordinates>-19.5360448,66.0126775 -19.5384194,66.0156548 -19.5515887,66.0235404 -19.5519845,66.02692 -19.5480248,66.0312248 -19.544956,66.0303398 -19.5396103,66.0232186 -19.5378284,66.0223736 -19.530008,66.0208448 -19.5294139,66.0207241 -19.5259491,66.0179079 -19.5301069,66.0118325 -19.5269448,66.0033836 -19.5284292,66.0012915 -19.5249633,65.9976304 -19.539013,66.0065621 -19.5360448,66.0126775</coordinates></LinearRing></innerBoundaryIs><innerBoundaryIs><LinearRing><coordinates>-19.4868191,65.9713329 -19.472097,65.9724712 -19.4663703,65.9686807 -19.4661773,65.9683976 -19.4692142,65.9680113 -19.4681365,65.9666907 -19.4682909,65.9659929 -19.4719095,65.9636203 -19.475185,65.9524509 -19.4805363,65.9505608 -19.4883289,65.9495738 -19.4893202,65.9495742 -19.4956675,65.9506936 -19.5009676,65.9535586 -19.5033473,65.9563709 -19.5084304,65.9658014 -19.5078641,65.9662753 -19.4956011,65.9727038 -19.4868191,65.9713329</coordinates></LinearRing></innerBoundaryIs><innerBoundaryIs><LinearRing><coordinates>-19.465651,65.9679162 -19.4651541,65.9677135 -19.4653322,65.9675165 -19.4655778,65.9674319 -19.4657844,65.9675161 -19.4658033,65.9677088 -19.465651,65.9679162</coordinates></LinearRing></innerBoundaryIs><innerBoundaryIs><LinearRing><coordinates>-19.4666029,65.9674398 -19.4663323,65.9671878 -19.4661618,65.9669524 -19.4663919,65.9668326 -19.4669915,65.966903 -19.467607,65.9671497 -19.4678456,65.9674274 -19.467774,65.967665 -19.4669005,65.9676594 -19.4666029,65.9674398</coordinates></LinearRing></innerBoundaryIs><innerBoundaryIs><LinearRing><coordinates>-19.6827223,65.9495517 -19.6827815,65.9491413 -19.6869276,65.9460514 -19.6861575,65.9431787 -19.6875,65.9430822 -19.6938573,65.9437581 -19.6908959,65.9458824 -19.6957526,65.9464859 -19.6957526,65.9468722 -19.6932058,65.9471859 -19.6892967,65.9464859 -19.6879936,65.9488517 -19.6897705,65.9494067 -19.6882306,65.9502276 -19.6875,65.9502276 -19.6848545,65.9507828 -19.6839069,65.9506381 -19.6827223,65.9495517</coordinates></LinearRing></innerBoundaryIs><innerBoundaryIs><LinearRing><coordinates>-19.4515734,65.7631516 -19.4487503,65.7638597 -19.448123,65.7608985 -19.4518871,65.7614135 -19.4515734,65.7631516</coordinates></LinearRing></innerBoundaryIs><innerBoundaryIs><LinearRing><coordinates>-18.3799452,65.9800887 -18.3841642,65.9827065 -18.3976651,65.9845948 -18.4042046,65.9888434 -18.4024113,65.9898304 -18.4043101,65.9933496 -18.3989307,65.9984993 -18.4009348,66.000216 -18.3982979,66.0033059 -18.4030478,66.0063958 -18.4110682,66.0181975 -18.4150766,66.0201716 -18.4138095,66.0214161 -18.4192073,66.0247205 -18.420884,66.0293126 -18.4116193,66.0266383 -18.4075449,66.0287036 -18.4068917,66.0260777 -18.3845332,66.0131254 -18.3790025,66.0068341 -18.354498,65.9934756 -18.3561656,65.992738 -18.3502922,65.9838277 -18.3550781,65.9805526 -18.3662469,65.9775137 -18.380367,65.9781146 -18.3799452,65.9800887</coordinates></LinearRing></innerBoundaryIs><innerBoundaryIs><LinearRing><coordinates>-17.8359345,66.1720731 -17.8342087,66.1708875 -17.8341224,66.1688303 -17.834554,66.168098 -17.8396269,66.1651611 -17.8449082,66.1571842 -17.8477556,66.1571145 -17.845167,66.1604269 -17.8491784,66.158123 -17.8546969,66.1583805 -17.8557583,66.1594104 -17.8718296,66.1572887 -17.8776108,66.157498 -17.8784736,66.1579514 -17.8773519,66.1608453 -17.8829606,66.1644369 -17.8811485,66.1655527 -17.8719159,66.1690396 -17.8695548,66.1683367 -17.8682919,66.1685165 -17.8647541,66.169458 -17.8631871,66.1712551 -17.8617342,66.1715502 -17.8537095,66.1724567 -17.8494813,66.170469 -17.8474104,66.17026 -17.8440454,66.1701902 -17.8401625,66.172666 -17.8359345,66.1720731</coordinates></LinearRing></innerBoundaryIs><innerBoundaryIs><LinearRing><coordinates>-17.3687689,66.1166667 -17.3666503,66.1153793 -17.3689806,66.1134911 -17.3713113,66.1140918 -17.3687689,66.1166667</coordinates></LinearRing></innerBoundaryIs><innerBoundaryIs><LinearRing><coordinates>-16.0255879,66.5378808 -16.0218375,66.5370655 -16.0191087,66.5364325 -16.017315,66.5358638 -16.0080029,66.5290296 -16.0074083,66.5283107 -16.0077317,66.5225601 -16.0045702,66.5169595 -16.0056761,66.5150499 -16.0125769,66.5147495 -16.0138587,66.5091544 -16.0168842,66.5075397 -16.0245606,66.5118902 -16.0240222,66.5178179 -16.0178537,66.520586 -16.0211833,66.5228176 -16.0301294,66.5240192 -16.0337147,66.5257304 -16.0280133,66.5295928 -16.0267819,66.5336967 -16.0278676,66.5365505 -16.0323902,66.5362071 -16.0334671,66.537237 -16.0255879,66.5378808</coordinates></LinearRing></innerBoundaryIs><innerBoundaryIs><LinearRing><coordinates>-15.7569439,66.2756171 -15.7575299,66.2765377 -15.7577848,66.2771252 -15.7577322,66.2774755 -15.7569109,66.2774673 -15.7565323,66.2771252 -15.7560567,66.2765623 -15.7555223,66.2756909 -15.7554471,66.2746937 -15.7558765,66.274218 -15.7564026,66.2745962 -15.7569439,66.2756171</coordinates></LinearRing></innerBoundaryIs><innerBoundaryIs><LinearRing><coordinates>-14.3122634,65.7868195 -14.3096024,65.7870179 -14.3053555,65.7866477 -14.3051463,65.7859612 -14.3060715,65.7843142 -14.3106617,65.7826244 -14.3130158,65.7849901 -14.3122634,65.7868195</coordinates></LinearRing></innerBoundaryIs><innerBoundaryIs><LinearRing><coordinates>-14.2858076,65.6530201 -14.2938733,65.6503379 -14.2956945,65.6484603 -14.3076628,65.6457245 -14.3140374,65.6458853 -14.293483,65.6529664 -14.2858076,65.6530201</coordinates></LinearRing></innerBoundaryIs><innerBoundaryIs><LinearRing><coordinates>-14.2923121,65.6482458 -14.286588,65.6502306 -14.2819048,65.6504987 -14.2910112,65.6470656 -14.2929626,65.6472802 -14.2923121,65.6482458</coordinates></LinearRing></innerBoundaryIs><innerBoundaryIs><LinearRing><coordinates>-14.2782623,65.650177 -14.2787826,65.647602 -14.2828155,65.6465291 -14.2845066,65.6464219 -14.2858076,65.6470119 -14.2848969,65.6485676 -14.2782623,65.650177</coordinates></LinearRing></innerBoundaryIs><innerBoundaryIs><LinearRing><coordinates>-14.3054513,65.6488895 -14.3144277,65.6469584 -14.3154685,65.6466364 -14.316119,65.6471192 -14.3123463,65.6486213 -14.3046709,65.650177 -14.3042806,65.6499087 -14.3054513,65.6488895</coordinates></LinearRing></innerBoundaryIs><innerBoundaryIs><LinearRing><coordinates>-14.4139374,65.2823977 -14.4100118,65.2817219 -14.4130139,65.2794045 -14.4159004,65.2806115 -14.4139374,65.2823977</coordinates></LinearRing></innerBoundaryIs><innerBoundaryIs><LinearRing><coordinates>-14.9235754,65.036112 -14.9214141,65.0362194 -14.920397,65.0357364 -14.920397,65.0337517 -14.9249738,65.0332152 -14.9244654,65.0354146 -14.9235754,65.036112</coordinates></LinearRing></innerBoundaryIs><innerBoundaryIs><LinearRing><coordinates>-14.9241358,65.0321155 -14.921506,65.0319707 -14.9208199,65.0311981 -14.9217346,65.0306189 -14.9250506,65.0304739 -14.9258509,65.0309085 -14.9245932,65.0317293 -14.9241358,65.0321155</coordinates></LinearRing></innerBoundaryIs><innerBoundaryIs><LinearRing><coordinates>-14.9331686,65.0273358 -14.9337404,65.0269012 -14.936599,65.0275772 -14.936599,65.0288808 -14.9345407,65.0300395 -14.9308819,65.0315845 -14.9300816,65.0316809 -14.9289381,65.0311981 -14.9331686,65.0273358</coordinates></LinearRing></innerBoundaryIs><innerBoundaryIs><LinearRing><coordinates>-14.9640541,65.0146865 -14.9686261,65.011307 -14.9755985,65.0109206 -14.9697692,65.0127071 -14.9640541,65.0146865</coordinates></LinearRing></innerBoundaryIs><innerBoundaryIs><LinearRing><coordinates>-14.983187,65.0104916 -14.9783587,65.0103695 -14.9845076,65.0081031 -14.9979196,65.0098987 -14.9891709,65.011869 -14.9840537,65.0107356 -14.983187,65.0104916</coordinates></LinearRing></innerBoundaryIs><innerBoundaryIs><LinearRing><coordinates>-13.5408865,65.0899137 -13.5406653,65.0897156 -13.5399179,65.0890731 -13.5389007,65.0884324 -13.5378963,65.0878514 -13.5369635,65.0873075 -13.5366046,65.0869373 -13.5368198,65.0867761 -13.5372744,65.0867898 -13.5376412,65.0869294 -13.5379014,65.0871199 -13.5382782,65.0872843 -13.5388627,65.0874547 -13.5394903,65.0877113 -13.5399489,65.0879998 -13.5403351,65.0882891 -13.5406563,65.0886085 -13.5409373,65.0890161 -13.5410094,65.089501 -13.5408865,65.0899137</coordinates></LinearRing></innerBoundaryIs><innerBoundaryIs><LinearRing><coordinates>-13.5221601,64.9742603 -13.5229716,64.9787235 -13.5172908,64.9806976 -13.5162764,64.9736595 -13.5189139,64.9725437 -13.5199283,64.9725437 -13.5221601,64.973402 -13.5221601,64.9742603</coordinates></LinearRing></innerBoundaryIs><innerBoundaryIs><LinearRing><coordinates>-13.6166961,64.9019908 -13.6177073,64.9006175 -13.6205389,64.8998451 -13.6199322,64.8981285 -13.626,64.8980426 -13.6249887,64.8996733 -13.6286294,64.9019049 -13.6171005,64.9025917 -13.6166961,64.9019908</coordinates></LinearRing></innerBoundaryIs><innerBoundaryIs><LinearRing><coordinates>-13.6938545,64.8908329 -13.6964855,64.8945236 -13.693045,64.90242 -13.691426,64.9014759 -13.6871759,64.9015617 -13.6867712,64.9007034 -13.6938545,64.8908329</coordinates></LinearRing></innerBoundaryIs><innerBoundaryIs><LinearRing><coordinates>-14.0125048,64.7594959 -14.0104297,64.7615075 -14.0087318,64.7590131 -14.0098637,64.7585303 -14.0123161,64.7587717 -14.0125048,64.7594959</coordinates></LinearRing></innerBoundaryIs><innerBoundaryIs><LinearRing><coordinates>-13.9745849,64.7609442 -13.9759052,64.7569209 -13.9774142,64.7563575 -13.9793006,64.7563575 -13.9793006,64.7579669 -13.9774142,64.7586107 -13.9745849,64.7609442</coordinates></LinearRing></innerBoundaryIs><innerBoundaryIs><LinearRing><coordinates>-13.9704351,64.7587717 -13.9726986,64.7542655 -13.9740191,64.7537022 -13.9730757,64.7574037 -13.9704351,64.7587717</coordinates></LinearRing></innerBoundaryIs><innerBoundaryIs><LinearRing><coordinates>-13.9764711,64.7501616 -13.9757167,64.7475868 -13.9777915,64.7477477 -13.9764711,64.7501616</coordinates></LinearRing></innerBoundaryIs><innerBoundaryIs><LinearRing><coordinates>-14.2515763,64.646902 -14.2561862,64.6477603 -14.247768,64.6503353 -14.2457637,64.6503353 -14.2451624,64.6475028 -14.2427573,64.6455287 -14.2435591,64.6423531 -14.2511754,64.6405506 -14.2559857,64.6407222 -14.2557853,64.6444129 -14.2515763,64.646902</coordinates></LinearRing></innerBoundaryIs><innerBoundaryIs><LinearRing><coordinates>-14.2359427,64.6435546 -14.2337379,64.6415805 -14.2381473,64.6391773 -14.2445611,64.6397781 -14.2399513,64.6430397 -14.2359427,64.6435546</coordinates></LinearRing></innerBoundaryIs><innerBoundaryIs><LinearRing><coordinates>-14.2325352,64.6390055 -14.2317336,64.6382331 -14.2331367,64.6374607 -14.2363435,64.6364307 -14.2371453,64.6367739 -14.2363435,64.6382331 -14.2339383,64.6392632 -14.2325352,64.6390055</coordinates></LinearRing></innerBoundaryIs><innerBoundaryIs><LinearRing><coordinates>-14.2563866,64.6350574 -14.2547832,64.6349716 -14.2521775,64.6340274 -14.2517766,64.6334265 -14.2543823,64.632225 -14.2583909,64.6317958 -14.2573888,64.6344566 -14.2563866,64.6350574</coordinates></LinearRing></innerBoundaryIs><innerBoundaryIs><LinearRing><coordinates>-14.3261172,64.6291351 -14.3311251,64.6243286 -14.3375291,64.6221837 -14.3385366,64.6220111 -14.3397384,64.6229553 -14.3373348,64.6248435 -14.3261172,64.6291351</coordinates></LinearRing></innerBoundaryIs><innerBoundaryIs><LinearRing><coordinates>-14.3072879,64.6239852 -14.3002769,64.6264743 -14.2984741,64.6240711 -14.2994755,64.6222686 -14.2998763,64.6218395 -14.3042831,64.6213245 -14.3062863,64.6213245 -14.3074882,64.6221828 -14.3072879,64.6239852</coordinates></LinearRing></innerBoundaryIs><innerBoundaryIs><LinearRing><coordinates>-14.3263175,64.6196938 -14.3287212,64.6191787 -14.3233128,64.622097 -14.3251156,64.6208096 -14.3263175,64.6196938</coordinates></LinearRing></innerBoundaryIs><innerBoundaryIs><LinearRing><coordinates>-14.3325272,64.6124839 -14.3271188,64.6147155 -14.3231126,64.6143723 -14.3299232,64.611883 -14.3325272,64.6120548 -14.3325272,64.6124839</coordinates></LinearRing></innerBoundaryIs><innerBoundaryIs><LinearRing><coordinates>-14.1654676,64.6017551 -14.1636682,64.6013259 -14.1624684,64.6005535 -14.163868,64.5999526 -14.1666673,64.5992661 -14.1672672,64.6014976 -14.1654676,64.6017551</coordinates></LinearRing></innerBoundaryIs><innerBoundaryIs><LinearRing><coordinates>-14.1680669,64.5986652 -14.1672672,64.5970345 -14.1648678,64.5970345 -14.1604691,64.5989227 -14.1562701,64.5986652 -14.1556702,64.5984077 -14.1588695,64.5974636 -14.1542706,64.5975494 -14.1518713,64.5960044 -14.1532708,64.5945452 -14.1506716,64.5935153 -14.1510715,64.5930004 -14.1558701,64.5922279 -14.1558701,64.5912837 -14.1502717,64.5902538 -14.1564699,64.5865631 -14.1600691,64.5857048 -14.1640681,64.5863056 -14.1626683,64.5852756 -14.1688668,64.5847605 -14.1730655,64.5857906 -14.171666,64.5877647 -14.1748651,64.5865631 -14.1802638,64.5881938 -14.175065,64.5902538 -14.178664,64.5904254 -14.1794637,64.5915412 -14.1830629,64.5903395 -14.1844625,64.5911121 -14.182663,64.5928288 -14.1840627,64.5942878 -14.1816632,64.5954036 -14.186462,64.5990943 -14.1846623,64.6005535 -14.1808634,64.6005535 -14.1794637,64.598236 -14.1680669,64.5986652</coordinates></LinearRing></innerBoundaryIs><innerBoundaryIs><LinearRing><coordinates>-14.3479018,64.5923995 -14.3513027,64.5929145 -14.3509026,64.5949745 -14.3433003,64.5978069 -14.3421001,64.5942878 -14.3459012,64.5930004 -14.3479018,64.5923995</coordinates></LinearRing></innerBoundaryIs><innerBoundaryIs><LinearRing><coordinates>-14.3541036,64.5953178 -14.358705,64.5936012 -14.3605053,64.5933437 -14.3613057,64.5937728 -14.3613057,64.5953178 -14.355504,64.5973777 -14.3545037,64.5971202 -14.3541036,64.5953178</coordinates></LinearRing></innerBoundaryIs><innerBoundaryIs><LinearRing><coordinates>-14.1890612,64.5935153 -14.1892613,64.5939445 -14.1878616,64.5945452 -14.1868618,64.5939445 -14.186462,64.5930004 -14.1876616,64.5930862 -14.1890612,64.5935153</coordinates></LinearRing></innerBoundaryIs><innerBoundaryIs><LinearRing><coordinates>-14.5535182,64.5721703 -14.552582,64.5720094 -14.5546628,64.5679297 -14.5555781,64.5661354 -14.5572633,64.5654916 -14.5707453,64.5647674 -14.5731796,64.5652502 -14.5688728,64.5683883 -14.5611956,64.5681469 -14.5563271,64.5719289 -14.5535182,64.5721703</coordinates></LinearRing></innerBoundaryIs><innerBoundaryIs><LinearRing><coordinates>-14.5334826,64.5693541 -14.5334826,64.5683883 -14.5258052,64.5635604 -14.5164427,64.5613074 -14.5160682,64.560744 -14.5166299,64.5601809 -14.5211452,64.5598824 -14.5297374,64.5572036 -14.5282394,64.5603418 -14.5299247,64.5625144 -14.5349805,64.5642042 -14.5445302,64.5641238 -14.5434067,64.5660549 -14.5467772,64.5666182 -14.5464028,64.5683883 -14.5374147,64.5680665 -14.5347933,64.5695955 -14.5334826,64.5693541</coordinates></LinearRing></innerBoundaryIs><innerBoundaryIs><LinearRing><coordinates>-14.5517164,64.4044303 -14.5515177,64.4036579 -14.5535048,64.4033145 -14.5849002,64.4012546 -14.6162956,64.3991947 -14.6469745,64.3958473 -14.6776534,64.3924999 -14.7067494,64.3873929 -14.7358454,64.382286 -14.7590826,64.3745613 -14.7586853,64.3764495 -14.7499465,64.3823719 -14.7333288,64.3867491 -14.7056199,64.3912124 -14.6779109,64.3956757 -14.6376647,64.4003105 -14.5974185,64.4049453 -14.5751637,64.4059753 -14.5584723,64.4052886 -14.5517164,64.4044303</coordinates></LinearRing></innerBoundaryIs><innerBoundaryIs><LinearRing><coordinates>-14.7685372,64.3743038 -14.774489,64.3747329 -14.7738938,64.377737 -14.77191,64.379196 -14.7621889,64.3810844 -14.7621889,64.3779087 -14.7685372,64.3743038</coordinates></LinearRing></innerBoundaryIs><innerBoundaryIs><LinearRing><coordinates>-14.8559793,64.3491554 -14.8298393,64.3577384 -14.7869874,64.3675231 -14.7794487,64.3737888 -14.7736954,64.3738745 -14.7693309,64.3721581 -14.7675453,64.3708705 -14.769926,64.3700122 -14.803156,64.3619441 -14.836386,64.3538761 -14.8565741,64.3472672 -14.8728297,64.3410873 -14.8827418,64.3363667 -14.8960238,64.3295001 -14.9050951,64.3237495 -14.9100471,64.3192863 -14.912028,64.3161106 -14.9148011,64.31036 -14.9132164,64.300661 -14.9136126,64.2993736 -14.9149991,64.2986869 -14.9187626,64.3014334 -14.9215359,64.3097591 -14.9142067,64.3201447 -14.9064816,64.326582 -14.8700542,64.344263 -14.8639088,64.3464946 -14.8559793,64.3491554</coordinates></LinearRing></innerBoundaryIs><innerBoundaryIs><LinearRing><coordinates>-14.7490953,64.3513011 -14.7473098,64.3483829 -14.7481033,64.3476963 -14.7512774,64.3475246 -14.7518727,64.3482971 -14.7490953,64.3513011</coordinates></LinearRing></innerBoundaryIs><innerBoundaryIs><LinearRing><coordinates>-14.895389,64.3422889 -14.8973697,64.3420314 -14.8993506,64.3422031 -14.9013315,64.343748 -14.8971719,64.3446063 -14.8945966,64.3446063 -14.8936063,64.3438339 -14.895389,64.3422889</coordinates></LinearRing></innerBoundaryIs><innerBoundaryIs><LinearRing><coordinates>-15.1881748,64.2409068 -15.1903976,64.2409551 -15.189064,64.2441415 -15.1851743,64.2418724 -15.1850632,64.2415828 -15.1870636,64.2411482 -15.1881748,64.2409068</coordinates></LinearRing></innerBoundaryIs><innerBoundaryIs><LinearRing><coordinates>-15.1849523,64.2458313 -15.1860635,64.2458797 -15.1853967,64.2483901 -15.1829519,64.2490661 -15.1880637,64.2504662 -15.1843966,64.2515283 -15.1843966,64.2533147 -15.176284,64.2502248 -15.1757284,64.2487282 -15.1777287,64.247666 -15.1778398,64.2470866 -15.1812849,64.2470866 -15.1808403,64.2460727 -15.1849523,64.2458313</coordinates></LinearRing></innerBoundaryIs><innerBoundaryIs><LinearRing><coordinates>-15.1809514,64.2537493 -15.1791734,64.2550045 -15.1767286,64.2533147 -15.1739503,64.2524939 -15.1759506,64.2518179 -15.1775064,64.2518663 -15.1809514,64.2537493</coordinates></LinearRing></innerBoundaryIs><innerBoundaryIs><LinearRing><coordinates>-15.3715996,64.2509222 -15.3732302,64.2489749 -15.3758118,64.2480897 -15.3788009,64.2473816 -15.383013,64.2473226 -15.3874968,64.2477947 -15.3889914,64.2485029 -15.3891273,64.249211 -15.3879045,64.250155 -15.3831489,64.2515712 -15.3839641,64.2536365 -15.382062,64.2542856 -15.3754041,64.2558789 -15.3717355,64.2525154 -15.3715996,64.2509222</coordinates></LinearRing></innerBoundaryIs><innerBoundaryIs><LinearRing><coordinates>-15.3953775,64.2525744 -15.3985025,64.2482668 -15.4010841,64.2487978 -15.4018993,64.2510402 -15.4074702,64.2522794 -15.4062473,64.2545217 -15.4016275,64.2545217 -15.4002689,64.2541085 -15.3953775,64.2525744</coordinates></LinearRing></innerBoundaryIs><innerBoundaryIs><LinearRing><coordinates>-15.389535,64.2585933 -15.3855946,64.2602454 -15.3792084,64.2607766 -15.3760834,64.2586523 -15.3782575,64.256646 -15.3845077,64.2543447 -15.3881762,64.2547576 -15.389535,64.2585933</coordinates></LinearRing></innerBoundaryIs><innerBoundaryIs><LinearRing><coordinates>-15.4847431,64.2404615 -15.4843729,64.2398715 -15.4836322,64.2398715 -15.4800524,64.2413735 -15.4801759,64.2364919 -15.4875822,64.2372429 -15.4881994,64.2384231 -15.4936306,64.2372429 -15.4942479,64.2383693 -15.4874588,64.2412662 -15.4863477,64.2436265 -15.4832619,64.2429827 -15.4847431,64.2404615</coordinates></LinearRing></innerBoundaryIs><innerBoundaryIs><LinearRing><coordinates>-15.4891868,64.2499566 -15.4936306,64.2477036 -15.497951,64.2478644 -15.497951,64.2486155 -15.4932603,64.2511367 -15.4907916,64.2512977 -15.4890635,64.2508149 -15.4891868,64.2499566</coordinates></LinearRing></innerBoundaryIs><innerBoundaryIs><LinearRing><coordinates>-15.5043406,64.2574702 -15.5040367,64.2571151 -15.5043697,64.2569962 -15.5051614,64.2571485 -15.506029,64.2575209 -15.5064235,64.257876 -15.5064259,64.2581465 -15.5052212,64.2579942 -15.5043406,64.2574702</coordinates></LinearRing></innerBoundaryIs><innerBoundaryIs><LinearRing><coordinates>-18.279855,63.5357916 -18.2775677,63.5347188 -18.2763638,63.5318756 -18.2763638,63.5312318 -18.2780493,63.5297298 -18.2851518,63.5341823 -18.2859945,63.5358452 -18.2853926,63.5368108 -18.2849112,63.5369718 -18.2831053,63.5362744 -18.279855,63.5357916</coordinates></LinearRing></innerBoundaryIs><innerBoundaryIs><LinearRing><coordinates>-18.2941806,63.5390639 -18.297792,63.5431945 -18.3021258,63.5448575 -18.3011628,63.5471106 -18.289606,63.5401905 -18.2850316,63.5382056 -18.287078,63.5367035 -18.2941806,63.5390639</coordinates></LinearRing></innerBoundaryIs><innerBoundaryIs><LinearRing><coordinates>-18.3016613,63.5512787 -18.294291,63.5490094 -18.2941827,63.5482852 -18.294291,63.5478024 -18.2962419,63.5479474 -18.2947245,63.5468369 -18.2953748,63.5464025 -18.2971091,63.5466439 -18.3016613,63.5512787</coordinates></LinearRing></innerBoundaryIs><innerBoundaryIs><LinearRing><coordinates>-18.3247725,63.5672762 -18.3251497,63.5672762 -18.3253911,63.5673687 -18.3254147,63.5675035 -18.3245075,63.5675035 -18.324531,63.5673687 -18.3247725,63.5672762</coordinates></LinearRing></innerBoundaryIs><innerBoundaryIs><LinearRing><coordinates>-18.3223747,63.5683122 -18.3223284,63.5677994 -18.3235247,63.5674835 -18.3247565,63.5698245 -18.3223747,63.5683122</coordinates></LinearRing></innerBoundaryIs><innerBoundaryIs><LinearRing><coordinates>-18.4775577,63.6789749 -18.4780958,63.6792141 -18.4780734,63.6793437 -18.4772663,63.6789849 -18.4775577,63.6789749</coordinates></LinearRing></innerBoundaryIs><innerBoundaryIs><LinearRing><coordinates>-18.4914138,63.6802233 -18.4910537,63.6799937 -18.4906986,63.6798534 -18.4907585,63.6797266 -18.4914476,63.6797127 -18.4922807,63.6799811 -18.4925296,63.6803708 -18.492207,63.6807907 -18.4916472,63.6805807 -18.4914138,63.6802233</coordinates></LinearRing></innerBoundaryIs><innerBoundaryIs><LinearRing><coordinates>-20.3629698,63.3957052 -20.3649822,63.3956623 -20.3695819,63.3957911 -20.3749481,63.3973789 -20.367857,63.4014987 -20.3674737,63.4014987 -20.3668987,63.3972071 -20.3616282,63.3975934 -20.3610533,63.3971643 -20.3615324,63.3966922 -20.3629698,63.3957052</coordinates></LinearRing></innerBoundaryIs><innerBoundaryIs><LinearRing><coordinates>-20.2923105,63.3990955 -20.2953778,63.3992671 -20.295186,63.4015417 -20.291352,63.4037733 -20.2799319,63.4055542 -20.2791523,63.4075766 -20.2822703,63.4105753 -20.2878824,63.4106451 -20.2986394,63.417828 -20.3012896,63.4245926 -20.3039399,63.4255689 -20.3033164,63.4294742 -20.306746,63.4313571 -20.3070579,63.4344953 -20.3020691,63.437215 -20.3028486,63.4392374 -20.3040957,63.4400743 -20.3109552,63.4391677 -20.3109552,63.4404928 -20.3148527,63.4418176 -20.3109552,63.4426546 -20.3120465,63.4445375 -20.3153203,63.4427243 -20.3165675,63.444398 -20.308305,63.4471178 -20.3074785,63.4484589 -20.3025368,63.4478151 -20.3014456,63.4464204 -20.2978317,63.4480404 -20.279686,63.4498107 -20.2746456,63.4483624 -20.2739255,63.4483624 -20.2651216,63.4493494 -20.2634127,63.4500682 -20.2579674,63.451581 -20.2558519,63.4538018 -20.2478157,63.4563446 -20.2460881,63.4565161 -20.2462801,63.4542845 -20.2419546,63.453319 -20.2421025,63.4529006 -20.2475019,63.4480082 -20.2512598,63.4501863 -20.2486517,63.4517097 -20.2524695,63.4524179 -20.257005,63.4507763 -20.2598158,63.4471391 -20.2675894,63.4471714 -20.2710443,63.4458839 -20.2794657,63.4458196 -20.2797538,63.4456264 -20.2795377,63.4450471 -20.2710707,63.4437006 -20.2633427,63.4441459 -20.2564076,63.4467691 -20.2426803,63.4457927 -20.2286412,63.4416085 -20.2273931,63.4409111 -20.2258661,63.4370058 -20.2261778,63.4363085 -20.2369086,63.4268242 -20.2487742,63.4226398 -20.2613971,63.4217333 -20.2712148,63.4181767 -20.2721498,63.4163635 -20.2682539,63.4133648 -20.2709031,63.4121096 -20.2632672,63.4119004 -20.2634228,63.411203 -20.2679421,63.4070187 -20.27402,63.4064608 -20.2751107,63.4039503 -20.2774482,63.4037411 -20.2806162,63.4008979 -20.2793701,63.3995676 -20.2849298,63.3978509 -20.2824374,63.3971643 -20.2914478,63.3969069 -20.2935566,63.3978939 -20.2923105,63.3990955</coordinates></LinearRing></innerBoundaryIs><innerBoundaryIs><LinearRing><coordinates>-20.1863178,63.4504222 -20.184014,63.4504652 -20.183822,63.4499931 -20.1862218,63.4496068 -20.1860297,63.4481477 -20.1832461,63.4480619 -20.1894854,63.4463453 -20.1886215,63.4451866 -20.1904454,63.4448432 -20.1944768,63.4472893 -20.194189,63.4495209 -20.1930372,63.4502935 -20.1917892,63.4489203 -20.1895815,63.4495209 -20.1912133,63.4503365 -20.1863178,63.4504222</coordinates></LinearRing></innerBoundaryIs><innerBoundaryIs><LinearRing><coordinates>-20.1690183,63.4684467 -20.1686341,63.4681463 -20.1723804,63.4669876 -20.1697868,63.4662151 -20.1739174,63.462181 -20.1744937,63.4621381 -20.1816024,63.4635972 -20.1821787,63.4651423 -20.1775678,63.4656143 -20.1774718,63.4667301 -20.1820827,63.4677171 -20.1758387,63.46982 -20.1748781,63.4696912 -20.1690183,63.4684467</coordinates></LinearRing></innerBoundaryIs><innerBoundaryIs><LinearRing><coordinates>-20.4822336,63.7764152 -20.4752156,63.7782382 -20.4725418,63.7771797 -20.4550622,63.7746906 -20.4505951,63.7728881 -20.4401073,63.7703131 -20.4243757,63.7682533 -20.4153461,63.7651795 -20.4241446,63.7656033 -20.4487334,63.7704221 -20.4606038,63.7719513 -20.4654126,63.7724357 -20.466849,63.7724214 -20.4733901,63.7723624 -20.4748584,63.7726575 -20.4820951,63.7759418 -20.4822336,63.7764152</coordinates></LinearRing></innerBoundaryIs><innerBoundaryIs><LinearRing><coordinates>-20.3851978,63.7578222 -20.3855171,63.7579861 -20.3855509,63.7581865 -20.3853931,63.7583808 -20.3839287,63.7583925 -20.3837709,63.7580856 -20.3838049,63.7577832 -20.384124,63.7576472 -20.384661,63.7577022 -20.3851978,63.7578222</coordinates></LinearRing></innerBoundaryIs><innerBoundaryIs><LinearRing><coordinates>-20.3728216,63.754283 -20.3735994,63.7558335 -20.3693187,63.7541742 -20.3698179,63.7536798 -20.3714567,63.7538018 -20.3728216,63.754283</coordinates></LinearRing></innerBoundaryIs><innerBoundaryIs><LinearRing><coordinates>-20.3658121,63.7479244 -20.3652583,63.7479295 -20.3646092,63.7479901 -20.3639541,63.748108 -20.3633093,63.7482857 -20.3623672,63.7478375 -20.3634315,63.7475671 -20.3644719,63.7474097 -20.3653438,63.7474014 -20.3659493,63.7475929 -20.3660955,63.7478184 -20.3658121,63.7479244</coordinates></LinearRing></innerBoundaryIs><innerBoundaryIs><LinearRing><coordinates>-20.7308484,63.8023978 -20.7320513,63.8009226 -20.7347244,63.7999194 -20.7483569,63.7992703 -20.7484906,63.7996244 -20.7406051,63.8010997 -20.7395359,63.8023388 -20.7355263,63.8025748 -20.7328531,63.8058203 -20.7331204,63.80346 -20.7308484,63.8023978</coordinates></LinearRing></innerBoundaryIs><innerBoundaryIs><LinearRing><coordinates>-20.7150764,63.8225831 -20.7250888,63.820465 -20.7240663,63.8230439 -20.7117699,63.827956 -20.7148389,63.8230478 -20.7150764,63.8225831</coordinates></LinearRing></innerBoundaryIs><innerBoundaryIs><LinearRing><coordinates>-20.6917173,63.8419586 -20.6919444,63.8418738 -20.6921353,63.841958 -20.6921529,63.8421508 -20.692012,63.8423582 -20.6915528,63.8421555 -20.6917173,63.8419586</coordinates></LinearRing></innerBoundaryIs><innerBoundaryIs><LinearRing><coordinates>-20.6279175,63.9333845 -20.6279263,63.9336988 -20.6277323,63.9339702 -20.6274627,63.9341865 -20.6266814,63.9342037 -20.6265273,63.9337809 -20.6265757,63.933331 -20.6269264,63.933084 -20.6274834,63.9331225 -20.6279175,63.9333845</coordinates></LinearRing></innerBoundaryIs><innerBoundaryIs><LinearRing><coordinates>-20.6221578,63.9348685 -20.6224631,63.9347392 -20.6228998,63.9347392 -20.6232053,63.9348685 -20.62325,63.9350713 -20.6231039,63.9352762 -20.6222593,63.9352762 -20.6221131,63.9350713 -20.6221578,63.9348685</coordinates></LinearRing></innerBoundaryIs><innerBoundaryIs><LinearRing><coordinates>-20.555472,63.9451771 -20.5595037,63.9453381 -20.5620694,63.9460623 -20.5602368,63.9475107 -20.5574878,63.9477521 -20.5532728,63.9462233 -20.555472,63.9451771</coordinates></LinearRing></innerBoundaryIs><innerBoundaryIs><LinearRing><coordinates>-20.5634186,63.9463063 -20.5637907,63.9464031 -20.5638345,63.9466954 -20.5636713,63.9470038 -20.5627728,63.946431 -20.5634186,63.9463063</coordinates></LinearRing></innerBoundaryIs><innerBoundaryIs><LinearRing><coordinates>-20.5479584,63.9509706 -20.5529063,63.9492809 -20.5545557,63.9492005 -20.5551054,63.9494419 -20.5538228,63.9508903 -20.5481417,63.95258 -20.5466756,63.95258 -20.5464923,63.9519362 -20.5479584,63.9509706</coordinates></LinearRing></innerBoundaryIs><innerBoundaryIs><LinearRing><coordinates>-20.5686373,63.9502269 -20.5691907,63.9501497 -20.5694807,63.950232 -20.5693479,63.9504863 -20.5688422,63.9508408 -20.5678813,63.9509027 -20.5677217,63.9507093 -20.5677562,63.950511 -20.568083,63.9503495 -20.5686373,63.9502269</coordinates></LinearRing></innerBoundaryIs><innerBoundaryIs><LinearRing><coordinates>-20.5627846,63.9514037 -20.5590566,63.9519761 -20.5597469,63.9506603 -20.5620505,63.950464 -20.5632212,63.9511513 -20.5627846,63.9514037</coordinates></LinearRing></innerBoundaryIs><innerBoundaryIs><LinearRing><coordinates>-20.5536395,63.9544308 -20.5508904,63.9564424 -20.5474086,63.9571666 -20.5466756,63.9567643 -20.5481417,63.9536262 -20.5521733,63.9526604 -20.5549223,63.9523386 -20.5536395,63.9544308</coordinates></LinearRing></innerBoundaryIs><innerBoundaryIs><LinearRing><coordinates>-20.5580376,63.9554768 -20.5615196,63.9556378 -20.5613363,63.9568448 -20.5560218,63.9582931 -20.5571213,63.9559596 -20.5580376,63.9554768</coordinates></LinearRing></innerBoundaryIs><innerBoundaryIs><LinearRing><coordinates>-20.5514404,63.9590173 -20.5395284,63.9611899 -20.5367796,63.9636039 -20.5358632,63.9632016 -20.536413,63.9611095 -20.5398951,63.9595805 -20.5523566,63.9566838 -20.5543725,63.956201 -20.5547389,63.9565229 -20.5514404,63.9590173</coordinates></LinearRing></innerBoundaryIs><innerBoundaryIs><LinearRing><coordinates>-20.5437536,63.96208 -20.5440925,63.961798 -20.5445199,63.9617693 -20.5447936,63.9619209 -20.5447611,63.9621764 -20.5444947,63.9624577 -20.5442278,63.9627103 -20.5439651,63.9629194 -20.5435547,63.9626029 -20.5437536,63.96208</coordinates></LinearRing></innerBoundaryIs><innerBoundaryIs><LinearRing><coordinates>-20.5384848,63.9636099 -20.5385023,63.9638025 -20.5383615,63.9640101 -20.5379022,63.9638073 -20.5380667,63.9636104 -20.538294,63.9635257 -20.5384848,63.9636099</coordinates></LinearRing></innerBoundaryIs><innerBoundaryIs><LinearRing><coordinates>-20.5458171,63.9555525 -20.5454845,63.9558445 -20.5448231,63.955731 -20.5450392,63.9555113 -20.5453813,63.9553759 -20.5457469,63.9553829 -20.5458171,63.9555525</coordinates></LinearRing></innerBoundaryIs><innerBoundaryIs><LinearRing><coordinates>-20.5219357,63.9668226 -20.5248677,63.9678686 -20.5267003,63.9725357 -20.5237681,63.9760762 -20.5232185,63.9756739 -20.5195533,63.9714895 -20.5219357,63.9668226</coordinates></LinearRing></innerBoundaryIs><innerBoundaryIs><LinearRing><coordinates>-20.520594,63.9753197 -20.520594,63.9769613 -20.5194926,63.9793752 -20.5144259,63.9808238 -20.5122231,63.9757061 -20.5124434,63.9745473 -20.513765,63.9735817 -20.5164084,63.9725196 -20.5179507,63.9726161 -20.520594,63.9753197</coordinates></LinearRing></innerBoundaryIs><innerBoundaryIs><LinearRing><coordinates>-20.5204786,63.98678 -20.5213009,63.9865836 -20.5209004,63.9864078 -20.521066,63.9862109 -20.5212944,63.9861259 -20.5214862,63.9862103 -20.5215039,63.9864029 -20.5213962,63.9865608 -20.5227723,63.9862319 -20.5231797,63.9864826 -20.5206618,63.9896947 -20.5207031,63.9870861 -20.5204786,63.98678</coordinates></LinearRing></innerBoundaryIs><innerBoundaryIs><LinearRing><coordinates>-20.5069361,63.9956939 -20.5102406,63.9909625 -20.5131043,63.9907693 -20.5157477,63.9940524 -20.5159678,63.9951144 -20.5133246,63.9964663 -20.5089186,63.9963698 -20.5069361,63.9956939</coordinates></LinearRing></innerBoundaryIs><innerBoundaryIs><LinearRing><coordinates>-20.4994943,64.0011013 -20.5025814,63.9992666 -20.5061095,63.9986871 -20.5129454,63.9995563 -20.5144889,64.0025496 -20.5094172,64.0073776 -20.5005966,64.0094053 -20.4809713,64.0191578 -20.4756792,64.0203166 -20.4624484,64.0196406 -20.4395154,64.0223443 -20.4258437,64.0223443 -20.4227566,64.0220546 -20.4174643,64.0203166 -20.4236385,64.0179026 -20.4476742,64.0177094 -20.4615664,64.012978 -20.4739149,64.0148127 -20.483397,64.0140402 -20.498612,64.0043842 -20.4994943,64.0011013</coordinates></LinearRing></innerBoundaryIs><innerBoundaryIs><LinearRing><coordinates>-20.414818,64.0240824 -20.4130539,64.0239857 -20.412613,64.0233099 -20.414377,64.0215718 -20.4187872,64.0215718 -20.4161412,64.0236961 -20.414818,64.0240824</coordinates></LinearRing></innerBoundaryIs><innerBoundaryIs><LinearRing><coordinates>-20.4276127,64.0233203 -20.4278409,64.0232354 -20.4280329,64.0233197 -20.4280506,64.0235122 -20.427909,64.0237199 -20.4274471,64.0235173 -20.4276127,64.0233203</coordinates></LinearRing></innerBoundaryIs><innerBoundaryIs><LinearRing><coordinates>-20.4542896,64.0140402 -20.4505409,64.0157783 -20.4448076,64.0166473 -20.4485563,64.0132678 -20.4542896,64.012785 -20.45451,64.0133643 -20.4542896,64.0140402</coordinates></LinearRing></innerBoundaryIs><innerBoundaryIs><LinearRing><coordinates>-20.3838266,64.0255308 -20.3801894,64.0266895 -20.3790872,64.0267378 -20.373466,64.0262067 -20.3735762,64.0257239 -20.3737967,64.0251929 -20.3763316,64.0247583 -20.3783156,64.0249997 -20.3838266,64.0255308</coordinates></LinearRing></innerBoundaryIs><innerBoundaryIs><LinearRing><coordinates>-20.3459094,64.0276093 -20.3515149,64.0276551 -20.3537133,64.0280969 -20.3548766,64.0294543 -20.3528016,64.0312768 -20.3485095,64.0306051 -20.3409307,64.0303956 -20.3405077,64.0299993 -20.3417,64.02894 -20.3459094,64.0276093</coordinates></LinearRing></innerBoundaryIs><innerBoundaryIs><LinearRing><coordinates>-20.3354309,63.9947079 -20.3356591,63.9945087 -20.3358511,63.9947004 -20.3358687,63.9951487 -20.3357272,63.9955835 -20.3352653,63.9952166 -20.3354309,63.9947079</coordinates></LinearRing></innerBoundaryIs><innerBoundaryIs><LinearRing><coordinates>-20.3370128,63.9985105 -20.3367496,63.9980746 -20.3366879,63.9977078 -20.3368626,63.9975411 -20.3371341,63.9976187 -20.3374153,63.9978919 -20.3376882,63.9983124 -20.3377645,63.9988137 -20.3376514,63.9992369 -20.3372641,63.9989928 -20.3370128,63.9985105</coordinates></LinearRing></innerBoundaryIs><innerBoundaryIs><LinearRing><coordinates>-20.3342986,64.0011963 -20.3345146,64.0009416 -20.3347629,64.0007159 -20.3350265,64.0006388 -20.3352233,64.0007905 -20.335237,64.0011065 -20.3350909,64.0014209 -20.3342409,64.0014203 -20.3342986,64.0011963</coordinates></LinearRing></innerBoundaryIs><innerBoundaryIs><LinearRing><coordinates>-20.3266606,63.9916028 -20.3200985,63.9911618 -20.3201234,63.9909991 -20.3241527,63.9892824 -20.3259161,63.9891464 -20.3283238,63.9896531 -20.329847,63.9907042 -20.3296283,63.9911015 -20.3266606,63.9916028</coordinates></LinearRing></innerBoundaryIs><innerBoundaryIs><LinearRing><coordinates>-20.21166,64.0211067 -20.2103236,64.0171624 -20.2113544,64.0156192 -20.2117438,64.0153751 -20.218101,64.0141633 -20.2251502,64.0131338 -20.2255924,64.013136 -20.2266304,64.0151523 -20.2361875,64.0170476 -20.2326418,64.017544 -20.2297443,64.0164911 -20.2231117,64.0175031 -20.2218636,64.0180165 -20.21166,64.0211067</coordinates></LinearRing></innerBoundaryIs><innerBoundaryIs><LinearRing><coordinates>-20.206814,64.0201643 -20.2066725,64.0203716 -20.2062107,64.020169 -20.2063763,64.019972 -20.2066045,64.0198873 -20.2067965,64.0199714 -20.206814,64.0201643</coordinates></LinearRing></innerBoundaryIs><innerBoundaryIs><LinearRing><coordinates>-20.2297006,64.0176529 -20.2295589,64.0178605 -20.2290972,64.0176578 -20.2292628,64.0174609 -20.2294911,64.0173759 -20.229683,64.0174603 -20.2297006,64.0176529</coordinates></LinearRing></innerBoundaryIs><innerBoundaryIs><LinearRing><coordinates>-20.2335979,64.0121372 -20.2332799,64.0122767 -20.2262712,64.0116076 -20.2289915,64.0103805 -20.2303382,64.0104851 -20.2335979,64.0121372</coordinates></LinearRing></innerBoundaryIs><innerBoundaryIs><LinearRing><coordinates>-20.2185431,64.0109705 -20.2209055,64.007001 -20.2218558,64.0064322 -20.2250545,64.0066125 -20.228574,64.0081145 -20.2287184,64.0084856 -20.2237405,64.0104212 -20.2185431,64.0109705</coordinates></LinearRing></innerBoundaryIs><innerBoundaryIs><LinearRing><coordinates>-20.9005042,63.8021224 -20.9007297,63.8019803 -20.9009191,63.8021183 -20.9009366,63.8024387 -20.9007967,63.80276 -20.9003406,63.8024752 -20.9005042,63.8021224</coordinates></LinearRing></innerBoundaryIs><innerBoundaryIs><LinearRing><coordinates>-20.9037482,63.8039764 -20.9034305,63.8036884 -20.9036251,63.8034658 -20.903963,63.8034706 -20.9042547,63.803628 -20.9046103,63.8037813 -20.9050282,63.8038946 -20.9053125,63.8040366 -20.9053487,63.8042248 -20.9052016,63.8044149 -20.9043467,63.8041914 -20.9037482,63.8039764</coordinates></LinearRing></innerBoundaryIs><innerBoundaryIs><LinearRing><coordinates>-22.5310974,63.8121037 -22.5313245,63.8120189 -22.5315152,63.8121032 -22.5315328,63.8122959 -22.531392,63.8125033 -22.5309327,63.8123006 -22.5310974,63.8121037</coordinates></LinearRing></innerBoundaryIs><innerBoundaryIs><LinearRing><coordinates>-20.9876482,63.8183784 -20.9897882,63.818121 -20.98901,63.817048 -20.9900799,63.8171339 -20.9924144,63.8187217 -20.9912472,63.8193225 -20.9877456,63.8186789 -20.9876482,63.8183784</coordinates></LinearRing></innerBoundaryIs><innerBoundaryIs><LinearRing><coordinates>-21.0925983,63.8403171 -21.0927337,63.8401875 -21.1012477,63.8412828 -21.097566,63.8420196 -21.0955033,63.8414385 -21.0925983,63.8403171</coordinates></LinearRing></innerBoundaryIs><innerBoundaryIs><LinearRing><coordinates>-21.1044003,63.8411242 -21.1045964,63.8419296 -21.1089646,63.842719 -21.1061381,63.8431797 -21.1042085,63.8428125 -21.1035068,63.842539 -21.1039593,63.8412879 -21.1044003,63.8411242</coordinates></LinearRing></innerBoundaryIs><innerBoundaryIs><LinearRing><coordinates>-21.1106417,63.8427691 -21.1104778,63.842473 -21.1106158,63.8421896 -21.110882,63.8419456 -21.1112618,63.841807 -21.1116878,63.8418313 -21.1119368,63.8420486 -21.111904,63.8424023 -21.1117738,63.8427045 -21.1119179,63.8428763 -21.1122941,63.8429732 -21.1125946,63.8431023 -21.1126482,63.8432862 -21.1125104,63.8434756 -21.1116282,63.8434466 -21.1110266,63.8430896 -21.1106417,63.8427691</coordinates></LinearRing></innerBoundaryIs><innerBoundaryIs><LinearRing><coordinates>-21.1153628,63.8420852 -21.1155899,63.841886 -21.1157808,63.8420776 -21.1157982,63.8425258 -21.1156574,63.8429608 -21.1151981,63.8425939 -21.1153628,63.8420852</coordinates></LinearRing></innerBoundaryIs><innerBoundaryIs><LinearRing><coordinates>-21.1730579,63.8670998 -21.1763211,63.8666946 -21.1790575,63.8676637 -21.1794837,63.868471 -21.1790204,63.8688374 -21.1737701,63.8677042 -21.1730579,63.8670998</coordinates></LinearRing></innerBoundaryIs><innerBoundaryIs><LinearRing><coordinates>-21.1817492,63.8690202 -21.1820545,63.868891 -21.1824913,63.868891 -21.1827965,63.8690202 -21.1828414,63.8692231 -21.1826951,63.8694282 -21.1818506,63.8694282 -21.1817045,63.8692231 -21.1817492,63.8690202</coordinates></LinearRing></innerBoundaryIs><innerBoundaryIs><LinearRing><coordinates>-21.2958407,63.9160095 -21.2966409,63.9158455 -21.2977939,63.9158061 -21.2988293,63.9160422 -21.299171,63.9163352 -21.2987885,63.9165329 -21.2979437,63.9166672 -21.2970268,63.9168251 -21.2956702,63.9168874 -21.2954785,63.9165875 -21.2954832,63.91626 -21.2958407,63.9160095</coordinates></LinearRing></innerBoundaryIs><innerBoundaryIs><LinearRing><coordinates>-21.2237917,63.9189137 -21.2225544,63.9213563 -21.2217839,63.9213595 -21.2191144,63.917852 -21.2199863,63.9163047 -21.2237964,63.9181923 -21.2237917,63.9189137</coordinates></LinearRing></innerBoundaryIs><innerBoundaryIs><LinearRing><coordinates>-21.1907699,63.9342905 -21.1908609,63.9345757 -21.1839714,63.9371365 -21.1827883,63.9372138 -21.171948,63.9356147 -21.1688418,63.934895 -21.1565299,63.9326705 -21.1617227,63.9322813 -21.1715658,63.9347976 -21.1780254,63.9339492 -21.1793166,63.9346592 -21.1803528,63.9336222 -21.1799654,63.934391 -21.1871982,63.9335175 -21.1907699,63.9342905</coordinates></LinearRing></innerBoundaryIs><innerBoundaryIs><LinearRing><coordinates>-21.1237344,63.9378514 -21.1225129,63.9378098 -21.1200269,63.9362863 -21.1201022,63.9357235 -21.1215655,63.9353735 -21.1263623,63.9355541 -21.1237344,63.9378514</coordinates></LinearRing></innerBoundaryIs><innerBoundaryIs><LinearRing><coordinates>-21.1550366,63.9327484 -21.1548756,63.9330654 -21.1533461,63.9330677 -21.1532727,63.9328272 -21.1534847,63.9325455 -21.1540523,63.9322973 -21.1546487,63.9322433 -21.1549973,63.9324213 -21.1550366,63.9327484</coordinates></LinearRing></innerBoundaryIs><innerBoundaryIs><LinearRing><coordinates>-20.9913642,63.9420182 -20.9925432,63.9413657 -20.9934467,63.9411269 -20.9938154,63.9412366 -20.9936279,63.9415605 -20.993003,63.9419997 -20.9922193,63.9424804 -20.9911855,63.9430296 -20.9904422,63.9428602 -20.9913642,63.9420182</coordinates></LinearRing></innerBoundaryIs><innerBoundaryIs><LinearRing><coordinates>-20.9705646,63.9747711 -20.9707916,63.9746863 -20.9709826,63.9747705 -20.971,63.9749633 -20.9708592,63.9751707 -20.9703999,63.974968 -20.9705646,63.9747711</coordinates></LinearRing></innerBoundaryIs><innerBoundaryIs><LinearRing><coordinates>-20.9484503,63.9897258 -20.9545323,63.9875932 -20.9554399,63.9875519 -20.9549396,63.9891219 -20.9482152,63.9934509 -20.9472041,63.9936522 -20.9464316,63.9920454 -20.9484503,63.9897258</coordinates></LinearRing></innerBoundaryIs><innerBoundaryIs><LinearRing><coordinates>-20.9689364,63.9901602 -20.9694797,63.9902912 -20.969364,63.9906996 -20.9685904,63.9912645 -20.9677221,63.9910476 -20.9682378,63.990454 -20.9689364,63.9901602</coordinates></LinearRing></innerBoundaryIs><innerBoundaryIs><LinearRing><coordinates>-20.8822206,63.9997333 -20.8844237,64.0027508 -20.8839647,64.0035554 -20.8822206,64.0033543 -20.8795584,64.0030324 -20.8723063,63.9998137 -20.8719391,63.9994113 -20.8753356,63.9986871 -20.8748767,63.9978423 -20.8780895,63.9978423 -20.8821288,63.9980435 -20.8822206,63.9997333</coordinates></LinearRing></innerBoundaryIs><innerBoundaryIs><LinearRing><coordinates>-20.8742107,63.9980541 -20.8726341,63.9980499 -20.8728963,63.997806 -20.8734254,63.9975897 -20.8739918,63.9975297 -20.8743308,63.9976404 -20.87437,63.9978442 -20.8742107,63.9980541</coordinates></LinearRing></innerBoundaryIs><innerBoundaryIs><LinearRing><coordinates>-20.8685193,63.9977301 -20.862161,63.9962972 -20.8602161,63.9956319 -20.8687292,63.9950641 -20.8715072,63.9952692 -20.8737518,63.9967514 -20.8717192,63.9977107 -20.8685193,63.9977301</coordinates></LinearRing></innerBoundaryIs><innerBoundaryIs><LinearRing><coordinates>-20.8560597,63.9952317 -20.8566192,63.9937615 -20.8581558,63.9934686 -20.862853,63.993546 -20.8630756,63.9938451 -20.8589046,63.9951952 -20.8560597,63.9952317</coordinates></LinearRing></innerBoundaryIs><innerBoundaryIs><LinearRing><coordinates>-20.8637673,63.9942991 -20.8643993,63.9941699 -20.8653702,63.9941699 -20.8660018,63.9942991 -20.866137,63.9945021 -20.865985,63.9947071 -20.8637844,63.9947071 -20.8636324,63.9945021 -20.8637673,63.9942991</coordinates></LinearRing></innerBoundaryIs><innerBoundaryIs><LinearRing><coordinates>-20.7952023,63.98817 -20.7950541,63.9893438 -20.7927285,63.9896764 -20.7880173,63.9876734 -20.7809815,63.9886991 -20.7808381,63.9884868 -20.7851756,63.9860545 -20.7895066,63.9856662 -20.7932374,63.9866605 -20.7952023,63.98817</coordinates></LinearRing></innerBoundaryIs><innerBoundaryIs><LinearRing><coordinates>-20.7579499,63.9865144 -20.7582268,63.9866564 -20.758373,63.9868412 -20.7586086,63.9871387 -20.7586079,63.9875216 -20.7581286,63.98719 -20.7579894,63.9868428 -20.7577848,63.9866927 -20.7575645,63.9867804 -20.7573398,63.9869887 -20.7569906,63.9871399 -20.756543,63.9871019 -20.7562236,63.9868102 -20.7562191,63.9863647 -20.7566175,63.9861149 -20.7573873,63.9862257 -20.7579499,63.9865144</coordinates></LinearRing></innerBoundaryIs><innerBoundaryIs><LinearRing><coordinates>-20.6147538,64.0499607 -20.6137266,64.0515536 -20.6109713,64.0534558 -20.6075655,64.0547796 -20.6075081,64.0543437 -20.6134148,64.0501229 -20.6147538,64.0499607</coordinates></LinearRing></innerBoundaryIs><innerBoundaryIs><LinearRing><coordinates>-20.6172708,64.0525256 -20.6177902,64.052313 -20.6181045,64.0523436 -20.6179916,64.0525935 -20.6174949,64.0529569 -20.616846,64.0528362 -20.6172708,64.0525256</coordinates></LinearRing></innerBoundaryIs><innerBoundaryIs><LinearRing><coordinates>-20.6003118,64.0546839 -20.6002764,64.0555294 -20.5999891,64.0562403 -20.5996617,64.0567406 -20.5993176,64.0570816 -20.5990155,64.0573539 -20.5986708,64.0576255 -20.5982625,64.0579335 -20.597684,64.0582861 -20.597172,64.0580657 -20.5974025,64.057277 -20.5977135,64.056635 -20.5980221,64.0560437 -20.5983576,64.0554945 -20.5986583,64.0549501 -20.5989692,64.0545235 -20.5992492,64.0542287 -20.5996104,64.0540844 -20.6000386,64.0541859 -20.6003118,64.0546839</coordinates></LinearRing></innerBoundaryIs><innerBoundaryIs><LinearRing><coordinates>-20.6068906,64.0562443 -20.6071188,64.0561596 -20.6073107,64.0562437 -20.6073284,64.0564365 -20.6071867,64.0566438 -20.6067249,64.0564413 -20.6068906,64.0562443</coordinates></LinearRing></innerBoundaryIs><innerBoundaryIs><LinearRing><coordinates>-20.603969,64.0581332 -20.6041305,64.0583665 -20.6040688,64.0588304 -20.6038053,64.059251 -20.603545,64.0595464 -20.6032867,64.0597563 -20.6025388,64.05976 -20.6023901,64.0593596 -20.6024287,64.0589287 -20.6027209,64.0586528 -20.6031475,64.0585078 -20.6034957,64.0583533 -20.6037353,64.0581783 -20.603969,64.0581332</coordinates></LinearRing></innerBoundaryIs><innerBoundaryIs><LinearRing><coordinates>-20.6012779,64.0604044 -20.6004264,64.0610282 -20.5996659,64.0609884 -20.6001408,64.0605814 -20.6007289,64.0601633 -20.6011744,64.0598511 -20.6014949,64.059749 -20.6016144,64.0599347 -20.6012779,64.0604044</coordinates></LinearRing></innerBoundaryIs><innerBoundaryIs><LinearRing><coordinates>-20.6009709,64.0529968 -20.6008294,64.053318 -20.6003675,64.0530332 -20.6005332,64.0526803 -20.6007615,64.0525383 -20.6009533,64.0526763 -20.6009709,64.0529968</coordinates></LinearRing></innerBoundaryIs><innerBoundaryIs><LinearRing><coordinates>-20.5992999,64.0617003 -20.5996532,64.0615416 -20.5999722,64.0617232 -20.5999519,64.0620279 -20.5997623,64.0623091 -20.5995028,64.0625358 -20.5990629,64.0621737 -20.5992999,64.0617003</coordinates></LinearRing></innerBoundaryIs><innerBoundaryIs><LinearRing><coordinates>-20.5955014,64.0631756 -20.5958067,64.0628817 -20.5960844,64.0626431 -20.5963542,64.0625631 -20.5965127,64.0627317 -20.5963557,64.0631228 -20.5958606,64.0635902 -20.5952681,64.0634766 -20.5955014,64.0631756</coordinates></LinearRing></innerBoundaryIs><innerBoundaryIs><LinearRing><coordinates>-20.5983512,64.0633558 -20.5987188,64.063363 -20.5987895,64.0635324 -20.598455,64.0638244 -20.59779,64.063711 -20.5980074,64.0634913 -20.5983512,64.0633558</coordinates></LinearRing></innerBoundaryIs><innerBoundaryIs><LinearRing><coordinates>-20.5952644,64.0639634 -20.5951262,64.0641694 -20.5942187,64.0641623 -20.5944499,64.0639364 -20.5948715,64.063767 -20.5952018,64.0637904 -20.5952644,64.0639634</coordinates></LinearRing></innerBoundaryIs><innerBoundaryIs><LinearRing><coordinates>-20.5975828,64.0639721 -20.5977747,64.0640562 -20.5977923,64.064249 -20.5976506,64.0644563 -20.5971889,64.0642538 -20.5973545,64.0640568 -20.5975828,64.0639721</coordinates></LinearRing></innerBoundaryIs><innerBoundaryIs><LinearRing><coordinates>-20.5973545,64.0746595 -20.5975828,64.0745748 -20.5977747,64.0746589 -20.5977923,64.0748518 -20.5976506,64.0750591 -20.5971889,64.0748565 -20.5973545,64.0746595</coordinates></LinearRing></innerBoundaryIs><innerBoundaryIs><LinearRing><coordinates>-20.5882171,64.1062818 -20.5870569,64.1075125 -20.5827813,64.1083333 -20.585272,64.1064138 -20.5861597,64.1062034 -20.5882171,64.1062818</coordinates></LinearRing></innerBoundaryIs><innerBoundaryIs><LinearRing><coordinates>-21.1666797,63.9392858 -21.1671473,63.9389164 -21.1778271,63.9391989 -21.1796818,63.9395827 -21.1801003,63.9405642 -21.1756963,63.9413759 -21.1672339,63.939918 -21.1666797,63.9392858</coordinates></LinearRing></innerBoundaryIs><innerBoundaryIs><LinearRing><coordinates>-21.7072018,63.8333091 -21.7074289,63.8332242 -21.7076197,63.8333085 -21.7076373,63.8335012 -21.7074965,63.8337086 -21.7070372,63.8335059 -21.7072018,63.8333091</coordinates></LinearRing></innerBoundaryIs><innerBoundaryIs><LinearRing><coordinates>-22.5971559,64.0510406 -22.5970964,64.0513875 -22.5962582,64.0513701 -22.5962306,64.051154 -22.5962367,64.050891 -22.5961292,64.0506052 -22.5961658,64.0503882 -22.5965018,64.0503809 -22.5969591,64.05065 -22.5971559,64.0510406</coordinates></LinearRing></innerBoundaryIs><innerBoundaryIs><LinearRing><coordinates>-22.5972034,64.0494686 -22.5970565,64.0496736 -22.5962074,64.0496736 -22.5960605,64.0494686 -22.5961055,64.0492657 -22.5964124,64.0491365 -22.5968515,64.0491365 -22.5971586,64.0492657 -22.5972034,64.0494686</coordinates></LinearRing></innerBoundaryIs><innerBoundaryIs><LinearRing><coordinates>-22.5348564,63.986944 -22.5347949,63.9871902 -22.5338958,63.9871819 -22.5337584,63.986868 -22.5338314,63.9865732 -22.5341938,63.9864917 -22.5346597,63.9866745 -22.5348564,63.986944</coordinates></LinearRing></innerBoundaryIs><innerBoundaryIs><LinearRing><coordinates>-22.0228153,64.1625611 -22.0247306,64.1644914 -22.0246145,64.1647871 -22.019814,64.1666578 -22.0194941,64.1642247 -22.0206876,64.1633627 -22.0222569,64.1626056 -22.0228153,64.1625611</coordinates></LinearRing></innerBoundaryIs><innerBoundaryIs><LinearRing><coordinates>-21.9234751,64.1725513 -21.9254332,64.1745015 -21.9254467,64.1748135 -21.9241161,64.1760551 -21.9202018,64.176052 -21.9177179,64.1753712 -21.9152588,64.174421 -21.9111331,64.1720409 -21.9075418,64.1692106 -21.9070975,64.1686195 -21.9070655,64.165489 -21.907449,64.1652805 -21.9098973,64.1676062 -21.9234751,64.1725513</coordinates></LinearRing></innerBoundaryIs><innerBoundaryIs><LinearRing><coordinates>-21.9598585,64.1722418 -21.9604892,64.1721125 -21.9611198,64.1722418 -21.9613624,64.1724885 -21.9612978,64.172729 -21.9596806,64.172729 -21.9596159,64.1724885 -21.9598585,64.1722418</coordinates></LinearRing></innerBoundaryIs><innerBoundaryIs><LinearRing><coordinates>-21.9677082,64.1729254 -21.9670213,64.1746405 -21.9633892,64.1725522 -21.9677082,64.1729254</coordinates></LinearRing></innerBoundaryIs><innerBoundaryIs><LinearRing><coordinates>-21.8570117,64.1683294 -21.8709635,64.1723706 -21.8729293,64.1740615 -21.8729312,64.174475 -21.8714778,64.175621 -21.8697603,64.175705 -21.8599195,64.1756318 -21.8552864,64.1745719 -21.8534195,64.1725177 -21.8549773,64.1689208 -21.8333555,64.1602993 -21.8306636,64.1585131 -21.8325787,64.1562287 -21.8406078,64.1551638 -21.8412517,64.155285 -21.8433156,64.1565986 -21.8475631,64.1568043 -21.8482767,64.1571156 -21.8502516,64.1601458 -21.8618768,64.1630139 -21.8606468,64.165821 -21.8570117,64.1683294</coordinates></LinearRing></innerBoundaryIs><innerBoundaryIs><LinearRing><coordinates>-21.8036972,64.1749072 -21.7997679,64.1736425 -21.7808716,64.1680535 -21.7804164,64.1677473 -21.7797499,64.163679 -21.7821465,64.1601562 -21.796875,64.1612722 -21.8094184,64.1635624 -21.8230333,64.1678731 -21.8257592,64.1719784 -21.8196424,64.1746643 -21.8180168,64.1735764 -21.8046817,64.1747664 -21.8036972,64.1749072</coordinates></LinearRing></innerBoundaryIs><innerBoundaryIs><LinearRing><coordinates>-21.7596359,64.1634808 -21.7583895,64.1634314 -21.7573189,64.1623418 -21.7578753,64.1621137 -21.7596211,64.162253 -21.7596359,64.1634808</coordinates></LinearRing></innerBoundaryIs><innerBoundaryIs><LinearRing><coordinates>-22.0166548,64.1636811 -22.0182636,64.1639285 -22.0184056,64.1643111 -22.0168799,64.1648797 -22.0154074,64.1640213 -22.0166548,64.1636811</coordinates></LinearRing></innerBoundaryIs><innerBoundaryIs><LinearRing><coordinates>-21.9568835,64.1612557 -21.956741,64.1615769 -21.9562759,64.1612921 -21.9564427,64.1609393 -21.9566725,64.1607974 -21.956866,64.1609352 -21.9568835,64.1612557</coordinates></LinearRing></innerBoundaryIs><innerBoundaryIs><LinearRing><coordinates>-21.7220618,64.1753817 -21.7223709,64.1752526 -21.7228132,64.1752526 -21.7231225,64.1753817 -21.7231678,64.1755847 -21.7230198,64.1757897 -21.7221645,64.1757897 -21.7220165,64.1755847 -21.7220618,64.1753817</coordinates></LinearRing></innerBoundaryIs><innerBoundaryIs><LinearRing><coordinates>-21.7800021,64.1862367 -21.7741615,64.1840684 -21.7740607,64.1832972 -21.7746497,64.1829346 -21.7834285,64.1811841 -21.7842131,64.1789662 -21.7849996,64.1787341 -21.7882272,64.1787531 -21.7890022,64.1789479 -21.7919533,64.1809334 -21.7873797,64.1828099 -21.793505,64.1865222 -21.7929435,64.1871957 -21.7877538,64.1871907 -21.7800021,64.1862367</coordinates></LinearRing></innerBoundaryIs><innerBoundaryIs><LinearRing><coordinates>-21.8271996,64.1865488 -21.8285801,64.1864564 -21.8319216,64.1870708 -21.8325669,64.1884108 -21.8275791,64.1875756 -21.8267314,64.1871942 -21.8271996,64.1865488</coordinates></LinearRing></innerBoundaryIs><innerBoundaryIs><LinearRing><coordinates>-21.9004298,64.2566735 -21.8975644,64.2562749 -21.8975743,64.2540301 -21.9006954,64.2544858 -21.9061812,64.2532337 -21.9004298,64.2566735</coordinates></LinearRing></innerBoundaryIs><innerBoundaryIs><LinearRing><coordinates>-21.932749,64.3023381 -21.9329789,64.3022532 -21.9331723,64.3023375 -21.9331901,64.3025302 -21.9330474,64.3027377 -21.9325823,64.3025351 -21.932749,64.3023381</coordinates></LinearRing></innerBoundaryIs><innerBoundaryIs><LinearRing><coordinates>-21.6871842,64.3397028 -21.686681,64.3400663 -21.6860238,64.3399456 -21.6864541,64.339635 -21.6869801,64.3394223 -21.6872984,64.3394529 -21.6871842,64.3397028</coordinates></LinearRing></innerBoundaryIs><innerBoundaryIs><LinearRing><coordinates>-21.6323574,64.345219 -21.6329367,64.3449723 -21.6335014,64.3449018 -21.6337177,64.3450217 -21.6335574,64.345257 -21.6333026,64.3455091 -21.6330225,64.3457285 -21.6322002,64.3457344 -21.6321326,64.3454967 -21.6323574,64.345219</coordinates></LinearRing></innerBoundaryIs><innerBoundaryIs><LinearRing><coordinates>-21.5498524,64.3743401 -21.5517641,64.3764902 -21.5518281,64.3777452 -21.5492827,64.3780956 -21.5423467,64.3751518 -21.5413314,64.3737756 -21.544587,64.3733785 -21.548822,64.3738029 -21.5498524,64.3743401</coordinates></LinearRing></innerBoundaryIs><innerBoundaryIs><LinearRing><coordinates>-21.5559959,64.3713697 -21.5558472,64.3716834 -21.5549871,64.3716834 -21.5548384,64.3713697 -21.554884,64.3710399 -21.5551949,64.3708398 -21.5556396,64.3708398 -21.5559505,64.3710399 -21.5559959,64.3713697</coordinates></LinearRing></innerBoundaryIs><innerBoundaryIs><LinearRing><coordinates>-21.413166,64.3788124 -21.4132061,64.3783584 -21.4135611,64.3781096 -21.4141684,64.3781636 -21.4147465,64.3784826 -21.4149621,64.3788912 -21.4148875,64.3792406 -21.41333,64.3792382 -21.413166,64.3788124</coordinates></LinearRing></innerBoundaryIs><innerBoundaryIs><LinearRing><coordinates>-21.457013,64.3824795 -21.4573239,64.3822796 -21.4577687,64.3822796 -21.4580796,64.3824795 -21.4581252,64.3828094 -21.4579763,64.3831232 -21.4571162,64.3831232 -21.4569674,64.3828094 -21.457013,64.3824795</coordinates></LinearRing></innerBoundaryIs><innerBoundaryIs><LinearRing><coordinates>-21.6813089,64.3902076 -21.681937,64.3898764 -21.6824399,64.3898147 -21.6824754,64.3900141 -21.6820406,64.3903725 -21.6816151,64.3907008 -21.6812617,64.3909528 -21.68084,64.3906891 -21.6813089,64.3902076</coordinates></LinearRing></innerBoundaryIs><innerBoundaryIs><LinearRing><coordinates>-22.0373144,64.3005565 -22.0375787,64.3008614 -22.0374215,64.3013422 -22.0368412,64.3017492 -22.036121,64.3019896 -22.0354007,64.3021841 -22.034772,64.3021764 -22.0338114,64.3017578 -22.0368142,64.3004127 -22.0373144,64.3005565</coordinates></LinearRing></innerBoundaryIs><innerBoundaryIs><LinearRing><coordinates>-22.0949553,64.3075424 -22.0951381,64.3076221 -22.0950238,64.3077118 -22.0947495,64.3075922 -22.0949553,64.3075424</coordinates></LinearRing></innerBoundaryIs><innerBoundaryIs><LinearRing><coordinates>-22.1005567,64.3155214 -22.1010309,64.3153226 -22.1018817,64.3152428 -22.1022378,64.3149499 -22.1027311,64.3145442 -22.1030806,64.3144532 -22.1042019,64.3141617 -22.1047041,64.3140311 -22.1050086,64.3134927 -22.1057016,64.313085 -22.1065433,64.3128918 -22.1073354,64.3129992 -22.1074345,64.3133211 -22.1066884,64.3136413 -22.1054704,64.3141642 -22.104351,64.3146448 -22.1032811,64.3151041 -22.1024355,64.3154671 -22.1016774,64.3159357 -22.1013917,64.3161523 -22.1006006,64.3161581 -22.100457,64.3158472 -22.1005567,64.3155214</coordinates></LinearRing></innerBoundaryIs><innerBoundaryIs><LinearRing><coordinates>-22.0488908,64.3410609 -22.0495111,64.3409849 -22.049834,64.3411089 -22.049704,64.3413879 -22.0491869,64.3417525 -22.0481513,64.3418285 -22.0480779,64.3415908 -22.048299,64.3413119 -22.0488908,64.3410609</coordinates></LinearRing></innerBoundaryIs><innerBoundaryIs><LinearRing><coordinates>-22.0414193,64.3420404 -22.0411164,64.3425399 -22.040776,64.34299 -22.0404356,64.3433361 -22.0401825,64.3435895 -22.0399472,64.3437833 -22.0391824,64.3437752 -22.0390744,64.3435739 -22.039166,64.3433341 -22.0394636,64.3430659 -22.0397402,64.3427824 -22.0398753,64.3424758 -22.0397708,64.3421274 -22.0397568,64.3417698 -22.0400478,64.3415211 -22.0405908,64.3413786 -22.0411453,64.341343 -22.0414582,64.341565 -22.0414193,64.3420404</coordinates></LinearRing></innerBoundaryIs><innerBoundaryIs><LinearRing><coordinates>-22.0434681,64.3420259 -22.0443068,64.3433321 -22.0439692,64.3436486 -22.040481,64.3445926 -22.0429075,64.3420997 -22.0434681,64.3420259</coordinates></LinearRing></innerBoundaryIs><innerBoundaryIs><LinearRing><coordinates>-22.036615,64.3440607 -22.0364661,64.3437469 -22.0365115,64.343417 -22.0368226,64.3432171 -22.0372674,64.3432171 -22.0375783,64.343417 -22.0376238,64.3437469 -22.0374749,64.3440607 -22.036615,64.3440607</coordinates></LinearRing></innerBoundaryIs><innerBoundaryIs><LinearRing><coordinates>-22.004967,64.3600947 -22.0051984,64.36001 -22.0053927,64.3600943 -22.0054106,64.360287 -22.0052671,64.3604944 -22.0047994,64.3602917 -22.004967,64.3600947</coordinates></LinearRing></innerBoundaryIs><innerBoundaryIs><LinearRing><coordinates>-21.9690282,64.3745207 -21.9681725,64.3752244 -21.9680339,64.3739907 -21.9680275,64.3737736 -21.9656467,64.3740015 -21.9666632,64.3730493 -21.9671866,64.3729352 -21.9693286,64.3739465 -21.9690282,64.3745207</coordinates></LinearRing></innerBoundaryIs><innerBoundaryIs><LinearRing><coordinates>-21.9145575,64.3797272 -21.9154075,64.3793662 -21.9161901,64.3792481 -21.9166046,64.3794116 -21.9166163,64.3797216 -21.9162846,64.3799602 -21.9157199,64.3801155 -21.9150652,64.3802807 -21.9141726,64.3803554 -21.9141715,64.3800822 -21.9145575,64.3797272</coordinates></LinearRing></innerBoundaryIs><innerBoundaryIs><LinearRing><coordinates>-21.9430012,64.3794751 -21.9429452,64.3799597 -21.9382623,64.3841121 -21.9376903,64.3844612 -21.934005,64.3844839 -21.9416763,64.3794041 -21.9430012,64.3794751</coordinates></LinearRing></innerBoundaryIs><innerBoundaryIs><LinearRing><coordinates>-22.0592477,64.3950297 -22.0598851,64.3946213 -22.0604815,64.3945227 -22.0607542,64.3946769 -22.0605516,64.3950059 -22.0600023,64.3954076 -22.0595549,64.3957363 -22.0592114,64.3959782 -22.0587935,64.3956618 -22.0592477,64.3950297</coordinates></LinearRing></innerBoundaryIs><innerBoundaryIs><LinearRing><coordinates>-22.0488063,64.4044026 -22.0491155,64.4040298 -22.0493966,64.4036722 -22.0496702,64.4035383 -22.0498306,64.4037557 -22.0496715,64.4042706 -22.04917,64.4048502 -22.0485699,64.4047391 -22.0488063,64.4044026</coordinates></LinearRing></innerBoundaryIs><innerBoundaryIs><LinearRing><coordinates>-22.0378054,64.4069697 -22.0380365,64.406885 -22.038231,64.4069693 -22.0382487,64.407162 -22.0381052,64.4073694 -22.0376377,64.4071667 -22.0378054,64.4069697</coordinates></LinearRing></innerBoundaryIs><innerBoundaryIs><LinearRing><coordinates>-22.0352298,64.4167354 -22.0354609,64.4166507 -22.0356554,64.4167349 -22.0356731,64.4169275 -22.0355299,64.4171351 -22.0350621,64.4169323 -22.0352298,64.4167354</coordinates></LinearRing></innerBoundaryIs><innerBoundaryIs><LinearRing><coordinates>-22.0060476,64.4543812 -22.0057184,64.4547228 -22.0021834,64.4568448 -21.996208,64.458673 -21.9949914,64.4581738 -21.9956378,64.4574533 -21.9996409,64.4567209 -22.0025707,64.4523251 -22.0077054,64.4498878 -22.0060476,64.4543812</coordinates></LinearRing></innerBoundaryIs><innerBoundaryIs><LinearRing><coordinates>-22.2128913,64.455339 -22.2129652,64.4550442 -22.2133324,64.4549627 -22.2138042,64.4551457 -22.2140034,64.4554151 -22.2139412,64.4556612 -22.2130306,64.4556528 -22.2128913,64.455339</coordinates></LinearRing></innerBoundaryIs><innerBoundaryIs><LinearRing><coordinates>-22.1627601,64.4559472 -22.1631728,64.4557812 -22.1635993,64.4559659 -22.1636142,64.4563173 -22.1631902,64.4567261 -22.1625003,64.4564272 -22.1627601,64.4559472</coordinates></LinearRing></innerBoundaryIs><innerBoundaryIs><LinearRing><coordinates>-21.9962788,64.4523462 -21.9957615,64.4528071 -21.9941169,64.4528574 -21.993939,64.45267 -21.9939688,64.4524719 -21.9943466,64.4522858 -21.9950755,64.4520887 -21.9959089,64.4519112 -21.9963686,64.4519898 -21.9962788,64.4523462</coordinates></LinearRing></innerBoundaryIs><innerBoundaryIs><LinearRing><coordinates>-22.0032597,64.5242205 -22.0034925,64.5240786 -22.0036885,64.5242165 -22.0037063,64.5245368 -22.0035619,64.5248582 -22.0030907,64.5245734 -22.0032597,64.5242205</coordinates></LinearRing></innerBoundaryIs><innerBoundaryIs><LinearRing><coordinates>-21.9248168,64.5338863 -21.9251124,64.5335975 -21.925404,64.5333453 -21.9257864,64.533197 -21.926235,64.533227 -21.9264982,64.5335088 -21.9263647,64.53403 -21.9258568,64.5345991 -21.924594,64.5341796 -21.9248168,64.5338863</coordinates></LinearRing></innerBoundaryIs><innerBoundaryIs><LinearRing><coordinates>-21.8047138,64.5502439 -21.805217,64.5503628 -21.8040605,64.5512421 -21.802151,64.5513942 -21.8036408,64.5503962 -21.8047138,64.5502439</coordinates></LinearRing></innerBoundaryIs><innerBoundaryIs><LinearRing><coordinates>-21.8797646,64.5539815 -21.8809059,64.5551887 -21.8780761,64.5555005 -21.8774981,64.5539842 -21.8797646,64.5539815</coordinates></LinearRing></innerBoundaryIs><innerBoundaryIs><LinearRing><coordinates>-21.7211015,64.5998344 -21.7213345,64.5996923 -21.7215303,64.5998303 -21.7215483,64.6001508 -21.7214038,64.600472 -21.7209326,64.6001873 -21.7211015,64.5998344</coordinates></LinearRing></innerBoundaryIs><innerBoundaryIs><LinearRing><coordinates>-21.6983932,64.606252 -21.6987063,64.6060519 -21.6991544,64.6060519 -21.6994677,64.606252 -21.6995136,64.6065818 -21.6993635,64.6068954 -21.6984972,64.6068954 -21.6983473,64.6065818 -21.6983932,64.606252</coordinates></LinearRing></innerBoundaryIs><innerBoundaryIs><LinearRing><coordinates>-21.6818897,64.6181023 -21.6827621,64.6180663 -21.6826574,64.6197243 -21.6805803,64.6207665 -21.6795619,64.6207885 -21.6789922,64.6201174 -21.6818897,64.6181023</coordinates></LinearRing></innerBoundaryIs><innerBoundaryIs><LinearRing><coordinates>-21.6075822,64.6489979 -21.6080632,64.6486638 -21.6087762,64.6483893 -21.6092712,64.6484128 -21.6093739,64.6486907 -21.6092263,64.6490049 -21.6086016,64.6492965 -21.608077,64.6495413 -21.6074256,64.6495628 -21.6072251,64.6493268 -21.6075822,64.6489979</coordinates></LinearRing></innerBoundaryIs><innerBoundaryIs><LinearRing><coordinates>-21.5204616,64.6435806 -21.520492,64.6437784 -21.5203346,64.6439805 -21.5192404,64.6435097 -21.5197099,64.6434422 -21.5201703,64.6434551 -21.5204616,64.6435806</coordinates></LinearRing></innerBoundaryIs><innerBoundaryIs><LinearRing><coordinates>-21.6968375,64.6307324 -21.697304,64.6303375 -21.7014588,64.6283969 -21.7024471,64.6283624 -21.702593,64.6306623 -21.7019039,64.6313132 -21.6946015,64.6354814 -21.6944818,64.6346459 -21.6968375,64.6307324</coordinates></LinearRing></innerBoundaryIs><innerBoundaryIs><LinearRing><coordinates>-21.9279681,64.5359581 -21.928267,64.5357778 -21.9288216,64.53576 -21.9295436,64.5357985 -21.9303908,64.5357701 -21.931236,64.5357764 -21.931728,64.5358899 -21.9317724,64.5360689 -21.9314432,64.5362236 -21.9308707,64.5363545 -21.9302073,64.5365202 -21.9281224,64.5365787 -21.9279518,64.5362726 -21.9279681,64.5359581</coordinates></LinearRing></innerBoundaryIs><innerBoundaryIs><LinearRing><coordinates>-21.9476392,64.5388917 -21.9501224,64.5380619 -21.9508471,64.5379939 -21.9521616,64.540314 -21.9518843,64.5405455 -21.9462802,64.5416234 -21.9461271,64.5412216 -21.9476392,64.5388917</coordinates></LinearRing></innerBoundaryIs><innerBoundaryIs><LinearRing><coordinates>-21.942623,64.5418864 -21.9392468,64.5429955 -21.9383571,64.5420434 -21.9386292,64.5418872 -21.9408077,64.5414015 -21.9425629,64.5414861 -21.942623,64.5418864</coordinates></LinearRing></innerBoundaryIs><innerBoundaryIs><LinearRing><coordinates>-21.9392304,64.5441601 -21.9398609,64.5439087 -21.9404684,64.5438448 -21.9408236,64.5439593 -21.9408332,64.5441519 -21.9405096,64.5443145 -21.9399472,64.5444473 -21.9392906,64.5446126 -21.9387842,64.5444798 -21.9392304,64.5441601</coordinates></LinearRing></innerBoundaryIs><innerBoundaryIs><LinearRing><coordinates>-21.9427797,64.544628 -21.9420177,64.5453473 -21.9358974,64.5463463 -21.9365638,64.5452876 -21.9372106,64.5450528 -21.9419045,64.54454 -21.9427797,64.544628</coordinates></LinearRing></innerBoundaryIs><innerBoundaryIs><LinearRing><coordinates>-21.927577,64.5488662 -21.9282178,64.5484315 -21.9288834,64.5480742 -21.9296449,64.5479207 -21.9301974,64.5480951 -21.9300582,64.5484741 -21.9292463,64.5488905 -21.928336,64.5491751 -21.9275134,64.5494031 -21.9271101,64.5492761 -21.927577,64.5488662</coordinates></LinearRing></innerBoundaryIs><innerBoundaryIs><LinearRing><coordinates>-20.3219593,63.3906412 -20.3210011,63.391242 -20.3182225,63.3912849 -20.3161145,63.39077 -20.3152521,63.3905123 -20.3152521,63.389697 -20.3181266,63.389225 -20.3171685,63.3873367 -20.3175519,63.387165 -20.3220551,63.3867788 -20.3243546,63.3875083 -20.3219593,63.3906412</coordinates></LinearRing></innerBoundaryIs><innerBoundaryIs><LinearRing><coordinates>-20.6165354,63.302021 -20.6170439,63.3035659 -20.6167262,63.3044242 -20.6148176,63.3057975 -20.6018382,63.3093166 -20.5972573,63.3119773 -20.5949668,63.3051966 -20.5911579,63.3028793 -20.5926764,63.3001328 -20.5974482,63.2967854 -20.6008838,63.2961845 -20.6094731,63.296442 -20.6165354,63.302021</coordinates></LinearRing></innerBoundaryIs></Polygon><Polygon><outerBoundaryIs><LinearRing><coordinates>-21.7187572,63.8478183 -21.7171843,63.8490412 -21.7200036,63.8477184 -21.7187572,63.8478183</coordinates></LinearRing></outerBoundaryIs></Polygon><Polygon><outerBoundaryIs><LinearRing><coordinates>-21.7132055,63.8509082 -21.7129132,63.8541698 -21.7123289,63.854556 -21.7102835,63.8538694 -21.7136942,63.8588476 -21.7083358,63.8614225 -21.7081425,63.8649415 -21.6987866,63.8655424 -21.7031391,63.8708323 -21.699079,63.869791 -21.6950831,63.8712072 -21.6956679,63.8735245 -21.7104263,63.8786637 -21.7212992,63.8780736 -21.7233458,63.8743401 -21.727439,63.8731813 -21.7319221,63.87537 -21.7362103,63.8739967 -21.731045,63.8726664 -21.7405959,63.8709068 -21.7442992,63.8716363 -21.7452518,63.8699626 -21.7436932,63.8669586 -21.7377508,63.8674736 -21.7312242,63.8653708 -21.7307373,63.8639116 -21.7332696,63.8633108 -21.7307373,63.8618087 -21.7266465,63.8616371 -21.7259647,63.8579034 -21.7148612,63.8557577 -21.7154456,63.8503932 -21.7171843,63.8490412 -21.7132055,63.8509082</coordinates></LinearRing></outerBoundaryIs></Polygon><Polygon><outerBoundaryIs><LinearRing><coordinates>-20.1790039,64.0338711 -20.178955,64.0338526 -20.1786046,64.0338411 -20.1790039,64.0338711</coordinates></LinearRing></outerBoundaryIs></Polygon><Polygon><outerBoundaryIs><LinearRing><coordinates>-20.172,64.0333447 -20.170734,64.0360901 -20.1733922,64.0336701 -20.1786046,64.0338411 -20.172,64.0333447</coordinates></LinearRing></outerBoundaryIs></Polygon><Polygon><outerBoundaryIs><LinearRing><coordinates>-20.1805049,64.037607 -20.1809396,64.0375688 -20.1809719,64.0374852 -20.1805049,64.037607</coordinates></LinearRing></outerBoundaryIs></Polygon><Polygon><outerBoundaryIs><LinearRing><coordinates>-20.1711788,64.0384262 -20.170498,64.0365331 -20.1680603,64.0391778 -20.159915,64.0406454 -20.1517138,64.0441735 -20.1424665,64.0438603 -20.1369984,64.0456783 -20.1333429,64.048811 -20.117075,64.0546973 -20.1099129,64.0539715 -20.0939447,64.0568643 -20.0889748,64.0587955 -20.0876924,64.0613914 -20.0852104,64.0615007 -20.0817897,64.0587955 -20.0680299,64.0582834 -20.0588356,64.0558558 -20.0479259,64.0575885 -20.0356193,64.0628949 -20.0273895,64.0612417 -20.0266999,64.0614057 -20.0263304,64.0635093 -20.017857,64.0667979 -20.0172708,64.0672783 -20.0133522,64.0726264 -20.0091054,64.0736389 -20.0067487,64.0775871 -19.9999847,64.0782737 -19.9947693,64.0834236 -19.9751309,64.0875434 -19.9674718,64.0914916 -19.9604163,64.0932941 -19.9452279,64.0928649 -19.9346181,64.0896893 -19.9367793,64.0940666 -19.9442455,64.0970706 -19.9653285,64.0949249 -19.9912344,64.0872859 -20.0047849,64.0859985 -20.0085163,64.0848827 -20.012412,64.0813959 -20.0242727,64.0769368 -20.0295126,64.0719978 -20.0360386,64.0699933 -20.0390625,64.0669642 -20.0486125,64.0636386 -20.0540075,64.062708 -20.0692064,64.0622932 -20.077423,64.0640875 -20.1100419,64.0643481 -20.13065,64.0550078 -20.1398267,64.047433 -20.1441817,64.0476747 -20.1657692,64.0432279 -20.1681038,64.0408418 -20.1805049,64.037607 -20.1711788,64.0384262</coordinates></LinearRing></outerBoundaryIs><innerBoundaryIs><LinearRing><coordinates>-20.1420884,64.0462416 -20.1423866,64.0455276 -20.143804,64.0452574 -20.1462116,64.0454823 -20.1452487,64.0468018 -20.1429615,64.0466986 -20.1420884,64.0462416</coordinates></LinearRing></innerBoundaryIs><innerBoundaryIs><LinearRing><coordinates>-20.1269811,64.0536588 -20.1302671,64.0525063 -20.129179,64.0545871 -20.1234607,64.055981 -20.1253648,64.0546851 -20.1269811,64.0536588</coordinates></LinearRing></innerBoundaryIs><innerBoundaryIs><LinearRing><coordinates>-20.1215358,64.0556811 -20.1212023,64.0563133 -20.1111425,64.0587794 -20.111413,64.0614778 -20.1099892,64.0621175 -20.1093928,64.062295 -20.1037282,64.06247 -20.1033854,64.0623404 -20.0991147,64.0607477 -20.0928704,64.0609689 -20.0913848,64.060377 -20.0926816,64.0589315 -20.0933207,64.0586433 -20.1100276,64.0553067 -20.1209341,64.0553805 -20.1215358,64.0556811</coordinates></LinearRing></innerBoundaryIs><innerBoundaryIs><LinearRing><coordinates>-20.0290061,64.0665812 -20.0315861,64.0660207 -20.0336426,64.0659343 -20.0343831,64.0662311 -20.0335611,64.0685025 -20.0323226,64.0692434 -20.0271902,64.0700595 -20.0270723,64.0698568 -20.0290061,64.0665812</coordinates></LinearRing></innerBoundaryIs><innerBoundaryIs><LinearRing><coordinates>-20.0156089,64.0753984 -20.0176703,64.0756989 -20.0169832,64.0764498 -20.0107986,64.0792286 -20.0099396,64.0790033 -20.0114858,64.0760742 -20.0156089,64.0753984</coordinates></LinearRing></innerBoundaryIs><innerBoundaryIs><LinearRing><coordinates>-20.007019,64.0808057 -19.9989448,64.0835094 -20.0016936,64.0785527 -20.0068473,64.0783274 -20.0078781,64.0801297 -20.007019,64.0808057</coordinates></LinearRing></innerBoundaryIs><innerBoundaryIs><LinearRing><coordinates>-19.9411019,64.093895 -19.9416912,64.0933799 -19.9442455,64.0936373 -19.9505329,64.0943241 -19.9507293,64.0947531 -19.9503363,64.0951824 -19.9438525,64.0952682 -19.9422806,64.0950108 -19.9411019,64.093895</coordinates></LinearRing></innerBoundaryIs></Polygon><Polygon><outerBoundaryIs><LinearRing><coordinates>-15.3900347,64.4104616 -15.3899713,64.4104385 -15.3898889,64.4104376 -15.3900347,64.4104616</coordinates></LinearRing></outerBoundaryIs></Polygon><Polygon><outerBoundaryIs><LinearRing><coordinates>-15.3975186,64.4131851 -15.4122158,64.4151592 -15.4096338,64.4137001 -15.3900347,64.4104616 -15.3975186,64.4131851</coordinates></LinearRing></outerBoundaryIs></Polygon><Polygon><outerBoundaryIs><LinearRing><coordinates>-21.7680903,64.542352 -21.7685573,64.542281 -21.7686393,64.5421283 -21.7680903,64.542352</coordinates></LinearRing></outerBoundaryIs></Polygon><Polygon><outerBoundaryIs><LinearRing><coordinates>-21.7601671,64.543556 -21.7587807,64.5447787 -21.763303,64.5469934 -21.7716188,64.5464663 -21.7732751,64.5480858 -21.7744319,64.5474808 -21.7713856,64.5459287 -21.7618366,64.5448999 -21.7680903,64.542352 -21.7601671,64.543556</coordinates></LinearRing></outerBoundaryIs></Polygon><Polygon><outerBoundaryIs><LinearRing><coordinates>-22.0064543,64.5760569 -22.0065227,64.5760363 -22.0065212,64.5760151 -22.0064543,64.5760569</coordinates></LinearRing></outerBoundaryIs></Polygon><Polygon><outerBoundaryIs><LinearRing><coordinates>-21.9998857,64.578034 -21.9984848,64.5819025 -21.9921381,64.5820434 -21.9847488,64.5865253 -21.985588,64.589238 -21.989452,64.5882236 -21.9916708,64.58933 -21.9902405,64.5860682 -21.9955456,64.5827355 -21.9998629,64.5821534 -22.0027471,64.578373 -22.0064543,64.5760569 -21.9998857,64.578034</coordinates></LinearRing></outerBoundaryIs></Polygon></MultiGeometry>
  </Placemark>
</Folder>
</Document></kml>
